"标准部门",科目(原),科目(内),科目(外),班级编码,班级名称（外）,班级名称（内）,班级类型名称,班级课次数,总课次,班级时长,实际时长,单次课时长,教材费,产品品类,产品品类(原),产品体系(原),产品体系,课程产品名称,课程产品名称(外),合班状态,合班详情,续班类型,年级(原),年级序数,年级(外),班级标价,主带课老师,关联班号,季度,季度(外),班级状态,开课日期,实际开课日期,班级审核状态,上课形式,授课方式,授课方式(原),授课渠道,最大人数,设班日期,上课时间(外),教材发放形式,实际结课日期,当前人数(占名额),最小发薪部门,上课地点(外),上课教室,考勤方式,班容名称,管理项目,校区名称,结课日期,保底人数,开班人数,课程名称
"国外考试部",全科,"阅读,写作,听力,口语",,MKY275,英联邦非标课程,英联邦非标课程（雅思模考赠送）,非标班型（英联邦）,5,7,660,660,132.0,"	0.00",非标项目,非标项目,专项体系,专项体系,英联邦非标课程,英联邦非标课程,否,,可续,,,,100.00,彭越(669742),,暑假,,正常,2026-08-21,2026-08-21,已审核,走读,常规面授,常规面授,,25,2026-06-27,8.22上午笔试，口试时间见课表,无教材,2026-08-22,2,国外考试部,芙蓉广场教学区,芙蓉广场VIP22-虚拟1,班级刷卡,25人,国外考试部,芙蓉广场教学区,2026-08-22,13,14,
"国外考试部",全科,"阅读,写作,听力,口语",,MKY276,英联邦非标课程,英联邦非标课程（雅思模考赠送）,非标班型（英联邦）,5,5,660,660,132.0,"	0.00",非标项目,非标项目,专项体系,专项体系,英联邦非标课程,英联邦非标课程,否,,可续,,,,100.00,,,暑假,,正常,2026-08-27,2026-08-27,已审核,走读,常规面授,常规面授,,25,2026-06-27,8.27下午笔试，口试时间见课表,无教材,2026-08-29,3,国外考试部,芙蓉广场教学区,芙蓉广场VIP22-虚拟2,班级刷卡,25人,国外考试部,芙蓉广场教学区,2026-08-29,13,14,
"国外考试部",全科,"阅读,写作,听力,口语",,GYSY2011A,Global Primary外语2A,Global Primary外语2A 上（FY26）,Global Primary 英语,8,8,960,960,120.0,120.00,国际教育,国际教育,常规体系,常规体系,Global Primary外语2A 上,Global Primary外语2A 上,否,,可续,,,,3300.00,王聪(373277),,暑假,,正常,2026-08-14,2026-08-14,已审核,"走读,在线","常规面授,在线直播",在线直播,云教室小班（25人以下）,7,2025-09-29,春秋周日13:30-15:30，寒暑集中上课,"有教材,开课前领取",2026-08-22,6,国际教育青少部,芙蓉广场教学区,芙蓉广场5-07教室,班级刷卡,6人,国外考试部,芙蓉广场教学区,2026-08-22,3,4,
"国外考试部",全科,"阅读,写作,听力,口语",,GYSY3005C,Global Primary外语3C,Global Primary外语3B 上（FY26）,Global Primary 英语,8,8,960,960,120.0,120.00,国际教育,国际教育,常规体系,常规体系,Global Primary外语3B 上,Global Primary外语3B 上,否,,可续,,,,3300.00,文萱妮(638361),,暑假,,正常,2026-08-14,2026-08-14,已审核,"走读,在线","常规面授,在线直播",在线直播,云教室小班（25人以下）,7,2025-03-19,"春秋季每周日13:30-15:30, 寒暑假集中上课","有教材,开课前领取",2026-08-22,6,国际教育青少部,芙蓉广场,芙蓉广场5-05教室,班级刷卡,6人,国外考试部,芙蓉广场教学区,2026-08-22,3,4,
"国外考试部",全科,"阅读,写作,听力,口语",,GYBF1014C,Global Primary外语1C,Global Primary外语1B 上（FY26）,Global Primary 英语,8,8,960,960,120.0,120.00,国际教育,国际教育,常规体系,常规体系,Global Primary外语1B 上,Global Primary外语1B 上,否,,可续,,,,3300.00,戴甜(661131),,暑假,,正常,2026-08-14,2026-08-14,已审核,"走读,在线","常规面授,在线直播",在线直播,云教室小班（25人以下）,10,2025-11-29,"春秋季周日10:30-12:30，寒暑假集中上课 ","有教材,开课前领取",2026-08-22,5,国际教育青少部,"八方24品 ",八方309教室,班级刷卡,6人,国外考试部,八方24品教学区,2026-08-22,3,4,
"国外考试部",全科,"阅读,写作,听力,口语",,GYDT1005C,Global Primary外语1C,Global Primary外语1B 上（FY26）,Global Primary 英语,8,8,960,960,120.0,120.00,国际教育,国际教育,常规体系,常规体系,Global Primary外语1B 上,Global Primary外语1B 上,否,,可续,,,,3300.00,丁顺(132248),,暑假,,正常,2026-08-14,2026-08-14,已审核,"走读,在线","常规面授,在线直播",在线直播,云教室小班（25人以下）,8,2025-03-19,"春秋周日 13:30~15:30,寒暑假集中上课","有教材,开课前领取",2026-08-22,7,国际教育青少部,东塘,东塘A3教室,班级刷卡,6人,国外考试部,东塘中设广场教学区,2026-08-22,3,4,
"国外考试部",全科,"阅读,写作,听力,口语",,GYSY1021A,Global Primary外语1A,Global Primary外语1A 上（FY26）,Global Primary 英语,8,8,960,960,120.0,120.00,国际教育,国际教育,常规体系,常规体系,Global Primary外语1A 上,Global Primary外语1A 上,否,,可续,,,,3300.00,戴莎(616592),,暑假,,正常,2026-08-13,2026-08-13,已审核,"走读,在线","常规面授,在线直播",在线直播,云教室小班（25人以下）,10,2026-03-20,春秋季周日16:00-18:00，寒暑假集中上课,"有教材,开课前领取",2026-08-21,4,国际教育青少部,芙蓉广场,芙蓉广场5-06教室,班级刷卡,6人,国外考试部,芙蓉广场教学区,2026-08-21,3,4,
"国外考试部",全科,"阅读,写作,听力,口语",,GYBF2004A,Global Primary外语2A,Global Primary外语2A 上（FY26）,Global Primary 英语,8,8,960,960,120.0,120.00,国际教育,国际教育,常规体系,常规体系,Global Primary外语2A 上,Global Primary外语2A 上,否,,可续,,,,3300.00,曹婷(652742),,暑假,,正常,2026-08-14,2026-08-14,已审核,"走读,在线","常规面授,在线直播",在线直播,云教室小班（25人以下）,7,2025-09-29,春秋周日08:00-10:00，寒暑集中上课,"有教材,开课前领取",2026-08-22,7,国际教育青少部,八方24品,八方307教室,班级刷卡,6人,国外考试部,八方24品教学区,2026-08-22,3,4,
"国外考试部",全科,"英语,阅读,听力,口语,英语语言写作,综合能力,综合听说,综合读写",,GYSY00011A,Global Primary外语Starter 上,Global Primary外语Starter 上（FY26版本2）,Global Primary 英语,8,8,960,960,120.0,120.00,国际教育,国际教育,常规体系,常规体系,Global Primary外语Starter 上,Global Primary外语Starter 上,否,,可续,,,,3300.00,文萱妮(638361),,暑假,,正常,2026-08-13,2026-08-13,已审核,"走读,在线","常规面授,在线直播",在线直播,云教室小班（25人以下）,8,2026-03-20,春秋季周日16:00-18:00，寒暑假集中上课,"有教材,开课前领取",2026-08-21,5,国际教育青少部,芙蓉广场,芙蓉广场5-02教室,班级刷卡,6人,国外考试部,芙蓉广场教学区,2026-08-21,3,4,
"国外考试部",全科,"英语,阅读,听力,口语,英语语言写作,综合能力,综合听说,综合读写",,GYBF00013A,Global Primary外语Starter 上,Global Primary外语Starter 上（FY26版本2）,Global Primary 英语,8,8,960,960,120.0,120.00,国际教育,国际教育,常规体系,常规体系,Global Primary外语Starter 上,Global Primary外语Starter 上,否,,可续,,,,3300.00,王佳卉(369072),,暑假,,正常,2026-08-17,2026-08-17,已审核,"走读,在线","常规面授,在线直播",在线直播,云教室小班（25人以下）,10,2026-04-11,春秋周日16:00-18:00，寒暑集中上课,"有教材,开课前领取",2026-08-25,6,国际教育青少部,八方24品,八方311教室,班级刷卡,6人,国外考试部,八方24品教学区,2026-08-25,3,4,
"国外考试部",全科,"英语,阅读,听力,口语,英语语言写作,综合能力,综合听说,综合读写",,GYBF00012A,Global Primary外语Starter 上（FY26版本2）,Global Primary外语Starter 上（FY26版本2）,Global Primary 英语,8,8,960,960,120.0,120.00,国际教育,国际教育,常规体系,常规体系,Global Primary外语Starter 上,Global Primary外语Starter 上,否,,可续,,,,3300.00,王佳卉(369072),,暑假,,正常,2026-08-17,2026-08-17,已审核,"走读,在线","常规面授,在线直播",在线直播,云教室小班（25人以下）,10,2026-03-20,春秋季周日10：30-12：30，寒暑假集中上课,"有教材,开课前领取",2026-08-25,6,国际教育青少部,"八方24品 ",八方311教室,班级刷卡,6人,国外考试部,八方24品教学区,2026-08-25,3,4,
"国外考试部",全科,"阅读,写作,听力,口语",,FB2702,雅思大学生封闭营费用（6/6.5）,雅思大学生封闭营费用,IELTS进阶班,1,1,60,60,60.0,"	0.00",JF6,JF6,计费体系,计费体系,雅思大学生封闭营费用,雅思大学生封闭营费用,否,,,,,,16000.00,,,暑假,,正常,2026-08-28,2026-08-28,已审核,走读,常规面授,常规面授,,25,2026-06-21,待定,无教材,2026-08-28,1,国外考试部,天马,天马201教室,不使用一卡通,25人,国外考试部,天马教学区,2026-08-28,1,1,
"国外考试部",全科,"英语,阅读,听力,口语,英语语言写作,综合能力,综合听说,综合读写",,GYDT00015A,Global Primary外语Starter 上,Global Primary外语Starter 上（FY26版本2）,Global Primary 英语,8,8,960,960,120.0,120.00,国际教育,国际教育,常规体系,常规体系,Global Primary外语Starter 上,Global Primary外语Starter 上,否,,可续,,,,3300.00,戴甜(661131),,暑假,,正常,2026-08-03,2026-08-03,已审核,"走读,在线","常规面授,在线直播",在线直播,云教室小班（25人以下）,8,2026-03-20,春秋季周日13:30-15:30，寒暑假集中上课,"有教材,开课前领取",2026-08-11,4,国际教育青少部,东塘中设广场,东塘A3教室,班级刷卡,6人,国外考试部,东塘中设广场教学区,2026-08-11,3,4,
"国外考试部",全科,"英语,阅读,写作,听力,口语,综合能力,综合听说,综合读写",,LXB2006A,初中国际双优体系三级A（卓越二）,初中国际双优体系三级A（B班寒暑卓越二）,美国同步课程,8,8,960,960,120.0,"	0.00",学术衔接,学术衔接,专项体系,专项体系,初中国际双优体系三级A,初中国际双优体系三级A,否,,可续,,,,3300.00,刘志鹏(346763),,暑假,,正常,2026-08-05,2026-08-05,已审核,"走读,在线","常规面授,在线直播",在线直播,云教室小班（25人以下）,8,2025-12-24,春秋季每周六10:10~12:10，寒暑假集中上课,无教材,2026-08-13,4,国外考试部,芙蓉广场教学区,芙蓉广场虚拟教室（16楼大会议室）,班级刷卡,12人,国外考试部,芙蓉广场教学区,2026-08-13,6,7,
"国外考试部",全科,"阅读,写作,听力,口语",,GYTM2005A,Global Primary外语2A,Global Primary外语2A 上（FY26）,Global Primary 英语,8,8,960,960,120.0,120.00,国际教育,国际教育,常规体系,常规体系,Global Primary外语2A 上,Global Primary外语2A 上,否,,可续,,,,3300.00,谭梦琼(420122),,暑假,,正常,2026-08-14,2026-08-14,已审核,"走读,在线","常规面授,在线直播",在线直播,云教室小班（25人以下）,7,2025-09-29,春秋季周日16:00-18:00，寒暑假集中上课,"有教材,开课前领取",2026-08-22,6,国际教育青少部,天马,天马05教室,班级刷卡,6人,国外考试部,天马教学区,2026-08-22,3,4,
"国外考试部",全科,"英语,阅读,听力,口语,英语语言写作,综合能力,综合听说,综合读写",,GYDT00017A,Global Primary外语Starter 上（FY26版本2）,Global Primary外语Starter 上（FY26版本2）,Global Primary 英语,8,8,960,960,120.0,120.00,国际教育,国际教育,常规体系,常规体系,Global Primary外语Starter 上,Global Primary外语Starter 上,否,,可续,,,,3300.00,唐茜(660071),,暑假,,正常,2026-08-03,2026-08-03,已审核,"走读,在线","常规面授,在线直播",在线直播,云教室小班（25人以下）,9,2026-07-05,春秋季周六16:00-18:00，寒暑假集中上课,"有教材,开课前领取",2026-08-11,4,国际教育青少部,东塘中设广场,东塘A8教室,班级刷卡,6人,国外考试部,东塘中设广场教学区,2026-08-11,3,4,
"国外考试部",全科,"阅读,写作,听力,口语",,MKY283,英联邦非标课程,英联邦非标课程（雅思模考赠送）,非标班型（英联邦）,5,8,660,660,132.0,"	0.00",非标项目,非标项目,专项体系,专项体系,英联邦非标课程,英联邦非标课程,否,,可续,,,,100.00,,,暑假,,正常,2026-08-14,2026-08-14,已审核,走读,常规面授,常规面授,,25,2026-07-01,口试见课表,无教材,2026-08-19,7,国外考试部,天马,天马五楼VIP1教室（虚拟）,班级刷卡,25人,国外考试部,天马教学区,2026-08-19,13,14,
"国外考试部",全科,"阅读,写作,听力,口语",,GYSY2016A,Global Primary外语2A,Global Primary外语2A 上（FY26）,Global Primary 英语,8,8,960,960,120.0,120.00,国际教育,国际教育,常规体系,常规体系,Global Primary外语2A 上,Global Primary外语2A 上,否,,可续,,,,3300.00,陈媛(002791),,暑假,,正常,2026-08-14,2026-08-14,已审核,"走读,在线","常规面授,在线直播",在线直播,云教室小班（25人以下）,10,2025-12-03,春秋季每周日10:10-12:10，寒暑假集中上课,"有教材,开课前领取",2026-08-22,6,国际教育青少部,芙蓉广场,芙蓉广场5-10教室,班级刷卡,6人,国外考试部,芙蓉广场教学区,2026-08-22,3,4,
"国外考试部",全科,"阅读,写作,听力,口语",,GYBF2005A,Global Primary外语2A,Global Primary外语2A 上（FY26）,Global Primary 英语,8,8,960,960,120.0,120.00,国际教育,国际教育,常规体系,常规体系,Global Primary外语2A 上,Global Primary外语2A 上,否,,可续,,,,3300.00,陈媛(002791),,暑假,,正常,2026-08-14,2026-08-14,已审核,"走读,在线","常规面授,在线直播",在线直播,云教室小班（25人以下）,10,2025-09-29,春秋季每周日16:00-18:00，寒暑假集中上课,"有教材,开课前领取",2026-08-22,9,国际教育青少部,八方24品教学区,八方307教室,班级刷卡,6人,国外考试部,八方24品教学区,2026-08-22,3,4,
"国外考试部",全科,"英语,阅读,写作,听力,口语,综合能力,综合听说,综合读写",,LXB1032A,初中国际双优体系二级A（卓越一）,初中国际双优体系二级A（B班寒暑卓越一）,美国同步课程,8,8,960,960,120.0,"	0.00",学术衔接,学术衔接,专项体系,专项体系,初中国际双优体系二级A,初中国际双优体系二级A,否,,可续,,,,3300.00,许青兰(134452),,暑假,,正常,2026-08-13,2026-08-13,已审核,"走读,在线","常规面授,在线直播",在线直播,云教室小班（25人以下）,11,2026-02-08,春秋季每周日13:30~15:30，寒暑假集中上课,无教材,2026-08-21,10,国外考试部,芙蓉广场,芙蓉广场16-A2教室,班级刷卡,12人,国外考试部,芙蓉广场教学区,2026-08-21,6,7,
"国外考试部",全科,"阅读,写作,听力,口语",,GYBF1017A,Global Primary外语1A,Global Primary外语1A 上（FY26）,Global Primary 英语,8,8,960,960,120.0,120.00,国际教育,国际教育,常规体系,常规体系,Global Primary外语1A 上,Global Primary外语1A 上,否,,可续,,,,3300.00,曹婷(652742),,暑假,,正常,2026-08-14,2026-08-14,已审核,"走读,在线","常规面授,在线直播",在线直播,云教室小班（25人以下）,10,2025-12-03,春秋季每周日10:30-12:30，寒暑假集中上课,"有教材,开课前领取",2026-08-22,7,国际教育青少部,八方24品,八方302教室,班级刷卡,6人,国外考试部,八方24品教学区,2026-08-22,3,4,
"国外考试部",全科,"阅读,写作,听力,口语",,GYBF3002A,Global Primary外语3A,Global Primary外语3A 上（FY26）,Global Primary 英语,8,8,960,960,120.0,120.00,国际教育,国际教育,常规体系,常规体系,Global Primary外语3A 上,Global Primary外语3A 上,否,,可续,,,,3300.00,谭银平(339722),,暑假,,正常,2026-08-14,2026-08-14,已审核,"走读,在线","常规面授,在线直播",在线直播,云教室小班（25人以下）,9,2025-12-03,春秋每周日13:30~15:30，寒暑假集中上课,"有教材,开课前领取",2026-08-22,7,国际教育青少部,八方24品,八方306教室,班级刷卡,6人,国外考试部,八方24品教学区,2026-08-22,3,4,
"国外考试部",全科,"阅读,写作,听力,口语",,YZG2715B,雅思大学生直通车高级班（B）,雅思大学生直通车高级班（FY26-B）,IELTS直通车,32,48,3840,3840,120.0,"	0.00",IELTS,IELTS,常规体系,常规体系,雅思大学生直通车高级班,雅思大学生直通车高级班,否,,可续,,,,12800.00,,,暑假,,正常,2026-08-03,2026-08-03,已审核,"走读,在线","常规面授,在线直播",在线直播,云教室小班（25人以下）,10,2025-12-23,"周一至周六10:10-12:10,13:30-15:30,15:40-17:40","有教材,开课前领取",2026-08-20,10,国外考试部,天马教学区,天马虚拟教室3（407教室）,班级刷卡,6人,国外考试部,天马教学区,2026-08-20,4,5,
"国外考试部",全科,"阅读,写作,听力,口语",,MKY271,英联邦非标课程,英联邦非标课程（雅思模考赠送）,非标班型（英联邦）,5,8,660,660,132.0,"	0.00",非标项目,非标项目,专项体系,专项体系,英联邦非标课程,英联邦非标课程,否,,可续,,,,100.00,,,暑假,,正常,2026-08-02,2026-08-02,已审核,走读,常规面授,常规面授,,25,2026-06-27,8.2下午笔试，口试时间见课表,无教材,2026-08-04,1,国外考试部,芙蓉广场教学区,芙蓉广场虚拟教室（16楼大会议室）,班级刷卡,25人,国外考试部,芙蓉广场教学区,2026-08-04,13,14,
"国外考试部",全科,"阅读,写作,听力,口语",,YZG2706A,雅思大学生直通车高级班（A）,雅思大学生直通车高级班（FY26-A）,IELTS直通车,32,48,3840,3840,120.0,"	0.00",IELTS,IELTS,常规体系,常规体系,雅思大学生直通车高级班,雅思大学生直通车高级班,否,,可续,,,,12800.00,,,暑假,,正常,2026-08-03,2026-08-03,已审核,"走读,在线","常规面授,在线直播",在线直播,云教室小班（25人以下）,10,2025-12-23,"周一至周六10:10-12:10,13:30-15:30,15:40-17:40","有教材,开课前领取",2026-08-20,10,国外考试部,天马教学区,天马虚拟教室3（407教室）,班级刷卡,6人,国外考试部,天马教学区,2026-08-20,4,5,
"国外考试部",全科,"阅读,写作,听力,口语",,YZG2704B,雅思大学生直通车高级班（B）,雅思大学生直通车高级班（FY26-B）,IELTS直通车,32,48,3840,3840,120.0,"	0.00",IELTS,IELTS,常规体系,常规体系,雅思大学生直通车高级班,雅思大学生直通车高级班,否,,可续,,,,12800.00,,,暑假,,正常,2026-08-03,2026-08-03,已审核,"走读,在线","常规面授,在线直播",在线直播,云教室小班（25人以下）,10,2025-12-23,"周一至周六08:00-10:00,10:10-12:10,13:30-15:30","有教材,开课前领取",2026-08-20,10,国外考试部,天马教学区,天马虚拟教室3（407教室）,班级刷卡,6人,国外考试部,天马教学区,2026-08-20,4,5,
"国外考试部",全科,"阅读,写作,听力,口语",,MKY273,英联邦非标课程,英联邦非标课程（雅思模考赠送）,非标班型（英联邦）,5,7,660,660,132.0,"	0.00",非标项目,非标项目,专项体系,专项体系,英联邦非标课程,英联邦非标课程,否,,可续,,,,100.00,,,暑假,,正常,2026-08-10,2026-08-10,已审核,走读,常规面授,常规面授,,25,2026-06-27,8.11上午笔试，口试时间见课表,无教材,2026-08-11,1,国外考试部,芙蓉广场教学区,芙蓉广场VIP22-虚拟7,班级刷卡,25人,国外考试部,芙蓉广场教学区,2026-08-11,13,14,
"国外考试部",全科,"英语,阅读,写作,听力,口语,综合能力,综合听说,综合读写",,LXB1024A,初中国际双优体系二级A（卓越一）,初中国际双优体系二级A（B班寒暑卓越一）,美国同步课程,8,8,960,960,120.0,"	0.00",学术衔接,学术衔接,专项体系,专项体系,初中国际双优体系二级A,初中国际双优体系二级A,否,,可续,,,,3300.00,周艳芳(124097),,暑假,,正常,2026-08-07,2026-08-07,已审核,"走读,在线","常规面授,在线直播",在线直播,云教室小班（25人以下）,10,2025-12-24,春秋季每周六10:30~12:30，寒暑假集中上课,无教材,2026-08-15,5,国外考试部,八方,八方虚拟教室1,班级刷卡,12人,国外考试部,八方24品教学区,2026-08-15,6,7,
"国外考试部",全科,"阅读,写作,听力,口语",,FB2703,雅思大学生封闭营费用(送北京GRE集训营),雅思大学生封闭营费用,IELTS直通车,1,1,60,60,60.0,"	0.00",JF6,JF6,计费体系,计费体系,雅思大学生封闭营费用,雅思大学生封闭营费用,否,,,,,,19800.00,,,暑假,,正常,2026-08-25,2026-08-25,已审核,住宿,集训营,住宿班,,1,2026-08-07,待定,无教材,2026-08-25,1,国外考试部,天马教学区,天马07教室,不使用一卡通,25人,国外考试部,天马教学区,2026-08-25,13,14,
"国外考试部",全科,"阅读,写作,词汇,听力,口语,语法",,YLTH2715,IELTS大学生6.5分班（精品班）,IELTS大学生6.5分班（FY25精品）,IELTS进阶班,32,32,3840,3840,120.0,424.00,IELTS,IELTS,常规体系,常规体系,IELTS大学生6.5分班,IELTS大学生6.5分班,否,,可续,,,,6980.00,彭玉莹(452128),,暑假,,正常,2026-08-05,2026-08-05,已审核,"走读,在线","常规面授,在线直播",在线直播,云教室小班（25人以下）,23,2026-05-02,"周一至周六13:30-15:30,15:40-17:40
""","有教材,开课前领取",2026-08-22,23,国外考试部,天马,天马202教室,班级刷卡,25人,国外考试部,天马教学区,2026-08-22,13,14,
"国外考试部",全科,"阅读,写作,听力,口语",,FBQ2704,雅思大学生6.5分封闭营,雅思大学生6.5分封闭营（25人）,IELTS进阶班,68,90,8160,8160,120.0,436.00,IELTS,IELTS,常规体系,常规体系,雅思大学生6.5分封闭营,雅思大学生6.5分封闭营,否,,可续,,,,23800.00,李婷婷(122952),,暑假,,正常,2026-08-10,2026-08-10,已审核,"走读,在线","常规面授,在线直播",在线直播,云教室小班（25人以下）,25,2025-12-22,周一至周六08:00-18:00上课，19:00-21:00晚自习,"有教材,开课前领取",2026-08-29,17,国外考试部,天马教学区,天马V231教室,班级刷卡,25人,国外考试部,天马教学区,2026-08-29,20,21,
"国外考试部",全科,"阅读,写作,听力,口语",,YZG2746B,雅思大学生直通车高级班（B）,雅思大学生直通车高级班（FY26-B）,IELTS直通车,32,48,3840,3840,120.0,"	0.00",IELTS,IELTS,常规体系,常规体系,雅思大学生直通车高级班,雅思大学生直通车高级班,否,,可续,,,,12800.00,魏莱(701222),,暑假,,正常,2026-08-07,2026-08-07,已审核,"走读,在线","常规面授,在线直播",在线直播,云教室小班（25人以下）,10,2026-07-05,"每天08:00-10:00,10:10-12:10,13:30-15:30（8.16不上课）","有教材,开课前领取",2026-08-23,6,国外考试部,天马教学区,天马09教室,班级刷卡,6人,国外考试部,天马教学区,2026-08-23,4,5,
"国外考试部",全科,"阅读,写作,听力,口语",,MKY282,英联邦非标课程,英联邦非标课程（雅思模考赠送）,非标班型（英联邦）,5,8,660,660,132.0,"	0.00",非标项目,非标项目,专项体系,专项体系,英联邦非标课程,英联邦非标课程,否,,可续,,,,100.00,,,暑假,,正常,2026-08-08,2026-08-08,已审核,走读,常规面授,常规面授,,25,2026-07-01,口试见课表,无教材,2026-08-13,6,国外考试部,天马,天马201教室,班级刷卡,25人,国外考试部,天马教学区,2026-08-13,13,14,
"国外考试部",全科,"阅读,写作,听力,口语",,FBJ2705,雅思大学生6.0分封闭营,雅思大学生6.0分封闭营（FY27）,IELTS进阶班,76,100,9120,9120,120.0,454.00,IELTS,IELTS,常规体系,常规体系,雅思大学生6.0分封闭营,雅思大学生6.0分封闭营,否,,可续,,,,24800.00,龙诗怡(081029),,暑假,,正常,2026-08-03,2026-08-03,已审核,"走读,在线","常规面授,在线直播",在线直播,云教室小班（25人以下）,15,2026-07-04,周一至周六08:00-18:00上课，19:00-21:00晚自习,"有教材,开课前领取",2026-08-25,15,国外考试部,天马,天马V229教室,班级刷卡,12人,国外考试部,天马教学区,2026-08-25,6,7,
"国外考试部",全科,"阅读,写作,听力,口语",,YZG2722A,雅思大学生直通车高级班（A）,雅思大学生直通车高级班（FY26-A）,IELTS直通车,32,48,3840,3840,120.0,"	0.00",IELTS,IELTS,常规体系,常规体系,雅思大学生直通车高级班,雅思大学生直通车高级班,否,,可续,,,,12800.00,,,暑假,,正常,2026-08-03,2026-08-03,已审核,"走读,在线","常规面授,在线直播",在线直播,云教室小班（25人以下）,10,2026-04-20,"周一至周六08:00-10:00,10:10-12:10,13:30-15:30","有教材,开课前领取",2026-08-20,10,国外考试部,芙蓉广场教学区,芙蓉广场16-A9教室,班级刷卡,6人,国外考试部,芙蓉广场教学区,2026-08-20,4,5,
"国外考试部",全科,"阅读,写作,听力,口语",,FBQ2705,雅思大学生6.5分封闭营,雅思大学生6.5分封闭营（25人）,IELTS进阶班,68,90,8160,8160,120.0,436.00,IELTS,IELTS,常规体系,常规体系,雅思大学生6.5分封闭营,雅思大学生6.5分封闭营,否,,可续,,,,23800.00,李婷婷(122952),,暑假,,正常,2026-08-03,2026-08-03,已审核,"走读,在线","常规面授,在线直播",在线直播,云教室小班（25人以下）,25,2026-04-16,"周一至周六08:00-18:00上课，19:00-21:00晚自习
","有教材,开课前领取",2026-08-22,23,国外考试部,天马教学区,天马02教室,班级刷卡,25人,国外考试部,天马教学区,2026-08-22,20,21,
"国外考试部",全科,"阅读,写作,听力,口语",,YZG2707B,雅思大学生直通车高级班（B）,雅思大学生直通车高级班（FY26-B）,IELTS直通车,32,48,3840,3840,120.0,"	0.00",IELTS,IELTS,常规体系,常规体系,雅思大学生直通车高级班,雅思大学生直通车高级班,否,,可续,,,,12800.00,廖乐宁(003955),,暑假,,正常,2026-08-05,2026-08-05,已审核,"走读,在线","常规面授,在线直播",在线直播,云教室小班（25人以下）,9,2025-12-23,"周一至周六08:00-10:00,10:10-12:10,13:30-15:30","有教材,开课前领取",2026-08-22,7,国外考试部,芙蓉广场教学区,芙蓉广场虚拟教室（16楼大会议室）,班级刷卡,6人,国外考试部,芙蓉广场教学区,2026-08-22,4,5,
"国外考试部",全科,"阅读,写作,听力,口语",,YZG2708B,雅思大学生直通车高级班（B）,雅思大学生直通车高级班（FY26-B）,IELTS直通车,32,48,3840,3840,120.0,"	0.00",IELTS,IELTS,常规体系,常规体系,雅思大学生直通车高级班,雅思大学生直通车高级班,否,,可续,,,,12800.00,,,暑假,,正常,2026-08-05,2026-08-05,已审核,"走读,在线","常规面授,在线直播",在线直播,云教室小班（25人以下）,9,2025-12-23,"周一至周六10:10-12:10,13:30-15:30,15:40-17:40","有教材,开课前领取",2026-08-22,9,国外考试部,芙蓉广场教学区,芙蓉广场虚拟教室（16楼大会议室）,班级刷卡,6人,国外考试部,芙蓉广场教学区,2026-08-22,4,5,
"国外考试部",全科,"阅读,写作,听力,口语",,MKY284,英联邦非标课程,英联邦非标课程（雅思模考赠送）,非标班型（英联邦）,5,12,660,660,132.0,"	0.00",非标项目,非标项目,专项体系,专项体系,英联邦非标课程,英联邦非标课程,否,,可续,,,,100.00,,,暑假,,正常,2026-08-21,2026-08-21,已审核,走读,常规面授,常规面授,,25,2026-07-01,口试时间见课表,无教材,2026-08-26,4,国外考试部,天马,天马五楼VIP2教室（虚拟）,班级刷卡,25人,国外考试部,天马教学区,2026-08-26,13,14,
"国外考试部",全科,"阅读,写作,听力,口语",,YZG2743A,雅思大学生直通车高级班（A）,雅思大学生直通车高级班（FY26-A）,IELTS直通车,32,48,3840,3840,120.0,"	0.00",IELTS,IELTS,常规体系,常规体系,雅思大学生直通车高级班,雅思大学生直通车高级班,否,,可续,,,,12800.00,张淼依(246195),,暑假,,正常,2026-08-12,2026-08-12,已审核,"走读,在线","常规面授,在线直播",在线直播,云教室小班（25人以下）,10,2026-08-04,"周一至周六08:00-10:00,10:10-12:10,13:30-15:30","有教材,开课前领取",2026-08-29,10,国外考试部,天马教学区,天马07教室,班级刷卡,6人,国外考试部,天马教学区,2026-08-29,4,5,
"国外考试部",全科,"阅读,写作,词汇,听力,口语,语法",,YSY2714,雅思预备班,雅思预备班（FY26）,IELTS直通车,48,48,5760,5760,120.0,158.00,IELTS,IELTS,常规体系,常规体系,雅思预备班,雅思预备班,否,,可续,,,,15800.00,江芷仪(446891),,暑假,,正常,2026-08-03,2026-08-03,已审核,"走读,在线","常规面授,在线直播",在线直播,云教室小班（25人以下）,10,2025-12-23,"周一至周六五08:00-10:00,10:10-12:10","有教材,开课前领取",2026-08-29,9,国外考试部,芙蓉广场教学区,芙蓉广场虚拟教室（16楼大会议室）,班级刷卡,6人,国外考试部,芙蓉广场教学区,2026-08-29,3,4,
"国外考试部",全科,"阅读,写作,词汇,听力,口语,语法",,MSZ2743,雅思直通车中级课程（Pro）,雅思直通车中级课程（FY26Q2）,IELTS直通车,48,48,5760,5760,120.0,436.00,IELTS,IELTS,常规体系,常规体系,雅思直通车中级课程,雅思直通车中级课程,否,,可续,,,,19800.00,王佳(704579),,暑假,,正常,2026-08-01,2026-08-01,已审核,"走读,在线","常规面授,在线直播",在线直播,云教室小班（25人以下）,10,2026-07-07,"周一至周六08:00-10:00,10:10-12:10","有教材,开课前领取",2026-08-28,8,国外考试部,八方24品教学区,八方208教室,班级刷卡,6人,国外考试部,八方24品教学区,2026-08-28,3,4,
"国外考试部",全科,"阅读,写作,听力,口语",,YD2701,雅思单项班（写作）,雅思单项班（版本1）,IELTS进阶班,8,8,960,960,120.0,"	0.00",IELTS,IELTS,常规体系,常规体系,雅思单项班,雅思单项班,否,,可续,,,,4800.00,彭璐璐(200780),,暑假,,正常,2026-08-10,2026-08-10,已审核,"走读,在线","常规面授,在线直播",在线直播,云教室小班（25人以下）,10,2026-06-04,周一至周六13:30-15:30,无教材,2026-08-18,6,国外考试部,芙蓉,芙蓉广场16-C7教室,班级刷卡,6人,国外考试部,芙蓉广场教学区,2026-08-18,3,4,
"国外考试部",全科,"阅读,写作,词汇,听力,口语,语法",,ZYG2706,剑桥雅思真题精讲班,剑桥雅思真题精讲班（FY25）,IELTS直通车,24,24,2880,2880,120.0,266.00,IELTS,IELTS,常规体系,常规体系,剑桥雅思真题精讲班,剑桥雅思真题精讲班,否,,可续,,,,8800.00,谢洋子(611956),,暑假,,正常,2026-08-03,2026-08-03,已审核,"走读,在线","常规面授,在线直播",在线直播,云教室小班（25人以下）,8,2025-12-24,"周一至周六13:30-15:30,15:40-17:40","有教材,开课前领取",2026-08-15,8,国外考试部,芙蓉广场教学区,芙蓉广场虚拟教室（16楼大会议室）,班级刷卡,6人,国外考试部,芙蓉广场教学区,2026-08-15,3,4,
"国外考试部",全科,"阅读,写作,词汇,听力,口语,语法",,ZYG2707,剑桥雅思真题精讲班,剑桥雅思真题精讲班（FY25）,IELTS直通车,24,24,2880,2880,120.0,266.00,IELTS,IELTS,常规体系,常规体系,剑桥雅思真题精讲班,剑桥雅思真题精讲班,否,,可续,,,,8800.00,,,暑假,,正常,2026-08-01,2026-08-01,已审核,"走读,在线","常规面授,在线直播",在线直播,云教室小班（25人以下）,9,2026-04-14,"周一至周六08:00-10:00,10:10-12:10上课","有教材,开课前领取",2026-08-14,9,国外考试部,芙蓉广场,芙蓉广场16-A2教室,班级刷卡,6人,国外考试部,芙蓉广场教学区,2026-08-14,3,4,
"国外考试部",全科,"阅读,写作,词汇,听力,口语,语法",,MSC2763,雅思直通车初级课程（Plus）,雅思直通车初级课程（FY26）,IELTS直通车,64,64,7680,7680,120.0,454.00,IELTS,IELTS,常规体系,常规体系,雅思直通车初级课程,雅思直通车初级课程,否,,可续,,,,23800.00,胡佳慧(296956),,暑假,,正常,2026-08-04,2026-08-04,已审核,"走读,在线","常规面授,在线直播",在线直播,云教室小班（25人以下）,8,2026-07-25,"周一至周六08:00-10:00,10:10-12:10（后期每天6h）","有教材,开课前领取",2026-08-31,8,国外考试部,天马,天马03教室,班级刷卡,6人,国外考试部,天马教学区,2026-08-31,3,4,
"国外考试部",全科,"阅读,写作,词汇,听力,口语,语法",,MSC2729,雅思直通车初级课程（Plus）,雅思直通车初级课程（FY26）,IELTS直通车,64,64,7680,7680,120.0,454.00,IELTS,IELTS,常规体系,常规体系,雅思直通车初级课程,雅思直通车初级课程,否,,可续,,,,23800.00,刘若凡(661222),,暑假,,正常,2026-08-03,2026-08-03,已审核,"走读,在线","常规面授,在线直播",在线直播,云教室小班（25人以下）,10,2026-04-28,"周一至周六下午13:30-15:30,15:40-17:40（后两周每天6小时）","有教材,开课前领取",2026-08-29,9,国外考试部,芙蓉广场教学区,芙蓉广场16-A5教室,班级刷卡,6人,国外考试部,芙蓉广场教学区,2026-08-29,3,4,
"国外考试部",全科,"阅读,写作,词汇,听力,口语,语法",,MSZ2720,雅思直通车中级课程（Plus）,雅思直通车中级课程（FY26）,IELTS直通车,64,64,7680,7680,120.0,436.00,IELTS,IELTS,常规体系,常规体系,雅思直通车中级课程,雅思直通车中级课程,否,,可续,,,,23800.00,黄玥(157427),,暑假,,正常,2026-08-03,2026-08-03,已审核,"走读,在线","常规面授,在线直播",在线直播,云教室小班（25人以下）,10,2026-04-28,"周日至周五8:00-10:10,10:10-12:10（后两周每天6小时）","有教材,开课前领取",2026-08-31,8,国外考试部,芙蓉广场教学区,芙蓉广场16-A5教室,班级刷卡,6人,国外考试部,芙蓉广场教学区,2026-08-31,3,4,
"国外考试部",全科,"阅读,写作,词汇,听力,口语,语法",,YLTH2705,IELTS7.0分班（高三菁英班）,IELTS7.0分班（高三菁英班）,IELTS进阶班,32,32,3840,3840,120.0,"	0.00",IELTS,IELTS,常规体系,常规体系,IELTS7.0分班,IELTS7.0分班,否,,可续,,,,7800.00,李诗宇(189032),,暑假,,正常,2026-08-05,2026-08-05,已审核,"走读,在线","常规面授,在线直播",在线直播,云教室小班（25人以下）,15,2025-12-23,"每天08:00-10:00,10:10-12:10（8.9不上课）",无教材,2026-08-21,15,国外考试部,芙蓉,芙蓉广场16-C1教室,班级刷卡,12人,国外考试部,芙蓉广场教学区,2026-08-21,6,8,
"国外考试部",全科,"阅读,写作,词汇,听力,口语,语法",,YLTH2712,IELTS7.0分班（高三菁英班）,IELTS7.0分班（高三菁英班）,IELTS进阶班,32,32,3840,3840,120.0,"	0.00",IELTS,IELTS,常规体系,常规体系,IELTS7.0分班,IELTS7.0分班,否,,可续,,,,7800.00,,,暑假,,正常,2026-08-03,2026-08-03,已审核,"走读,在线","常规面授,在线直播",在线直播,云教室小班（25人以下）,15,2025-12-23,"每天08:00-10:00,10:10-12:10",无教材,2026-08-18,14,国外考试部,芙蓉广场教学区,芙蓉广场虚拟教室（16楼大会议室）,班级刷卡,12人,国外考试部,芙蓉广场教学区,2026-08-18,6,8,
"国外考试部",全科,"阅读,写作,听力,口语",,YZG2720A,雅思大学生直通车高级班（A）,雅思大学生直通车高级班（FY26-A）,IELTS直通车,32,48,3840,3840,120.0,"	0.00",IELTS,IELTS,常规体系,常规体系,雅思大学生直通车高级班,雅思大学生直通车高级班,否,,可续,,,,12800.00,廖乐宁(003955),,暑假,,正常,2026-08-10,2026-08-10,已审核,"走读,在线","常规面授,在线直播",在线直播,云教室小班（25人以下）,10,2025-12-23,"周一至周六08:20-10:20,10:30-12:30,13:30-15:30","有教材,开课前领取",2026-08-27,9,国外考试部,芙蓉广场教学区,芙蓉广场虚拟教室（16楼大会议室）,班级刷卡,6人,国外考试部,芙蓉广场教学区,2026-08-27,4,5,
"国外考试部",全科,"阅读,写作,听力,口语",,YZG2705B,雅思大学生直通车高级班（B）,雅思大学生直通车高级班（FY26-B）,IELTS直通车,32,48,3840,3840,120.0,"	0.00",IELTS,IELTS,常规体系,常规体系,雅思大学生直通车高级班,雅思大学生直通车高级班,否,,可续,,,,12800.00,,,暑假,,正常,2026-08-10,2026-08-10,已审核,"走读,在线","常规面授,在线直播",在线直播,云教室小班（25人以下）,10,2025-12-23,"周一至周六08:00-10:00,10:10-12:10,13:30-15:30","有教材,开课前领取",2026-08-27,10,国外考试部,天马教学区,天马虚拟教室3（407教室）,班级刷卡,6人,国外考试部,天马教学区,2026-08-27,4,5,
"国外考试部",全科,"阅读,写作,听力,口语",,MKY274,英联邦非标课程,英联邦非标课程（雅思模考赠送）,非标班型（英联邦）,5,7,660,660,132.0,"	0.00",非标项目,非标项目,专项体系,专项体系,英联邦非标课程,英联邦非标课程,否,,可续,,,,100.00,,,暑假,,正常,2026-08-16,2026-08-16,已审核,走读,常规面授,常规面授,,25,2026-06-27,8.16下午笔试，口试时间见课表,无教材,2026-08-18,2,国外考试部,芙蓉广场教学区,芙蓉广场VIP22-虚拟4,班级刷卡,25人,国外考试部,芙蓉广场教学区,2026-08-18,13,14,
"国外考试部",全科,"阅读,写作,听力,口语",,MKY281,英联邦非标课程,英联邦非标课程（雅思模考赠送）,非标班型（英联邦）,5,7,660,660,132.0,"	0.00",非标项目,非标项目,专项体系,专项体系,英联邦非标课程,英联邦非标课程,否,,可续,,,,100.00,,,暑假,,正常,2026-08-02,2026-08-02,已审核,走读,常规面授,常规面授,,25,2026-07-01,口试时间见课表,无教材,2026-08-04,4,国外考试部,天马,天马五楼VIP3教室（虚拟）,班级刷卡,25人,国外考试部,天马教学区,2026-08-04,13,14,
"国外考试部",全科,"阅读,写作,词汇,听力,口语,语法",,ZYG2704,剑桥雅思真题精讲班,剑桥雅思真题精讲班（FY25）,IELTS直通车,24,24,2880,2880,120.0,266.00,IELTS,IELTS,常规体系,常规体系,剑桥雅思真题精讲班,剑桥雅思真题精讲班,否,,可续,,,,8800.00,李婷婷(122952),,暑假,,正常,2026-08-10,2026-08-10,已审核,"走读,在线","常规面授,在线直播",在线直播,云教室小班（25人以下）,10,2025-12-24,"周一至周六13:30-15:30,15:40-17:40","有教材,开课前领取",2026-08-22,8,国外考试部,天马教学区,天马虚拟教室3（407教室）,班级刷卡,6人,国外考试部,天马教学区,2026-08-22,3,4,
"国外考试部",全科,"英语,阅读,写作,听力,口语,综合能力,综合听说,综合读写",,LXB2005A,初中国际双优体系三级A（卓越二）,初中国际双优体系三级A（B班寒暑卓越二）,美国同步课程,8,8,960,960,120.0,"	0.00",学术衔接,学术衔接,专项体系,专项体系,初中国际双优体系三级A,初中国际双优体系三级A,否,,可续,,,,3300.00,陈培(373286),,暑假,,正常,2026-08-09,2026-08-09,已审核,"走读,在线","常规面授,在线直播",在线直播,云教室小班（25人以下）,10,2025-12-24,春秋季每周六13:30~15:30，寒暑假集中上课,无教材,2026-08-17,3,国外考试部,芙蓉广场教学区,芙蓉广场虚拟教室（16楼大会议室）,班级刷卡,12人,国外考试部,芙蓉广场教学区,2026-08-17,6,7,
"国外考试部",全科,"阅读,写作,词汇,听力,口语,语法",,MSZ2715,雅思直通车中级课程（Pro）,雅思直通车中级课程（FY26Q2）,IELTS直通车,48,48,5760,5760,120.0,436.00,IELTS,IELTS,常规体系,常规体系,雅思直通车中级课程,雅思直通车中级课程,否,,可续,,,,19800.00,蔡蓓(036158),,暑假,,正常,2026-08-03,2026-08-03,已审核,"走读,在线","常规面授,在线直播",在线直播,云教室小班（25人以下）,10,2025-12-24,"周日至周五08:00-10:00,10:10-12:10","有教材,开课前领取",2026-08-29,10,国外考试部,芙蓉广场教学区,芙蓉广场虚拟教室（16楼大会议室）,班级刷卡,6人,国外考试部,芙蓉广场教学区,2026-08-29,3,4,
"国外考试部",全科,"阅读,写作,听力,口语",,MKY277,英联邦非标课程,英联邦非标课程（雅思模考赠送）,非标班型（英联邦）,5,6,660,660,132.0,"	0.00",非标项目,非标项目,专项体系,专项体系,英联邦非标课程,英联邦非标课程,否,,可续,,,,100.00,,,暑假,,正常,2026-08-20,2026-08-20,已审核,走读,常规面授,常规面授,,25,2026-06-27,8.20上午笔试，口试见课表,无教材,2026-08-22,14,国外考试部,八方24品,八方虚拟教室1,班级刷卡,25人,国外考试部,八方24品教学区,2026-08-22,13,14,
"国外考试部",全科,"阅读,写作,听力,口语",,MKY20261001,英联邦非标课程,英联邦非标课程（雅思模考赠送）,非标班型（英联邦）,5,5,660,660,132.0,"	0.00",非标项目,非标项目,专项体系,专项体系,英联邦非标课程,英联邦非标课程,否,,可续,,,,100.00,,,暑假,,正常,2026-08-10,2026-08-10,已审核,走读,常规面授,常规面授,,25,2026-06-27,8.11上午笔试，口试见课表,无教材,2026-08-18,1,国外考试部,天马,天马201教室,班级刷卡,25人,国外考试部,天马教学区,2026-08-18,13,14,
"国外考试部",全科,"阅读,写作,听力,口语",,MKY272,英联邦非标课程,英联邦非标课程（雅思模考赠送）,非标班型（英联邦）,5,5,660,660,132.0,"	0.00",非标项目,非标项目,专项体系,专项体系,英联邦非标课程,英联邦非标课程,否,,可续,,,,100.00,,,暑假,,正常,2026-08-14,2026-08-14,已审核,走读,常规面授,常规面授,,25,2026-06-27,8.6上午笔试，口试时间见课表,无教材,2026-08-15,1,国外考试部,芙蓉广场教学区,芙蓉广场VIP22-虚拟1,班级刷卡,25人,国外考试部,芙蓉广场教学区,2026-08-15,13,14,
"国外考试部",全科,"物理,化学,生物,科学,高等数学,经济,计算机科学,商务,会计,美国历史,文学,基础数学,英语语言",,LXA2006A,海外留学菁英班（菁英班二）,海外留学菁英班（A班寒暑）,美国同步课程,8,16,960,960,120.0,"	0.00",北美同步课程,北美同步课程,常规体系,常规体系,海外留学菁英班,海外留学菁英班,否,,可续,,,,1980.00,向申丹(446084),,暑假,,正常,2026-07-25,2026-07-25,已审核,"走读,在线","常规面授,在线直播",在线直播,云教室小班（25人以下）,15,2026-06-18,春秋季每周六13:30~15:30，寒暑假集中上课,无教材,2026-08-03,10,国外考试部,芙蓉广场教学区,芙蓉广场虚拟教室（16楼大会议室）,班级刷卡,12人,国外考试部,芙蓉广场教学区,2026-08-03,6,7,
"国外考试部",全科,"阅读,写作,词汇,听力,口语,语法",,MSZ2708,雅思直通车中级课程（Plus）,雅思直通车中级课程（FY26）,IELTS直通车,64,64,7680,7680,120.0,436.00,IELTS,IELTS,常规体系,常规体系,雅思直通车中级课程,雅思直通车中级课程,否,,可续,,,,23800.00,,,暑假,,正常,2026-07-26,2026-07-26,已审核,"走读,在线","常规面授,在线直播",在线直播,云教室小班（25人以下）,9,2025-12-24,"周日至周五13:30-15:30,15:40-17:40","有教材,开课前领取",2026-09-01,9,国外考试部,芙蓉广场教学区,芙蓉广场虚拟教室（16楼大会议室）,班级刷卡,6人,国外考试部,芙蓉广场教学区,2026-08-31,3,4,
"素养智学部",脑力与思维,脑力与思维,脑力与思维,SW227A0012,脑力思维2B（暑）,脑力与思维L2暑假B1班,通用,10,10,1100,1100,110.0,"	0.00",L2,L2,常规体系,常规体系,脑力与思维L2暑假B1班,二年级脑力与思维暑假L2班,否,,连季续,二年级,二年级,二年级,2100.00,陈炣均(706984),,暑假,暑假,正常,2026-08-18,2026-08-18,已审核,走读,常规面授,常规面授,,17,2026-02-26,每天10:40-12:30(上5休1),"有教材,开课前领取",2026-08-28,15,素养素质(智学),井湾子教学区206教室,井湾子教学区206教室,班级刷卡,15人,素养,井湾子教学区,2026-08-28,10,12,思维2
"素养智学部",双语故事表演,双语故事表演,双语故事表演,PM227A0029,双语绘本2C（暑）,双语故事表演L2暑假B2班,通用,10,10,1100,1100,110.0,"	0.00",L2,L2,常规体系,常规体系,双语故事表演L2暑假B2班,二年级双语故事表演暑假L2班,否,,连季续,二年级,二年级,二年级,2100.00,徐涛(619507),,暑假,暑假,正常,2026-08-18,2026-08-18,已审核,走读,常规面授,常规面授,,16,2026-02-26,每天08:30-10:20(上5休1),"有教材,开课前领取",2026-08-29,15,素养素质(智学),听香水榭306教室,听香水榭306教室,班级刷卡,15人,素养,听香水榭教学区,2026-08-28,10,12,分级阅读2
"素养智学部",双语故事表演,双语故事表演,双语故事表演,PM127A0008,双语绘本1C（暑）,双语故事表演L1暑假B2班,通用,10,10,1100,1100,110.0,"	0.00",L1,L1,常规体系,常规体系,双语故事表演L1暑假B2班,一年级双语故事表演暑假L1班,否,,连季续,一年级,一年级,一年级,2100.00,徐涛(619507),,暑假,暑假,正常,2026-08-18,2026-08-18,已审核,走读,常规面授,常规面授,,15,2026-02-26,每天10:40-12:30(上5休1),"有教材,开课前领取",2026-08-28,10,素养素质(智学),听香水榭306教室,听香水榭306教室,班级刷卡,15人,素养,听香水榭教学区,2026-08-28,10,12,分级阅读1
"素养智学部",脑力与思维,脑力与思维,脑力与思维,SW227A0021,脑力思维2B（暑）,脑力与思维L2暑假B1班,通用,10,10,1100,1100,110.0,"	0.00",L2,L2,常规体系,常规体系,脑力与思维L2暑假B1班,二年级脑力与思维暑假L2班,否,,连季续,二年级,二年级,二年级,2100.00,郑婕(612636),,暑假,暑假,正常,2026-08-18,2026-08-18,已审核,走读,常规面授,常规面授,,15,2026-02-26,每天13:50-15:40(上5休1),"有教材,开课前领取",2026-08-29,9,素养素质(智学),星沙筑梦208教室,星沙筑梦208教室,班级刷卡,15人,素养,星沙筑梦教学区,2026-08-28,10,12,思维2
"国外考试部",全科,"阅读,写作,词汇,听力,口语,语法",,MSC2602,雅思直通车初级课程（留学三阶）,雅思直通车初级课程（FY26）,IELTS直通车,64,64,7680,7680,120.0,454.00,IELTS,IELTS,常规体系,常规体系,雅思直通车初级课程,雅思直通车初级课程,否,,可续,,,,23800.00,秦姜姝煜(356632),,暑假,,正常,2025-08-11,2025-08-11,已审核,"走读,在线","常规面授,在线直播",在线直播,云教室小班（25人以下）,10,2024-11-17,春秋季每周日16:00-18:00，寒暑集中上课,"有教材,开课前领取",2026-10-01,1,国外考试部,芙蓉广场,芙蓉广场16-C8教室,班级刷卡,6人,国外考试部,芙蓉广场教学区,2026-08-01,3,4,
"素养智学部",双语故事表演,双语故事表演,双语故事表演,PM627A0011,双语绘本6C+领航班（暑）,双语故事表演L6暑假C1班（C+）,通用,10,10,1100,1100,110.0,"	0.00",L6,L6,常规体系,常规体系,双语故事表演L6暑假C1班,六年级双语故事表演暑假L6班,否,,连季续,六年级(小学),六年级,六年级,2600.00,许凤英(304488),,暑假,暑假,正常,2026-08-18,2026-08-18,已审核,走读,常规面授,常规面授,,20,2026-02-26,每天10:40-12:30(上5休1),"有教材,开课前领取",2026-08-28,20,素养素质(智学),雨花家园201教室,雨花家园201A教室,班级刷卡,15人,素养,雨花家园教学区,2026-08-28,10,12,故事会6
"素养智学部",英语,英语,英语,YYZH3A270316,SY双语智慧3A（暑）,三年级英语暑假A1服务（创新默认A）,通用,10,10,1200,1200,120.0,"	0.00",TG,TG,常规体系,常规体系,三年级英语暑假A1服务,三年级英语A暑假智慧学习空间,否,,连季续,三年级,三年级,三年级,1800.00,谢嘉炜(121372),,暑假,暑假,正常,2026-08-18,2026-08-18,已审核,"走读,在线","常规面授,在线录播",在线录播,智慧学习机,20,2026-07-16,每天08:30-10:30,"有教材,开课前领取",2026-08-28,19,学习机托管(智学),湘潭东方名苑206自习室,湘潭东方名苑206自习室,班级刷卡,20人,学习机托管,湘潭东方名苑教学区,2026-08-28,12,14,三年级英语
"素养智学部",博文妙笔,博文妙笔,博文妙笔,BW127A0043,博文口才 1（暑）,博文妙笔L1暑假B1班,通用,10,10,1100,1100,110.0,"	0.00",L1,L1,常规体系,常规体系,博文妙笔L1暑假B1班,一年级博文妙笔暑假L1班,否,,连季续,一年级,一年级,一年级,2100.00,龙雯(241037),,暑假,暑假,正常,2026-08-18,2026-08-18,已审核,走读,常规面授,常规面授,,16,2026-06-03,每天10:40-12:30(上5休1),"有教材,开课前领取",2026-08-28,14,素养素质(智学),方圆荟308教室,方圆荟308教室,班级刷卡,15人,素养,方圆荟智慧空间,2026-08-27,10,12,语商表达1
"素养智学部",脑力与思维,脑力与思维,脑力与思维,SW327A0014,脑力思维3B（暑）,脑力与思维L3暑假B1班,通用,10,10,1100,1100,110.0,"	0.00",L3,L3,常规体系,常规体系,脑力与思维L3暑假B1班,三年级脑力与思维暑假L3班,否,,连季续,三年级,三年级,三年级,2000.00,赵秀(417977),,暑假,暑假,正常,2026-08-18,2026-08-18,已审核,走读,常规面授,常规面授,,17,2026-02-26,每天16:00-17:50(上5休1),"有教材,开课前领取",2026-08-29,16,素养素质(智学),梅岭国际216B教室,梅岭国际216B教室,班级刷卡,15人,素养,梅岭国际教学区,2026-08-28,10,12,思维3
"素养智学部",脑力与思维,脑力与思维,脑力与思维,SW427A0033,脑力思维4B（暑）,脑力与思维L4暑假B1班,通用,10,10,1100,1100,110.0,"	0.00",L4,L4,常规体系,常规体系,脑力与思维L4暑假B1班,四年级脑力与思维暑假L4班,否,,连季续,四年级,四年级,四年级,2000.00,赵秀(417977),,暑假,暑假,正常,2026-08-18,2026-08-18,已审核,走读,常规面授,常规面授,,20,2026-02-26,每天10:40-12:30(上5休1),"有教材,开课前领取",2026-08-29,20,素养素质(智学),梅岭国际202教室,梅岭国际202教室,班级刷卡,15人,素养,梅岭国际教学区,2026-08-28,10,12,思维4
"素养智学部",脑力与思维,脑力与思维,脑力与思维,SW427A0020,脑力思维4B（暑）,脑力与思维L4暑假B1班,通用,10,10,1100,1100,110.0,"	0.00",L4,L4,常规体系,常规体系,脑力与思维L4暑假B1班,四年级脑力与思维暑假L4班,否,,连季续,四年级,四年级,四年级,2000.00,赵秀(417977),,暑假,暑假,正常,2026-08-18,2026-08-18,已审核,走读,常规面授,常规面授,,19,2026-02-26,每天08:30-10:20(上5休1),"有教材,开课前领取",2026-08-29,19,素养素质(智学),梅岭国际202教室,梅岭国际202教室,班级刷卡,15人,素养,梅岭国际教学区,2026-08-28,10,12,思维4
"素养智学部",英语,英语,英语,YYZH3A0338,双语智慧3A（暑）,三年级英语暑假A1服务（默认A）,通用,10,10,1200,1200,120.0,"	0.00",TG,TG,常规体系,常规体系,三年级英语暑假A1服务,三年级英语A暑假智慧学习空间,否,,连季续,三年级,三年级,三年级,2000.00,刘海泽(612641),,暑假,暑假,正常,2026-08-18,2026-08-18,已审核,"走读,在线","常规面授,在线录播",在线录播,智慧学习机,22,2026-02-27,每天16:00-18:00(上5休1）,"有教材,开课前领取",2026-08-28,12,学习机托管(智学),听香水榭304教室,听香水榭304教室,班级刷卡,20人,学习机托管,听香水榭教学区,2026-08-28,12,12,三年级英语
"素养智学部",英语,英语,英语,GJZH27A008,国际语音,学习机托管三年级英语暑假ZT1服务,通用,10,10,1200,1200,120.0,"	0.00",ZT1,ZT1,专项体系,专项体系,学习机托管三年级英语暑假ZT1服务,三年级英语暑假专题班,否,,不可续,三年级,三年级,三年级,2000.00,杨帆(399003),,暑假,暑假,正常,2026-08-18,2026-08-18,已审核,走读,常规面授,常规面授,,20,2026-07-07,每天16:00-18:00(上5休1）,"有教材,开课前领取",2026-08-28,11,学习机托管(智学),梅岭国际210教室,梅岭国际210教室,班级刷卡,20人,学习机托管,梅岭国际教学区,2026-08-28,12,14,专项音标
"国外考试部",全科,"阅读,写作,听力,口语",,GYBF3003A,Global Primary外语3A,Global Primary外语3A 上（FY26）,Global Primary 英语,8,8,960,960,120.0,120.00,国际教育,国际教育,常规体系,常规体系,Global Primary外语3A 上,Global Primary外语3A 上,否,,可续,,,,3300.00,谭银平(339722),,暑假,,正常,2026-07-23,2026-07-23,已审核,"走读,在线","常规面授,在线直播",在线直播,云教室小班（25人以下）,6,2026-07-17,周一至周六14:00-16:00上课,"有教材,开课前领取",2026-09-06,5,国际教育青少部,八方24品,八方305教室,班级刷卡,6人,国外考试部,八方24品教学区,2026-08-28,3,4,
"素养智学部",双语故事表演,双语故事表演,双语故事表演,PM527A0007,双语绘本5C+领航班（暑）,双语故事表演L5暑假C1班（C+）,通用,10,10,1100,1100,110.0,"	0.00",L5,L5,常规体系,常规体系,双语故事表演L5暑假C1班,五年级双语故事表演暑假L5班,否,,连季续,五年级,五年级,五年级,2600.00,铁林林(180938),,暑假,暑假,正常,2026-08-18,2026-08-18,已审核,走读,常规面授,常规面授,,19,2026-02-26,每天16:00-17:50(上5休1),"有教材,开课前领取",2026-08-28,19,素养素质(智学),洋湖新城305教室,洋湖新城305教室,班级刷卡,15人,素养,洋湖新城教学区,2026-08-28,10,12,故事会5
"素养智学部",双语故事表演,双语故事表演,双语故事表演,PM227A0227,双语绘本2C+领航班（暑）,双语故事表演L2暑假C1班（C+）,通用,10,10,1100,1100,110.0,"	0.00",L2,L2,常规体系,常规体系,双语故事表演L2暑假C1班,二年级双语故事表演暑假L2班,否,,连季续,二年级,二年级,二年级,2100.00,聂鑫鑫(513757),,暑假,暑假,正常,2026-08-18,2026-08-18,已审核,走读,常规面授,常规面授,,17,2026-02-26,每天16:00-17:50(上5休1),"有教材,开课前领取",2026-08-28,16,素养素质(智学),东塘208教室,东塘208教室,班级刷卡,15人,素养,东塘教学区,2026-08-28,10,12,分级阅读2
"素养智学部",双语故事表演,双语故事表演,双语故事表演,PM227A0248,双语绘本2C+领航班（暑）,双语故事表演L2暑假C1班（C+）,通用,10,10,1100,1100,110.0,"	0.00",L2,L2,常规体系,常规体系,双语故事表演L2暑假C1班,二年级双语故事表演暑假L2班,否,,连季续,二年级,二年级,二年级,2100.00,聂鑫鑫(513757),,暑假,暑假,正常,2026-08-18,2026-08-18,已审核,走读,常规面授,常规面授,,17,2026-04-08,每天13:50-15:40(上5休1),"有教材,开课前领取",2026-08-28,17,素养素质(智学),东塘208教室,东塘208教室,班级刷卡,15人,素养,东塘教学区,2026-08-28,10,12,分级阅读2
"素养智学部",双语故事表演,双语故事表演,双语故事表演,PM327A0023,双语绘本3C（暑）,双语故事表演L3暑假B2班,通用,10,10,1100,1100,110.0,"	0.00",L3,L3,常规体系,常规体系,双语故事表演L3暑假B2班,三年级双语故事表演暑假L3班,否,,连季续,三年级,三年级,三年级,2000.00,黄子幸(715855),,暑假,暑假,正常,2026-08-18,2026-08-18,已审核,走读,常规面授,常规面授,,18,2026-02-26,每天16:00-17:50(上5休1),"有教材,开课前领取",2026-08-28,11,素养素质(智学),北辰107教室,北辰107教室,班级刷卡,15人,素养,北辰教学区,2026-08-28,10,12,分级阅读3
"素养智学部",书法,书法,书法,XZ227A0011,素质成长营（写字2）（暑）,一年级书法暑假ZT1班,通用,10,10,900,900,90.0,"	0.00",ZT1,ZT1,专项体系,专项体系,一年级书法暑假ZT1班,一年级书法暑假ZT1班,否,,不可续,一年级,一年级,一年级,975.00,廖思年(342029),,暑假,暑假,正常,2026-08-18,2026-08-18,已审核,走读,常规面授,常规面授,,15,2026-02-26,每天10:40-12:10(上5休1),"有教材,开课前领取",2026-08-28,7,素养素质(智学),洋湖新城316教室,洋湖新城316教室,班级刷卡,12人,素质,洋湖新城教学区,2026-08-28,7,8,书法2
"素养智学部",英语,英语,英语,YYZH4A0446,双语智慧4A（暑）,四年级英语暑假B1服务（默认A）,通用,10,10,1200,1200,120.0,"	0.00",TG,TG,常规体系,常规体系,四年级英语暑假B1服务,四年级英语A暑假智慧学习空间,否,,连季续,四年级,四年级,四年级,2000.00,方雨菂(596437),,暑假,暑假,正常,2026-08-18,2026-08-18,已审核,"走读,在线","常规面授,在线录播",在线录播,智慧学习机,21,2026-02-27,每天10:40-12:40(上5休1）,"有教材,开课前领取",2026-08-28,21,学习机托管(智学),洋湖新城301自习室,洋湖新城301自习室,班级刷卡,20人,学习机托管,洋湖新城智慧空间,2026-08-28,12,12,四年级英语
"素养智学部",双语故事表演,双语故事表演,双语故事表演,PM227A0252,双语绘本2C+领航班（暑）,双语故事表演L2暑假C1班（C+）,通用,10,10,1100,1100,110.0,"	0.00",L2,L2,常规体系,常规体系,双语故事表演L2暑假C1班,二年级双语故事表演暑假L2班,否,,连季续,二年级,二年级,二年级,2100.00,梁萍(438834),,暑假,暑假,正常,2026-08-18,2026-08-18,已审核,走读,常规面授,常规面授,,15,2026-04-16,每天13:50-15:40(上5休1),"有教材,开课前领取",2026-08-28,7,素养素质(智学),方圆荟303自习室,方圆荟303自习室,班级刷卡,15人,素养,方圆荟智慧空间,2026-08-27,10,12,分级阅读2
"素养智学部",双语故事表演,双语故事表演,双语故事表演,PM427A0164,双语绘本4C+领航班（暑）,双语故事表演L4暑假C1班（C+）,通用,10,10,1100,1100,110.0,"	0.00",L4,L4,常规体系,常规体系,双语故事表演L4暑假C1班,四年级双语故事表演暑假L4班,否,,连季续,四年级,四年级,四年级,2600.00,夏才典(661616),,暑假,暑假,正常,2026-08-18,2026-08-18,已审核,走读,常规面授,常规面授,,22,2026-02-26,每天13:50-15:40(上5休1),"有教材,开课前领取",2026-08-28,12,素养素质(智学),梅岭国际8自习室,梅岭国际8自习室,班级刷卡,15人,素养,梅岭国际教学区,2026-08-28,10,12,分级阅读4
"素养智学部",双语故事表演,双语故事表演,双语故事表演,PM227A0115,双语绘本2C（暑）,双语故事表演L2暑假B2班,通用,10,10,1100,1100,110.0,"	0.00",L2,L2,常规体系,常规体系,双语故事表演L2暑假B2班,二年级双语故事表演暑假L2班,否,,连季续,二年级,二年级,二年级,2100.00,叶梦(609830),,暑假,暑假,正常,2026-08-18,2026-08-18,已审核,走读,常规面授,常规面授,,15,2026-02-26,每天13:50-15:40(上5休1),"有教材,开课前领取",2026-08-28,12,素养素质(智学),八方小区207教室,八方小区207教室,班级刷卡,15人,素养,八方小区教学区,2026-08-28,10,12,分级阅读2
"素养智学部",双语故事表演,双语故事表演,双语故事表演,PM227A0190,双语绘本2C（暑）,双语故事表演L2暑假B2班,通用,10,10,1100,1100,110.0,"	0.00",L2,L2,常规体系,常规体系,双语故事表演L2暑假B2班,二年级双语故事表演暑假L2班,否,,连季续,二年级,二年级,二年级,2100.00,叶梦(609830),,暑假,暑假,正常,2026-08-18,2026-08-18,已审核,走读,常规面授,常规面授,,16,2026-02-26,每天10:40-12:30(上5休1),"有教材,开课前领取",2026-08-28,12,素养素质(智学),二十四品308教室,二十四品308教室,班级刷卡,15人,素养,二十四品教学区,2026-08-28,10,12,分级阅读2
"素养智学部",双语故事表演,双语故事表演,双语故事表演,PM227A0056,双语绘本2C（暑）,双语故事表演L2暑假B2班,通用,10,10,1100,1100,110.0,"	0.00",L2,L2,常规体系,常规体系,双语故事表演L2暑假B2班,二年级双语故事表演暑假L2班,否,,连季续,二年级,二年级,二年级,2100.00,叶梦(609830),,暑假,暑假,正常,2026-08-18,2026-08-18,已审核,走读,常规面授,常规面授,,16,2026-02-26,每天16:00-17:50(上5休1),"有教材,开课前领取",2026-08-28,12,素养素质(智学),八方小区207教室,八方小区207教室,班级刷卡,15人,素养,八方小区教学区,2026-08-28,10,12,分级阅读2
"素养智学部",双语故事表演,双语故事表演,双语故事表演,PM227A0135,双语绘本2C（暑）,双语故事表演L2暑假B2班,通用,10,10,1100,1100,110.0,"	0.00",L2,L2,常规体系,常规体系,双语故事表演L2暑假B2班,二年级双语故事表演暑假L2班,否,,连季续,二年级,二年级,二年级,2100.00,李妮(034955),,暑假,暑假,正常,2026-08-18,2026-08-18,已审核,走读,常规面授,常规面授,,17,2026-02-26,每天10:40-12:30(上5休1),"有教材,开课前领取",2026-08-28,15,素养素质(智学),雨花家园301D教室,雨花家园301D教室,班级刷卡,15人,素养,雨花家园教学区,2026-08-28,10,12,分级阅读2
"素养智学部",双语故事表演,双语故事表演,双语故事表演,PM327A0027,双语绘本3B（暑）,双语故事表演L3暑假B2班,通用,10,10,1100,1100,110.0,"	0.00",L3,L3,常规体系,常规体系,双语故事表演L3暑假B2班,三年级双语故事表演暑假L3班,否,,连季续,三年级,三年级,三年级,2000.00,龙治义(383134),,暑假,暑假,正常,2026-08-18,2026-08-18,已审核,走读,常规面授,常规面授,,20,2026-02-26,每天13:50-15:40(上5休1),"有教材,开课前领取",2026-08-28,20,素养素质(智学),西子花苑旗舰店304教室,西子花苑旗舰店304教室,班级刷卡,15人,素养,西子花苑旗舰店教学区,2026-08-28,10,12,分级阅读3
"素养智学部",英语,英语,英语,YYZH5A0295,双语智慧5B（暑）,五年级英语暑假B1服务（默认B）,通用,10,10,1200,1200,120.0,"	0.00",TG,TG,常规体系,常规体系,五年级英语暑假B1服务,五年级英语A暑假智慧学习空间,否,,连季续,五年级,五年级,五年级,2000.00,赵雪莉(398742),,暑假,暑假,正常,2026-08-18,2026-08-18,已审核,"走读,在线","常规面授,在线录播",在线录播,智慧学习机,24,2026-02-27,每天13:50-15:50(上5休1）,"有教材,开课前领取",2026-08-28,18,学习机托管(智学),八一路自习室02,八一路自习室02,班级刷卡,20人,学习机托管,八一路教学区,2026-08-28,12,12,五年级英语
"素养智学部",双语故事表演,双语故事表演,双语故事表演,PM327A0007,双语绘本3B（暑）,双语故事表演L3暑假B2班,通用,10,10,1100,1100,110.0,"	0.00",L3,L3,常规体系,常规体系,双语故事表演L3暑假B2班,三年级双语故事表演暑假L3班,否,,连季续,三年级,三年级,三年级,2000.00,胡斌(706974),,暑假,暑假,正常,2026-08-18,2026-08-18,已审核,走读,常规面授,常规面授,,18,2026-02-26,每天08:30-10:20(上5休1),"有教材,开课前领取",2026-08-28,14,素养素质(智学),月亮岛307教室,月亮岛307教室,班级刷卡,15人,素养,月亮岛教学区,2026-08-28,10,12,分级阅读3
"素养智学部",双语故事表演,双语故事表演,双语故事表演,PM327A0021,双语绘本3B（暑）,双语故事表演L3暑假B2班,通用,10,10,1100,1100,110.0,"	0.00",L3,L3,常规体系,常规体系,双语故事表演L3暑假B2班,三年级双语故事表演暑假L3班,否,,连季续,三年级,三年级,三年级,2000.00,胡斌(706974),,暑假,暑假,正常,2026-08-18,2026-08-18,已审核,走读,常规面授,常规面授,,18,2026-02-26,每天13:50-15:40(上5休1),"有教材,开课前领取",2026-08-28,10,素养素质(智学),梅溪湖南209教室,梅溪湖南209教室,班级刷卡,15人,素养,梅溪湖南教学区,2026-08-28,10,12,分级阅读3
"素养智学部",双语故事表演,双语故事表演,双语故事表演,PM127A0126,双语绘本1C（暑）,双语故事表演L1暑假B2班,通用,10,10,1100,1100,110.0,"	0.00",L1,L1,常规体系,常规体系,双语故事表演L1暑假B2班,一年级双语故事表演暑假L1班,否,,连季续,一年级,一年级,一年级,2100.00,胡斌(706974),,暑假,暑假,正常,2026-08-18,2026-08-18,已审核,走读,常规面授,常规面授,,15,2026-02-26,每天16:00-17:50(上5休1),"有教材,开课前领取",2026-08-29,7,素养素质(智学),梅溪湖南209教室,梅溪湖南209教室,班级刷卡,15人,素养,梅溪湖南教学区,2026-08-28,10,12,分级阅读1
"国外考试部",全科,"阅读,写作,词汇,听力,口语,语法",,MSZ2716,雅思直通车中级课程（Pro）,雅思直通车中级课程（FY26Q2）,IELTS直通车,48,48,5760,5760,120.0,436.00,IELTS,IELTS,常规体系,常规体系,雅思直通车中级课程,雅思直通车中级课程,否,,可续,,,,19800.00,,,暑假,,正常,2026-07-23,2026-07-23,已审核,"走读,在线","常规面授,在线直播",在线直播,云教室小班（25人以下）,10,2025-12-24,"周一至周六13:30-15:30,15:40-17:40","有教材,开课前领取",2026-08-19,9,国外考试部,芙蓉广场,芙蓉广场5-10教室,班级刷卡,6人,国外考试部,芙蓉广场教学区,2026-08-19,3,4,
"国外考试部",全科,"阅读,写作,词汇,听力,口语,语法",,ZYG2713,剑桥雅思真题精讲班,剑桥雅思真题精讲班（FY25）,IELTS直通车,24,24,2880,2880,120.0,266.00,IELTS,IELTS,常规体系,常规体系,剑桥雅思真题精讲班,剑桥雅思真题精讲班,否,,可续,,,,8800.00,,,暑假,,正常,2026-07-23,2026-07-23,已审核,"走读,在线","常规面授,在线直播",在线直播,云教室小班（25人以下）,10,2026-05-03,"周一至周六08:20-10:20,10:10-12:10","有教材,开课前领取",2026-08-05,10,国外考试部,芙蓉,芙蓉广场16-C3教室,班级刷卡,6人,国外考试部,芙蓉广场教学区,2026-08-05,3,4,
"国外考试部",全科,"阅读,写作,词汇,听力,口语,语法",,ZYG2701,剑桥雅思真题精讲班,剑桥雅思真题精讲班（FY25）,IELTS直通车,24,24,2880,2880,120.0,266.00,IELTS,IELTS,常规体系,常规体系,剑桥雅思真题精讲班,剑桥雅思真题精讲班,否,,可续,,,,8800.00,,,暑假,,正常,2026-07-20,2026-07-20,已审核,"走读,在线","常规面授,在线直播",在线直播,云教室小班（25人以下）,10,2025-11-18,"周一至周六08:00-10:00,10:10-12:10
","有教材,开课前领取",2026-08-01,10,国外考试部,芙蓉广场教学区,芙蓉广场16-A7教室,班级刷卡,6人,国外考试部,芙蓉广场教学区,2026-08-01,3,4,
"国外考试部",全科,"阅读,写作,词汇,听力,口语,语法",,MSZ26106,雅思直通车中级课程（Pro）,雅思直通车中级课程（FY26Q2）,IELTS直通车,48,48,5760,5760,120.0,436.00,IELTS,IELTS,常规体系,常规体系,雅思直通车中级课程,雅思直通车中级课程,否,,可续,,,,19800.00,丁文(177293),,寒假,,正常,2026-01-17,2026-01-17,已审核,"走读,在线","常规面授,在线直播",在线直播,云教室小班（25人以下）,10,2025-11-30,春秋季每周六10:30~12:30，寒暑假集中上课,"有教材,开课前领取",2026-08-01,4,国外考试部,芙蓉,芙蓉广场16-A10教室,班级刷卡,6人,国外考试部,芙蓉广场教学区,2026-08-01,3,4,
"国外考试部",全科,"阅读,写作,词汇,听力,口语,语法",,MSC2706,雅思直通车初级课程（Pro刚需）,雅思直通车初级课程（FY26Q2）,IELTS直通车,48,48,5760,5760,120.0,454.00,IELTS,IELTS,常规体系,常规体系,雅思直通车初级课程,雅思直通车初级课程,否,,可续,,,,19800.00,薛黄理(193531),,暑假,,正常,2026-07-13,2026-07-13,已审核,"走读,在线","常规面授,在线直播",在线直播,云教室小班（25人以下）,10,2025-12-23,"周一至周六08:00-10:00,10:10-12:10","有教材,开课前领取",2026-08-10,10,国外考试部,八方24品教学区,八方VIP2教室,班级刷卡,6人,国外考试部,八方24品教学区,2026-08-10,3,4,
"国外考试部",全科,"阅读,写作,词汇,听力,口语,语法",,MSZ2714,雅思直通车中级课程（Pro）,雅思直通车中级课程（FY26Q2）,IELTS直通车,48,48,5760,5760,120.0,436.00,IELTS,IELTS,常规体系,常规体系,雅思直通车中级课程,雅思直通车中级课程,否,,可续,,,,19800.00,,,暑假,,正常,2026-07-26,2026-07-26,已审核,"走读,在线","常规面授,在线直播",在线直播,云教室小班（25人以下）,9,2025-12-24,"周日至周五13:30-15:30,15:40-17:40","有教材,开课前领取",2026-08-21,9,国外考试部,芙蓉广场教学区,芙蓉广场虚拟教室（16楼大会议室）,班级刷卡,6人,国外考试部,芙蓉广场教学区,2026-08-21,3,4,
"国外考试部",全科,"阅读,写作,词汇,听力,口语,语法",,MSZ2713,雅思直通车中级课程（Pro刚需）,雅思直通车中级课程（FY26Q2）,IELTS直通车,48,48,5760,5760,120.0,436.00,IELTS,IELTS,常规体系,常规体系,雅思直通车中级课程,雅思直通车中级课程,否,,可续,,,,19800.00,叶月(143226),,暑假,,正常,2026-07-15,2026-07-15,已审核,"走读,在线","常规面授,在线直播",在线直播,云教室小班（25人以下）,10,2025-12-24,"周日至周五08:00-10:00,10:10-12:10","有教材,开课前领取",2026-08-11,10,国外考试部,芙蓉广场教学区,芙蓉广场虚拟教室（16楼大会议室）,班级刷卡,6人,国外考试部,芙蓉广场教学区,2026-08-11,3,4,
"国外考试部",全科,"阅读,写作,词汇,听力,口语,语法",,YSY2715,雅思预备班,雅思预备班（FY26）,IELTS直通车,48,48,5760,5760,120.0,158.00,IELTS,IELTS,常规体系,常规体系,雅思预备班,雅思预备班,否,,可续,,,,15800.00,张艺馨(366788),,暑假,,正常,2026-07-13,2026-07-13,已审核,"走读,在线","常规面授,在线直播",在线直播,云教室小班（25人以下）,10,2025-12-23,"周一至周六08:00-10:00,10:10-12:10","有教材,开课前领取",2026-08-08,9,国外考试部,八方24品教学区,八方305教室,班级刷卡,6人,国外考试部,八方24品教学区,2026-08-08,3,4,
"国外考试部",全科,"阅读,写作,词汇,听力,口语,语法",,MSZ2651,雅思直通车中级课程（Pro）,雅思直通车中级课程（FY26Q2）,IELTS直通车,48,48,5760,5760,120.0,436.00,IELTS,IELTS,常规体系,常规体系,雅思直通车中级课程,雅思直通车中级课程,否,,可续,,,,19800.00,,,春季,,正常,2026-03-07,2026-03-07,已审核,"走读,在线","常规面授,在线直播",在线直播,云教室小班（25人以下）,10,2025-10-26,"每周六13:30~15:30,15:40~17:40，暑假集中上课","有教材,开课前领取",2026-08-01,10,国外考试部,芙蓉,芙蓉广场16-A10教室,班级刷卡,6人,国外考试部,芙蓉广场教学区,2026-08-03,3,4,
"国外考试部",全科,"阅读,写作,词汇,听力,口语,语法",,MSC2713,雅思直通车初级课程（Pro）,雅思直通车初级课程（FY26Q2）,IELTS直通车,48,48,5760,5760,120.0,454.00,IELTS,IELTS,常规体系,常规体系,雅思直通车初级课程,雅思直通车初级课程,否,,可续,,,,19800.00,,,暑假,,正常,2026-07-06,2026-07-06,已审核,"走读,在线","常规面授,在线直播",在线直播,云教室小班（25人以下）,10,2025-12-23,"周一至周六08:00-10:00,10:10-12:10","有教材,开课前领取",2026-08-01,10,国外考试部,芙蓉广场教学区,芙蓉广场虚拟教室（16楼大会议室）,班级刷卡,6人,国外考试部,芙蓉广场教学区,2026-08-01,3,4,
"国外考试部",全科,"阅读,写作,词汇,听力,口语,语法",,YSY2707,雅思预备班,雅思预备班（FY26）,IELTS直通车,48,48,5760,5760,120.0,158.00,IELTS,IELTS,常规体系,常规体系,雅思预备班,雅思预备班,否,,可续,,,,15800.00,,,暑假,,正常,2026-07-06,2026-07-06,已审核,"走读,在线","常规面授,在线直播",在线直播,云教室小班（25人以下）,10,2025-12-23,"周一至周六08:00-10:00,10:10-12:10","有教材,开课前领取",2026-08-01,10,国外考试部,芙蓉广场教学区,芙蓉广场虚拟教室（16楼大会议室）,班级刷卡,6人,国外考试部,芙蓉广场教学区,2026-08-01,3,4,
"国外考试部",全科,"阅读,写作,词汇,听力,口语,语法",,MSZ2711,雅思直通车中级课程（Pro）,雅思直通车中级课程（FY26Q2）,IELTS直通车,48,48,5760,5760,120.0,436.00,IELTS,IELTS,常规体系,常规体系,雅思直通车中级课程,雅思直通车中级课程,否,,可续,,,,19800.00,,,暑假,,正常,2026-07-06,2026-07-06,已审核,"走读,在线","常规面授,在线直播",在线直播,云教室小班（25人以下）,10,2025-12-24,"周一至周六08:00-10:00,10:10-12:10","有教材,开课前领取",2026-08-01,10,国外考试部,芙蓉广场教学区,芙蓉广场虚拟教室（16楼大会议室）,班级刷卡,6人,国外考试部,芙蓉广场教学区,2026-08-01,3,4,
"国外考试部",全科,"阅读,写作,词汇,听力,口语,语法",,MSC2715,雅思直通车初级课程（Pro）,雅思直通车初级课程（FY26Q2）,IELTS直通车,48,48,5760,5760,120.0,454.00,IELTS,IELTS,常规体系,常规体系,雅思直通车初级课程,雅思直通车初级课程,否,,可续,,,,19800.00,,,暑假,,正常,2026-07-06,2026-07-06,已审核,"走读,在线","常规面授,在线直播",在线直播,云教室小班（25人以下）,10,2025-12-23,"周一至周六13:30-15:30,15:40-17:40","有教材,开课前领取",2026-08-01,6,国外考试部,芙蓉广场教学区,芙蓉广场虚拟教室（16楼大会议室）,班级刷卡,6人,国外考试部,芙蓉广场教学区,2026-08-01,3,4,
"国外考试部",英语,英语,,ZPET2601,PET全程班,PET全程班（全程班上）,PET进阶班,24,24,2880,2880,120.0,120.00,PET,PET,常规体系,常规体系,PET全程班,PET全程班,否,,可续,,,,9900.00,周艳芳(124097),,暑假,,正常,2026-06-28,2026-06-28,已审核,"走读,在线","常规面授,在线直播",在线直播,云教室小班（25人以下）,10,2026-01-02,春秋季每周日16:00-18:00，寒暑假集中上课,"有教材,开课前领取",2026-08-06,10,国外考试部,芙蓉,芙蓉广场16-C4教室,班级刷卡,6人,国外考试部,芙蓉广场教学区,2026-08-06,3,4,
"国外考试部",全科,"阅读,写作,词汇,听力,口语,语法",,YSY2706,雅思预备班,雅思预备班（FY26）,IELTS直通车,48,48,5760,5760,120.0,158.00,IELTS,IELTS,常规体系,常规体系,雅思预备班,雅思预备班,否,,可续,,,,15800.00,冯佳晨(705240),,暑假,,正常,2026-07-10,2026-07-10,已审核,"走读,在线","常规面授,在线直播",在线直播,云教室小班（25人以下）,10,2025-12-23,"周一至周六13:30-15:30,15:40-17:40","有教材,开课前领取",2026-08-06,5,国外考试部,芙蓉广场教学区,芙蓉广场虚拟教室（16楼大会议室）,班级刷卡,6人,国外考试部,芙蓉广场教学区,2026-08-06,3,4,
"国外考试部",全科,"阅读,写作,词汇,听力,口语,语法",,MSC2714,雅思直通车初级课程（Pro刚需）,雅思直通车初级课程（FY26Q2）,IELTS直通车,48,48,5760,5760,120.0,454.00,IELTS,IELTS,常规体系,常规体系,雅思直通车初级课程,雅思直通车初级课程,否,,可续,,,,19800.00,侯雨杉(624320),,暑假,,正常,2026-07-13,2026-07-13,已审核,"走读,在线","常规面授,在线直播",在线直播,云教室小班（25人以下）,10,2025-12-23,"周一至周六08:00-10:00,10:10-12:10","有教材,开课前领取",2026-08-08,10,国外考试部,芙蓉广场教学区,芙蓉广场虚拟教室（16楼大会议室）,班级刷卡,6人,国外考试部,芙蓉广场教学区,2026-08-08,3,4,
"国外考试部",全科,"阅读,写作,词汇,听力,口语,语法",,YSY2710,雅思预备班,雅思预备班（FY26）,IELTS直通车,48,48,5760,5760,120.0,158.00,IELTS,IELTS,常规体系,常规体系,雅思预备班,雅思预备班,否,,可续,,,,15800.00,张艺馨(366788),,暑假,,正常,2026-07-15,2026-07-15,已审核,"走读,在线","常规面授,在线直播",在线直播,云教室小班（25人以下）,10,2025-12-23,"周一至周六13:30-15:30,15:40-17:40","有教材,开课前领取",2026-08-11,9,国外考试部,芙蓉广场教学区,芙蓉广场16-A9教室,班级刷卡,6人,国外考试部,芙蓉广场教学区,2026-08-11,3,4,
"国外考试部",全科,"阅读,写作,词汇,听力,口语,语法",,MSC2717,雅思直通车初级课程（Pro）,雅思直通车初级课程（FY26Q2）,IELTS直通车,48,48,5760,5760,120.0,454.00,IELTS,IELTS,常规体系,常规体系,雅思直通车初级课程,雅思直通车初级课程,否,,可续,,,,19800.00,,,暑假,,正常,2026-07-14,2026-07-14,已审核,"走读,在线","常规面授,在线直播",在线直播,云教室小班（25人以下）,10,2025-12-23,"周一至周六08:00-10:00,10:10-12:10","有教材,开课前领取",2026-08-10,9,国外考试部,芙蓉广场教学区,芙蓉广场虚拟教室（16楼大会议室）,班级刷卡,6人,国外考试部,芙蓉广场教学区,2026-08-10,3,4,
"国外考试部",全科,"阅读,写作,词汇,听力,口语,语法",,MSC2718,雅思直通车初级课程（Pro）,雅思直通车初级课程（FY26Q2）,IELTS直通车,48,48,5760,5760,120.0,454.00,IELTS,IELTS,常规体系,常规体系,雅思直通车初级课程,雅思直通车初级课程,否,,可续,,,,19800.00,侯雨杉(624320),,暑假,,正常,2026-07-20,2026-07-20,已审核,"走读,在线","常规面授,在线直播",在线直播,云教室小班（25人以下）,10,2025-12-23,"周一至周六08:00-10:00,10:10-12:10","有教材,开课前领取",2026-08-15,8,国外考试部,芙蓉广场教学区,芙蓉广场虚拟教室（16楼大会议室）,班级刷卡,6人,国外考试部,芙蓉广场教学区,2026-08-15,3,4,
"国外考试部",全科,"阅读,写作,词汇,听力,口语",,TZZ2702,托福直通车中级提高班（新）,托福直通车中级提高班（FY26）,TOEFL直通车,60,60,7200,7200,120.0,60.00,TOEFL,TOEFL,常规体系,常规体系,托福直通车中级提高班,托福直通车中级提高班,否,,可续,,,,23800.00,,,暑假,,正常,2026-07-06,2026-07-06,已审核,"走读,在线","常规面授,在线直播",在线直播,云教室小班（25人以下）,10,2025-12-23,"周一至周六08:00-10:00,10:10-12:10","有教材,开课前领取",2026-08-08,9,国外考试部,芙蓉广场教学区,芙蓉广场16-B10教室,班级刷卡,6人,国外考试部,芙蓉广场教学区,2026-08-08,3,4,
"国外考试部",全科,"阅读,写作,词汇,听力,口语,语法",,MSZ2712,雅思直通车中级课程（Pro）,雅思直通车中级课程（FY26Q2）,IELTS直通车,48,48,5760,5760,120.0,436.00,IELTS,IELTS,常规体系,常规体系,雅思直通车中级课程,雅思直通车中级课程,否,,可续,,,,19800.00,罗琬仪(273952),,暑假,,正常,2026-07-13,2026-07-13,已审核,"走读,在线","常规面授,在线直播",在线直播,云教室小班（25人以下）,9,2025-12-24,"周日至周五13:30-15:30,15:40-17:40","有教材,开课前领取",2026-08-10,8,国外考试部,芙蓉广场教学区,芙蓉广场虚拟教室（16楼大会议室）,班级刷卡,6人,国外考试部,芙蓉广场教学区,2026-08-10,3,4,
"国外考试部",全科,"阅读,写作,词汇,听力,口语,语法",,MSC2722,雅思直通车初级课程（Pro）,雅思直通车初级课程（FY26Q2）,IELTS直通车,48,48,5760,5760,120.0,454.00,IELTS,IELTS,常规体系,常规体系,雅思直通车初级课程,雅思直通车初级课程,否,,可续,,,,19800.00,,,暑假,,正常,2026-07-26,2026-07-26,已审核,"走读,在线","常规面授,在线直播",在线直播,云教室小班（25人以下）,10,2025-12-23,"周日至周五13:30-15:30,15:40-17:40","有教材,开课前领取",2026-08-21,9,国外考试部,芙蓉广场教学区,芙蓉广场虚拟教室（16楼大会议室）,班级刷卡,6人,国外考试部,芙蓉广场教学区,2026-08-21,3,4,
"国外考试部",全科,"阅读,写作,词汇,听力,口语,语法",,MSZ2719,雅思直通车中级课程（Pro）,雅思直通车中级课程（FY26Q2）,IELTS直通车,48,48,5760,5760,120.0,436.00,IELTS,IELTS,常规体系,常规体系,雅思直通车中级课程,雅思直通车中级课程,否,,可续,,,,19800.00,宋佳星(132281),,暑假,,正常,2026-07-23,2026-07-23,已审核,"走读,在线","常规面授,在线直播",在线直播,云教室小班（25人以下）,10,2026-04-28,周日至周五13:30-15:30，15:40-17:40,"有教材,开课前领取",2026-08-19,9,国外考试部,八方24品教学区,八方306教室,班级刷卡,6人,国外考试部,八方24品教学区,2026-08-19,3,4,
"国外考试部",全科,"阅读,写作,词汇,听力,口语,语法",,YSY2711,雅思预备班,雅思预备班（FY26）,IELTS直通车,48,48,5760,5760,120.0,158.00,IELTS,IELTS,常规体系,常规体系,雅思预备班,雅思预备班,否,,可续,,,,15800.00,,,暑假,,正常,2026-07-22,2026-07-22,已审核,"走读,在线","常规面授,在线直播",在线直播,云教室小班（25人以下）,10,2025-12-23,"周一至周六08:00-10:00,10:10-12:10","有教材,开课前领取",2026-08-18,8,国外考试部,芙蓉广场教学区,芙蓉广场虚拟教室（16楼大会议室）,班级刷卡,6人,国外考试部,芙蓉广场教学区,2026-08-18,3,4,
"国外考试部",全科,"阅读,写作,词汇,听力,口语,语法",,MSC2719,雅思直通车初级课程（Pro）,雅思直通车初级课程（FY26Q2）,IELTS直通车,48,48,5760,5760,120.0,454.00,IELTS,IELTS,常规体系,常规体系,雅思直通车初级课程,雅思直通车初级课程,否,,可续,,,,19800.00,,,暑假,,正常,2026-07-19,2026-07-19,已审核,"走读,在线","常规面授,在线直播",在线直播,云教室小班（25人以下）,10,2025-12-23,"周日至周五08:00-10:00,10:10-12:10","有教材,开课前领取",2026-08-14,9,国外考试部,芙蓉广场教学区,芙蓉广场虚拟教室（16楼大会议室）,班级刷卡,6人,国外考试部,芙蓉广场教学区,2026-08-14,3,4,
"国外考试部",全科,"阅读,写作,词汇,听力,口语,语法",,YSY2647,雅思预备班,雅思预备班（FY26）,IELTS直通车,48,48,5760,5760,120.0,158.00,IELTS,IELTS,常规体系,常规体系,雅思预备班,雅思预备班,否,,可续,,,,15800.00,贺军妮(368255),,春季,,正常,2026-04-25,2026-04-25,已审核,"走读,在线","常规面授,在线直播",在线直播,云教室小班（25人以下）,8,2025-10-28,春季每周六10:10-12:10，暑假集中上课,"有教材,开课前领取",2027-01-23,4,国外考试部,天马教学区,天马04教室,班级刷卡,6人,国外考试部,天马教学区,2026-08-26,3,4,
"国外考试部",全科,"阅读,写作,词汇,听力,口语,语法",,MSC2720,雅思直通车初级课程（Pro刚需）,雅思直通车初级课程（FY26Q2）,IELTS直通车,48,48,5760,5760,120.0,454.00,IELTS,IELTS,常规体系,常规体系,雅思直通车初级课程,雅思直通车初级课程,否,,可续,,,,19800.00,谢洋子(611956),,暑假,,正常,2026-07-20,2026-07-20,已审核,"走读,在线","常规面授,在线直播",在线直播,云教室小班（25人以下）,10,2025-12-23,"周日至周五13:30-15:30,15:40-17:40","有教材,开课前领取",2026-08-16,10,国外考试部,芙蓉广场教学区,芙蓉广场虚拟教室（16楼大会议室）,班级刷卡,6人,国外考试部,芙蓉广场教学区,2026-08-16,3,4,
"国外考试部",全科,"阅读,写作,词汇,听力,口语,语法",,MSZZ2701,雅思直通车中级课程（组班）,雅思直通车中级课程（组班）,IELTS进阶班,20,20,2400,2400,120.0,"	0.00",IELTS,IELTS,常规体系,常规体系,雅思直通车中级课程,雅思直通车中级课程,否,,可续,,,,8250.00,彭璐璐(200780),,暑假,,正常,2026-07-17,2026-07-17,已审核,"走读,在线","常规面授,在线直播",在线直播,云教室小班（25人以下）,7,2026-07-04,详见课表,无教材,2026-08-09,7,国外考试部,芙蓉,芙蓉广场5-15教室,班级刷卡,6人,国外考试部,芙蓉广场教学区,2026-08-09,3,4,
"国外考试部",全科,"阅读,写作,词汇,听力,口语",,TZZ2703,托福直通车中级提高班（新）,托福直通车中级提高班（FY26）,TOEFL直通车,60,60,7200,7200,120.0,60.00,TOEFL,TOEFL,常规体系,常规体系,托福直通车中级提高班,托福直通车中级提高班,否,,可续,,,,23800.00,,,暑假,,正常,2026-07-22,2026-07-22,已审核,"走读,在线","常规面授,在线直播",在线直播,云教室小班（25人以下）,10,2025-12-23,"周日至周五08:00-10:00,10:10-12:10","有教材,开课前领取",2026-08-25,8,国外考试部,芙蓉广场教学区,芙蓉广场16-C6教室,班级刷卡,6人,国外考试部,芙蓉广场教学区,2026-08-25,3,4,
"国外考试部",全科,"阅读,写作,词汇,听力,口语,语法",,MSC2709,雅思直通车初级课程（Pro）,雅思直通车初级课程（FY26Q2）,IELTS直通车,48,48,5760,5760,120.0,454.00,IELTS,IELTS,常规体系,常规体系,雅思直通车初级课程,雅思直通车初级课程,否,,可续,,,,19800.00,于项昱(658572),,暑假,,正常,2026-07-14,2026-07-14,已审核,"走读,在线","常规面授,在线直播",在线直播,云教室小班（25人以下）,9,2025-12-23,"周一至周六08:00-10:00,10:10-12:10","有教材,开课前领取",2026-08-10,8,国外考试部,天马教学区,天马虚拟教室3（407教室）,班级刷卡,6人,国外考试部,天马教学区,2026-08-10,3,4,
"国外考试部",全科,"阅读,写作,词汇,听力,口语,语法",,MSC2707,雅思直通车初级课程（Pro）,雅思直通车初级课程（FY26Q2）,IELTS直通车,48,48,5760,5760,120.0,454.00,IELTS,IELTS,常规体系,常规体系,雅思直通车初级课程,雅思直通车初级课程,否,,可续,,,,19800.00,唐婧(394671),,暑假,,正常,2026-07-23,2026-07-23,已审核,"走读,在线","常规面授,在线直播",在线直播,云教室小班（25人以下）,10,2025-12-23,"周一至周六08:00-10:00,10:10-12:10","有教材,开课前领取",2026-08-19,10,国外考试部,八方24品教学区,八方304教室,班级刷卡,6人,国外考试部,八方24品教学区,2026-08-19,3,4,
"国外考试部",全科,"阅读,写作,词汇,听力,口语,语法",,MSC2721,雅思直通车初级课程（Pro）,雅思直通车初级课程（FY26Q2）,IELTS直通车,48,48,5760,5760,120.0,454.00,IELTS,IELTS,常规体系,常规体系,雅思直通车初级课程,雅思直通车初级课程,否,,可续,,,,19800.00,,,暑假,,正常,2026-07-23,2026-07-23,已审核,"走读,在线","常规面授,在线直播",在线直播,云教室小班（25人以下）,10,2025-12-23,"周一至周六13:30-15:30,15:40-17:40","有教材,开课前领取",2026-08-19,9,国外考试部,芙蓉广场教学区,芙蓉广场虚拟教室（16楼大会议室）,班级刷卡,6人,国外考试部,芙蓉广场教学区,2026-08-19,3,4,
"国外考试部",全科,"阅读,写作,词汇,听力,口语,语法",,YSY2708,雅思预备班（刚需）,雅思预备班（FY26）,IELTS直通车,48,48,5760,5760,120.0,158.00,IELTS,IELTS,常规体系,常规体系,雅思预备班,雅思预备班,否,,可续,,,,15800.00,叶子妍(636013),,暑假,,正常,2026-07-12,2026-07-12,已审核,"走读,在线","常规面授,在线直播",在线直播,云教室小班（25人以下）,10,2025-12-23,"周日至周五08:00-10:00,10:10-12:10","有教材,开课前领取",2026-08-07,9,国外考试部,芙蓉广场教学区,芙蓉广场虚拟教室（16楼大会议室）,班级刷卡,6人,国外考试部,芙蓉广场教学区,2026-08-07,3,4,
"国外考试部",全科,"阅读,写作,词汇,听力,口语,语法",,YSY2713,雅思预备班,雅思预备班（FY26）,IELTS直通车,48,48,5760,5760,120.0,158.00,IELTS,IELTS,常规体系,常规体系,雅思预备班,雅思预备班,否,,可续,,,,15800.00,,,暑假,,正常,2026-07-29,2026-07-29,已审核,"走读,在线","常规面授,在线直播",在线直播,云教室小班（25人以下）,10,2025-12-23,"周日至周五13:30-15:30,15:40-17:40","有教材,开课前领取",2026-08-25,10,国外考试部,芙蓉广场教学区,芙蓉广场虚拟教室（16楼大会议室）,班级刷卡,6人,国外考试部,芙蓉广场教学区,2026-08-25,3,4,
"国外考试部",全科,"阅读,写作,词汇,听力,口语,语法",,MSC2716,雅思直通车初级课程（Pro）,雅思直通车初级课程（FY26Q2）,IELTS直通车,48,48,5760,5760,120.0,454.00,IELTS,IELTS,常规体系,常规体系,雅思直通车初级课程,雅思直通车初级课程,否,,可续,,,,19800.00,周天泰(687288),,暑假,,正常,2026-07-13,2026-07-13,已审核,"走读,在线","常规面授,在线直播",在线直播,云教室小班（25人以下）,10,2025-12-23,"周一至周六13:30-15:30,15:40-17:40","有教材,开课前领取",2026-08-10,9,国外考试部,芙蓉广场教学区,芙蓉广场虚拟教室（16楼大会议室）,班级刷卡,6人,国外考试部,芙蓉广场教学区,2026-08-12,3,4,
"国外考试部",全科,"阅读,写作,词汇,听力,口语,语法",,MSZ2709,雅思直通车中级课程（Pro）,雅思直通车中级课程（FY26Q2）,IELTS直通车,48,48,5760,5760,120.0,436.00,IELTS,IELTS,常规体系,常规体系,雅思直通车中级课程,雅思直通车中级课程,否,,可续,,,,19800.00,罗琬仪(273952),,暑假,,正常,2026-07-20,2026-07-20,已审核,"走读,在线","常规面授,在线直播",在线直播,云教室小班（25人以下）,8,2025-12-24,"周一至周六08:00-10:00,10:10-12:10","有教材,开课前领取",2029-07-06,4,国外考试部,芙蓉广场教学区,芙蓉广场虚拟教室（16楼大会议室）,班级刷卡,6人,国外考试部,芙蓉广场教学区,2026-08-21,3,4,
"国外考试部",全科,"阅读,写作,词汇,听力,口语,语法",,YSY2709,雅思预备班,雅思预备班（FY26）,IELTS直通车,48,48,5760,5760,120.0,158.00,IELTS,IELTS,常规体系,常规体系,雅思预备班,雅思预备班,否,,可续,,,,15800.00,李惠阳(092261),,暑假,,正常,2026-07-17,2026-07-17,已审核,"走读,在线","常规面授,在线直播",在线直播,云教室小班（25人以下）,10,2025-12-23,"周一至周六08:00-10:00,10:10-12:10","有教材,开课前领取",2026-08-14,6,国外考试部,芙蓉广场教学区,芙蓉广场5-10教室,班级刷卡,6人,国外考试部,芙蓉广场教学区,2026-08-13,3,4,
"国外考试部",全科,"阅读,写作,词汇,听力,口语,语法",,MSZ26102,雅思直通车中级课程（Plus）,雅思直通车中级课程（FY26）,IELTS直通车,64,64,7680,7680,120.0,436.00,IELTS,IELTS,常规体系,常规体系,雅思直通车中级课程,雅思直通车中级课程,否,,可续,,,,23800.00,张婵(200785),,春季,,正常,2026-03-15,2026-03-15,已审核,"走读,在线","常规面授,在线直播",在线直播,云教室小班（25人以下）,9,2025-10-30,"每周日13:30~15:30,15:40~17:40，暑假集中上课","有教材,开课前领取",2026-08-01,9,国外考试部,天马教学区,天马V234教室,班级刷卡,6人,国外考试部,天马教学区,2026-08-01,3,4,
"国外考试部",全科,"阅读,写作,词汇,听力,口语,语法",,MSC2701,雅思直通车初级课程（Plus）,雅思直通车初级课程（FY26）,IELTS直通车,64,64,7680,7680,120.0,454.00,IELTS,IELTS,常规体系,常规体系,雅思直通车初级课程,雅思直通车初级课程,否,,可续,,,,23800.00,,,暑假,,正常,2026-07-06,2026-07-06,已审核,"走读,在线","常规面授,在线直播",在线直播,云教室小班（25人以下）,10,2025-12-23,"周一至周六08:00-10:00,10:10-12:10","有教材,开课前领取",2026-08-11,10,国外考试部,天马教学区,天马虚拟教室3（407教室）,班级刷卡,6人,国外考试部,天马教学区,2026-08-11,3,4,
"国外考试部",全科,"阅读,写作,词汇,听力,口语,语法",,YLTH2711,IELTS7.0分班（高三菁英班）,IELTS7.0分班（高三菁英班）,IELTS进阶班,32,32,3840,3840,120.0,"	0.00",IELTS,IELTS,常规体系,常规体系,IELTS7.0分班,IELTS7.0分班,否,,可续,,,,7800.00,张瑾芳(309823),,暑假,,正常,2026-07-27,2026-07-27,已审核,"走读,在线","常规面授,在线直播",在线直播,云教室小班（25人以下）,15,2025-12-23,"每天13:30-15:30,15:40-17:40",无教材,2026-08-11,14,国外考试部,芙蓉广场教学区,芙蓉广场虚拟教室（16楼大会议室）,班级刷卡,12人,国外考试部,芙蓉广场教学区,2026-08-11,6,8,
"国外考试部",全科,"阅读,写作,词汇,听力,口语,语法",,YLTH2710,IELTS7.0分班（高三菁英班）,IELTS7.0分班（高三菁英班）,IELTS进阶班,32,32,3840,3840,120.0,"	0.00",IELTS,IELTS,常规体系,常规体系,IELTS7.0分班,IELTS7.0分班,否,,可续,,,,7800.00,李灵熙(450503),,暑假,,正常,2026-07-23,2026-07-23,已审核,"走读,在线","常规面授,在线直播",在线直播,云教室小班（25人以下）,15,2025-12-23,"每天08:00-10:00,10:10-12:10",无教材,2026-08-07,15,国外考试部,芙蓉广场教学区,芙蓉广场虚拟教室（16楼大会议室）,班级刷卡,12人,国外考试部,芙蓉广场教学区,2026-08-07,6,8,
"国外考试部",全科,"阅读,写作,词汇,听力,口语,语法",,MSZ2707,雅思直通车中级课程（Plus）,雅思直通车中级课程（FY26）,IELTS直通车,64,64,7680,7680,120.0,436.00,IELTS,IELTS,常规体系,常规体系,雅思直通车中级课程,雅思直通车中级课程,否,,可续,,,,23800.00,,,暑假,,正常,2026-07-06,2026-07-06,已审核,"走读,在线","常规面授,在线直播",在线直播,云教室小班（25人以下）,10,2025-12-24,"周日至周五08:00-10:00,10:10-12:10","有教材,开课前领取",2026-08-11,10,国外考试部,芙蓉广场教学区,芙蓉广场虚拟教室（16楼大会议室）,班级刷卡,6人,国外考试部,芙蓉广场教学区,2026-08-11,3,4,
"国外考试部",全科,"阅读,写作,词汇,听力,口语,语法",,MSC2727,雅思直通车初级课程（Plus）,雅思直通车初级课程（FY26）,IELTS直通车,64,64,7680,7680,120.0,454.00,IELTS,IELTS,常规体系,常规体系,雅思直通车初级课程,雅思直通车初级课程,否,,可续,,,,23800.00,刘若凡(661222),,暑假,,正常,2026-06-29,2026-06-29,已审核,"走读,在线","常规面授,在线直播",在线直播,云教室小班（25人以下）,10,2026-04-24,"每周一至周五上午8:00-10:00,10:10-12:10","有教材,开课前领取",2026-08-11,8,国外考试部,芙蓉广场教学区,芙蓉广场16-A3教室,班级刷卡,6人,国外考试部,芙蓉广场教学区,2026-08-11,3,4,
"国外考试部",全科,"阅读,写作,词汇,听力,口语,语法",,MSC2703,雅思直通车初级课程（Plus）,雅思直通车初级课程（FY26）,IELTS直通车,64,64,7680,7680,120.0,454.00,IELTS,IELTS,常规体系,常规体系,雅思直通车初级课程,雅思直通车初级课程,否,,可续,,,,23800.00,罗婷(132283),,暑假,,正常,2026-07-30,2026-07-30,已审核,"走读,在线","常规面授,在线直播",在线直播,云教室小班（25人以下）,10,2025-12-23,"周一至周六13:30-15:30,15:40-17:40（后一周每天6小时）","有教材,开课前领取",2026-08-29,10,国外考试部,天马教学区,天马V213教室,班级刷卡,6人,国外考试部,天马教学区,2026-08-29,3,4,
"国外考试部",全科,"阅读,写作,词汇,听力,口语,语法",,MSZ2703,雅思直通车中级课程（Plus）,雅思直通车中级课程（FY26）,IELTS直通车,64,64,7680,7680,120.0,436.00,IELTS,IELTS,常规体系,常规体系,雅思直通车中级课程,雅思直通车中级课程,否,,可续,,,,23800.00,范润娇(088464),,暑假,,正常,2026-07-20,2026-07-20,已审核,"走读,在线","常规面授,在线直播",在线直播,云教室小班（25人以下）,8,2025-12-24,"周一至周六08:00-10:00,10:10-12:10（后一周每天6小时）","有教材,开课前领取",2026-08-21,7,国外考试部,芙蓉广场教学区,芙蓉广场16-C8教室,班级刷卡,6人,国外考试部,芙蓉广场教学区,2026-08-21,3,4,
"国外考试部",全科,"阅读,写作,词汇,听力,口语,语法",,MSC2728,雅思直通车初级课程（Plus）,雅思直通车初级课程（FY26）,IELTS直通车,64,64,7680,7680,120.0,454.00,IELTS,IELTS,常规体系,常规体系,雅思直通车初级课程,雅思直通车初级课程,否,,可续,,,,23800.00,,,暑假,,正常,2026-07-13,2026-07-13,已审核,"走读,在线","常规面授,在线直播",在线直播,云教室小班（25人以下）,10,2026-04-24,"每周一至周六13:30-15:30,15:40-17:40","有教材,开课前领取",2026-08-18,9,国外考试部,天马教学区,天马V214教室,班级刷卡,6人,国外考试部,天马教学区,2026-08-18,3,4,
"国外考试部",全科,"阅读,写作,词汇,听力,口语,语法",,MSZ2704,雅思直通车中级课程（Plus）,雅思直通车中级课程（FY26）,IELTS直通车,64,64,7680,7680,120.0,436.00,IELTS,IELTS,常规体系,常规体系,雅思直通车中级课程,雅思直通车中级课程,否,,可续,,,,23800.00,李欣悦(443162),,暑假,,正常,2026-07-20,2026-07-20,已审核,"走读,在线","常规面授,在线直播",在线直播,云教室小班（25人以下）,10,2025-12-24,"周一至周六13:30-15:30,15:40-17:40（周四10:10-12:10上课）","有教材,开课前领取",2026-08-27,7,国外考试部,天马教学区,天马虚拟教室3（407教室）,班级刷卡,6人,国外考试部,天马教学区,2026-08-27,3,4,
"国外考试部",全科,"阅读,写作,词汇,听力,口语,语法",,MSZ2721,雅思直通车中级课程（Plus）,雅思直通车中级课程（FY26）,IELTS直通车,64,64,7680,7680,120.0,436.00,IELTS,IELTS,常规体系,常规体系,雅思直通车中级课程,雅思直通车中级课程,否,,可续,,,,23800.00,李黎(091275),,暑假,,正常,2026-07-13,2026-07-13,已审核,"走读,在线","常规面授,在线直播",在线直播,云教室小班（25人以下）,10,2026-04-28,"周一至周六下午13:30-15:30,15:40-17:40（7.18不上课）","有教材,开课前领取",2026-08-19,10,国外考试部,天马教学区,天马V231教室,班级刷卡,6人,国外考试部,天马教学区,2026-08-19,3,4,
"国外考试部",全科,"阅读,写作,词汇,听力,口语,语法",,MSC2704,雅思直通车初级课程（Plus）,雅思直通车初级课程（FY26）,IELTS直通车,64,64,7680,7680,120.0,454.00,IELTS,IELTS,常规体系,常规体系,雅思直通车初级课程,雅思直通车初级课程,否,,可续,,,,23800.00,,,暑假,,正常,2026-07-13,2026-07-13,已审核,"走读,在线","常规面授,在线直播",在线直播,云教室小班（25人以下）,10,2025-12-23,"周一至周六08:00-10:00,10:10-12:10","有教材,开课前领取",2026-08-18,5,国外考试部,芙蓉广场教学区,芙蓉广场虚拟教室（16楼大会议室）,班级刷卡,6人,国外考试部,芙蓉广场教学区,2026-08-18,3,4,
"国外考试部",全科,"阅读,写作,词汇,听力,口语",,TZZ2701,托福直通车中级提高班（新）,托福直通车中级提高班（FY26）,TOEFL直通车,60,60,7200,7200,120.0,60.00,TOEFL,TOEFL,常规体系,常规体系,托福直通车中级提高班,托福直通车中级提高班,否,,可续,,,,23800.00,王佐君(165081),,暑假,,正常,2026-07-13,2026-07-13,已审核,"走读,在线","常规面授,在线直播",在线直播,云教室小班（25人以下）,9,2025-12-23,"周一至周六13:30-15:30,15:40-17:40
","有教材,开课前领取",2026-08-15,6,国外考试部,天马教学区,天马V210教室,班级刷卡,6人,国外考试部,天马教学区,2026-08-15,3,4,
"国外考试部",全科,"阅读,写作,词汇,听力,口语,语法",,MSC2705,雅思直通车初级课程（Plus）,雅思直通车初级课程（FY26）,IELTS直通车,64,64,7680,7680,120.0,454.00,IELTS,IELTS,常规体系,常规体系,雅思直通车初级课程,雅思直通车初级课程,否,,可续,,,,23800.00,叶月(143226),,暑假,,正常,2026-07-27,2026-07-27,已审核,"走读,在线","常规面授,在线直播",在线直播,云教室小班（25人以下）,10,2025-12-23,"周一至周六13:30-15:30,15:40-17:40","有教材,开课前领取",2026-08-29,10,国外考试部,芙蓉广场教学区,芙蓉广场16-B11教室,班级刷卡,6人,国外考试部,芙蓉广场教学区,2026-08-29,3,4,
"国外考试部",全科,"阅读,写作,词汇,听力,口语,语法",,YSY2717,雅思预备班,雅思预备班（FY26）,IELTS直通车,48,48,5760,5760,120.0,158.00,IELTS,IELTS,常规体系,常规体系,雅思预备班,雅思预备班,否,,可续,,,,15800.00,成浩(073750),,暑假,,正常,2026-08-02,2026-08-02,已审核,"走读,在线","常规面授,在线直播",在线直播,云教室小班（25人以下）,9,2026-04-29,"周日至周五上午8:00-10:00,10:10-12:10","有教材,开课前领取",2026-08-28,8,国外考试部,芙蓉,芙蓉广场5-05教室,班级刷卡,6人,国外考试部,芙蓉广场教学区,2026-08-28,3,4,
"素养智学部",博文妙笔,博文妙笔,博文妙笔,BW627A0048,博文口才 6（暑）,博文妙笔L6暑假B1班,通用,10,10,1100,1100,110.0,"	0.00",L6,L6,常规体系,常规体系,博文妙笔L6暑假B1班,六年级博文妙笔暑假L6班,否,,连季续,六年级(小学),六年级,六年级,2000.00,欧阳巧(294529),,暑假,暑假,正常,2026-08-18,2026-08-18,已审核,走读,常规面授,常规面授,,17,2026-02-26,每天13:50-15:40(上5休1),"有教材,开课前领取",2026-08-28,7,素养素质(智学),雨花家园207教室,雨花家园207教室,班级刷卡,15人,素养,雨花家园教学区,2026-08-28,10,12,语商表达6
"素养智学部",英语,英语,英语,YYZH6A0688,双语智慧6A（暑）,六年级英语暑假A2服务（默认A）,通用,10,10,1200,1200,120.0,"	0.00",TG,TG,常规体系,常规体系,六年级英语暑假A2服务,六年级英语A暑假智慧学习空间,否,,连季续,六年级(小学),六年级,六年级,2000.00,邓谢莹(438832),,暑假,暑假,正常,2026-08-18,2026-08-18,已审核,"走读,在线","常规面授,在线录播",在线录播,智慧学习机,24,2026-02-27,每天16:00-18:00(上5休1）,"有教材,开课前领取",2026-08-28,18,学习机托管(智学),梅溪湖南自习室5,梅溪湖南自习室5,班级刷卡,20人,学习机托管,梅溪湖南教学区,2026-08-28,12,12,六年级英语
"高中班级部",英语,英语,英语,GKA546,高考英语暑假精进班,十二年级英语暑假A2班（面授）,通用,14,14,1680,1680,120.0,"	0.00",A2,A2,A体系,A体系,十二年级英语暑假A2班,高考英语暑假精进班,否,,连季续,高考,十二年级,高考,2800.00,杨令(381520),,暑假,暑假,正常,2026-07-21,2026-07-21,已审核,走读,常规面授,常规面授,,54,2025-12-15,10:20-12:20,"有教材,开课前领取",2026-08-04,53,高中部,雨花家园507教室,雨花家园507教室,班级刷卡,25人,本地班课,雨花家园教学区,2026-08-04,10,15,高考英语
"素养智学部",英语,英语,英语,YYZH3A0353,双语智慧3A（暑）,三年级英语暑假A1服务（默认A）,通用,10,10,1200,1200,120.0,"	0.00",TG,TG,常规体系,常规体系,三年级英语暑假A1服务,三年级英语A暑假智慧学习空间,否,,连季续,三年级,三年级,三年级,2000.00,杨成慧(551243),,暑假,暑假,正常,2026-08-18,2026-08-18,已审核,"走读,在线","常规面授,在线录播",在线录播,智慧学习机,20,2026-02-27,每天10:40-12:40(上5休1）,"有教材,开课前领取",2026-08-28,20,学习机托管(智学),月亮岛307教室,月亮岛307教室,班级刷卡,20人,学习机托管,月亮岛教学区,2026-08-28,12,12,三年级英语
"素养智学部",双语故事表演,双语故事表演,双语故事表演,PM227A0031,双语绘本2C（暑）,双语故事表演L2暑假B2班,通用,10,10,1100,1100,110.0,"	0.00",L2,L2,常规体系,常规体系,双语故事表演L2暑假B2班,二年级双语故事表演暑假L2班,否,,连季续,二年级,二年级,二年级,2100.00,聂鑫鑫(513757),,暑假,暑假,正常,2026-08-18,2026-08-18,已审核,走读,常规面授,常规面授,,17,2026-02-26,每天10:40-12:30(上5休1),"有教材,开课前领取",2026-08-28,16,素养素质(智学),东塘208教室,东塘208教室,班级刷卡,15人,素养,东塘教学区,2026-08-28,10,12,分级阅读2
"智慧学习部",英语,英语,英语,YYZH8A27032,YY暑假智慧学习空间8C,学习机托管八年级英语暑假B2服务（C+）,通用,10,10,1200,1200,120.0,"	0.00",B2,B2,B体系,B体系,学习机托管八年级英语暑假B2服务,YY暑假智慧学习空间8C,否,,连季续,初二,八年级,八年级,2400.00,袁怡敏(441051),,暑假,暑假,正常,2026-08-12,2026-08-12,已审核,"走读,在线","常规面授,在线录播",在线录播,智慧学习机,20,2026-03-24,每天13:50-15:50(上五休一）,"有教材,开课前领取",2026-08-22,14,学习机托管(智慧),井湾子06自习室,井湾子06自习室,班级刷卡,20人,学习机托管,井湾子智慧空间,2026-08-22,8,12,初二英语
"智慧学习部",英语,英语,英语,YYZH8A27011,YY暑假智慧学习空间8A,学习机托管八年级英语暑假A2服务,通用,10,10,1200,1200,120.0,"	0.00",A2,A2,A体系,A体系,学习机托管八年级英语暑假A2服务,YY暑假智慧学习空间8A,否,,连季续,初二,八年级,八年级,2000.00,杨圆圆(612613),,暑假,暑假,正常,2026-08-12,2026-08-12,已审核,"走读,在线","常规面授,在线录播",在线录播,智慧学习机,20,2026-03-24,每天08:30-10:30(上五休一）,"有教材,开课前领取",2026-08-22,15,学习机托管(智慧),当代滨江201自习室,当代滨江201自习室,班级刷卡,20人,学习机托管,当代滨江智慧空间,2026-08-22,8,12,初二英语
"智慧学习部",英语,英语,英语,YYZH8A27068,YY暑假智慧学习空间8B,学习机托管八年级英语暑假B1服务,通用,10,10,1200,1200,120.0,"	0.00",B1,B1,B体系,B体系,学习机托管八年级英语暑假B1服务,YY暑假智慧学习空间8B,否,,连季续,初二,八年级,八年级,2000.00,张丹(164519),,暑假,暑假,正常,2026-08-12,2026-08-12,已审核,"走读,在线","常规面授,在线录播",在线录播,智慧学习机,20,2026-03-24,每天10:40-12:40(上五休一）,"有教材,开课前领取",2026-08-22,16,学习机托管(智慧),洋湖新城309自习室,洋湖新城309自习室,班级刷卡,20人,学习机托管,洋湖新城智慧空间,2026-08-22,8,12,初二英语
"智慧学习部",物理,物理,物理,WLZH9A27012,WL暑假智慧学习空间9C,学习机托管九年级物理暑假B2服务（C+）,通用,10,10,1200,1200,120.0,"	0.00",B2,B2,B体系,B体系,学习机托管九年级物理暑假B2服务,WL暑假智慧学习空间9S+,否,,连季续,中考,九年级,九年级,2000.00,袁思静(387247),,暑假,暑假,正常,2026-08-12,2026-08-12,已审核,"走读,在线","常规面授,在线录播",在线录播,智慧学习机,20,2026-03-24,每天18:30-20:30(上五休一）,"有教材,开课前领取",2026-08-22,6,学习机托管(智慧),美林银谷403自习室,美林银谷403自习室,班级刷卡,20人,学习机托管,美林银谷智慧空间,2026-08-22,8,12,中考物理
"智慧学习部",英语,英语,英语,YYZH8A27072,YY暑假智慧学习空间8C,学习机托管八年级英语暑假B2服务（C+）,通用,10,10,1200,1200,120.0,"	0.00",B2,B2,B体系,B体系,学习机托管八年级英语暑假B2服务,YY暑假智慧学习空间8C,否,,连季续,初二,八年级,八年级,2400.00,董美伶(651839),,暑假,暑假,正常,2026-08-12,2026-08-12,已审核,"走读,在线","常规面授,在线录播",在线录播,智慧学习机,20,2026-03-24,每天08:30-10:30(上五休一）,"有教材,开课前领取",2026-08-22,17,学习机托管(智慧),雨花家园408自习室,雨花家园408自习室,班级刷卡,20人,学习机托管,雨花家园智慧空间,2026-08-22,8,12,初二英语
"智慧学习部",英语,英语,英语,YYZH8A27055,YY暑假智慧学习空间8A,学习机托管八年级英语暑假A2服务,通用,10,10,1200,1200,120.0,"	0.00",A2,A2,A体系,A体系,学习机托管八年级英语暑假A2服务,YY暑假智慧学习空间8A,否,,连季续,初二,八年级,八年级,2000.00,陈晓玉(441042),,暑假,暑假,正常,2026-08-12,2026-08-12,已审核,"走读,在线","常规面授,在线录播",在线录播,智慧学习机,20,2026-03-24,每天08:30-10:30(上五休一）,"有教材,开课前领取",2026-08-22,17,学习机托管(智慧),晚报大厦205教室,晚报大厦205教室,班级刷卡,20人,学习机托管,晚报大厦教学区,2026-08-22,8,12,初二英语
"智慧学习部",英语,英语,英语,YYZH8A27048,YY暑假智慧学习空间8C,学习机托管八年级英语暑假B2服务（C+）,通用,10,10,1200,1200,120.0,"	0.00",B2,B2,B体系,B体系,学习机托管八年级英语暑假B2服务,YY暑假智慧学习空间8C,否,,连季续,初二,八年级,八年级,2400.00,王翔(097481),,暑假,暑假,正常,2026-08-12,2026-08-12,已审核,"走读,在线","常规面授,在线录播",在线录播,智慧学习机,20,2026-03-24,每天16:00-18:00(上五休一）,"有教材,开课前领取",2026-08-22,18,学习机托管(智慧),梅溪湖旗舰店203教室,梅溪湖旗舰店203教室,班级刷卡,20人,学习机托管,梅溪湖旗舰店教学区,2026-08-22,8,12,初二英语
"智慧学习部",英语,英语,英语,YYZH8A27069,YY暑假智慧学习空间8B,学习机托管八年级英语暑假B1服务,通用,10,10,1200,1200,120.0,"	0.00",B1,B1,B体系,B体系,学习机托管八年级英语暑假B1服务,YY暑假智慧学习空间8B,否,,连季续,初二,八年级,八年级,2000.00,刘丽君(612602),,暑假,暑假,正常,2026-08-12,2026-08-12,已审核,"走读,在线","常规面授,在线录播",在线录播,智慧学习机,20,2026-03-24,每天13:50-15:50(上五休一）,"有教材,开课前领取",2026-08-22,11,学习机托管(智慧),洋湖新城306自习室,洋湖新城306自习室,班级刷卡,20人,学习机托管,洋湖新城智慧空间,2026-08-22,8,12,初二英语
"智慧学习部",英语,英语,英语,YYZH8A27016,YY暑假智慧学习空间8C,学习机托管八年级英语暑假B2服务（C+）,通用,10,10,1200,1200,120.0,"	0.00",B2,B2,B体系,B体系,学习机托管八年级英语暑假B2服务,YY暑假智慧学习空间8C,否,,连季续,初二,八年级,八年级,2400.00,刘叶丛(037939),,暑假,暑假,正常,2026-08-12,2026-08-12,已审核,"走读,在线","常规面授,在线录播",在线录播,智慧学习机,20,2026-03-24,每天10:40-12:40(上五休一）,"有教材,开课前领取",2026-08-22,7,学习机托管(智慧),当代滨江206自习室,当代滨江206自习室,班级刷卡,20人,学习机托管,当代滨江智慧空间,2026-08-22,8,12,初二英语
"智慧学习部",英语,英语,英语,YYZH9A27042,YY暑假智慧学习空间9B,学习机托管九年级英语暑假B1服务,通用,10,10,1200,1200,120.0,"	0.00",B1,B1,B体系,B体系,学习机托管九年级英语暑假B1服务,YY暑假智慧学习空间9B,否,,连季续,中考,九年级,九年级,2000.00,董美伶(651839),,暑假,暑假,正常,2026-08-12,2026-08-12,已审核,"走读,在线","常规面授,在线录播",在线录播,智慧学习机,20,2026-03-24,每天10:40-12:40(上五休一）,"有教材,开课前领取",2026-08-22,10,学习机托管(智慧),雨花家园408自习室,雨花家园408自习室,班级刷卡,20人,学习机托管,雨花家园智慧空间,2026-08-22,8,12,中考英语
"智慧学习部",英语,英语,英语,YYZH8A27067,YY暑假智慧学习空间8A,学习机托管八年级英语暑假A2服务,通用,10,10,1200,1200,120.0,"	0.00",A2,A2,A体系,A体系,学习机托管八年级英语暑假A2服务,YY暑假智慧学习空间8A,否,,连季续,初二,八年级,八年级,2000.00,刘丽君(612602),,暑假,暑假,正常,2026-08-12,2026-08-12,已审核,"走读,在线","常规面授,在线录播",在线录播,智慧学习机,20,2026-03-24,每天08:30-10:30(上五休一）,"有教材,开课前领取",2026-08-22,20,学习机托管(智慧),洋湖新城306自习室,洋湖新城306自习室,班级刷卡,20人,学习机托管,洋湖新城智慧空间,2026-08-22,8,12,初二英语
"智慧学习部",英语,英语,英语,YYZH8A27056,YY暑假智慧学习空间8C,学习机托管八年级英语暑假B2服务（C+）,通用,10,10,1200,1200,120.0,"	0.00",B2,B2,B体系,B体系,学习机托管八年级英语暑假B2服务,YY暑假智慧学习空间8C,否,,连季续,初二,八年级,八年级,2400.00,张译丹(411183),,暑假,暑假,正常,2026-08-12,2026-08-12,已审核,"走读,在线","常规面授,在线录播",在线录播,智慧学习机,20,2026-03-24,每天16:00-18:00(上五休一）,"有教材,开课前领取",2026-08-22,12,学习机托管(智慧),晚报大厦204教室,晚报大厦204教室,班级刷卡,20人,学习机托管,晚报大厦教学区,2026-08-22,8,12,初二英语
"智慧学习部",英语,英语,英语,YYZH8A27047,YY暑假智慧学习空间8C,学习机托管八年级英语暑假B2服务（C+）,通用,10,10,1200,1200,120.0,"	0.00",B2,B2,B体系,B体系,学习机托管八年级英语暑假B2服务,YY暑假智慧学习空间8C,否,,连季续,初二,八年级,八年级,2400.00,王翔(097481),,暑假,暑假,正常,2026-08-12,2026-08-12,已审核,"走读,在线","常规面授,在线录播",在线录播,智慧学习机,20,2026-03-24,每天13:50-15:50(上五休一）,"有教材,开课前领取",2026-08-22,7,学习机托管(智慧),梅溪湖旗舰店203教室,梅溪湖旗舰店203教室,班级刷卡,20人,学习机托管,梅溪湖旗舰店教学区,2026-08-22,8,12,初二英语
"智慧学习部",英语,英语,英语,YYZH8A27052,YY暑假智慧学习空间8A,学习机托管八年级英语暑假A2服务,通用,10,10,1200,1200,120.0,"	0.00",A2,A2,A体系,A体系,学习机托管八年级英语暑假A2服务,YY暑假智慧学习空间8A,否,,连季续,初二,八年级,八年级,2000.00,吴雨翾(434114),,暑假,暑假,正常,2026-08-12,2026-08-12,已审核,"走读,在线","常规面授,在线录播",在线录播,智慧学习机,20,2026-03-24,每天10:40-12:40(上五休一）,"有教材,开课前领取",2026-08-22,14,学习机托管(智慧),美林银谷401自习室,美林银谷401自习室,班级刷卡,20人,学习机托管,美林银谷智慧空间,2026-08-22,8,12,初二英语
"智慧学习部",英语,英语,英语,YYZH8A27046,YY暑假智慧学习空间8A,学习机托管八年级英语暑假A2服务,通用,10,10,1200,1200,120.0,"	0.00",A2,A2,A体系,A体系,学习机托管八年级英语暑假A2服务,YY暑假智慧学习空间8A,否,,连季续,初二,八年级,八年级,2000.00,刘茂林(416614),,暑假,暑假,正常,2026-08-12,2026-08-12,已审核,"走读,在线","常规面授,在线录播",在线录播,智慧学习机,20,2026-03-24,每天13:50-15:50(上五休一）,"有教材,开课前领取",2026-08-22,21,学习机托管(智慧),梅溪湖旗舰店206教室,梅溪湖旗舰店206教室,班级刷卡,20人,学习机托管,梅溪湖旗舰店教学区,2026-08-22,8,12,初二英语
"智慧学习部",英语,英语,英语,YYZH8A27045,YY暑假智慧学习空间8B,学习机托管八年级英语暑假B1服务,通用,10,10,1200,1200,120.0,"	0.00",B1,B1,B体系,B体系,学习机托管八年级英语暑假B1服务,YY暑假智慧学习空间8B,否,,连季续,初二,八年级,八年级,2000.00,张浩(411180),,暑假,暑假,正常,2026-08-12,2026-08-12,已审核,"走读,在线","常规面授,在线录播",在线录播,智慧学习机,20,2026-03-24,每天10:40-12:40(上五休一）,"有教材,开课前领取",2026-08-22,12,学习机托管(智慧),梅溪湖旗舰店204教室,梅溪湖旗舰店204教室,班级刷卡,20人,学习机托管,梅溪湖旗舰店教学区,2026-08-22,8,12,初二英语
"智慧学习部",英语,英语,英语,YYZH8A27077,YY暑假智慧学习空间8A,学习机托管八年级英语暑假A2服务,通用,10,10,1200,1200,120.0,"	0.00",A2,A2,A体系,A体系,学习机托管八年级英语暑假A2服务,YY暑假智慧学习空间8A,否,,连季续,初二,八年级,八年级,2000.00,周锦(441032),,暑假,暑假,正常,2026-08-12,2026-08-12,已审核,"走读,在线","常规面授,在线录播",在线录播,智慧学习机,20,2026-03-24,每天13:50-15:50(上五休一）,"有教材,开课前领取",2026-08-22,20,学习机托管(智慧),雨花家园405自习室,雨花家园405自习室,班级刷卡,20人,学习机托管,雨花家园智慧空间,2026-08-22,8,12,初二英语
"智慧学习部",英语,英语,英语,YYZH8A27075,YY暑假智慧学习空间8B,学习机托管八年级英语暑假B1服务,通用,10,10,1200,1200,120.0,"	0.00",B1,B1,B体系,B体系,学习机托管八年级英语暑假B1服务,YY暑假智慧学习空间8B,否,,连季续,初二,八年级,八年级,2000.00,覃美林(442716),,暑假,暑假,正常,2026-08-12,2026-08-12,已审核,"走读,在线","常规面授,在线录播",在线录播,智慧学习机,20,2026-03-24,每天10:40-12:40(上五休一）,"有教材,开课前领取",2026-08-22,11,学习机托管(智慧),雨花家园403自习室,雨花家园403自习室,班级刷卡,20人,学习机托管,雨花家园智慧空间,2026-08-22,8,12,初二英语
"智慧学习部",英语,英语,英语,YYZH8A27074,YY暑假智慧学习空间8B,学习机托管八年级英语暑假B1服务,通用,10,10,1200,1200,120.0,"	0.00",B1,B1,B体系,B体系,学习机托管八年级英语暑假B1服务,YY暑假智慧学习空间8B,否,,连季续,初二,八年级,八年级,2000.00,覃美林(442716),,暑假,暑假,正常,2026-08-12,2026-08-12,已审核,"走读,在线","常规面授,在线录播",在线录播,智慧学习机,20,2026-03-24,每天08:30-10:30(上五休一）,"有教材,开课前领取",2026-08-22,13,学习机托管(智慧),雨花家园403自习室,雨花家园403自习室,班级刷卡,20人,学习机托管,雨花家园智慧空间,2026-08-22,8,12,初二英语
"智慧学习部",英语,英语,英语,YYZH9A27048,YY暑假智慧学习空间9A,学习机托管九年级英语暑假A2服务,通用,10,10,1200,1200,120.0,"	0.00",A2,A2,A体系,A体系,学习机托管九年级英语暑假A2服务,YY暑假智慧学习空间9A,否,,连季续,中考,九年级,九年级,2000.00,韩若萱(612599),,暑假,暑假,正常,2026-08-12,2026-08-12,已审核,"走读,在线","常规面授,在线录播",在线录播,智慧学习机,20,2026-03-24,每天16:00-18:00(上五休一）,"有教材,开课前领取",2026-08-22,19,学习机托管(智慧),中信04自习室,中信04自习室,班级刷卡,20人,学习机托管,中信教学区,2026-08-22,8,12,中考英语
"智慧学习部",英语,英语,英语,YYZH9A27044,YY暑假智慧学习空间9A,学习机托管九年级英语暑假A2服务,通用,10,10,1200,1200,120.0,"	0.00",A2,A2,A体系,A体系,学习机托管九年级英语暑假A2服务,YY暑假智慧学习空间9A,否,,连季续,中考,九年级,九年级,2000.00,周锦(441032),,暑假,暑假,正常,2026-08-12,2026-08-12,已审核,"走读,在线","常规面授,在线录播",在线录播,智慧学习机,20,2026-03-24,每天08:30-10:30(上五休一）,"有教材,开课前领取",2026-08-22,19,学习机托管(智慧),雨花家园405自习室,雨花家园405自习室,班级刷卡,20人,学习机托管,雨花家园智慧空间,2026-08-22,8,12,中考英语
"智慧学习部",英语,英语,英语,YYZH9A27027,YY暑假智慧学习空间9B,学习机托管九年级英语暑假B1服务,通用,10,10,1200,1200,120.0,"	0.00",B1,B1,B体系,B体系,学习机托管九年级英语暑假B1服务,YY暑假智慧学习空间9B,否,,连季续,中考,九年级,九年级,2000.00,吴雨翾(434114),,暑假,暑假,正常,2026-08-12,2026-08-12,已审核,"走读,在线","常规面授,在线录播",在线录播,智慧学习机,20,2026-03-24,每天08:30-10:30(上五休一）,"有教材,开课前领取",2026-08-22,16,学习机托管(智慧),美林银谷401自习室,美林银谷401自习室,班级刷卡,20人,学习机托管,美林银谷智慧空间,2026-08-22,8,12,中考英语
"智慧学习部",英语,英语,英语,YYZH9A27026,YY暑假智慧学习空间9A,学习机托管九年级英语暑假A2服务,通用,10,10,1200,1200,120.0,"	0.00",A2,A2,A体系,A体系,学习机托管九年级英语暑假A2服务,YY暑假智慧学习空间9A,否,,连季续,中考,九年级,九年级,2000.00,吴雨翾(434114),,暑假,暑假,正常,2026-08-12,2026-08-12,已审核,"走读,在线","常规面授,在线录播",在线录播,智慧学习机,20,2026-03-24,每天13:50-15:50(上五休一）,"有教材,开课前领取",2026-08-22,14,学习机托管(智慧),美林银谷401自习室,美林银谷401自习室,班级刷卡,20人,学习机托管,美林银谷智慧空间,2026-08-22,8,12,中考英语
"智慧学习部",数学,数学,数学,OSXZH9A27024,SX暑假智慧学习小组9B,学习机线上九年级数学暑假B1服务,通用,10,10,1200,1200,120.0,"	0.00",B1,B1,B体系,B体系,学习机线上九年级数学暑假B1服务,SX暑假智慧学习小组9B,否,,连季续,中考,九年级,九年级,1650.00,朱海文(255788),,暑假,暑假,正常,2026-08-12,2026-08-12,已审核,在线,在线录播,在线录播,智慧学习机,20,2026-03-24,每天13:50-15:50(上五休一）,"有教材,快递配送",2026-08-22,22,学习机线上(智慧),长沙线上课,初中网络虚拟教室2,班级刷卡,24人,学习机线上,网络教学区,2026-08-22,3,3,中考数学
"智慧学习部",英语,英语,英语,YYZH8A27034,YY暑假智慧学习空间8B,学习机托管八年级英语暑假B1服务,通用,10,10,1200,1200,120.0,"	0.00",B1,B1,B体系,B体系,学习机托管八年级英语暑假B1服务,YY暑假智慧学习空间8B,否,,连季续,初二,八年级,八年级,2000.00,袁怡敏(441051),,暑假,暑假,正常,2026-08-12,2026-08-12,已审核,"走读,在线","常规面授,在线录播",在线录播,智慧学习机,20,2026-03-24,每天10:40-12:40(上五休一）,"有教材,开课前领取",2026-08-22,13,学习机托管(智慧),井湾子06自习室,井湾子06自习室,班级刷卡,20人,学习机托管,井湾子智慧空间,2026-08-22,8,12,初二英语
"智慧学习部",英语,英语,英语,YYZH8A27020,YY暑假智慧学习空间8B,学习机托管八年级英语暑假B1服务,通用,10,10,1200,1200,120.0,"	0.00",B1,B1,B体系,B体系,学习机托管八年级英语暑假B1服务,YY暑假智慧学习空间8B,否,,连季续,初二,八年级,八年级,2000.00,刘佳怡(457085),,暑假,暑假,正常,2026-08-12,2026-08-12,已审核,"走读,在线","常规面授,在线录播",在线录播,智慧学习机,20,2026-03-24,每天08:30-10:30(上五休一）,"有教材,开课前领取",2026-08-22,19,学习机托管(智慧),东塘04自习室,东塘04自习室,班级刷卡,20人,学习机托管,东塘智慧空间,2026-08-22,8,12,初二英语
"智慧学习部",英语,英语,英语,YYZH8A27018,YY暑假智慧学习空间8A,学习机托管八年级英语暑假A2服务,通用,10,10,1200,1200,120.0,"	0.00",A2,A2,A体系,A体系,学习机托管八年级英语暑假A2服务,YY暑假智慧学习空间8A,否,,连季续,初二,八年级,八年级,2000.00,刘佳怡(457085),,暑假,暑假,正常,2026-08-12,2026-08-12,已审核,"走读,在线","常规面授,在线录播",在线录播,智慧学习机,20,2026-03-24,每天10:40-12:40(上五休一）,"有教材,开课前领取",2026-08-22,18,学习机托管(智慧),东塘04自习室,东塘04自习室,班级刷卡,20人,学习机托管,东塘智慧空间,2026-08-22,8,12,初二英语
"智慧学习部",英语,英语,英语,YYZH8A27014,YY暑假智慧学习空间8B,学习机托管八年级英语暑假B1服务,通用,10,10,1200,1200,120.0,"	0.00",B1,B1,B体系,B体系,学习机托管八年级英语暑假B1服务,YY暑假智慧学习空间8B,否,,连季续,初二,八年级,八年级,2000.00,杨圆圆(612613),,暑假,暑假,正常,2026-08-12,2026-08-12,已审核,"走读,在线","常规面授,在线录播",在线录播,智慧学习机,20,2026-03-24,每天16:00-18:00(上五休一）,"有教材,开课前领取",2026-08-22,9,学习机托管(智慧),当代滨江201自习室,当代滨江201自习室,班级刷卡,20人,学习机托管,当代滨江智慧空间,2026-08-22,8,12,初二英语
"智慧学习部",英语,英语,英语,YYZH8A27013,YY暑假智慧学习空间8A,学习机托管八年级英语暑假A2服务,通用,10,10,1200,1200,120.0,"	0.00",A2,A2,A体系,A体系,学习机托管八年级英语暑假A2服务,YY暑假智慧学习空间8A,否,,连季续,初二,八年级,八年级,2000.00,杨圆圆(612613),,暑假,暑假,正常,2026-08-12,2026-08-12,已审核,"走读,在线","常规面授,在线录播",在线录播,智慧学习机,20,2026-03-24,每天13:50-15:50(上五休一）,"有教材,开课前领取",2026-08-22,10,学习机托管(智慧),当代滨江201自习室,当代滨江201自习室,班级刷卡,20人,学习机托管,当代滨江智慧空间,2026-08-22,8,12,初二英语
"智慧学习部",英语,英语,英语,YYZH8A27006,YY暑假智慧学习空间8B,学习机托管八年级英语暑假B1服务,通用,10,10,1200,1200,120.0,"	0.00",B1,B1,B体系,B体系,学习机托管八年级英语暑假B1服务,YY暑假智慧学习空间8B,否,,连季续,初二,八年级,八年级,2000.00,周凯文(248308),,暑假,暑假,正常,2026-08-12,2026-08-12,已审核,"走读,在线","常规面授,在线录播",在线录播,智慧学习机,20,2026-03-24,每天13:50-15:50(上五休一）,"有教材,开课前领取",2026-08-22,23,学习机托管(智慧),大润发309教室,大润发309教室,班级刷卡,20人,学习机托管,大润发教学区,2026-08-22,8,12,初二英语
"智慧学习部",英语,英语,英语,YYZH8A27001,YY暑假智慧学习空间8A,学习机托管八年级英语暑假A2服务,通用,10,10,1200,1200,120.0,"	0.00",A2,A2,A体系,A体系,学习机托管八年级英语暑假A2服务,YY暑假智慧学习空间8A,否,,连季续,初二,八年级,八年级,2000.00,肖泽楠(441058),,暑假,暑假,正常,2026-08-12,2026-08-12,已审核,"走读,在线","常规面授,在线录播",在线录播,智慧学习机,20,2026-03-24,每天13:50-15:50(上五休一）,"有教材,开课前领取",2026-08-22,15,学习机托管(智慧),大润发306教室,大润发306教室,班级刷卡,20人,学习机托管,大润发教学区,2026-08-22,8,12,初二英语
"智慧学习部",英语,英语,英语,YYZH9A27003,YY暑假智慧学习空间9B,学习机托管九年级英语暑假B1服务,通用,10,10,1200,1200,120.0,"	0.00",B1,B1,B体系,B体系,学习机托管九年级英语暑假B1服务,YY暑假智慧学习空间9B,否,,连季续,中考,九年级,九年级,2000.00,肖泽楠(441058),,暑假,暑假,正常,2026-08-12,2026-08-12,已审核,"走读,在线","常规面授,在线录播",在线录播,智慧学习机,20,2026-03-24,每天10:40-12:40(上五休一）,"有教材,开课前领取",2026-08-22,15,学习机托管(智慧),大润发306教室,大润发306教室,班级刷卡,20人,学习机托管,大润发教学区,2026-08-22,8,12,中考英语
"智慧学习部",数学,数学,数学,SXZH7A27097,SX暑假智慧学习空间7A,学习机托管七年级数学暑假A2服务,通用,12,12,1440,1440,120.0,"	0.00",A2,A2,A体系,A体系,学习机托管七年级数学暑假A2服务,SX暑假智慧学习空间7A,否,,连季续,初一,七年级,七年级,2400.00,彭博(703454),,暑假,暑假,正常,2026-08-12,2026-08-12,已审核,"走读,在线","常规面授,在线录播",在线录播,智慧学习机,20,2026-06-23,每天13:50-15:50,"有教材,开课前领取",2026-08-23,16,学习机托管(智慧),月亮岛自习室6,月亮岛自习室6,班级刷卡,20人,学习机托管,月亮岛教学区,2026-08-23,8,12,初一数学
"智慧学习部",物理,物理,物理,WLZH8A27094,WL暑假智慧学习空间8A,学习机托管八年级物理暑假A2服务,通用,10,10,1200,1200,120.0,"	0.00",A2,A2,A体系,A体系,学习机托管八年级物理暑假A2服务,WL暑假智慧学习空间8A,否,,连季续,初二,八年级,八年级,2000.00,姜昊天(686732),,暑假,暑假,正常,2026-08-12,2026-08-12,已审核,"走读,在线","常规面授,在线录播",在线录播,智慧学习机,20,2026-04-21,每天10:40-12:40(上五休一）,"有教材,开课前领取",2026-08-22,13,学习机托管(智慧),月亮岛自习室4,月亮岛自习室4,班级刷卡,20人,学习机托管,月亮岛教学区,2026-08-22,8,12,初二物理
"智慧学习部",物理,物理,物理,OWLZH8A27095,WL暑假智慧学习小组8A,学习机线上八年级物理暑假A2服务,通用,10,10,1200,1200,120.0,"	0.00",A2,A2,A体系,A体系,学习机线上八年级物理暑假A2服务,WL暑假智慧学习小组8A,否,,连季续,初二,八年级,初二,1650.00,王世雪(350289),,暑假,暑假,正常,2026-08-12,2026-08-12,已审核,在线,在线录播,在线录播,智慧学习机,20,2026-04-09,每天16:00-18:00（上五休一）,"有教材,快递配送",2026-08-22,18,学习机线上(智慧),长沙线上课,初中网络虚拟教室2,班级刷卡,24人,学习机线上,网络教学区,2026-08-22,3,3,初二物理
"智慧学习部",数学,数学,数学,SXZH8A27066,SX暑假智慧学习空间8B,学习机托管八年级数学暑假B1服务,通用,10,10,1200,1200,120.0,"	0.00",B1,B1,B体系,B体系,学习机托管八年级数学暑假B1服务,SX暑假智慧学习空间8B,否,,连季续,初二,八年级,八年级,2000.00,李治慧(612629),,暑假,暑假,正常,2026-08-12,2026-08-12,已审核,"走读,在线","常规面授,在线录播",在线录播,智慧学习机,20,2026-03-24,每天16:00-18:00(上五休一）,"有教材,开课前领取",2026-08-22,8,学习机托管(智慧),晚报大厦205教室,晚报大厦205教室,班级刷卡,20人,学习机托管,晚报大厦教学区,2026-08-22,8,12,初二数学
"智慧学习部",数学,数学,数学,SXZH8A27062,SX暑假智慧学习空间8B,学习机托管八年级数学暑假B1服务,通用,10,10,1200,1200,120.0,"	0.00",B1,B1,B体系,B体系,学习机托管八年级数学暑假B1服务,SX暑假智慧学习空间8B,否,,连季续,初二,八年级,八年级,2000.00,李璐骏(431369),,暑假,暑假,正常,2026-08-12,2026-08-12,已审核,"走读,在线","常规面授,在线录播",在线录播,智慧学习机,20,2026-03-24,每天13:50-15:50(上五休一）,"有教材,开课前领取",2026-08-22,18,学习机托管(智慧),美林银谷406自习室,美林银谷406自习室,班级刷卡,20人,学习机托管,美林银谷智慧空间,2026-08-22,8,12,初二数学
"智慧学习部",数学,数学,数学,SXZH8A27035,SX暑假智慧学习空间8A,学习机托管八年级数学暑假A2服务,通用,10,10,1200,1200,120.0,"	0.00",A2,A2,A体系,A体系,学习机托管八年级数学暑假A2服务,SX暑假智慧学习空间8A,否,,连季续,初二,八年级,八年级,2000.00,王哲禹(201112),,暑假,暑假,正常,2026-08-12,2026-08-12,已审核,"走读,在线","常规面授,在线录播",在线录播,智慧学习机,20,2026-03-24,每天10:40-12:40(上五休一）,"有教材,开课前领取",2026-08-22,24,学习机托管(智慧),大润发302教室,大润发302教室,班级刷卡,20人,学习机托管,大润发教学区,2026-08-22,8,12,初二数学
"智慧学习部",数学,数学,数学,SXZH9A27002,SX暑假智慧学习空间9A,学习机托管九年级数学暑假A2服务,通用,10,10,1200,1200,120.0,"	0.00",A2,A2,A体系,A体系,学习机托管九年级数学暑假A2服务,SX暑假智慧学习空间9A,否,,连季续,中考,九年级,九年级,2000.00,肖绚(408382),,暑假,暑假,正常,2026-08-12,2026-08-12,已审核,"走读,在线","常规面授,在线录播",在线录播,智慧学习机,20,2026-03-24,每天13:50-15:50(上五休一）,"有教材,开课前领取",2026-08-22,18,学习机托管(智慧),大润发302教室,大润发302教室,班级刷卡,20人,学习机托管,大润发教学区,2026-08-22,8,12,中考数学
"智慧学习部",数学,数学,数学,OSXZH8A27067,SX暑假智慧学习小组8B,学习机线上八年级数学暑假B1服务,通用,10,10,1200,1200,120.0,"	0.00",B1,B1,B体系,B体系,学习机线上八年级数学暑假B1服务,SX暑假智慧学习小组8B,否,,连季续,初二,八年级,八年级,1650.00,唐倩倩(352031),,暑假,暑假,正常,2026-08-12,2026-08-12,已审核,在线,在线录播,在线录播,智慧学习机,20,2026-03-24,每天13:50-15:50(上五休一）,"有教材,快递配送",2026-08-22,17,学习机线上(智慧),长沙线上课,初中网络虚拟教室2,班级刷卡,24人,学习机线上,网络教学区,2026-08-22,3,3,初二数学
"智慧学习部",数学,数学,数学,SXZH9A27030,SX暑假智慧学习空间9A,学习机托管九年级数学暑假A2服务,通用,10,10,1200,1200,120.0,"	0.00",A2,A2,A体系,A体系,学习机托管九年级数学暑假A2服务,SX暑假智慧学习空间9A,否,,连季续,中考,九年级,九年级,2000.00,肖璇(384358),,暑假,暑假,正常,2026-08-12,2026-08-12,已审核,"走读,在线","常规面授,在线录播",在线录播,智慧学习机,20,2026-03-24,每天13:50-15:50(上五休一）,"有教材,开课前领取",2026-08-22,19,学习机托管(智慧),雨花家园407自习室,雨花家园407自习室,班级刷卡,20人,学习机托管,雨花家园智慧空间,2026-08-22,8,12,中考数学
"智慧学习部",物理,物理,物理,WLZH8A27037,WL暑假智慧学习空间8A,学习机托管八年级物理暑假A2服务,通用,10,10,1200,1200,120.0,"	0.00",A2,A2,A体系,A体系,学习机托管八年级物理暑假A2服务,WL暑假智慧学习空间8A,否,,连季续,初二,八年级,八年级,2000.00,邓威(438862),,暑假,暑假,正常,2026-08-12,2026-08-12,已审核,"走读,在线","常规面授,在线录播",在线录播,智慧学习机,20,2026-03-24,每天16:00-18:00(上五休一）,"有教材,开课前领取",2026-08-22,17,学习机托管(智慧),中信05自习室,中信05自习室,班级刷卡,20人,学习机托管,中信教学区,2026-08-22,8,12,初二物理
"智慧学习部",物理,物理,物理,WLZH8A27022,WL暑假智慧学习空间8A,学习机托管八年级物理暑假A2服务,通用,10,10,1200,1200,120.0,"	0.00",A2,A2,A体系,A体系,学习机托管八年级物理暑假A2服务,WL暑假智慧学习空间8A,否,,连季续,初二,八年级,八年级,2000.00,刘凤宁(612614),,暑假,暑假,正常,2026-08-12,2026-08-12,已审核,"走读,在线","常规面授,在线录播",在线录播,智慧学习机,20,2026-03-24,每天10:40-12:40(上五休一),"有教材,开课前领取",2026-08-22,13,学习机托管(智慧),当代滨江202自习室,当代滨江202自习室,班级刷卡,20人,学习机托管,当代滨江智慧空间,2026-08-22,8,12,初二物理
"智慧学习部",语文,语文,语文,YWZH9A27015,YW暑假智慧学习空间9A,学习机托管九年级语文暑假A2服务,通用,10,10,1200,1200,120.0,"	0.00",A2,A2,A体系,A体系,学习机托管九年级语文暑假A2服务,YW暑假智慧学习空间9A,否,,连季续,中考,九年级,九年级,2000.00,郑雅雯(354670),,暑假,暑假,正常,2026-08-12,2026-08-12,已审核,"走读,在线","常规面授,在线录播",在线录播,智慧学习机,20,2026-03-24,每天10:40-12:40(上五休一）,"有教材,开课前领取",2026-08-22,11,学习机托管(智慧),雨花家园409自习室,雨花家园409自习室,班级刷卡,20人,学习机托管,雨花家园智慧空间,2026-08-22,8,12,中考语文
"智慧学习部",数学,数学,数学,SXZH8A27077,SX暑假智慧学习空间8A,学习机托管八年级数学暑假A2服务,通用,10,10,1200,1200,120.0,"	0.00",A2,A2,A体系,A体系,学习机托管八年级数学暑假A2服务,SX暑假智慧学习空间8A,否,,连季续,初二,八年级,八年级,2000.00,肖璇(384358),,暑假,暑假,正常,2026-08-12,2026-08-12,已审核,"走读,在线","常规面授,在线录播",在线录播,智慧学习机,20,2026-03-24,每天10:40-12:40(上五休一）,"有教材,开课前领取",2026-08-22,20,学习机托管(智慧),雨花家园407自习室,雨花家园407自习室,班级刷卡,20人,学习机托管,雨花家园智慧空间,2026-08-22,8,12,初二数学
"智慧学习部",语文,语文,语文,YWZH8A27020,YW暑假智慧学习空间8A,学习机托管八年级语文暑假A2服务,通用,10,10,1200,1200,120.0,"	0.00",A2,A2,A体系,A体系,学习机托管八年级语文暑假A2服务,YW暑假智慧学习空间8A,否,,连季续,初二,八年级,八年级,2000.00,何敏(386010),,暑假,暑假,正常,2026-08-12,2026-08-12,已审核,"走读,在线","常规面授,在线录播",在线录播,智慧学习机,20,2026-03-24,每天16:00-18:00(上五休一）,"有教材,开课前领取",2026-08-22,18,学习机托管(智慧),美林银谷404自习室,美林银谷404自习室,班级刷卡,20人,学习机托管,美林银谷智慧空间,2026-08-22,8,12,初二语文
"智慧学习部",语文,语文,语文,YWZH8A27019,YW暑假智慧学习空间8A,学习机托管八年级语文暑假A2服务,通用,10,10,1200,1200,120.0,"	0.00",A2,A2,A体系,A体系,学习机托管八年级语文暑假A2服务,YW暑假智慧学习空间8A,否,,连季续,初二,八年级,八年级,2000.00,陈锴丰(612610),,暑假,暑假,正常,2026-08-12,2026-08-12,已审核,"走读,在线","常规面授,在线录播",在线录播,智慧学习机,20,2026-03-24,每天10:40-12:40(上五休一）,"有教材,开课前领取",2026-08-22,9,学习机托管(智慧),梅溪湖旗舰店208教室,梅溪湖旗舰店208教室,班级刷卡,20人,学习机托管,梅溪湖旗舰店教学区,2026-08-22,8,12,初二语文
"智慧学习部",语文,语文,语文,YWZH9A27004,YW暑假智慧学习空间9A,学习机托管九年级语文暑假A2服务,通用,10,10,1200,1200,120.0,"	0.00",A2,A2,A体系,A体系,学习机托管九年级语文暑假A2服务,YW暑假智慧学习空间9A,否,,连季续,中考,九年级,九年级,2000.00,李天亮(345590),,暑假,暑假,正常,2026-08-12,2026-08-12,已审核,"走读,在线","常规面授,在线录播",在线录播,智慧学习机,20,2026-03-24,每天10:40-12:40(上五休一）,"有教材,开课前领取",2026-08-22,18,学习机托管(智慧),东塘05自习室,东塘05自习室,班级刷卡,20人,学习机托管,东塘智慧空间,2026-08-22,8,12,中考语文
"智慧学习部",数学,数学,数学,SXZH8A27041,SX暑假智慧学习空间8A,学习机托管八年级数学暑假A2服务,通用,10,10,1200,1200,120.0,"	0.00",A2,A2,A体系,A体系,学习机托管八年级数学暑假A2服务,SX暑假智慧学习空间8A,否,,连季续,初二,八年级,八年级,2000.00,欧阳静仪(612625),,暑假,暑假,正常,2026-08-12,2026-08-12,已审核,"走读,在线","常规面授,在线录播",在线录播,智慧学习机,20,2026-03-24,每天13:50-15:50(上五休一）,"有教材,开课前领取",2026-08-22,12,学习机托管(智慧),当代滨江203自习室,当代滨江203自习室,班级刷卡,20人,学习机托管,当代滨江智慧空间,2026-08-22,8,12,初二数学
"智慧学习部",物理,物理,物理,WLZH9A27011,WL暑假智慧学习空间9A,学习机托管九年级物理暑假A2服务,通用,10,10,1200,1200,120.0,"	0.00",A2,A2,A体系,A体系,学习机托管九年级物理暑假A2服务,WL暑假智慧学习空间9A,否,,连季续,中考,九年级,九年级,2000.00,李勇(612624),,暑假,暑假,正常,2026-08-12,2026-08-12,已审核,"走读,在线","常规面授,在线录播",在线录播,智慧学习机,20,2026-03-24,每天13:50-15:50(上五休一）,"有教材,开课前领取",2026-08-22,22,学习机托管(智慧),美林银谷403自习室,美林银谷403自习室,班级刷卡,20人,学习机托管,美林银谷智慧空间,2026-08-22,8,12,中考物理
"智慧学习部",语文,语文,语文,YWZH9A27010,YW暑假智慧学习空间9A,学习机托管九年级语文暑假A2服务,通用,10,10,1200,1200,120.0,"	0.00",A2,A2,A体系,A体系,学习机托管九年级语文暑假A2服务,YW暑假智慧学习空间9A,否,,连季续,中考,九年级,九年级,2000.00,何敏(386010),,暑假,暑假,正常,2026-08-12,2026-08-12,已审核,"走读,在线","常规面授,在线录播",在线录播,智慧学习机,20,2026-03-24,每天10:40-12:40(上五休一）,"有教材,开课前领取",2026-08-22,18,学习机托管(智慧),美林银谷404自习室,美林银谷404自习室,班级刷卡,20人,学习机托管,美林银谷智慧空间,2026-08-22,8,12,中考语文
"智慧学习部",语文,语文,语文,YWZH9A27009,YW暑假智慧学习空间9A,学习机托管九年级语文暑假A2服务,通用,10,10,1200,1200,120.0,"	0.00",A2,A2,A体系,A体系,学习机托管九年级语文暑假A2服务,YW暑假智慧学习空间9A,否,,连季续,中考,九年级,九年级,2000.00,何敏(386010),,暑假,暑假,正常,2026-08-12,2026-08-12,已审核,"走读,在线","常规面授,在线录播",在线录播,智慧学习机,20,2026-03-24,每天13:50-15:50(上五休一）,"有教材,开课前领取",2026-08-22,14,学习机托管(智慧),美林银谷404自习室,美林银谷404自习室,班级刷卡,20人,学习机托管,美林银谷智慧空间,2026-08-22,8,12,中考语文
"智慧学习部",物理,物理,物理,WLZH8A27096,WL暑假智慧学习空间8A,学习机托管八年级物理暑假A2服务,通用,10,10,1200,1200,120.0,"	0.00",A2,A2,A体系,A体系,学习机托管八年级物理暑假A2服务,WL暑假智慧学习空间8A,否,,连季续,初二,八年级,八年级,2000.00,李永康(703459),,暑假,暑假,正常,2026-08-12,2026-08-12,已审核,"走读,在线","常规面授,在线录播",在线录播,智慧学习机,20,2026-05-14,每天13:50-15:50(上五休一）,"有教材,开课前领取",2026-08-22,14,学习机托管(智慧),星沙筑梦自习室8,星沙筑梦自习室8,班级刷卡,20人,学习机托管,星沙筑梦教学区,2026-08-22,8,12,初二物理
"智慧学习部",物理,物理,物理,WLZH8A27020,WL暑假智慧学习空间8A,学习机托管八年级物理暑假A2服务,通用,10,10,1200,1200,120.0,"	0.00",A2,A2,A体系,A体系,学习机托管八年级物理暑假A2服务,WL暑假智慧学习空间8A,否,,连季续,初二,八年级,八年级,2000.00,李勇(612624),,暑假,暑假,正常,2026-08-12,2026-08-12,已审核,"走读,在线","常规面授,在线录播",在线录播,智慧学习机,20,2026-03-24,每天10:40-12:40(上五休一),"有教材,开课前领取",2026-08-22,17,学习机托管(智慧),美林银谷403自习室,美林银谷403自习室,班级刷卡,20人,学习机托管,美林银谷智慧空间,2026-08-22,8,12,初二物理
"智慧学习部",物理,物理,物理,WLZH8A27081,WL暑假智慧学习空间8A,学习机托管八年级物理暑假A2服务,通用,10,10,1200,1200,120.0,"	0.00",A2,A2,A体系,A体系,学习机托管八年级物理暑假A2服务,WL暑假智慧学习空间8A,否,,连季续,初二,八年级,八年级,2000.00,姜昊天(686732),,暑假,暑假,正常,2026-08-12,2026-08-12,已审核,"走读,在线","常规面授,在线录播",在线录播,智慧学习机,20,2026-03-25,每天16:00-18:00(上五休一）,"有教材,开课前领取",2026-08-22,15,学习机托管(智慧),浏城桥515教室（新）,浏城桥515教室（新）,班级刷卡,20人,学习机托管,浏城桥教学区,2026-08-22,8,12,初二物理
"智慧学习部",数学,数学,数学,SXZH8A27058,SX暑假智慧学习空间8B,学习机托管八年级数学暑假B1服务,通用,10,10,1200,1200,120.0,"	0.00",B1,B1,B体系,B体系,学习机托管八年级数学暑假B1服务,SX暑假智慧学习空间8B,否,,连季续,初二,八年级,八年级,2000.00,莫富虹(441056),,暑假,暑假,正常,2026-08-12,2026-08-12,已审核,"走读,在线","常规面授,在线录播",在线录播,智慧学习机,20,2026-03-24,每天08:30-10:30(上五休一）,"有教材,开课前领取",2026-08-22,17,学习机托管(智慧),梅溪湖旗舰店202教室,梅溪湖旗舰店202教室,班级刷卡,20人,学习机托管,梅溪湖旗舰店教学区,2026-08-22,8,12,初二数学
"智慧学习部",数学,数学,数学,SXZH8A27053,SX暑假智慧学习空间8A,学习机托管八年级数学暑假A2服务,通用,10,10,1200,1200,120.0,"	0.00",A2,A2,A体系,A体系,学习机托管八年级数学暑假A2服务,SX暑假智慧学习空间8A,否,,连季续,初二,八年级,八年级,2000.00,陈姿如(448822),,暑假,暑假,正常,2026-08-12,2026-08-12,已审核,"走读,在线","常规面授,在线录播",在线录播,智慧学习机,20,2026-03-24,每天13:50-15:50(上五休一）,"有教材,开课前领取",2026-08-22,14,学习机托管(智慧),井湾子07自习室,井湾子07自习室,班级刷卡,20人,学习机托管,井湾子智慧空间,2026-08-22,8,12,初二数学
"智慧学习部",物理,物理,物理,WLZH8A27035,WL暑假智慧学习空间8A,学习机托管八年级物理暑假A2服务,通用,10,10,1200,1200,120.0,"	0.00",A2,A2,A体系,A体系,学习机托管八年级物理暑假A2服务,WL暑假智慧学习空间8A,否,,连季续,初二,八年级,八年级,2000.00,邓威(438862),,暑假,暑假,正常,2026-08-12,2026-08-12,已审核,"走读,在线","常规面授,在线录播",在线录播,智慧学习机,20,2026-03-24,每天08:30-10:30(上五休一）,"有教材,开课前领取",2026-08-22,14,学习机托管(智慧),井湾子09自习室,井湾子09自习室,班级刷卡,20人,学习机托管,井湾子智慧空间,2026-08-22,8,12,初二物理
"智慧学习部",数学,数学,数学,SXZH8A27072,SX暑假智慧学习空间8B,学习机托管八年级数学暑假B1服务,通用,10,10,1200,1200,120.0,"	0.00",B1,B1,B体系,B体系,学习机托管八年级数学暑假B1服务,SX暑假智慧学习空间8B,否,,连季续,初二,八年级,八年级,2000.00,刘航基(409435),,暑假,暑假,正常,2026-08-12,2026-08-12,已审核,"走读,在线","常规面授,在线录播",在线录播,智慧学习机,20,2026-03-24,每天16:00-18:00(上五休一）,"有教材,开课前领取",2026-08-22,19,学习机托管(智慧),星沙筑梦自习室9,星沙筑梦自习室9,班级刷卡,20人,学习机托管,星沙筑梦教学区,2026-08-22,8,12,初二数学
"智慧学习部",数学,数学,数学,SXZH8A27065,SX暑假智慧学习空间8A,学习机托管八年级数学暑假A2服务,通用,10,10,1200,1200,120.0,"	0.00",A2,A2,A体系,A体系,学习机托管八年级数学暑假A2服务,SX暑假智慧学习空间8A,否,,连季续,初二,八年级,八年级,2000.00,李治慧(612629),,暑假,暑假,正常,2026-08-12,2026-08-12,已审核,"走读,在线","常规面授,在线录播",在线录播,智慧学习机,20,2026-03-24,每天10:40-12:40(上五休一）,"有教材,开课前领取",2026-08-22,12,学习机托管(智慧),晚报大厦205教室,晚报大厦205教室,班级刷卡,20人,学习机托管,晚报大厦教学区,2026-08-22,8,12,初二数学
"智慧学习部",数学,数学,数学,SXZH8A27051,SX暑假智慧学习空间8B,学习机托管八年级数学暑假B1服务,通用,10,10,1200,1200,120.0,"	0.00",B1,B1,B体系,B体系,学习机托管八年级数学暑假B1服务,SX暑假智慧学习空间8B,否,,连季续,初二,八年级,八年级,2000.00,陈姿如(448822),,暑假,暑假,正常,2026-08-12,2026-08-12,已审核,"走读,在线","常规面授,在线录播",在线录播,智慧学习机,20,2026-03-24,每天16:00-18:00(上五休一）,"有教材,开课前领取",2026-08-22,20,学习机托管(智慧),井湾子07自习室,井湾子07自习室,班级刷卡,20人,学习机托管,井湾子智慧空间,2026-08-22,8,12,初二数学
"智慧学习部",化学,化学,化学,HXZH9A2703,HX暑假智慧学习空间9A,学习机托管九年级化学暑假A2服务,通用,10,10,1200,1200,120.0,"	0.00",A2,A2,A体系,A体系,学习机托管九年级化学暑假A2服务,HX暑假智慧学习空间9A,否,,连季续,中考,九年级,九年级,2000.00,罗志莉(438844),,暑假,暑假,正常,2026-08-12,2026-08-12,已审核,"走读,在线","常规面授,在线录播",在线录播,智慧学习机,20,2026-06-27,每天13:50-15:50（上五休一）,"有教材,开课前领取",2026-08-22,17,学习机托管(智慧),大润发304教室,大润发304教室,班级刷卡,20人,学习机托管,大润发教学区,2026-08-22,8,10,中考化学
"智慧学习部",英语,英语,英语,YYZH7A270122,YY暑假智慧学习空间7A,学习机托管七年级英语暑假A2服务,通用,12,12,1440,1440,120.0,"	0.00",A2,A2,A体系,A体系,学习机托管七年级英语暑假A2服务,YY暑假智慧学习空间7A,否,,连季续,初一,七年级,七年级,2400.00,杨立婧(714077),,暑假,暑假,正常,2026-08-12,2026-08-12,已审核,"走读,在线","常规面授,在线录播",在线录播,智慧学习机,20,2026-06-23,每天10:40-12:40,"有教材,开课前领取",2026-08-23,22,学习机托管(智慧),月亮岛自习室6,月亮岛自习室6,班级刷卡,20人,学习机托管,月亮岛教学区,2026-08-23,8,12,初一英语
"智慧学习部",物理,物理,物理,WLZH8A27015,WL暑假智慧学习空间8A,学习机托管八年级物理暑假A2服务,通用,10,10,1200,1200,120.0,"	0.00",A2,A2,A体系,A体系,学习机托管八年级物理暑假A2服务,WL暑假智慧学习空间8A,否,,连季续,初二,八年级,八年级,2000.00,封灿(438863),,暑假,暑假,正常,2026-08-12,2026-08-12,已审核,"走读,在线","常规面授,在线录播",在线录播,智慧学习机,20,2026-03-24,每天08:30-10:30(上五休一）,"有教材,开课前领取",2026-08-22,21,学习机托管(智慧),雨花家园406自习室,雨花家园406自习室,班级刷卡,20人,学习机托管,雨花家园智慧空间,2026-08-22,8,12,初二物理
"智慧学习部",数学,数学,数学,SXZH8A27074,SX暑假智慧学习空间8A,学习机托管八年级数学暑假A2服务,通用,10,10,1200,1200,120.0,"	0.00",A2,A2,A体系,A体系,学习机托管八年级数学暑假A2服务,SX暑假智慧学习空间8A,否,,连季续,初二,八年级,八年级,2000.00,屈文隽(422968),,暑假,暑假,正常,2026-08-12,2026-08-12,已审核,"走读,在线","常规面授,在线录播",在线录播,智慧学习机,20,2026-03-24,每天10:40-12:40(上五休一）,"有教材,开课前领取",2026-08-22,9,学习机托管(智慧),洋湖新城303自习室,洋湖新城303自习室,班级刷卡,20人,学习机托管,洋湖新城智慧空间,2026-08-22,8,12,初二数学
"智慧学习部",英语,英语,英语,YYZH8A27025,YY暑假智慧学习空间8B,学习机托管八年级英语暑假B1服务,通用,10,10,1200,1200,120.0,"	0.00",B1,B1,B体系,B体系,学习机托管八年级英语暑假B1服务,YY暑假智慧学习空间8B,否,,连季续,初二,八年级,八年级,2000.00,龙丽建(352029),,暑假,暑假,正常,2026-08-12,2026-08-12,已审核,"走读,在线","常规面授,在线录播",在线录播,智慧学习机,20,2026-03-24,每天10:40-12:40(上五休一）,"有教材,开课前领取",2026-08-22,11,学习机托管(智慧),方圆荟208自习室,方圆荟208自习室,班级刷卡,20人,学习机托管,方圆荟智慧空间,2026-08-22,8,12,初二英语
"智慧学习部",英语,英语,英语,YYZH8A27022,YY暑假智慧学习空间8A,学习机托管八年级英语暑假A2服务,通用,10,10,1200,1200,120.0,"	0.00",A2,A2,A体系,A体系,学习机托管八年级英语暑假A2服务,YY暑假智慧学习空间8A,否,,连季续,初二,八年级,八年级,2000.00,钱宇亮(438747),,暑假,暑假,正常,2026-08-12,2026-08-12,已审核,"走读,在线","常规面授,在线录播",在线录播,智慧学习机,20,2026-03-24,每天10:40-12:40(上五休一）,"有教材,开课前领取",2026-08-22,20,学习机托管(智慧),方圆荟210自习室,方圆荟210自习室,班级刷卡,20人,学习机托管,方圆荟智慧空间,2026-08-22,8,12,初二英语
"智慧学习部",英语,英语,英语,YYZH9A27014,YY暑假智慧学习空间9C,学习机托管九年级英语暑假B2服务（C+）,通用,10,10,1200,1200,120.0,"	0.00",B2,B2,B体系,B体系,学习机托管九年级英语暑假B2服务,YY暑假智慧学习空间9C,否,,连季续,中考,九年级,九年级,2000.00,钱宇亮(438747),,暑假,暑假,正常,2026-08-12,2026-08-12,已审核,"走读,在线","常规面授,在线录播",在线录播,智慧学习机,20,2026-03-24,每天13:50-15:50(上五休一）,"有教材,开课前领取",2026-08-22,13,学习机托管(智慧),方圆荟210自习室,方圆荟210自习室,班级刷卡,20人,学习机托管,方圆荟智慧空间,2026-08-22,8,12,中考英语
"智慧学习部",数学,数学,数学,SXZH8A27047,SX暑假智慧学习空间8B,学习机托管八年级数学暑假B1服务,通用,10,10,1200,1200,120.0,"	0.00",B1,B1,B体系,B体系,学习机托管八年级数学暑假B1服务,SX暑假智慧学习空间8B,否,,连季续,初二,八年级,八年级,2000.00,李享(612621),,暑假,暑假,正常,2026-08-12,2026-08-12,已审核,"走读,在线","常规面授,在线录播",在线录播,智慧学习机,20,2026-03-24,每天10:40-12:40(上五休一）,"有教材,开课前领取",2026-08-22,18,学习机托管(智慧),方圆荟206自习室,方圆荟206自习室,班级刷卡,20人,学习机托管,方圆荟智慧空间,2026-08-22,8,12,初二数学
"智慧学习部",语文,语文,语文,YWZH8A27012,YW暑假智慧学习空间8A,学习机托管八年级语文暑假A2服务,通用,10,10,1200,1200,120.0,"	0.00",A2,A2,A体系,A体系,学习机托管八年级语文暑假A2服务,YW暑假智慧学习空间8A,否,,连季续,初二,八年级,八年级,2000.00,曹颖(425260),,暑假,暑假,正常,2026-08-12,2026-08-12,已审核,"走读,在线","常规面授,在线录播",在线录播,智慧学习机,20,2026-03-24,每天13:50-15:50(上五休一）,"有教材,开课前领取",2026-08-22,20,学习机托管(智慧),方圆荟201自习室,方圆荟201自习室,班级刷卡,20人,学习机托管,方圆荟智慧空间,2026-08-22,8,12,初二语文
"智慧学习部",英语,英语,英语,YYZH8A27063,YY暑假智慧学习空间8A,学习机托管八年级英语暑假A2服务,通用,10,10,1200,1200,120.0,"	0.00",A2,A2,A体系,A体系,学习机托管八年级英语暑假A2服务,YY暑假智慧学习空间8A,否,,连季续,初二,八年级,八年级,2000.00,李玉姣(615263),,暑假,暑假,正常,2026-08-12,2026-08-12,已审核,"走读,在线","常规面授,在线录播",在线录播,智慧学习机,20,2026-03-24,每天08:30-10:30(上五休一）,"有教材,开课前领取",2026-08-22,14,学习机托管(智慧),星沙筑梦自习室9,星沙筑梦自习室9,班级刷卡,20人,学习机托管,星沙筑梦教学区,2026-08-22,8,12,初二英语
"智慧学习部",物理,物理,物理,WLZH8A27098,WL暑假智慧学习空间8A,学习机托管八年级物理暑假A2服务,通用,10,10,1200,1200,120.0,"	0.00",A2,A2,A体系,A体系,学习机托管八年级物理暑假A2服务,WL暑假智慧学习空间8A,否,,连季续,初二,八年级,八年级,2000.00,李永康(703459),,暑假,暑假,正常,2026-08-12,2026-08-12,已审核,"走读,在线","常规面授,在线录播",在线录播,智慧学习机,20,2026-07-09,每天10:40-12:40(上五休一）,"有教材,开课前领取",2026-08-22,12,学习机托管(智慧),星沙筑梦自习室8,星沙筑梦自习室8,班级刷卡,20人,学习机托管,星沙筑梦教学区,2026-08-22,8,12,初二物理
"智慧学习部",物理,物理,物理,WLZH8A27097,WL暑假智慧学习空间8A,学习机托管八年级物理暑假A2服务,通用,10,10,1200,1200,120.0,"	0.00",A2,A2,A体系,A体系,学习机托管八年级物理暑假A2服务,WL暑假智慧学习空间8A,否,,连季续,初二,八年级,八年级,2000.00,胡伟涛(209323),,暑假,暑假,正常,2026-08-12,2026-08-12,已审核,"走读,在线","常规面授,在线录播",在线录播,智慧学习机,20,2026-06-23,每天10:40-12:40(上五休一）,"有教材,开课前领取",2026-08-22,16,学习机托管(智慧),洋湖新城308自习室,洋湖新城308自习室,班级刷卡,20人,学习机托管,洋湖新城智慧空间,2026-08-22,8,12,初二物理
"智慧学习部",物理,物理,物理,WLZH8A27008,WL暑假智慧学习空间8A,学习机托管八年级物理暑假A2服务,通用,10,10,1200,1200,120.0,"	0.00",A2,A2,A体系,A体系,学习机托管八年级物理暑假A2服务,WL暑假智慧学习空间8A,否,,连季续,初二,八年级,八年级,2000.00,李宗源(298105),,暑假,暑假,正常,2026-08-12,2026-08-12,已审核,"走读,在线","常规面授,在线录播",在线录播,智慧学习机,20,2026-03-24,每天13:50-15:50(上五休一）,"有教材,开课前领取",2026-08-22,11,学习机托管(智慧),梅溪湖旗舰店209教室,梅溪湖旗舰店209教室,班级刷卡,20人,学习机托管,梅溪湖旗舰店教学区,2026-08-22,8,12,初二物理
"智慧学习部",物理,物理,物理,WLZH8A27007,WL暑假智慧学习空间8A,学习机托管八年级物理暑假A2服务,通用,10,10,1200,1200,120.0,"	0.00",A2,A2,A体系,A体系,学习机托管八年级物理暑假A2服务,WL暑假智慧学习空间8A,否,,连季续,初二,八年级,八年级,2000.00,李宗源(298105),,暑假,暑假,正常,2026-08-12,2026-08-12,已审核,"走读,在线","常规面授,在线录播",在线录播,智慧学习机,20,2026-03-24,每天10:40-12:40(上五休一）,"有教材,开课前领取",2026-08-22,23,学习机托管(智慧),梅溪湖旗舰店209教室,梅溪湖旗舰店209教室,班级刷卡,20人,学习机托管,梅溪湖旗舰店教学区,2026-08-22,8,12,初二物理
"智慧学习部",语文,语文,语文,YWZH8A27029,YW暑假智慧学习空间8A,学习机托管八年级语文暑假A2服务,通用,10,10,1200,1200,120.0,"	0.00",A2,A2,A体系,A体系,学习机托管八年级语文暑假A2服务,YW暑假智慧学习空间8A,否,,连季续,初二,八年级,八年级,2000.00,汪薇(703463),,暑假,暑假,正常,2026-08-12,2026-08-12,已审核,"走读,在线","常规面授,在线录播",在线录播,智慧学习机,20,2026-03-24,每天08:30-10:30(上五休一）,"有教材,开课前领取",2026-08-22,9,学习机托管(智慧),雨花家园407自习室,雨花家园407自习室,班级刷卡,20人,学习机托管,雨花家园智慧空间,2026-08-22,8,12,初二语文
"智慧学习部",英语,英语,英语,YYZH8A27064,YY暑假智慧学习空间8B,学习机托管八年级英语暑假B1服务,通用,10,10,1200,1200,120.0,"	0.00",B1,B1,B体系,B体系,学习机托管八年级英语暑假B1服务,YY暑假智慧学习空间8B,否,,连季续,初二,八年级,八年级,2000.00,李玉姣(615263),,暑假,暑假,正常,2026-08-12,2026-08-12,已审核,"走读,在线","常规面授,在线录播",在线录播,智慧学习机,20,2026-03-24,每天13:50-15:50(上五休一）,"有教材,开课前领取",2026-08-22,7,学习机托管(智慧),星沙筑梦自习室9,星沙筑梦自习室9,班级刷卡,20人,学习机托管,星沙筑梦教学区,2026-08-22,8,12,初二英语
"智慧学习部",数学,数学,数学,SXZH8A27060,SX暑假智慧学习空间8A,学习机托管八年级数学暑假A2服务,通用,10,10,1200,1200,120.0,"	0.00",A2,A2,A体系,A体系,学习机托管八年级数学暑假A2服务,SX暑假智慧学习空间8A,否,,连季续,初二,八年级,八年级,2000.00,隆元铜(441060),,暑假,暑假,正常,2026-08-12,2026-08-12,已审核,"走读,在线","常规面授,在线录播",在线录播,智慧学习机,20,2026-03-24,每天16:00-18:00(上五休一）,"有教材,开课前领取",2026-08-22,21,学习机托管(智慧),梅溪湖旗舰店207教室,梅溪湖旗舰店207教室,班级刷卡,20人,学习机托管,梅溪湖旗舰店教学区,2026-08-22,8,12,初二数学
"智慧学习部",语文,语文,语文,YWZH8A27022,YW暑假智慧学习空间8A,学习机托管八年级语文暑假A2服务,通用,10,10,1200,1200,120.0,"	0.00",A2,A2,A体系,A体系,学习机托管八年级语文暑假A2服务,YW暑假智慧学习空间8A,否,,连季续,初二,八年级,八年级,2000.00,蒋莹(703444),,暑假,暑假,正常,2026-08-12,2026-08-12,已审核,"走读,在线","常规面授,在线录播",在线录播,智慧学习机,20,2026-03-24,每天13:50-15:50(上五休一）,"有教材,开课前领取",2026-08-22,7,学习机托管(智慧),晚报大厦205教室,晚报大厦205教室,班级刷卡,20人,学习机托管,晚报大厦教学区,2026-08-22,8,12,初二语文
"智慧学习部",语文,语文,语文,YWZH8A27014,YW暑假智慧学习空间8A,学习机托管八年级语文暑假A2服务,通用,10,10,1200,1200,120.0,"	0.00",A2,A2,A体系,A体系,学习机托管八年级语文暑假A2服务,YW暑假智慧学习空间8A,否,,连季续,初二,八年级,八年级,2000.00,罗丹(701209),,暑假,暑假,正常,2026-08-12,2026-08-12,已审核,"走读,在线","常规面授,在线录播",在线录播,智慧学习机,20,2026-03-24,每天10:40-12:40(上五休一）,"有教材,开课前领取",2026-08-22,15,学习机托管(智慧),井湾子08自习室,井湾子08自习室,班级刷卡,20人,学习机托管,井湾子智慧空间,2026-08-22,8,12,初二语文
"智慧学习部",物理,物理,物理,WLZH8A27038,WL暑假智慧学习空间8A,学习机托管八年级物理暑假A2服务,通用,10,10,1200,1200,120.0,"	0.00",A2,A2,A体系,A体系,学习机托管八年级物理暑假A2服务,WL暑假智慧学习空间8A,否,,连季续,初二,八年级,八年级,2000.00,邓威(438862),,暑假,暑假,正常,2026-08-12,2026-08-12,已审核,"走读,在线","常规面授,在线录播",在线录播,智慧学习机,20,2026-03-24,每天13:50-15:50(上五休一）,"有教材,开课前领取",2026-08-22,12,学习机托管(智慧),中信05自习室,中信05自习室,班级刷卡,20人,学习机托管,中信教学区,2026-08-22,8,12,初二物理
"智慧学习部",英语,英语,英语,YYZH8A27080,YY暑假智慧学习空间8A,学习机托管八年级英语暑假A2服务,通用,10,10,1200,1200,120.0,"	0.00",A2,A2,A体系,A体系,学习机托管八年级英语暑假A2服务,YY暑假智慧学习空间8A,否,,连季续,初二,八年级,八年级,2000.00,杨立婧(714077),,暑假,暑假,正常,2026-08-12,2026-08-12,已审核,"走读,在线","常规面授,在线录播",在线录播,智慧学习机,20,2026-03-24,每天13:50-15:50(上五休一）,"有教材,开课前领取",2026-08-22,10,学习机托管(智慧),月亮岛自习室5,月亮岛自习室5,班级刷卡,20人,学习机托管,月亮岛教学区,2026-08-22,8,12,初二英语
"智慧学习部",语文,语文,语文,YWZH7A27035,YW暑假智慧学习空间7B,学习机托管七年级语文暑假B1服务,通用,12,12,1440,1440,120.0,"	0.00",B1,B1,B体系,B体系,学习机托管七年级语文暑假B1服务,YW暑假智慧学习空间7B,否,,连季续,初一,七年级,七年级,2400.00,王秋(703460),,暑假,暑假,正常,2026-08-12,2026-08-12,已审核,"走读,在线","常规面授,在线录播",在线录播,智慧学习机,20,2026-03-24,每天08:30-10:30,"有教材,开课前领取",2026-08-23,20,学习机托管(智慧),月亮岛自习室5,月亮岛自习室5,班级刷卡,20人,学习机托管,月亮岛教学区,2026-08-23,8,12,初一语文
"智慧学习部",英语,英语,英语,YYZH8A27008,YY暑假智慧学习空间8B,学习机托管八年级英语暑假B1服务,通用,10,10,1200,1200,120.0,"	0.00",B1,B1,B体系,B体系,学习机托管八年级英语暑假B1服务,YY暑假智慧学习空间8B,否,,连季续,初二,八年级,八年级,2000.00,周凯文(248308),,暑假,暑假,正常,2026-08-12,2026-08-12,已审核,"走读,在线","常规面授,在线录播",在线录播,智慧学习机,20,2026-03-24,每天10:40-12:40(上五休一）,"有教材,开课前领取",2026-08-22,18,学习机托管(智慧),大润发309教室,大润发309教室,班级刷卡,20人,学习机托管,大润发教学区,2026-08-22,8,12,初二英语
"智慧学习部",英语,英语,英语,OYYZH9A27033,YY暑假智慧学习小组9B,学习机线上九年级英语暑假B1服务,通用,10,10,1200,1200,120.0,"	0.00",B1,B1,B体系,B体系,学习机线上九年级英语暑假B1服务,YY暑假智慧学习小组9B,否,,连季续,中考,九年级,九年级,1650.00,金志红(345591),,暑假,暑假,正常,2026-08-12,2026-08-12,已审核,在线,在线录播,在线录播,智慧学习机,20,2026-03-24,每天16:00-18:00(上五休一）,"有教材,快递配送",2026-08-22,27,学习机线上(智慧),长沙线上课,初中网络虚拟教室2,班级刷卡,24人,学习机线上,网络教学区,2026-08-22,3,3,中考英语
"智慧学习部",英语,英语,英语,OYYZH9A27031,YY暑假智慧学习小组9C,学习机线上九年级英语暑假B2服务（C+）,通用,10,10,1200,1200,120.0,"	0.00",B2,B2,B体系,B体系,学习机线上九年级英语暑假B2服务,YY暑假智慧学习小组9C,否,,连季续,中考,九年级,九年级,1650.00,李飞燕(353896),,暑假,暑假,正常,2026-08-12,2026-08-12,已审核,在线,在线录播,在线录播,智慧学习机,20,2026-03-24,每天10:40-12:40(上五休一）,"有教材,快递配送",2026-08-22,29,学习机线上(智慧),长沙线上课,初中网络虚拟教室2,班级刷卡,24人,学习机线上,网络教学区,2026-08-22,3,3,中考英语
"智慧学习部",英语,英语,英语,YYZH9A27009,YY暑假智慧学习空间9C,学习机托管九年级英语暑假B2服务（C+）,通用,10,10,1200,1200,120.0,"	0.00",B2,B2,B体系,B体系,学习机托管九年级英语暑假B2服务,YY暑假智慧学习空间9C,否,,连季续,中考,九年级,九年级,2000.00,李琴(703452),,暑假,暑假,正常,2026-08-12,2026-08-12,已审核,"走读,在线","常规面授,在线录播",在线录播,智慧学习机,20,2026-03-24,每天13:50-15:50(上五休一）,"有教材,开课前领取",2026-08-22,16,学习机托管(智慧),东塘05自习室,东塘05自习室,班级刷卡,20人,学习机托管,东塘智慧空间,2026-08-22,8,12,中考英语
"智慧学习部",英语,英语,英语,OYYZH8A27060,YY暑假智慧学习小组8A,学习机线上八年级英语暑假A2服务,通用,10,10,1200,1200,120.0,"	0.00",A2,A2,A体系,A体系,学习机线上八年级英语暑假A2服务,YY暑假智慧学习小组8A,否,,连季续,初二,八年级,八年级,1650.00,段薇薇(612595),,暑假,暑假,正常,2026-08-12,2026-08-12,已审核,在线,在线录播,在线录播,智慧学习机,20,2026-03-24,每天10:40-12:40(上五休一）,"有教材,快递配送",2026-08-22,23,学习机线上(智慧),长沙线上课,初中网络虚拟教室2,班级刷卡,24人,学习机线上,网络教学区,2026-08-22,3,3,初二英语
"智慧学习部",英语,英语,英语,YYZH8A27053,YY暑假智慧学习空间8B,学习机托管八年级英语暑假B1服务,通用,10,10,1200,1200,120.0,"	0.00",B1,B1,B体系,B体系,学习机托管八年级英语暑假B1服务,YY暑假智慧学习空间8B,否,,连季续,初二,八年级,八年级,2000.00,曾心如(714101),,暑假,暑假,正常,2026-08-12,2026-08-12,已审核,"走读,在线","常规面授,在线录播",在线录播,智慧学习机,20,2026-03-24,每天10:40-12:40(上五休一）,"有教材,开课前领取",2026-08-22,9,学习机托管(智慧),美林银谷405自习室,美林银谷405自习室,班级刷卡,20人,学习机托管,美林银谷智慧空间,2026-08-22,8,12,初二英语
"智慧学习部",数学,数学,数学,SXZH7A2700078,SX暑假智慧学习空间7B,学习机托管七年级数学暑假B1服务,通用,12,12,1440,1440,120.0,"	0.00",B1,B1,B体系,B体系,学习机托管七年级数学暑假B1服务,SX暑假智慧学习空间7B,否,,连季续,初一,七年级,七年级,2400.00,刘景荣(345593),,暑假,暑假,正常,2026-08-12,2026-08-12,已审核,"走读,在线","常规面授,在线录播",在线录播,智慧学习机,20,2025-12-19,每天13:50-15:50,"有教材,开课前领取",2026-08-23,18,学习机托管(智慧),东塘07自习室,东塘07自习室,班级刷卡,20人,学习机托管,东塘智慧空间,2026-08-23,8,12,初一数学
"智慧学习部",物理,物理,物理,WLZH8A27036,WL暑假智慧学习空间8A,学习机托管八年级物理暑假A2服务,通用,10,10,1200,1200,120.0,"	0.00",A2,A2,A体系,A体系,学习机托管八年级物理暑假A2服务,WL暑假智慧学习空间8A,否,,连季续,初二,八年级,八年级,2000.00,邓威(438862),,暑假,暑假,正常,2026-08-12,2026-08-12,已审核,"走读,在线","常规面授,在线录播",在线录播,智慧学习机,20,2026-03-24,每天10:40-12:40(上五休一）,"有教材,开课前领取",2026-08-22,17,学习机托管(智慧),井湾子09自习室,井湾子09自习室,班级刷卡,20人,学习机托管,井湾子智慧空间,2026-08-22,8,12,初二物理
"智慧学习部",物理,物理,物理,WLZH8A27016,WL暑假智慧学习空间8A,学习机托管八年级物理暑假A2服务,通用,10,10,1200,1200,120.0,"	0.00",A2,A2,A体系,A体系,学习机托管八年级物理暑假A2服务,WL暑假智慧学习空间8A,否,,连季续,初二,八年级,八年级,2000.00,封灿(438863),,暑假,暑假,正常,2026-08-12,2026-08-12,已审核,"走读,在线","常规面授,在线录播",在线录播,智慧学习机,20,2026-03-24,每天10:40-12:40(上五休一）,"有教材,开课前领取",2026-08-22,16,学习机托管(智慧),雨花家园406自习室,雨花家园406自习室,班级刷卡,20人,学习机托管,雨花家园智慧空间,2026-08-22,8,12,初二物理
"智慧学习部",英语,英语,英语,YYZH7A27017,YY暑假智慧学习空间7A,学习机托管七年级英语暑假A2服务,通用,12,12,1440,1440,120.0,"	0.00",A2,A2,A体系,A体系,学习机托管七年级英语暑假A2服务,YY暑假智慧学习空间7A,否,,连季续,初一,七年级,七年级,2400.00,周锦(441032),,暑假,暑假,正常,2026-08-12,2026-08-12,已审核,"走读,在线","常规面授,在线录播",在线录播,智慧学习机,20,2026-03-24,每天10:40-12:40,"有教材,开课前领取",2026-08-23,9,学习机托管(智慧),雨花家园405自习室,雨花家园405自习室,班级刷卡,20人,学习机托管,雨花家园智慧空间,2026-08-23,8,12,初一英语
"智慧学习部",数学,数学,数学,SXZH7A27015,SX暑假智慧学习空间7A,学习机托管七年级数学暑假A2服务,通用,12,12,1440,1440,120.0,"	0.00",A2,A2,A体系,A体系,学习机托管七年级数学暑假A2服务,SX暑假智慧学习空间7A,否,,连季续,初一,七年级,七年级,2400.00,邓雅妮(703461),,暑假,暑假,正常,2026-08-12,2026-08-12,已审核,"走读,在线","常规面授,在线录播",在线录播,智慧学习机,20,2026-03-24,每天08:30-10:30,"有教材,开课前领取",2026-08-23,9,学习机托管(智慧),雨花家园409自习室,雨花家园409自习室,班级刷卡,20人,学习机托管,雨花家园智慧空间,2026-08-23,8,12,初一数学
"智慧学习部",数学,数学,数学,SXZH8A27054,SX暑假智慧学习空间8B,学习机托管八年级数学暑假B1服务,通用,10,10,1200,1200,120.0,"	0.00",B1,B1,B体系,B体系,学习机托管八年级数学暑假B1服务,SX暑假智慧学习空间8B,否,,连季续,初二,八年级,八年级,2000.00,陈姿如(448822),,暑假,暑假,正常,2026-08-12,2026-08-12,已审核,"走读,在线","常规面授,在线录播",在线录播,智慧学习机,20,2026-03-24,每天10:40-12:40(上五休一）,"有教材,开课前领取",2026-08-22,8,学习机托管(智慧),浏城桥515教室,浏城桥515教室（新）,班级刷卡,20人,学习机托管,浏城桥教学区,2026-08-22,8,12,初二数学
"智慧学习部",语文,语文,语文,YWZH7A27014,YW暑假智慧学习空间7B,学习机托管七年级语文暑假B1服务,通用,12,12,1440,1440,120.0,"	0.00",B1,B1,B体系,B体系,学习机托管七年级语文暑假B1服务,YW暑假智慧学习空间7B,否,,连季续,初一,七年级,七年级,2400.00,汪薇(703463),,暑假,暑假,正常,2026-08-12,2026-08-12,已审核,"走读,在线","常规面授,在线录播",在线录播,智慧学习机,20,2026-03-24,每天13:50-15:50,"有教材,开课前领取",2026-08-23,13,学习机托管(智慧),雨花家园403自习室,雨花家园403自习室,班级刷卡,20人,学习机托管,雨花家园智慧空间,2026-08-23,8,12,初一语文
"智慧学习部",英语,英语,英语,YYZH8A27039,YY暑假智慧学习空间8A,学习机托管八年级英语暑假A2服务,通用,10,10,1200,1200,120.0,"	0.00",A2,A2,A体系,A体系,学习机托管八年级英语暑假A2服务,YY暑假智慧学习空间8A,否,,连季续,初二,八年级,八年级,2000.00,段薇薇(612595),,暑假,暑假,正常,2026-08-12,2026-08-12,已审核,"走读,在线","常规面授,在线录播",在线录播,智慧学习机,20,2026-03-24,每天13:50-15:50(上五休一）,"有教材,开课前领取",2026-08-22,11,学习机托管(智慧),浏城桥515教室,浏城桥515教室（新）,班级刷卡,20人,学习机托管,浏城桥教学区,2026-08-22,8,12,初二英语
"智慧学习部",英语,英语,英语,YYZH8A27029,YY暑假智慧学习空间8C,学习机托管八年级英语暑假B2服务（C+）,通用,10,10,1200,1200,120.0,"	0.00",B2,B2,B体系,B体系,学习机托管八年级英语暑假B2服务,YY暑假智慧学习空间8C,否,,连季续,初二,八年级,八年级,2400.00,龙露曼(130380),,暑假,暑假,正常,2026-08-12,2026-08-12,已审核,"走读,在线","常规面授,在线录播",在线录播,智慧学习机,20,2026-03-24,每天08:30-10:30(上五休一）,"有教材,开课前领取",2026-08-22,26,学习机托管(智慧),方圆荟211自习室,方圆荟211自习室,班级刷卡,20人,学习机托管,方圆荟智慧空间,2026-08-22,8,12,初二英语
"智慧学习部",数学,数学,数学,SXZH8A27084,SX暑假智慧学习空间8B,学习机托管八年级数学暑假B1服务,通用,10,10,1200,1200,120.0,"	0.00",B1,B1,B体系,B体系,学习机托管八年级数学暑假B1服务,SX暑假智慧学习空间8B,否,,连季续,初二,八年级,八年级,2000.00,彭博(703454),,暑假,暑假,正常,2026-08-12,2026-08-12,已审核,"走读,在线","常规面授,在线录播",在线录播,智慧学习机,20,2026-03-24,每天08:30-10:30(上五休一）,"有教材,开课前领取",2026-08-22,16,学习机托管(智慧),月亮岛自习室4,月亮岛自习室4,班级刷卡,20人,学习机托管,月亮岛教学区,2026-08-22,8,12,初二数学
"智慧学习部",英语,英语,英语,YYZH8A27071,YY暑假智慧学习空间8C,学习机托管八年级英语暑假B2服务（C+）,通用,10,10,1200,1200,120.0,"	0.00",B2,B2,B体系,B体系,学习机托管八年级英语暑假B2服务,YY暑假智慧学习空间8C,否,,连季续,初二,八年级,八年级,2400.00,董美伶(651839),,暑假,暑假,正常,2026-08-12,2026-08-12,已审核,"走读,在线","常规面授,在线录播",在线录播,智慧学习机,20,2026-03-24,每天16:00-18:00(上五休一）,"有教材,开课前领取",2026-08-22,7,学习机托管(智慧),雨花家园408自习室,雨花家园408自习室,班级刷卡,20人,学习机托管,雨花家园智慧空间,2026-08-22,8,12,初二英语
"智慧学习部",英语,英语,英语,YYZH7A27087,YY暑假智慧学习空间7A,学习机托管七年级英语暑假A2服务,通用,12,12,1440,1440,120.0,"	0.00",A2,A2,A体系,A体系,学习机托管七年级英语暑假A2服务,YY暑假智慧学习空间7A,否,,连季续,初一,七年级,七年级,2400.00,杨立婧(714077),,暑假,暑假,正常,2026-08-12,2026-08-12,已审核,"走读,在线","常规面授,在线录播",在线录播,智慧学习机,20,2026-07-21,每天16:00-18:00,"有教材,开课前领取",2026-08-23,11,学习机托管(智慧),月亮岛自习室4,月亮岛自习室4,班级刷卡,20人,学习机托管,月亮岛教学区,2026-08-23,8,12,初一英语
"智慧学习部",数学,数学,数学,SXZH7A27038,SX暑假智慧学习空间7A,学习机托管七年级数学暑假A2服务,通用,12,12,1440,1440,120.0,"	0.00",A2,A2,A体系,A体系,学习机托管七年级数学暑假A2服务,SX暑假智慧学习空间7A,否,,连季续,初一,七年级,七年级,2400.00,杨苗(250201),,暑假,暑假,正常,2026-08-12,2026-08-12,已审核,"走读,在线","常规面授,在线录播",在线录播,智慧学习机,20,2026-03-24,每天13:50-15:50,"有教材,开课前领取",2026-08-23,8,学习机托管(智慧),钰龙天下自习室01,钰龙天下自习室01,班级刷卡,20人,学习机托管,钰龙天下教学区,2026-08-23,8,12,初一数学
"智慧学习部",语文,语文,语文,YWZH7A27034,YW暑假智慧学习空间7B,学习机托管七年级语文暑假B1服务,通用,12,12,1440,1440,120.0,"	0.00",B1,B1,B体系,B体系,学习机托管七年级语文暑假B1服务,YW暑假智慧学习空间7B,否,,连季续,初一,七年级,七年级,2400.00,刘蕊(703456),,暑假,暑假,正常,2026-08-12,2026-08-12,已审核,"走读,在线","常规面授,在线录播",在线录播,智慧学习机,20,2026-03-24,每天16:00-18:00,"有教材,开课前领取",2026-08-23,5,学习机托管(智慧),钰龙天下自习室01,钰龙天下自习室01,班级刷卡,20人,学习机托管,钰龙天下教学区,2026-08-23,8,12,初一语文
"智慧学习部",数学,数学,数学,SXZH8A27085,SX暑假智慧学习空间8A,学习机托管八年级数学暑假A2服务,通用,10,10,1200,1200,120.0,"	0.00",A2,A2,A体系,A体系,学习机托管八年级数学暑假A2服务,SX暑假智慧学习空间8A,否,,连季续,初二,八年级,八年级,2000.00,朱志超(703457),,暑假,暑假,正常,2026-08-12,2026-08-12,已审核,"走读,在线","常规面授,在线录播",在线录播,智慧学习机,20,2026-03-24,每天16:00-18:00(上五休一）,"有教材,开课前领取",2026-08-22,16,学习机托管(智慧),中信07自习室,中信07自习室,班级刷卡,20人,学习机托管,中信教学区,2026-08-22,8,12,初二数学
"智慧学习部",物理,物理,物理,WLZH8A27030,WL暑假智慧学习空间8A,学习机托管八年级物理暑假A2服务,通用,10,10,1200,1200,120.0,"	0.00",A2,A2,A体系,A体系,学习机托管八年级物理暑假A2服务,WL暑假智慧学习空间8A,否,,连季续,初二,八年级,八年级,2000.00,袁思静(387247),,暑假,暑假,正常,2026-08-12,2026-08-12,已审核,"走读,在线","常规面授,在线录播",在线录播,智慧学习机,20,2026-03-24,每天08:30-10:30(上五休一）,"有教材,开课前领取",2026-08-22,20,学习机托管(智慧),方圆荟203自习室,方圆荟203自习室,班级刷卡,20人,学习机托管,方圆荟智慧空间,2026-08-22,8,12,初二物理
"智慧学习部",语文,语文,语文,YWZH7A27010,YW暑假智慧学习空间7B,学习机托管七年级语文暑假B1服务,通用,12,12,1440,1440,120.0,"	0.00",B1,B1,B体系,B体系,学习机托管七年级语文暑假B1服务,YW暑假智慧学习空间7B,否,,连季续,初一,七年级,七年级,2400.00,刘蕊(703456),,暑假,暑假,正常,2026-08-12,2026-08-12,已审核,"走读,在线","常规面授,在线录播",在线录播,智慧学习机,20,2026-03-24,每天08:30-10:30,"有教材,开课前领取",2026-08-23,13,学习机托管(智慧),美林银谷404自习室,美林银谷404自习室,班级刷卡,20人,学习机托管,美林银谷智慧空间,2026-08-23,8,12,初一语文
"智慧学习部",语文,语文,语文,YWZH8A27033,YW暑假智慧学习空间8A,学习机托管八年级语文暑假A2服务,通用,10,10,1200,1200,120.0,"	0.00",A2,A2,A体系,A体系,学习机托管八年级语文暑假A2服务,YW暑假智慧学习空间8A,否,,连季续,初二,八年级,八年级,2000.00,谢赛(703453),,暑假,暑假,正常,2026-08-12,2026-08-12,已审核,"走读,在线","常规面授,在线录播",在线录播,智慧学习机,20,2026-03-24,每天10:40-12:40(上五休一）,"有教材,开课前领取",2026-08-22,8,学习机托管(智慧),中信04自习室,中信04自习室,班级刷卡,20人,学习机托管,中信教学区,2026-08-22,8,12,初二语文
"智慧学习部",英语,英语,英语,YYZH7A27037,YY暑假智慧学习空间7A,学习机托管七年级英语暑假A2服务,通用,12,12,1440,1440,120.0,"	0.00",A2,A2,A体系,A体系,学习机托管七年级英语暑假A2服务,YY暑假智慧学习空间7A,否,,连季续,初一,七年级,七年级,2400.00,罗彩玉(698506),,暑假,暑假,正常,2026-08-12,2026-08-12,已审核,"走读,在线","常规面授,在线录播",在线录播,智慧学习机,20,2026-03-24,每天10:40-12:40,"有教材,开课前领取",2026-08-23,8,学习机托管(智慧),钰龙天下自习室01,钰龙天下自习室01,班级刷卡,20人,学习机托管,钰龙天下教学区,2026-08-23,8,12,初一英语
"智慧学习部",语文,语文,语文,OYWZH9A27011,YW暑假智慧学习小组9A,学习机线上九年级语文暑假A2服务,通用,10,10,1200,1200,120.0,"	0.00",A2,A2,A体系,A体系,学习机线上九年级语文暑假A2服务,YW暑假智慧学习小组9A,否,,连季续,中考,九年级,九年级,1650.00,卢湘林(358181),,暑假,暑假,正常,2026-08-12,2026-08-12,已审核,在线,在线录播,在线录播,智慧学习机,20,2026-03-24,每天08:30-10:30(上五休一）,"有教材,快递配送",2026-08-22,24,学习机线上(智慧),长沙线上课,初中网络虚拟教室2,班级刷卡,24人,学习机线上,网络教学区,2026-08-22,3,3,中考语文
"智慧学习部",数学,数学,数学,SXZH7A270006,SX暑假智慧学习空间7A,学习机托管七年级数学暑假A2服务,通用,12,12,1440,1440,120.0,"	0.00",A2,A2,A体系,A体系,学习机托管七年级数学暑假A2服务,SX暑假智慧学习空间7A,否,,连季续,初一,七年级,七年级,2400.00,罗畅(441059),,暑假,暑假,正常,2026-08-12,2026-08-12,已审核,"走读,在线","常规面授,在线录播",在线录播,智慧学习机,20,2025-12-19,每天10:40-12:40,"有教材,开课前领取",2026-08-23,8,学习机托管(智慧),井湾子10自习室,井湾子10自习室,班级刷卡,20人,学习机托管,井湾子智慧空间,2026-08-23,8,12,初一数学
"智慧学习部",语文,语文,语文,YWZH7A270333,YW暑假智慧学习空间7B,学习机托管七年级语文暑假B1服务,通用,12,12,1440,1440,120.0,"	0.00",B1,B1,B体系,B体系,学习机托管七年级语文暑假B1服务,YW暑假智慧学习空间7B,否,,连季续,初一,七年级,七年级,2400.00,刘宇彤(703447),,暑假,暑假,正常,2026-08-12,2026-08-12,已审核,"走读,在线","常规面授,在线录播",在线录播,智慧学习机,20,2026-07-22,10:40-12:40,"有教材,开课前领取",2026-08-23,6,学习机托管(智慧),洋湖卓伯根自习室4,洋湖卓伯根自习室4,班级刷卡,20人,学习机托管,洋湖卓伯根教学区,2026-08-23,8,12,初一语文
"智慧学习部",数学,数学,数学,SXZH9A27001,SX暑假智慧学习空间9B,学习机托管九年级数学暑假B1服务,通用,10,10,1200,1200,120.0,"	0.00",B1,B1,B体系,B体系,学习机托管九年级数学暑假B1服务,SX暑假智慧学习空间9B,否,,连季续,中考,九年级,九年级,2000.00,肖绚(408382),,暑假,暑假,正常,2026-08-12,2026-08-12,已审核,"走读,在线","常规面授,在线录播",在线录播,智慧学习机,20,2026-03-24,每天16:00-18:00(上五休一）,"有教材,开课前领取",2026-08-22,25,学习机托管(智慧),大润发302教室,大润发302教室,班级刷卡,20人,学习机托管,大润发教学区,2026-08-22,8,12,中考数学
"智慧学习部",物理,物理,物理,WLZH8A27023,WL暑假智慧学习空间8A,学习机托管八年级物理暑假A2服务,通用,10,10,1200,1200,120.0,"	0.00",A2,A2,A体系,A体系,学习机托管八年级物理暑假A2服务,WL暑假智慧学习空间8A,否,,连季续,初二,八年级,八年级,2000.00,刘凤宁(612614),,暑假,暑假,正常,2026-08-12,2026-08-12,已审核,"走读,在线","常规面授,在线录播",在线录播,智慧学习机,20,2026-03-24,每天13:50-15:50(上五休一）,"有教材,开课前领取",2026-08-22,8,学习机托管(智慧),当代滨江202自习室,当代滨江202自习室,班级刷卡,20人,学习机托管,当代滨江智慧空间,2026-08-22,8,12,初二物理
"智慧学习部",英语,英语,英语,YYZH8A27051,YY暑假智慧学习空间8C,学习机托管八年级英语暑假B2服务（C+）,通用,10,10,1200,1200,120.0,"	0.00",B2,B2,B体系,B体系,学习机托管八年级英语暑假B2服务,YY暑假智慧学习空间8C,否,,连季续,初二,八年级,八年级,2400.00,王翔(097481),,暑假,暑假,正常,2026-08-12,2026-08-12,已审核,"走读,在线","常规面授,在线录播",在线录播,智慧学习机,20,2026-03-24,每天10:40-12:40(上五休一）,"有教材,开课前领取",2026-08-22,12,学习机托管(智慧),美林银谷302教室,美林银谷302教室,班级刷卡,20人,学习机托管,美林银谷教学区,2026-08-22,8,12,初二英语
"智慧学习部",数学,数学,数学,SXZH7A27009,SX暑假智慧学习空间7A,学习机托管七年级数学暑假A2服务,通用,12,12,1440,1440,120.0,"	0.00",A2,A2,A体系,A体系,学习机托管七年级数学暑假A2服务,SX暑假智慧学习空间7A,否,,连季续,初一,七年级,七年级,2400.00,唐倩倩(352031),,暑假,暑假,正常,2026-08-12,2026-08-12,已审核,"走读,在线","常规面授,在线录播",在线录播,智慧学习机,20,2026-03-24,每天10:40-12:40,"有教材,开课前领取",2026-08-23,16,学习机托管(智慧),美林银谷402自习室,美林银谷402自习室,班级刷卡,20人,学习机托管,美林银谷智慧空间,2026-08-23,8,12,初一数学
"智慧学习部",数学,数学,数学,SXZH8A27064,SX暑假智慧学习空间8B,学习机托管八年级数学暑假B1服务,通用,10,10,1200,1200,120.0,"	0.00",B1,B1,B体系,B体系,学习机托管八年级数学暑假B1服务,SX暑假智慧学习空间8B,否,,连季续,初二,八年级,八年级,2000.00,李璐骏(431369),,暑假,暑假,正常,2026-08-12,2026-08-12,已审核,"走读,在线","常规面授,在线录播",在线录播,智慧学习机,20,2026-03-24,每天08:30-10:30(上五休一）,"有教材,开课前领取",2026-08-22,11,学习机托管(智慧),美林银谷406自习室,美林银谷406自习室,班级刷卡,20人,学习机托管,美林银谷智慧空间,2026-08-22,8,12,初二数学
"智慧学习部",数学,数学,数学,SXZH8A27059,SX暑假智慧学习空间8B,学习机托管八年级数学暑假B1服务,通用,10,10,1200,1200,120.0,"	0.00",B1,B1,B体系,B体系,学习机托管八年级数学暑假B1服务,SX暑假智慧学习空间8B,否,,连季续,初二,八年级,八年级,2000.00,莫富虹(441056),,暑假,暑假,正常,2026-08-12,2026-08-12,已审核,"走读,在线","常规面授,在线录播",在线录播,智慧学习机,20,2026-03-24,每天13:50-15:50(上五休一）,"有教材,开课前领取",2026-08-22,8,学习机托管(智慧),梅溪湖旗舰店202教室,梅溪湖旗舰店202教室,班级刷卡,20人,学习机托管,梅溪湖旗舰店教学区,2026-08-22,8,12,初二数学
"智慧学习部",语文,语文,语文,YWZH7A270006,YW暑假智慧学习空间7B,学习机托管七年级语文暑假B1服务,通用,12,12,1440,1440,120.0,"	0.00",B1,B1,B体系,B体系,学习机托管七年级语文暑假B1服务,YW暑假智慧学习空间7B,否,,连季续,初一,七年级,七年级,2400.00,罗丹(701209),,暑假,暑假,正常,2026-08-12,2026-08-12,已审核,"走读,在线","常规面授,在线录播",在线录播,智慧学习机,20,2025-12-19,每天08:30-10:30,"有教材,开课前领取",2026-08-23,10,学习机托管(智慧),井湾子08自习室,井湾子08自习室,班级刷卡,20人,学习机托管,井湾子智慧空间,2026-08-23,8,12,初一语文
"智慧学习部",语文,语文,语文,YWZH7A27000168,YW暑假智慧学习空间7B,学习机托管七年级语文暑假B1服务,通用,12,12,1440,1440,120.0,"	0.00",B1,B1,B体系,B体系,学习机托管七年级语文暑假B1服务,YW暑假智慧学习空间7B,否,,连季续,初一,七年级,七年级,2400.00,卢湘林(358181),,暑假,暑假,正常,2026-08-12,2026-08-12,已审核,"走读,在线","常规面授,在线录播",在线录播,智慧学习机,20,2025-12-19,每天13:50-15:50,"有教材,开课前领取",2026-08-23,9,学习机托管(智慧),当代滨江208自习室,当代滨江208自习室,班级刷卡,20人,学习机托管,当代滨江智慧空间,2026-08-23,8,12,初一语文
"智慧学习部",英语,英语,英语,YYZH7A27000112,YY暑假智慧学习空间7A,学习机托管七年级英语暑假A2服务,通用,12,12,1440,1440,120.0,"	0.00",A2,A2,A体系,A体系,学习机托管七年级英语暑假A2服务,YY暑假智慧学习空间7A,否,,连季续,初一,七年级,七年级,2400.00,张乙(724169),,暑假,暑假,正常,2026-08-12,2026-08-12,已审核,"走读,在线","常规面授,在线录播",在线录播,智慧学习机,20,2025-12-19,每天13:50-15:50,"有教材,开课前领取",2026-08-23,18,学习机托管(智慧),井湾子10自习室,井湾子10自习室,班级刷卡,20人,学习机托管,井湾子智慧空间,2026-08-23,8,12,初一英语
"智慧学习部",数学,数学,数学,SXZH7A270100,SX暑假智慧学习空间7A,学习机托管七年级数学暑假A2服务,通用,12,12,1440,1440,120.0,"	0.00",A2,A2,A体系,A体系,学习机托管七年级数学暑假A2服务,SX暑假智慧学习空间7A,否,,连季续,初一,七年级,七年级,2400.00,张浩然(703458),,暑假,暑假,正常,2026-08-12,2026-08-12,已审核,"走读,在线","常规面授,在线录播",在线录播,智慧学习机,20,2026-08-03,每天13:50-15:50,"有教材,开课前领取",2026-08-23,14,学习机托管(智慧),东塘02自习室,东塘02自习室,班级刷卡,20人,学习机托管,东塘智慧空间,2026-08-23,8,12,初一数学
"智慧学习部",数学,数学,数学,SXZH7A27094,SX暑假智慧学习空间7A,学习机托管七年级数学暑假A2服务,通用,12,12,1440,1440,120.0,"	0.00",A2,A2,A体系,A体系,学习机托管七年级数学暑假A2服务,SX暑假智慧学习空间7A,否,,连季续,初一,七年级,七年级,2400.00,朱志超(703457),,暑假,暑假,正常,2026-08-12,2026-08-12,已审核,"走读,在线","常规面授,在线录播",在线录播,智慧学习机,20,2026-04-20,每天10:40-12:40,"有教材,开课前领取",2026-08-23,14,学习机托管(智慧),中信07自习室,中信07自习室,班级刷卡,20人,学习机托管,中信教学区,2026-08-23,8,12,初一数学
"智慧学习部",数学,数学,数学,SXZH7A27023,SX暑假智慧学习空间7A,学习机托管七年级数学暑假A2服务,通用,12,12,1440,1440,120.0,"	0.00",A2,A2,A体系,A体系,学习机托管七年级数学暑假A2服务,SX暑假智慧学习空间7A,否,,连季续,初一,七年级,七年级,2400.00,王哲禹(201112),,暑假,暑假,正常,2026-08-12,2026-08-12,已审核,"走读,在线","常规面授,在线录播",在线录播,智慧学习机,20,2026-03-24,每天13:50-15:50,"有教材,开课前领取",2026-08-23,25,学习机托管(智慧),大润发303教室,大润发303教室,班级刷卡,20人,学习机托管,大润发教学区,2026-08-23,8,12,初一数学
"智慧学习部",物理,物理,物理,OWLZH9A27016,WL暑假智慧学习小组9A,学习机线上九年级物理暑假A2服务,通用,10,10,1200,1200,120.0,"	0.00",A2,A2,A体系,A体系,学习机线上九年级物理暑假A2服务,WL暑假智慧学习小组9A,否,,连季续,中考,九年级,九年级,1650.00,王世雪(350289),,暑假,暑假,正常,2026-08-12,2026-08-12,已审核,在线,在线录播,在线录播,智慧学习机,20,2026-03-24,每天10:40-12:40(上五休一),"有教材,快递配送",2026-08-22,32,学习机线上(智慧),长沙线上课,初中网络虚拟教室2,班级刷卡,24人,学习机线上,网络教学区,2026-08-22,3,3,中考物理
"智慧学习部",语文,语文,语文,YWZH7A27038,YW暑假智慧学习空间7B,学习机托管七年级语文暑假B1服务,通用,12,12,1440,1440,120.0,"	0.00",B1,B1,B体系,B体系,学习机托管七年级语文暑假B1服务,YW暑假智慧学习空间7B,否,,连季续,初一,七年级,七年级,2400.00,谢赛(703453),,暑假,暑假,正常,2026-08-12,2026-08-12,已审核,"走读,在线","常规面授,在线录播",在线录播,智慧学习机,20,2026-03-24,每天13:50-15:50,"有教材,开课前领取",2026-08-23,17,学习机托管(智慧),中信07自习室,中信07自习室,班级刷卡,20人,学习机托管,中信教学区,2026-08-23,8,12,初一语文
"智慧学习部",英语,英语,英语,YYZH8A27023,YY暑假智慧学习空间8A,学习机托管八年级英语暑假A2服务,通用,10,10,1200,1200,120.0,"	0.00",A2,A2,A体系,A体系,学习机托管八年级英语暑假A2服务,YY暑假智慧学习空间8A,否,,连季续,初二,八年级,八年级,2000.00,龙丽建(352029),,暑假,暑假,正常,2026-08-12,2026-08-12,已审核,"走读,在线","常规面授,在线录播",在线录播,智慧学习机,20,2026-03-24,每天08:30-10:30(上五休一）,"有教材,开课前领取",2026-08-22,23,学习机托管(智慧),方圆荟208自习室,方圆荟208自习室,班级刷卡,20人,学习机托管,方圆荟智慧空间,2026-08-22,8,12,初二英语
"智慧学习部",数学,数学,数学,SXZH7A2700088,SX暑假智慧学习空间7A,学习机托管七年级数学暑假A2服务,通用,12,12,1440,1440,120.0,"	0.00",A2,A2,A体系,A体系,学习机托管七年级数学暑假A2服务,SX暑假智慧学习空间7A,否,,连季续,初一,七年级,七年级,2400.00,彭超群(359941),,暑假,暑假,正常,2026-08-12,2026-08-12,已审核,"走读,在线","常规面授,在线录播",在线录播,智慧学习机,20,2025-12-19,每天16:00-18:00,"有教材,开课前领取",2026-08-23,8,学习机托管(智慧),当代滨江203自习室,当代滨江203自习室,班级刷卡,20人,学习机托管,当代滨江智慧空间,2026-08-23,8,12,初一数学
"智慧学习部",英语,英语,英语,YYZH7A27000100,YY暑假智慧学习空间7A,学习机托管七年级英语暑假A2服务,通用,12,12,1440,1440,120.0,"	0.00",A2,A2,A体系,A体系,学习机托管七年级英语暑假A2服务,YY暑假智慧学习空间7A,否,,连季续,初一,七年级,七年级,2400.00,吴雨翾(434114),,暑假,暑假,正常,2026-08-12,2026-08-12,已审核,"走读,在线","常规面授,在线录播",在线录播,智慧学习机,20,2025-12-19,每天16:00-18:00,"有教材,开课前领取",2026-08-23,17,学习机托管(智慧),美林银谷401自习室,美林银谷401自习室,班级刷卡,20人,学习机托管,美林银谷智慧空间,2026-08-23,8,12,初一英语
"智慧学习部",英语,英语,英语,YYZH7A2700096,YY暑假智慧学习空间7A,学习机托管七年级英语暑假A2服务,通用,12,12,1440,1440,120.0,"	0.00",A2,A2,A体系,A体系,学习机托管七年级英语暑假A2服务,YY暑假智慧学习空间7A,否,,连季续,初一,七年级,七年级,2400.00,杨圆圆(612613),,暑假,暑假,正常,2026-08-12,2026-08-12,已审核,"走读,在线","常规面授,在线录播",在线录播,智慧学习机,20,2025-12-19,每天10:40-12:40,"有教材,开课前领取",2026-08-23,13,学习机托管(智慧),当代滨江201自习室,当代滨江201自习室,班级刷卡,20人,学习机托管,当代滨江智慧空间,2026-08-23,8,12,初一英语
"智慧学习部",英语,英语,英语,YYZH7A27089,YY暑假智慧学习空间7A,学习机托管七年级英语暑假A2服务,通用,12,12,1440,1440,120.0,"	0.00",A2,A2,A体系,A体系,学习机托管七年级英语暑假A2服务,YY暑假智慧学习空间7A,否,,连季续,初一,七年级,七年级,2400.00,李琴(703452),,暑假,暑假,正常,2026-08-12,2026-08-12,已审核,"走读,在线","常规面授,在线录播",在线录播,智慧学习机,20,2026-08-03,每天08:30-10:30,"有教材,开课前领取",2026-08-23,21,学习机托管(智慧),东塘03自习室,东塘03自习室,班级刷卡,20人,学习机托管,东塘智慧空间,2026-08-23,8,12,初一英语
"智慧学习部",英语,英语,英语,YYZH7A27086,YY暑假智慧学习空间7A,学习机托管七年级英语暑假A2服务,通用,12,12,1440,1440,120.0,"	0.00",A2,A2,A体系,A体系,学习机托管七年级英语暑假A2服务,YY暑假智慧学习空间7A,否,,连季续,初一,七年级,七年级,2400.00,曹安祁(714078),,暑假,暑假,正常,2026-08-12,2026-08-12,已审核,"走读,在线","常规面授,在线录播",在线录播,智慧学习机,20,2026-07-17,每天08:30-10:30,"有教材,开课前领取",2026-08-23,18,学习机托管(智慧),大润发301教室,大润发301教室,班级刷卡,20人,学习机托管,大润发教学区,2026-08-23,8,12,初一英语
"智慧学习部",物理,物理,物理,WLZH9A27026,WL暑假智慧学习空间9A,学习机托管九年级物理暑假A2服务,通用,10,10,1200,1200,120.0,"	0.00",A2,A2,A体系,A体系,学习机托管九年级物理暑假A2服务,WL暑假智慧学习空间9A,否,,连季续,中考,九年级,九年级,2000.00,马朝阳(438854),,暑假,暑假,正常,2026-08-12,2026-08-12,已审核,"走读,在线","常规面授,在线录播",在线录播,智慧学习机,20,2026-07-17,每天10:40-12:40(上五休一）,"有教材,开课前领取",2026-08-22,20,学习机托管(智慧),大润发304教室,大润发304教室,班级刷卡,20人,学习机托管,大润发教学区,2026-08-22,8,12,中考物理
"智慧学习部",物理,物理,物理,WLZH8A27019,WL暑假智慧学习空间8A,学习机托管八年级物理暑假A2服务,通用,10,10,1200,1200,120.0,"	0.00",A2,A2,A体系,A体系,学习机托管八年级物理暑假A2服务,WL暑假智慧学习空间8A,否,,连季续,初二,八年级,八年级,2000.00,李勇(612624),,暑假,暑假,正常,2026-08-12,2026-08-12,已审核,"走读,在线","常规面授,在线录播",在线录播,智慧学习机,20,2026-03-24,每天08:30-10:30(上五休一),"有教材,开课前领取",2026-08-22,11,学习机托管(智慧),美林银谷403自习室,美林银谷403自习室,班级刷卡,20人,学习机托管,美林银谷智慧空间,2026-08-22,8,12,初二物理
"智慧学习部",英语,英语,英语,YYZH7A27060,YY暑假智慧学习空间7A,学习机托管七年级英语暑假A2服务,通用,12,12,1440,1440,120.0,"	0.00",A2,A2,A体系,A体系,学习机托管七年级英语暑假A2服务,YY暑假智慧学习空间7A,否,,连季续,初一,七年级,七年级,2400.00,刘茂林(416614),,暑假,暑假,正常,2026-08-12,2026-08-12,已审核,"走读,在线","常规面授,在线录播",在线录播,智慧学习机,20,2026-03-24,每天08:30-10:30,"有教材,开课前领取",2026-08-23,15,学习机托管(智慧),梅溪湖旗舰店201教室,梅溪湖旗舰店201教室,班级刷卡,20人,学习机托管,梅溪湖旗舰店教学区,2026-08-23,8,12,初一英语
"智慧学习部",数学,数学,数学,SXZH7A27003,SX暑假智慧学习空间7A,学习机托管七年级数学暑假A2服务,通用,12,12,1440,1440,120.0,"	0.00",A2,A2,A体系,A体系,学习机托管七年级数学暑假A2服务,SX暑假智慧学习空间7A,否,,连季续,初一,七年级,七年级,2400.00,姜晓慧(703462),,暑假,暑假,正常,2026-08-12,2026-08-12,已审核,"走读,在线","常规面授,在线录播",在线录播,智慧学习机,20,2026-03-24,每天10:40-12:40,"有教材,开课前领取",2026-08-23,27,学习机托管(智慧),梅溪湖旗舰店205教室,梅溪湖旗舰店205教室,班级刷卡,20人,学习机托管,梅溪湖旗舰店教学区,2026-08-23,8,12,初一数学
"智慧学习部",数学,数学,数学,SXZH8A27034,SX暑假智慧学习空间8A,学习机托管八年级数学暑假A2服务,通用,10,10,1200,1200,120.0,"	0.00",A2,A2,A体系,A体系,学习机托管八年级数学暑假A2服务,SX暑假智慧学习空间8A,否,,连季续,初二,八年级,八年级,2000.00,田分(441061),,暑假,暑假,正常,2026-08-12,2026-08-12,已审核,"走读,在线","常规面授,在线录播",在线录播,智慧学习机,20,2026-03-24,每天13:50-15:50(上五休一）,"有教材,开课前领取",2026-08-22,20,学习机托管(智慧),大润发301教室,大润发301教室,班级刷卡,20人,学习机托管,大润发教学区,2026-08-22,8,12,初二数学
"智慧学习部",物理,物理,物理,WLZH9A27003,WL暑假智慧学习空间9A,学习机托管九年级物理暑假A2服务,通用,10,10,1200,1200,120.0,"	0.00",A2,A2,A体系,A体系,学习机托管九年级物理暑假A2服务,WL暑假智慧学习空间9A,否,,连季续,中考,九年级,九年级,2000.00,曾婉婷(438819),,暑假,暑假,正常,2026-08-12,2026-08-12,已审核,"走读,在线","常规面授,在线录播",在线录播,智慧学习机,20,2026-03-24,每天10:40-12:40(上五休一）,"有教材,开课前领取",2026-08-22,21,学习机托管(智慧),大润发303教室,大润发303教室,班级刷卡,20人,学习机托管,大润发教学区,2026-08-22,8,12,中考物理
"智慧学习部",数学,数学,数学,SXZH8A27038,SX暑假智慧学习空间8B,学习机托管八年级数学暑假B1服务,通用,10,10,1200,1200,120.0,"	0.00",B1,B1,B体系,B体系,学习机托管八年级数学暑假B1服务,SX暑假智慧学习空间8B,否,,连季续,初二,八年级,八年级,2000.00,田分(441061),,暑假,暑假,正常,2026-08-12,2026-08-12,已审核,"走读,在线","常规面授,在线录播",在线录播,智慧学习机,20,2026-03-24,每天10:40-12:40(上五休一）,"有教材,开课前领取",2026-08-22,23,学习机托管(智慧),大润发305教室,大润发305教室,班级刷卡,20人,学习机托管,大润发教学区,2026-08-22,8,12,初二数学
"智慧学习部",物理,物理,物理,WLZH9A27025,WL暑假智慧学习空间9A,学习机托管九年级物理暑假A2服务,通用,10,10,1200,1200,120.0,"	0.00",A2,A2,A体系,A体系,学习机托管九年级物理暑假A2服务,WL暑假智慧学习空间9A,否,,连季续,中考,九年级,九年级,2000.00,李勇(612624),,暑假,暑假,正常,2026-08-12,2026-08-12,已审核,"走读,在线","常规面授,在线录播",在线录播,智慧学习机,20,2026-04-09,每天16:00-18:00(上五休一),"有教材,开课前领取",2026-08-22,19,学习机托管(智慧),美林银谷403自习室,美林银谷403自习室,班级刷卡,20人,学习机托管,美林银谷智慧空间,2026-08-22,8,12,中考物理
"智慧学习部",物理,物理,物理,WLZH8A27048,WL暑假智慧学习空间8A,学习机托管八年级物理暑假A2服务,通用,10,10,1200,1200,120.0,"	0.00",A2,A2,A体系,A体系,学习机托管八年级物理暑假A2服务,WL暑假智慧学习空间8A,否,,连季续,初二,八年级,八年级,2000.00,罗群(703578),,暑假,暑假,正常,2026-08-12,2026-08-12,已审核,"走读,在线","常规面授,在线录播",在线录播,智慧学习机,20,2026-03-24,每天10:40-12:40(上五休一）,"有教材,开课前领取",2026-08-22,12,学习机托管(智慧),晚报大厦203教室,晚报大厦203教室,班级刷卡,20人,学习机托管,晚报大厦教学区,2026-08-22,8,12,初二物理
"智慧学习部",物理,物理,物理,WLZH8A27043,WL暑假智慧学习空间8A,学习机托管八年级物理暑假A2服务,通用,10,10,1200,1200,120.0,"	0.00",A2,A2,A体系,A体系,学习机托管八年级物理暑假A2服务,WL暑假智慧学习空间8A,否,,连季续,初二,八年级,八年级,2000.00,曾婉婷(438819),,暑假,暑假,正常,2026-08-12,2026-08-12,已审核,"走读,在线","常规面授,在线录播",在线录播,智慧学习机,20,2026-03-24,每天16:00-18:00(上五休一）,"有教材,开课前领取",2026-08-22,25,学习机托管(智慧),大润发303教室,大润发303教室,班级刷卡,20人,学习机托管,大润发教学区,2026-08-22,8,12,初二物理
"智慧学习部",数学,数学,数学,SXZH8A27042,SX暑假智慧学习空间8B,学习机托管八年级数学暑假B1服务,通用,10,10,1200,1200,120.0,"	0.00",B1,B1,B体系,B体系,学习机托管八年级数学暑假B1服务,SX暑假智慧学习空间8B,否,,连季续,初二,八年级,八年级,2000.00,欧阳静仪(612625),,暑假,暑假,正常,2026-08-12,2026-08-12,已审核,"走读,在线","常规面授,在线录播",在线录播,智慧学习机,20,2026-03-24,每天08:30-10:30(上五休一）,"有教材,开课前领取",2026-08-22,18,学习机托管(智慧),当代滨江203自习室,当代滨江203自习室,班级刷卡,20人,学习机托管,当代滨江智慧空间,2026-08-22,8,12,初二数学
"智慧学习部",英语,英语,英语,YYZH9A27002,YY暑假智慧学习空间9A,学习机托管九年级英语暑假A2服务,通用,10,10,1200,1200,120.0,"	0.00",A2,A2,A体系,A体系,学习机托管九年级英语暑假A2服务,YY暑假智慧学习空间9A,否,,连季续,中考,九年级,九年级,2000.00,肖泽楠(441058),,暑假,暑假,正常,2026-08-12,2026-08-12,已审核,"走读,在线","常规面授,在线录播",在线录播,智慧学习机,20,2026-03-24,每天08:30-10:30(上五休一）,"有教材,开课前领取",2026-08-22,22,学习机托管(智慧),大润发306教室,大润发306教室,班级刷卡,20人,学习机托管,大润发教学区,2026-08-22,8,12,中考英语
"智慧学习部",数学,数学,数学,SXZH8A27080,SX暑假智慧学习空间8B,学习机托管八年级数学暑假B1服务,通用,10,10,1200,1200,120.0,"	0.00",B1,B1,B体系,B体系,学习机托管八年级数学暑假B1服务,SX暑假智慧学习空间8B,否,,连季续,初二,八年级,八年级,2000.00,黄江兰(267033),,暑假,暑假,正常,2026-08-12,2026-08-12,已审核,"走读,在线","常规面授,在线录播",在线录播,智慧学习机,20,2026-03-24,每天10:40-12:40(上五休一）,"有教材,开课前领取",2026-08-22,25,学习机托管(智慧),雨花家园401自习室,雨花家园401自习室,班级刷卡,20人,学习机托管,雨花家园智慧空间,2026-08-22,8,12,初二数学
"智慧学习部",数学,数学,数学,SXZH7A2700047,SX暑假智慧学习空间7A,学习机托管七年级数学暑假A2服务,通用,12,12,1440,1440,120.0,"	0.00",A2,A2,A体系,A体系,学习机托管七年级数学暑假A2服务,SX暑假智慧学习空间7A,否,,连季续,初一,七年级,七年级,2400.00,田分(441061),,暑假,暑假,正常,2026-08-12,2026-08-12,已审核,"走读,在线","常规面授,在线录播",在线录播,智慧学习机,20,2025-12-19,每天16:00-18:00,"有教材,开课前领取",2026-08-23,16,学习机托管(智慧),大润发301教室,大润发301教室,班级刷卡,20人,学习机托管,大润发教学区,2026-08-23,8,12,初一数学
"智慧学习部",语文,语文,语文,YWZH7A27000161,YW暑假智慧学习空间7B,学习机托管七年级语文暑假B1服务,通用,12,12,1440,1440,120.0,"	0.00",B1,B1,B体系,B体系,学习机托管七年级语文暑假B1服务,YW暑假智慧学习空间7B,否,,连季续,初一,七年级,七年级,2400.00,李天亮(345590),,暑假,暑假,正常,2026-08-12,2026-08-12,已审核,"走读,在线","常规面授,在线录播",在线录播,智慧学习机,20,2025-12-19,每天16:00-18:00,"有教材,开课前领取",2026-08-23,21,学习机托管(智慧),东塘07自习室,东塘07自习室,班级刷卡,20人,学习机托管,东塘智慧空间,2026-08-23,8,12,初一语文
"智慧学习部",英语,英语,英语,YYZH7A2700083,YY暑假智慧学习空间7B,学习机托管七年级英语暑假B1服务,通用,12,12,1440,1440,120.0,"	0.00",B1,B1,B体系,B体系,学习机托管七年级英语暑假B1服务,YY暑假智慧学习空间7B,否,,连季续,初一,七年级,七年级,2400.00,李琴(703452),,暑假,暑假,正常,2026-08-12,2026-08-12,已审核,"走读,在线","常规面授,在线录播",在线录播,智慧学习机,20,2025-12-19,每天10:40-12:40,"有教材,开课前领取",2026-08-23,23,学习机托管(智慧),东塘07自习室,东塘07自习室,班级刷卡,20人,学习机托管,东塘智慧空间,2026-08-23,8,12,初一英语
"智慧学习部",英语,英语,英语,YYZH7A2700044,YY暑假智慧学习空间7A,学习机托管七年级英语暑假A2服务,通用,12,12,1440,1440,120.0,"	0.00",A2,A2,A体系,A体系,学习机托管七年级英语暑假A2服务,YY暑假智慧学习空间7A,否,,连季续,初一,七年级,七年级,2400.00,李春燕(703446),,暑假,暑假,正常,2026-08-12,2026-08-12,已审核,"走读,在线","常规面授,在线录播",在线录播,智慧学习机,20,2025-12-19,每天08:30-10:30,"有教材,开课前领取",2026-08-23,20,学习机托管(智慧),大润发310教室,大润发310教室,班级刷卡,20人,学习机托管,大润发教学区,2026-08-23,8,12,初一英语
"智慧学习部",数学,数学,数学,SXZH8A27087,SX暑假智慧学习空间8A,学习机托管八年级数学暑假A2服务,通用,10,10,1200,1200,120.0,"	0.00",A2,A2,A体系,A体系,学习机托管八年级数学暑假A2服务,SX暑假智慧学习空间8A,否,,连季续,初二,八年级,八年级,2000.00,刘航基(409435),,暑假,暑假,正常,2026-08-12,2026-08-12,已审核,"走读,在线","常规面授,在线录播",在线录播,智慧学习机,20,2026-05-28,每天10:40-12:40(上五休一）,"有教材,开课前领取",2026-08-22,7,学习机托管(智慧),星沙筑梦自习室9,星沙筑梦自习室9,班级刷卡,20人,学习机托管,星沙筑梦教学区,2026-08-22,8,12,初二数学
"智慧学习部",化学,化学,化学,HXZH9A27002,HX暑假智慧学习空间9A,学习机托管九年级化学暑假A2服务,通用,10,10,1200,1200,120.0,"	0.00",A2,A2,A体系,A体系,学习机托管九年级化学暑假A2服务,HX暑假智慧学习空间9A,否,,连季续,中考,九年级,九年级,2000.00,罗志莉(438844),,暑假,暑假,正常,2026-08-12,2026-08-12,已审核,"走读,在线","常规面授,在线录播",在线录播,智慧学习机,20,2026-05-10,每天08:30-10:30(上五休一）,"有教材,开课前领取",2026-08-22,19,学习机托管(智慧),大润发307教室,大润发307教室,班级刷卡,20人,学习机托管,大润发教学区,2026-08-22,8,10,中考化学
"智慧学习部",物理,物理,物理,WLZH8A27045,WL暑假智慧学习空间8A,学习机托管八年级物理暑假A2服务,通用,10,10,1200,1200,120.0,"	0.00",A2,A2,A体系,A体系,学习机托管八年级物理暑假A2服务,WL暑假智慧学习空间8A,否,,连季续,初二,八年级,八年级,2000.00,曾婉婷(438819),,暑假,暑假,正常,2026-08-12,2026-08-12,已审核,"走读,在线","常规面授,在线录播",在线录播,智慧学习机,20,2026-03-24,每天08:30-10:30(上五休一）,"有教材,开课前领取",2026-08-22,24,学习机托管(智慧),大润发303教室,大润发303教室,班级刷卡,20人,学习机托管,大润发教学区,2026-08-22,8,12,初二物理
"智慧学习部",语文,语文,语文,YWZH7A27028,YW暑假智慧学习空间7B,学习机托管七年级语文暑假B1服务,通用,12,12,1440,1440,120.0,"	0.00",B1,B1,B体系,B体系,学习机托管七年级语文暑假B1服务,YW暑假智慧学习空间7B,否,,连季续,初一,七年级,七年级,2400.00,王秋(703460),,暑假,暑假,正常,2026-08-12,2026-08-12,已审核,"走读,在线","常规面授,在线录播",在线录播,智慧学习机,20,2026-03-24,每天13:50-15:50,"有教材,开课前领取",2026-08-23,17,学习机托管(智慧),北辰自习室04,北辰自习室04,班级刷卡,20人,学习机托管,北辰智慧空间,2026-08-23,8,12,初一语文
"智慧学习部",物理,物理,物理,WLZH8A27031,WL暑假智慧学习空间8A,学习机托管八年级物理暑假A2服务,通用,10,10,1200,1200,120.0,"	0.00",A2,A2,A体系,A体系,学习机托管八年级物理暑假A2服务,WL暑假智慧学习空间8A,否,,连季续,初二,八年级,八年级,2000.00,袁思静(387247),,暑假,暑假,正常,2026-08-12,2026-08-12,已审核,"走读,在线","常规面授,在线录播",在线录播,智慧学习机,20,2026-03-24,每天13:50-15:50(上五休一）,"有教材,开课前领取",2026-08-22,19,学习机托管(智慧),方圆荟203自习室,方圆荟203自习室,班级刷卡,20人,学习机托管,方圆荟智慧空间,2026-08-22,8,12,初二物理
"智慧学习部",英语,英语,英语,YYZH8A27083,YY暑假智慧学习空间8A,学习机托管八年级英语暑假A2服务,通用,10,10,1200,1200,120.0,"	0.00",A2,A2,A体系,A体系,学习机托管八年级英语暑假A2服务,YY暑假智慧学习空间8A,否,,连季续,初二,八年级,八年级,2000.00,韩若萱(612599),,暑假,暑假,正常,2026-08-12,2026-08-12,已审核,"走读,在线","常规面授,在线录播",在线录播,智慧学习机,20,2026-03-24,每天13:50-15:50(上五休一）,"有教材,开课前领取",2026-08-22,17,学习机托管(智慧),中信04自习室,中信04自习室,班级刷卡,20人,学习机托管,中信教学区,2026-08-22,8,12,初二英语
"智慧学习部",英语,英语,英语,OYYZH8A27058,YY暑假智慧学习小组8B,学习机线上八年级英语暑假B1服务,通用,10,10,1200,1200,120.0,"	0.00",B1,B1,B体系,B体系,学习机线上八年级英语暑假B1服务,YY暑假智慧学习小组8B,否,,连季续,初二,八年级,八年级,1650.00,金志红(345591),,暑假,暑假,正常,2026-08-12,2026-08-12,已审核,在线,在线录播,在线录播,智慧学习机,20,2026-03-24,每天10:40-12:40(上五休一）,"有教材,快递配送",2026-08-22,25,学习机线上(智慧),长沙线上课,初中网络虚拟教室2,班级刷卡,24人,学习机线上,网络教学区,2026-08-22,3,3,初二英语
"智慧学习部",数学,数学,数学,SXZH7A2700034,SX暑假智慧学习空间7A,学习机托管七年级数学暑假A2服务,通用,12,12,1440,1440,120.0,"	0.00",A2,A2,A体系,A体系,学习机托管七年级数学暑假A2服务,SX暑假智慧学习空间7A,否,,连季续,初一,七年级,七年级,2400.00,周彦彤(438847),,暑假,暑假,正常,2026-08-12,2026-08-12,已审核,"走读,在线","常规面授,在线录播",在线录播,智慧学习机,20,2025-12-19,每天13:50-15:50,"有教材,开课前领取",2026-08-23,20,学习机托管(智慧),方圆荟207自习室,方圆荟207自习室,班级刷卡,20人,学习机托管,方圆荟智慧空间,2026-08-23,8,12,初一数学
"智慧学习部",英语,英语,英语,YYZH7A27000117,YY暑假智慧学习空间7A,学习机托管七年级英语暑假A2服务,通用,12,12,1440,1440,120.0,"	0.00",A2,A2,A体系,A体系,学习机托管七年级英语暑假A2服务,YY暑假智慧学习空间7A,否,,连季续,初一,七年级,七年级,2400.00,韩若萱(612599),,暑假,暑假,正常,2026-08-12,2026-08-12,已审核,"走读,在线","常规面授,在线录播",在线录播,智慧学习机,20,2025-12-19,每天08:30-10:30,"有教材,开课前领取",2026-08-23,24,学习机托管(智慧),中信04自习室,中信04自习室,班级刷卡,20人,学习机托管,中信教学区,2026-08-23,8,12,初一英语
"智慧学习部",数学,数学,数学,SXZH7A27016,SX暑假智慧学习空间7A,学习机托管七年级数学暑假A2服务,通用,12,12,1440,1440,120.0,"	0.00",A2,A2,A体系,A体系,学习机托管七年级数学暑假A2服务,SX暑假智慧学习空间7A,否,,连季续,初一,七年级,七年级,2400.00,韩晓颖(612622),,暑假,暑假,正常,2026-08-12,2026-08-12,已审核,"走读,在线","常规面授,在线录播",在线录播,智慧学习机,20,2026-03-24,每天16:00-18:00,"有教材,开课前领取",2026-08-23,6,学习机托管(智慧),洋湖卓伯根自习室4,洋湖卓伯根自习室4,班级刷卡,20人,学习机托管,洋湖卓伯根教学区,2026-08-23,8,12,初一数学
"智慧学习部",物理,物理,物理,WLZH8A27010,WL暑假智慧学习空间8A,学习机托管八年级物理暑假A2服务,通用,10,10,1200,1200,120.0,"	0.00",A2,A2,A体系,A体系,学习机托管八年级物理暑假A2服务,WL暑假智慧学习空间8A,否,,连季续,初二,八年级,八年级,2000.00,胡伟涛(209323),,暑假,暑假,正常,2026-08-12,2026-08-12,已审核,"走读,在线","常规面授,在线录播",在线录播,智慧学习机,20,2026-03-24,每天13:50-15:50(上五休一）,"有教材,开课前领取",2026-08-22,19,学习机托管(智慧),洋湖新城309自习室,洋湖新城309自习室,班级刷卡,20人,学习机托管,洋湖新城智慧空间,2026-08-22,8,12,初二物理
"智慧学习部",英语,英语,英语,YYZH7A27019,YY暑假智慧学习空间7A,学习机托管七年级英语暑假A2服务,通用,12,12,1440,1440,120.0,"	0.00",A2,A2,A体系,A体系,学习机托管七年级英语暑假A2服务,YY暑假智慧学习空间7A,否,,连季续,初一,七年级,七年级,2400.00,张丹(164519),,暑假,暑假,正常,2026-08-12,2026-08-12,已审核,"走读,在线","常规面授,在线录播",在线录播,智慧学习机,20,2026-03-24,每天13:50-15:50,"有教材,开课前领取",2026-08-23,10,学习机托管(智慧),洋湖卓伯根自习室4,洋湖卓伯根自习室4,班级刷卡,20人,学习机托管,洋湖卓伯根教学区,2026-08-23,8,12,初一英语
"智慧学习部",数学,数学,数学,SXZH7A27029,SX暑假智慧学习空间7A,学习机托管七年级数学暑假A2服务,通用,12,12,1440,1440,120.0,"	0.00",A2,A2,A体系,A体系,学习机托管七年级数学暑假A2服务,SX暑假智慧学习空间7A,否,,连季续,初一,七年级,七年级,2400.00,杨苗(250201),,暑假,暑假,正常,2026-08-12,2026-08-12,已审核,"走读,在线","常规面授,在线录播",在线录播,智慧学习机,20,2026-03-24,每天10:40-12:40,"有教材,开课前领取",2026-08-23,13,学习机托管(智慧),北辰自习室02,北辰自习室02,班级刷卡,20人,学习机托管,北辰智慧空间,2026-08-23,8,12,初一数学
"智慧学习部",英语,英语,英语,YYZH7A27030,YY暑假智慧学习空间7A,学习机托管七年级英语暑假A2服务,通用,12,12,1440,1440,120.0,"	0.00",A2,A2,A体系,A体系,学习机托管七年级英语暑假A2服务,YY暑假智慧学习空间7A,否,,连季续,初一,七年级,七年级,2400.00,李飞燕(353896),,暑假,暑假,正常,2026-08-12,2026-08-12,已审核,"走读,在线","常规面授,在线录播",在线录播,智慧学习机,20,2026-03-24,每天08:30-10:30,"有教材,开课前领取",2026-08-23,21,学习机托管(智慧),北辰自习室05,北辰自习室05,班级刷卡,20人,学习机托管,北辰智慧空间,2026-08-23,8,12,初一英语
"智慧学习部",数学,数学,数学,SXZH8A27043,SX暑假智慧学习空间8B,学习机托管八年级数学暑假B1服务,通用,10,10,1200,1200,120.0,"	0.00",B1,B1,B体系,B体系,学习机托管八年级数学暑假B1服务,SX暑假智慧学习空间8B,否,,连季续,初二,八年级,八年级,2000.00,朱海文(255788),,暑假,暑假,正常,2026-08-12,2026-08-12,已审核,"走读,在线","常规面授,在线录播",在线录播,智慧学习机,20,2026-03-24,每天16:00-18:00(上五休一）,"有教材,开课前领取",2026-08-22,24,学习机托管(智慧),东塘211教室,东塘211教室,班级刷卡,20人,学习机托管,东塘教学区,2026-08-22,8,12,初二数学
"智慧学习部",数学,数学,数学,SXZH9A27008,SX暑假智慧学习空间9B,学习机托管九年级数学暑假B1服务,通用,10,10,1200,1200,120.0,"	0.00",B1,B1,B体系,B体系,学习机托管九年级数学暑假B1服务,SX暑假智慧学习空间9B,否,,连季续,中考,九年级,九年级,2000.00,刘景荣(345593),,暑假,暑假,正常,2026-08-12,2026-08-12,已审核,"走读,在线","常规面授,在线录播",在线录播,智慧学习机,20,2026-03-24,每天16:00-18:00(上五休一）,"有教材,开课前领取",2026-08-22,23,学习机托管(智慧),东塘05自习室,东塘05自习室,班级刷卡,20人,学习机托管,东塘智慧空间,2026-08-22,8,12,中考数学
"智慧学习部",物理,物理,物理,WLZH8A27027,WL暑假智慧学习空间8A,学习机托管八年级物理暑假A2服务,通用,10,10,1200,1200,120.0,"	0.00",A2,A2,A体系,A体系,学习机托管八年级物理暑假A2服务,WL暑假智慧学习空间8A,否,,连季续,初二,八年级,八年级,2000.00,马朝阳(438854),,暑假,暑假,正常,2026-08-12,2026-08-12,已审核,"走读,在线","常规面授,在线录播",在线录播,智慧学习机,20,2026-03-24,每天13:50-15:50(上五休一）,"有教材,开课前领取",2026-08-22,27,学习机托管(智慧),东塘04自习室,东塘04自习室,班级刷卡,20人,学习机托管,东塘智慧空间,2026-08-22,8,12,初二物理
"智慧学习部",英语,英语,英语,YYZH9A27010,YY暑假智慧学习空间9B,学习机托管九年级英语暑假B1服务,通用,10,10,1200,1200,120.0,"	0.00",B1,B1,B体系,B体系,学习机托管九年级英语暑假B1服务,YY暑假智慧学习空间9B,否,,连季续,中考,九年级,九年级,2000.00,刘佳怡(457085),,暑假,暑假,正常,2026-08-12,2026-08-12,已审核,"走读,在线","常规面授,在线录播",在线录播,智慧学习机,20,2026-03-24,每天13:50-15:50(上五休一）,"有教材,开课前领取",2026-08-22,21,学习机托管(智慧),东塘211教室,东塘211教室,班级刷卡,20人,学习机托管,东塘教学区,2026-08-22,8,12,中考英语
"智慧学习部",数学,数学,数学,SXZH8A27039,SX暑假智慧学习空间8B,学习机托管八年级数学暑假B1服务,通用,10,10,1200,1200,120.0,"	0.00",B1,B1,B体系,B体系,学习机托管八年级数学暑假B1服务,SX暑假智慧学习空间8B,否,,连季续,初二,八年级,八年级,2000.00,肖绚(408382),,暑假,暑假,正常,2026-08-12,2026-08-12,已审核,"走读,在线","常规面授,在线录播",在线录播,智慧学习机,20,2026-03-24,每天08:30-10:30(上五休一）,"有教材,开课前领取",2026-08-22,23,学习机托管(智慧),大润发302教室,大润发302教室,班级刷卡,20人,学习机托管,大润发教学区,2026-08-22,8,12,初二数学
"智慧学习部",英语,英语,英语,YYZH8A27085,YY暑假智慧学习空间8C,学习机托管八年级英语暑假B2服务（C+）,通用,10,10,1200,1200,120.0,"	0.00",B2,B2,B体系,B体系,学习机托管八年级英语暑假B2服务,YY暑假智慧学习空间8C,否,,连季续,初二,八年级,八年级,2400.00,夏郁芳(142108),,暑假,暑假,正常,2026-08-12,2026-08-12,已审核,"走读,在线","常规面授,在线录播",在线录播,智慧学习机,20,2026-04-09,每天13:50-15:50(上五休一),"有教材,开课前领取",2026-08-22,12,学习机托管(智慧),东塘212教室,东塘212教室,班级刷卡,20人,学习机托管,东塘教学区,2026-08-22,8,12,初二英语
"智慧学习部",语文,语文,语文,YWZH7A27022,YW暑假智慧学习空间7B,学习机托管七年级语文暑假B1服务,通用,12,12,1440,1440,120.0,"	0.00",B1,B1,B体系,B体系,学习机托管七年级语文暑假B1服务,YW暑假智慧学习空间7B,否,,连季续,初一,七年级,七年级,2400.00,陈舒颖(703443),,暑假,暑假,正常,2026-08-12,2026-08-12,已审核,"走读,在线","常规面授,在线录播",在线录播,智慧学习机,20,2026-03-24,每天10:40-12:40,"有教材,开课前领取",2026-08-23,24,学习机托管(智慧),大润发310教室,大润发310教室,班级刷卡,20人,学习机托管,大润发教学区,2026-08-23,8,12,初一语文
"智慧学习部",英语,英语,英语,YYZH7A27025,YY暑假智慧学习空间7A,学习机托管七年级英语暑假A2服务,通用,12,12,1440,1440,120.0,"	0.00",A2,A2,A体系,A体系,学习机托管七年级英语暑假A2服务,YY暑假智慧学习空间7A,否,,连季续,初一,七年级,七年级,2400.00,曹安祁(714078),,暑假,暑假,正常,2026-08-12,2026-08-12,已审核,"走读,在线","常规面授,在线录播",在线录播,智慧学习机,20,2026-03-24,每天10:40-12:40,"有教材,开课前领取",2026-08-23,22,学习机托管(智慧),大润发301教室,大润发301教室,班级刷卡,20人,学习机托管,大润发教学区,2026-08-23,8,12,初一英语
"智慧学习部",英语,英语,英语,YYZH8A27003,YY暑假智慧学习空间8A,学习机托管八年级英语暑假A2服务,通用,10,10,1200,1200,120.0,"	0.00",A2,A2,A体系,A体系,学习机托管八年级英语暑假A2服务,YY暑假智慧学习空间8A,否,,连季续,初二,八年级,八年级,2000.00,雷小琴(457389),,暑假,暑假,正常,2026-08-12,2026-08-12,已审核,"走读,在线","常规面授,在线录播",在线录播,智慧学习机,20,2026-03-24,每天10:40-12:40(上五休一）,"有教材,开课前领取",2026-08-22,16,学习机托管(智慧),大润发307教室,大润发307教室,班级刷卡,20人,学习机托管,大润发教学区,2026-08-22,8,12,初二英语
"智慧学习部",英语,英语,英语,OYYZH9A27032,YY暑假智慧学习小组9A,学习机线上九年级英语暑假A2服务,通用,10,10,1200,1200,120.0,"	0.00",A2,A2,A体系,A体系,学习机线上九年级英语暑假A2服务,YY暑假智慧学习小组9A,否,,连季续,中考,九年级,九年级,1650.00,段薇薇(612595),,暑假,暑假,正常,2026-08-12,2026-08-12,已审核,在线,在线录播,在线录播,智慧学习机,20,2026-03-24,每天16:00-18:00(上五休一）,"有教材,快递配送",2026-08-22,22,学习机线上(智慧),长沙线上课,初中网络虚拟教室2,班级刷卡,24人,学习机线上,网络教学区,2026-08-22,3,3,中考英语
"智慧学习部",英语,英语,英语,YYZH9A27001,YY暑假智慧学习空间9C,学习机托管九年级英语暑假B2服务（C+）,通用,10,10,1200,1200,120.0,"	0.00",B2,B2,B体系,B体系,学习机托管九年级英语暑假B2服务,YY暑假智慧学习空间9C,否,,连季续,中考,九年级,九年级,2000.00,雷小琴(457389),,暑假,暑假,正常,2026-08-12,2026-08-12,已审核,"走读,在线","常规面授,在线录播",在线录播,智慧学习机,20,2026-03-24,每天13:50-15:50(上五休一）,"有教材,开课前领取",2026-08-22,12,学习机托管(智慧),大润发307教室,大润发307教室,班级刷卡,20人,学习机托管,大润发教学区,2026-08-22,8,12,中考英语
"智慧学习部",数学,数学,数学,SXZH8A27076,SX暑假智慧学习空间8B,学习机托管八年级数学暑假B1服务,通用,10,10,1200,1200,120.0,"	0.00",B1,B1,B体系,B体系,学习机托管八年级数学暑假B1服务,SX暑假智慧学习空间8B,否,,连季续,初二,八年级,八年级,2000.00,屈文隽(422968),,暑假,暑假,正常,2026-08-12,2026-08-12,已审核,"走读,在线","常规面授,在线录播",在线录播,智慧学习机,20,2026-03-24,每天08:30-10:30(上五休一）,"有教材,开课前领取",2026-08-22,21,学习机托管(智慧),洋湖新城303自习室,洋湖新城303自习室,班级刷卡,20人,学习机托管,洋湖新城智慧空间,2026-08-22,8,12,初二数学
"智慧学习部",语文,语文,语文,YWZH7A27000142,YW暑假智慧学习空间7B,学习机托管七年级语文暑假B1服务,通用,12,12,1440,1440,120.0,"	0.00",B1,B1,B体系,B体系,学习机托管七年级语文暑假B1服务,YW暑假智慧学习空间7B,否,,连季续,初一,七年级,七年级,2400.00,陈舒颖(703443),,暑假,暑假,正常,2026-08-12,2026-08-12,已审核,"走读,在线","常规面授,在线录播",在线录播,智慧学习机,20,2025-12-19,每天13:50-15:50,"有教材,开课前领取",2026-08-23,21,学习机托管(智慧),大润发310教室,大润发310教室,班级刷卡,20人,学习机托管,大润发教学区,2026-08-23,8,12,初一语文
"智慧学习部",语文,语文,语文,YWZH7A27000129,YW暑假智慧学习空间7B,学习机托管七年级语文暑假B1服务,通用,12,12,1440,1440,120.0,"	0.00",B1,B1,B体系,B体系,学习机托管七年级语文暑假B1服务,YW暑假智慧学习空间7B,否,,连季续,初一,七年级,七年级,2400.00,曹颖(425260),,暑假,暑假,正常,2026-08-12,2026-08-12,已审核,"走读,在线","常规面授,在线录播",在线录播,智慧学习机,20,2025-12-19,每天08:30-10:30,"有教材,开课前领取",2026-08-23,14,学习机托管(智慧),方圆荟201自习室,方圆荟201自习室,班级刷卡,20人,学习机托管,方圆荟智慧空间,2026-08-23,8,12,初一语文
"智慧学习部",英语,英语,英语,YYZH7A2700023,YY暑假智慧学习空间7A,学习机托管七年级英语暑假A2服务,通用,12,12,1440,1440,120.0,"	0.00",A2,A2,A体系,A体系,学习机托管七年级英语暑假A2服务,YY暑假智慧学习空间7A,否,,连季续,初一,七年级,七年级,2400.00,李轶(705851),,暑假,暑假,正常,2026-08-12,2026-08-12,已审核,"走读,在线","常规面授,在线录播",在线录播,智慧学习机,20,2025-12-19,每天10:40-12:40,"有教材,开课前领取",2026-08-23,19,学习机托管(智慧),方圆荟202自习室,方圆荟202自习室,班级刷卡,20人,学习机托管,方圆荟智慧空间,2026-08-23,8,12,初一英语
"智慧学习部",数学,数学,数学,SXZH9A27019,SX暑假智慧学习空间9B,学习机托管九年级数学暑假B1服务,通用,10,10,1200,1200,120.0,"	0.00",B1,B1,B体系,B体系,学习机托管九年级数学暑假B1服务,SX暑假智慧学习空间9B,否,,连季续,中考,九年级,九年级,2000.00,李璐骏(431369),,暑假,暑假,正常,2026-08-12,2026-08-12,已审核,"走读,在线","常规面授,在线录播",在线录播,智慧学习机,20,2026-03-24,每天10:40-12:40(上五休一）,"有教材,开课前领取",2026-08-22,23,学习机托管(智慧),美林银谷406自习室,美林银谷406自习室,班级刷卡,20人,学习机托管,美林银谷智慧空间,2026-08-22,8,12,中考数学
"智慧学习部",数学,数学,数学,SXZH9A27018,SX暑假智慧学习空间9A,学习机托管九年级数学暑假A2服务,通用,10,10,1200,1200,120.0,"	0.00",A2,A2,A体系,A体系,学习机托管九年级数学暑假A2服务,SX暑假智慧学习空间9A,否,,连季续,中考,九年级,九年级,2000.00,李璐骏(431369),,暑假,暑假,正常,2026-08-12,2026-08-12,已审核,"走读,在线","常规面授,在线录播",在线录播,智慧学习机,20,2026-03-24,每天16:00-18:00(上五休一）,"有教材,开课前领取",2026-08-22,23,学习机托管(智慧),美林银谷406自习室,美林银谷406自习室,班级刷卡,20人,学习机托管,美林银谷智慧空间,2026-08-22,8,12,中考数学
"智慧学习部",语文,语文,语文,YWZH8A27006,YW暑假智慧学习空间8A,学习机托管八年级语文暑假A2服务,通用,10,10,1200,1200,120.0,"	0.00",A2,A2,A体系,A体系,学习机托管八年级语文暑假A2服务,YW暑假智慧学习空间8A,否,,连季续,初二,八年级,八年级,2000.00,卢湘林(358181),,暑假,暑假,正常,2026-08-12,2026-08-12,已审核,"走读,在线","常规面授,在线录播",在线录播,智慧学习机,20,2026-03-24,每天10:40-12:40(上五休一）,"有教材,开课前领取",2026-08-22,24,学习机托管(智慧),当代滨江208自习室,当代滨江208自习室,班级刷卡,20人,学习机托管,当代滨江智慧空间,2026-08-22,8,12,初二语文
"智慧学习部",语文,语文,语文,YWZH8A27002,YW暑假智慧学习空间8A,学习机托管八年级语文暑假A2服务,通用,10,10,1200,1200,120.0,"	0.00",A2,A2,A体系,A体系,学习机托管八年级语文暑假A2服务,YW暑假智慧学习空间8A,否,,连季续,初二,八年级,八年级,2000.00,施石莲(612601),,暑假,暑假,正常,2026-08-12,2026-08-12,已审核,"走读,在线","常规面授,在线录播",在线录播,智慧学习机,20,2026-03-24,每天08:30-10:30(上五休一）,"有教材,开课前领取",2026-08-22,21,学习机托管(智慧),大润发305教室,大润发305教室,班级刷卡,20人,学习机托管,大润发教学区,2026-08-22,8,12,初二语文
"智慧学习部",英语,英语,英语,YYZH7A27002,YY暑假智慧学习空间7A,学习机托管七年级英语暑假A2服务,通用,12,12,1440,1440,120.0,"	0.00",A2,A2,A体系,A体系,学习机托管七年级英语暑假A2服务,YY暑假智慧学习空间7A,否,,连季续,初一,七年级,七年级,2400.00,邓莹(703450),,暑假,暑假,正常,2026-08-12,2026-08-12,已审核,"走读,在线","常规面授,在线录播",在线录播,智慧学习机,20,2026-03-24,每天08:30-10:30,"有教材,开课前领取",2026-08-23,22,学习机托管(智慧),梅溪湖旗舰店203教室,梅溪湖旗舰店203教室,班级刷卡,20人,学习机托管,梅溪湖旗舰店教学区,2026-08-23,8,12,初一英语
"智慧学习部",英语,英语,英语,YYZH8A27037,YY暑假智慧学习空间8A,学习机托管八年级英语暑假A2服务,通用,10,10,1200,1200,120.0,"	0.00",A2,A2,A体系,A体系,学习机托管八年级英语暑假A2服务,YY暑假智慧学习空间8A,否,,连季续,初二,八年级,八年级,2000.00,袁怡敏(441051),,暑假,暑假,正常,2026-08-12,2026-08-12,已审核,"走读,在线","常规面授,在线录播",在线录播,智慧学习机,20,2026-03-24,每天08:30-10:30(上五休一）,"有教材,开课前领取",2026-08-22,22,学习机托管(智慧),井湾子06自习室,井湾子06自习室,班级刷卡,20人,学习机托管,井湾子智慧空间,2026-08-22,8,12,初二英语
"智慧学习部",英语,英语,英语,YYZH8A27004,YY暑假智慧学习空间8A,学习机托管八年级英语暑假A2服务,通用,10,10,1200,1200,120.0,"	0.00",A2,A2,A体系,A体系,学习机托管八年级英语暑假A2服务,YY暑假智慧学习空间8A,否,,连季续,初二,八年级,八年级,2000.00,周凯文(248308),,暑假,暑假,正常,2026-08-12,2026-08-12,已审核,"走读,在线","常规面授,在线录播",在线录播,智慧学习机,20,2026-03-24,每天16:00-18:00(上五休一）,"有教材,开课前领取",2026-08-22,25,学习机托管(智慧),大润发309教室,大润发309教室,班级刷卡,20人,学习机托管,大润发教学区,2026-08-22,8,12,初二英语
"智慧学习部",数学,数学,数学,SXZH8A27045,SX暑假智慧学习空间8A,学习机托管八年级数学暑假A2服务,通用,10,10,1200,1200,120.0,"	0.00",A2,A2,A体系,A体系,学习机托管八年级数学暑假A2服务,SX暑假智慧学习空间8A,否,,连季续,初二,八年级,八年级,2000.00,周彦彤(438847),,暑假,暑假,正常,2026-08-12,2026-08-12,已审核,"走读,在线","常规面授,在线录播",在线录播,智慧学习机,20,2026-03-24,每天10:40-12:40(上五休一）,"有教材,开课前领取",2026-08-22,24,学习机托管(智慧),方圆荟207自习室,方圆荟207自习室,班级刷卡,20人,学习机托管,方圆荟智慧空间,2026-08-22,8,12,初二数学
"智慧学习部",语文,语文,语文,YWZH8A27004,YW暑假智慧学习空间8A,学习机托管八年级语文暑假A2服务,通用,10,10,1200,1200,120.0,"	0.00",A2,A2,A体系,A体系,学习机托管八年级语文暑假A2服务,YW暑假智慧学习空间8A,否,,连季续,初二,八年级,八年级,2000.00,施石莲(612601),,暑假,暑假,正常,2026-08-12,2026-08-12,已审核,"走读,在线","常规面授,在线录播",在线录播,智慧学习机,20,2026-03-24,每天13:50-15:50(上五休一）,"有教材,开课前领取",2026-08-22,19,学习机托管(智慧),大润发305教室,大润发305教室,班级刷卡,20人,学习机托管,大润发教学区,2026-08-22,8,12,初二语文
"智慧学习部",语文,语文,语文,YWZH8A27028,YW暑假智慧学习空间8A,学习机托管八年级语文暑假A2服务,通用,10,10,1200,1200,120.0,"	0.00",A2,A2,A体系,A体系,学习机托管八年级语文暑假A2服务,YW暑假智慧学习空间8A,否,,连季续,初二,八年级,八年级,2000.00,郑雅雯(354670),,暑假,暑假,正常,2026-08-12,2026-08-12,已审核,"走读,在线","常规面授,在线录播",在线录播,智慧学习机,20,2026-03-24,每天16:00-18:00(上五休一）,"有教材,开课前领取",2026-08-22,21,学习机托管(智慧),雨花家园409自习室,雨花家园409自习室,班级刷卡,20人,学习机托管,雨花家园智慧空间,2026-08-22,8,12,初二语文
"智慧学习部",物理,物理,物理,WLZH9A27005,WL暑假智慧学习空间9C,学习机托管九年级物理暑假B2服务（C+）,通用,10,10,1200,1200,120.0,"	0.00",B2,B2,B体系,B体系,学习机托管九年级物理暑假B2服务,WL暑假智慧学习空间9S+,否,,连季续,中考,九年级,九年级,2000.00,胡伟涛(209323),,暑假,暑假,正常,2026-08-12,2026-08-12,已审核,"走读,在线","常规面授,在线录播",在线录播,智慧学习机,20,2026-03-24,每天16:00-18:00(上五休一）,"有教材,开课前领取",2026-08-22,5,学习机托管(智慧),东塘04自习室,东塘04自习室,班级刷卡,20人,学习机托管,东塘智慧空间,2026-08-21,8,12,中考物理
"智慧学习部",英语,英语,英语,YYZH8A27027,YY暑假智慧学习空间8B,学习机托管八年级英语暑假B1服务,通用,10,10,1200,1200,120.0,"	0.00",B1,B1,B体系,B体系,学习机托管八年级英语暑假B1服务,YY暑假智慧学习空间8B,否,,连季续,初二,八年级,八年级,2000.00,钱宇亮(438747),,暑假,暑假,正常,2026-08-12,2026-08-12,已审核,"走读,在线","常规面授,在线录播",在线录播,智慧学习机,20,2026-03-24,每天16:00-18:00(上五休一）,"有教材,开课前领取",2026-08-22,10,学习机托管(智慧),方圆荟210自习室,方圆荟210自习室,班级刷卡,20人,学习机托管,方圆荟智慧空间,2026-08-22,8,12,初二英语
"智慧学习部",语文,语文,语文,YWZH7A27050,YW暑假智慧学习空间7B,学习机托管七年级语文暑假B1服务,通用,12,12,1440,1440,120.0,"	0.00",B1,B1,B体系,B体系,学习机托管七年级语文暑假B1服务,YW暑假智慧学习空间7B,否,,连季续,初一,七年级,七年级,2400.00,刘怡(262415),,暑假,暑假,正常,2026-08-12,2026-08-12,已审核,"走读,在线","常规面授,在线录播",在线录播,智慧学习机,20,2026-03-24,每天13:50-15:50,"有教材,开课前领取",2026-08-23,24,学习机托管(智慧),梅溪湖旗舰店208教室,梅溪湖旗舰店208教室,班级刷卡,20人,学习机托管,梅溪湖旗舰店教学区,2026-08-23,8,12,初一语文
"素养智学部",双语故事表演,双语故事表演,双语故事表演,PM327A0181,双语绘本3B（暑）,双语故事表演L3暑假B2班,通用,10,10,1100,1100,110.0,"	0.00",L3,L3,常规体系,常规体系,双语故事表演L3暑假B2班,三年级双语故事表演暑假L3班,否,,连季续,三年级,三年级,三年级,2000.00,高灿(354326),,暑假,暑假,正常,2026-08-18,2026-08-18,已审核,走读,常规面授,常规面授,,15,2026-03-10,每天08:30-10:20(上5休1),"有教材,开课前领取",2026-08-28,8,素养素质(智学),吉联mall307教室,吉联mall307教室,班级刷卡,15人,素养,吉联mall教学区,2026-08-27,10,12,分级阅读3
"素养智学部",脑力与思维,脑力与思维,脑力与思维,SW227A0034,脑力思维2B（暑）,脑力与思维L2暑假B1班,通用,10,1,1100,110,110.0,"	0.00",L2,L2,常规体系,常规体系,脑力与思维L2暑假B1班,二年级脑力与思维暑假L2班,否,,连季续,二年级,二年级,二年级,2100.00,陈炣均(706984),,暑假,暑假,正常,2026-08-18,2026-08-18,已审核,走读,常规面授,常规面授,,0,2026-03-10,每天13:50-15:40(上5休1),"有教材,开课前领取",2026-08-18,0,素养素质(智学),吉联mall306教室,吉联mall306教室,班级刷卡,15人,素养,吉联mall教学区,2026-08-28,10,12,思维2
"素养智学部",英语,英语,英语,YYZH4A0485,双语智慧4A（暑）,四年级英语暑假B1服务（默认A）,通用,10,10,1200,1200,120.0,"	0.00",TG,TG,常规体系,常规体系,四年级英语暑假B1服务,四年级英语A暑假智慧学习空间,否,,连季续,四年级,四年级,四年级,2000.00,曾璐(035842),,暑假,暑假,正常,2026-08-18,2026-08-18,已审核,"走读,在线","常规面授,在线录播",在线录播,智慧学习机,19,2026-04-14,每天16:00-18:00(上5休1）,"有教材,开课前领取",2026-08-28,19,学习机托管(智学),方圆荟309教室,方圆荟309教室,班级刷卡,20人,学习机托管,方圆荟智慧空间,2026-08-28,12,12,四年级英语
"素养智学部",脑力与思维,脑力与思维,脑力与思维,SW227A0037,脑力思维2B（暑）,脑力与思维L2暑假B1班,通用,10,10,1100,1100,110.0,"	0.00",L2,L2,常规体系,常规体系,脑力与思维L2暑假B1班,二年级脑力与思维暑假L2班,否,,连季续,二年级,二年级,二年级,2100.00,张需琴(202585),,暑假,暑假,正常,2026-08-18,2026-08-18,已审核,走读,常规面授,常规面授,,16,2026-03-31,每天13:50-15:40(上5休1),"有教材,开课前领取",2026-08-28,15,素养素质(智学),梅岭国际207教室,梅岭国际207教室,班级刷卡,15人,素养,梅岭国际教学区,2026-08-28,10,12,思维2
"高中班级部",物理,物理,物理,GRWLA600,高二物理暑假精进班,十一年级物理暑假A2班（面授）,通用,14,14,1680,1680,120.0,"	0.00",A2,A2,A体系,A体系,十一年级物理暑假A2班,高二物理暑假精进班,否,,连季续,高二,十一年级,高二,2660.00,桂林(457816),,暑假,暑假,正常,2026-08-06,2026-08-06,已审核,走读,常规面授,常规面授,,25,2025-12-15,16:00-18:00,"有教材,开课前领取",2026-08-20,28,高中部,沁园春307教室,沁园春307教室,班级刷卡,25人,本地班课,沁园春教学区,2026-08-20,10,15,高二物理
"高中班级部",英语,英语,英语,GRA1016,高二英语暑假精进班,十一年级英语暑假A2班（面授）,通用,14,14,1680,1680,120.0,"	0.00",A2,A2,A体系,A体系,十一年级英语暑假A2班,高二英语暑假精进班,否,,连季续,高二,十一年级,高二,2660.00,杨令(381520),,暑假,暑假,正常,2026-08-06,2026-08-06,已审核,走读,常规面授,常规面授,,25,2025-12-15,13:40-15:40,"有教材,开课前领取",2026-08-20,31,高中部,雨花家园507教室,雨花家园507教室,班级刷卡,25人,本地班课,雨花家园教学区,2026-08-20,10,15,高二英语
"高中班级部",英语,英语,英语,GRA1015,高二英语暑假精进班,十一年级英语暑假A2班（面授）,通用,14,14,1680,1680,120.0,"	0.00",A2,A2,A体系,A体系,十一年级英语暑假A2班,高二英语暑假精进班,否,,连季续,高二,十一年级,高二,2660.00,张春阳(144617),,暑假,暑假,正常,2026-08-06,2026-08-06,已审核,走读,常规面授,常规面授,,25,2025-12-15,10:20-12:20,"有教材,开课前领取",2026-08-20,28,高中部,梅溪湖210教室,梅溪湖210教室,班级刷卡,25人,本地班课,梅溪湖教学区,2026-08-20,10,15,高二英语
"高中班级部",物理,物理,物理,GYWLA3485,高一物理暑假精进班,十年级物理暑假A2班（面授）,通用,14,14,1680,1680,120.0,"	0.00",A2,A2,A体系,A体系,十年级物理暑假A2班,高一物理暑假精进班,否,,连季续,高一,十年级,高一,2660.00,李奕昕(704632),,暑假,暑假,正常,2026-08-06,2026-08-06,已审核,走读,常规面授,常规面授,,25,2025-12-15,10:20-12:20,"有教材,开课前领取",2026-08-20,25,高中部,雨花家园504教室,雨花家园504教室,班级刷卡,25人,本地班课,雨花家园教学区,2026-08-20,10,15,高一物理
"高中班级部",物理,物理,物理,GRWLA590,高二物理暑假精进班,十一年级物理暑假A2班（面授）,通用,14,14,1680,1680,120.0,"	0.00",A2,A2,A体系,A体系,十一年级物理暑假A2班,高二物理暑假精进班,否,,连季续,高二,十一年级,高二,2660.00,魏林涛(366368),,暑假,暑假,正常,2026-08-06,2026-08-06,已审核,走读,常规面授,常规面授,,30,2025-12-15,10:20-12:20,"有教材,开课前领取",2026-08-20,36,高中部,湘江世纪城303教室,湘江世纪城303教室,班级刷卡,25人,本地班课,湘江世纪城教学区,2026-08-20,10,15,高二物理
"高中班级部",数学,数学,数学,GKSXA407,高考数学暑假精进班,十二年级数学暑假A2班（面授）,通用,14,14,1680,1680,120.0,"	0.00",A2,A2,A体系,A体系,十二年级数学暑假A2班,高考数学暑假精进班,否,,连季续,高考,十二年级,高考,2800.00,毛雄志(248525),,暑假,暑假,正常,2026-08-06,2026-08-06,已审核,走读,常规面授,常规面授,,25,2025-12-15,13:40-15:40,"有教材,开课前领取",2026-08-20,30,高中部,东塘210教室,东塘210教室,班级刷卡,25人,本地班课,东塘教学区,2026-08-20,10,15,高考数学
"高中班级部",数学,数学,数学,GRSXA755,高二数学暑假精进班,十一年级数学暑假A2班（面授）,通用,14,14,1680,1680,120.0,"	0.00",A2,A2,A体系,A体系,十一年级数学暑假A2班,高二数学暑假精进班,否,,连季续,高二,十一年级,高二,2660.00,陈洁仪(384277),,暑假,暑假,正常,2026-08-06,2026-08-06,已审核,走读,常规面授,常规面授,,35,2025-12-15,"	08:00-10:00","有教材,开课前领取",2026-08-20,41,高中部,湘江世纪城303教室,湘江世纪城303教室,班级刷卡,25人,本地班课,湘江世纪城教学区,2026-08-20,10,15,高二数学
"高中班级部",物理,物理,物理,GRWLA594,高二物理暑假精进班,十一年级物理暑假A2班（面授）,通用,14,14,1680,1680,120.0,"	0.00",A2,A2,A体系,A体系,十一年级物理暑假A2班,高二物理暑假精进班,否,,连季续,高二,十一年级,高二,2660.00,熊科胜(365846),,暑假,暑假,正常,2026-08-06,2026-08-06,已审核,走读,常规面授,常规面授,,25,2025-12-15,16:00-18:00,"有教材,开课前领取",2026-08-20,30,高中部,井湾子220教室,井湾子220教室,班级刷卡,25人,本地班课,井湾子教学区,2026-08-20,10,15,高二物理
"高中班级部",物理,物理,物理,GRWLA591,高二物理暑假精进班,十一年级物理暑假A2班（面授）,通用,14,14,1680,1680,120.0,"	0.00",A2,A2,A体系,A体系,十一年级物理暑假A2班,高二物理暑假精进班,否,,连季续,高二,十一年级,高二,2660.00,任翌芃(198678),,暑假,暑假,正常,2026-08-06,2026-08-06,已审核,走读,常规面授,常规面授,,40,2025-12-15,10:20-12:20,"有教材,开课前领取",2026-08-20,48,高中部,雨花家园507教室,雨花家园507教室,班级刷卡,25人,本地班课,雨花家园教学区,2026-08-20,10,15,高二物理
"高中班级部",数学,数学,数学,GRSXA746,高二数学暑假精进班,十一年级数学暑假A2班（面授）,通用,14,14,1680,1680,120.0,"	0.00",A2,A2,A体系,A体系,十一年级数学暑假A2班,高二数学暑假精进班,否,,连季续,高二,十一年级,高二,2660.00,颜钟铭(620579),,暑假,暑假,正常,2026-08-06,2026-08-06,已审核,走读,常规面授,常规面授,,25,2025-12-15,16:00-18:00,"有教材,开课前领取",2026-08-20,32,高中部,东塘302教室,东塘302教室,班级刷卡,25人,本地班课,东塘教学区,2026-08-20,10,15,高二数学
"高中班级部",数学,数学,数学,GRSXA759,高二数学暑假精进班,十一年级数学暑假A2班（面授）,通用,14,14,1680,1680,120.0,"	0.00",A2,A2,A体系,A体系,十一年级数学暑假A2班,高二数学暑假精进班,否,,连季续,高二,十一年级,高二,2660.00,史航(176464),,暑假,暑假,正常,2026-08-06,2026-08-06,已审核,走读,常规面授,常规面授,,25,2025-12-15,10:20-12:20,"有教材,开课前领取",2026-08-20,33,高中部,井湾子220教室,井湾子220教室,班级刷卡,25人,本地班课,井湾子教学区,2026-08-20,10,15,高二数学
"高中班级部",化学,化学,化学,GRHXA520,高二化学暑假精进班,十一年级化学暑假A2班（面授）,通用,14,14,1680,1680,120.0,"	0.00",A2,A2,A体系,A体系,十一年级化学暑假A2班,高二化学暑假精进班,否,,连季续,高二,十一年级,高二,2660.00,袁彩霞(325482),,暑假,暑假,正常,2026-08-06,2026-08-06,已审核,走读,常规面授,常规面授,,25,2025-12-15,"	08:00-10:00","有教材,开课前领取",2026-08-20,28,高中部,井湾子220教室,井湾子220教室,班级刷卡,25人,本地班课,井湾子教学区,2026-08-20,10,15,高二化学
"高中班级部",数学,数学,数学,GRSXA778,高二数学暑假志高班,十一年级数学暑假B1班（面授）,通用,14,14,1680,1680,120.0,"	0.00",B1,B1,B体系,B体系,十一年级数学暑假B1班,高二数学暑假志高班,否,,连季续,高二,十一年级,高二,2660.00,叶小飞(008984),,暑假,暑假,正常,2026-08-06,2026-08-06,已审核,走读,常规面授,常规面授,,25,2026-03-27,10:20-12:20,"有教材,开课前领取",2026-08-20,25,高中部,东塘中设402教室,东塘中设402教室,班级刷卡,25人,本地班课,东塘中设教学区,2026-08-20,10,15,高二数学
"高中班级部",英语,英语,英语,GRA1014,高二英语暑假志高班,十一年级英语暑假B1班（面授）,通用,14,14,1680,1680,120.0,"	0.00",B1,B1,B体系,B体系,十一年级英语暑假B1班,高二英语暑假志高班,否,,连季续,高二,十一年级,高二,2660.00,方瑞(037833),,暑假,暑假,正常,2026-08-06,2026-08-06,已审核,走读,常规面授,常规面授,,40,2025-12-15,"	08:00-10:00","有教材,开课前领取",2026-08-20,48,高中部,东塘中设401教室,东塘中设401教室,班级刷卡,25人,本地班课,东塘中设教学区,2026-08-20,10,15,高二英语
"高中班级部",英语,英语,英语,GRA1033,高二英语暑假志高班,十一年级英语暑假B1班（面授）,通用,14,14,1680,1680,120.0,"	0.00",B1,B1,B体系,B体系,十一年级英语暑假B1班,高二英语暑假志高班,否,,连季续,高二,十一年级,高二,2660.00,贺伊静(090330),,暑假,暑假,正常,2026-08-06,2026-08-06,已审核,走读,常规面授,常规面授,,28,2025-12-15,"	08:00-10:00","有教材,开课前领取",2026-08-20,33,高中部,东塘301教室,东塘301教室,班级刷卡,25人,本地班课,东塘教学区,2026-08-20,10,15,高二英语
"高中班级部",物理,物理,物理,GRWLA606,高二物理暑假志高班,十一年级物理暑假B1班（面授）,通用,14,14,1680,1680,120.0,"	0.00",B1,B1,B体系,B体系,十一年级物理暑假B1班,高二物理暑假志高班,否,,连季续,高二,十一年级,高二,2660.00,王鹏(331943),,暑假,暑假,正常,2026-08-06,2026-08-06,已审核,走读,常规面授,常规面授,,30,2025-12-15,13:40-15:40,"有教材,开课前领取",2026-08-20,36,高中部,东塘209教室,东塘209教室,班级刷卡,25人,本地班课,东塘教学区,2026-08-20,10,15,高二物理
"高中班级部",化学,化学,化学,GRHXA527,高二化学暑假志高班,十一年级化学暑假B1班（面授）,通用,14,14,1680,1680,120.0,"	0.00",B1,B1,B体系,B体系,十一年级化学暑假B1班,高二化学暑假志高班,否,,连季续,高二,十一年级,高二,2660.00,许富康(108924),,暑假,暑假,正常,2026-08-06,2026-08-06,已审核,走读,常规面授,常规面授,,25,2025-12-15,10:20-12:20,"有教材,开课前领取",2026-08-20,30,高中部,东塘217教室,东塘217教室,班级刷卡,25人,本地班课,东塘教学区,2026-08-20,10,15,高二化学
"高中班级部",数学,数学,数学,GRSXA774,高二数学暑假志高班,十一年级数学暑假B1班（面授）,通用,14,14,1680,1680,120.0,"	0.00",B1,B1,B体系,B体系,十一年级数学暑假B1班,高二数学暑假志高班,否,,连季续,高二,十一年级,高二,2660.00,毛雄志(248525),,暑假,暑假,正常,2026-08-06,2026-08-06,已审核,走读,常规面授,常规面授,,25,2025-12-15,16:00-18:00,"有教材,开课前领取",2026-08-20,29,高中部,东塘210教室,东塘210教室,班级刷卡,25人,本地班课,东塘教学区,2026-08-20,10,15,高二数学
"高中班级部",数学,数学,数学,GYSXA3801,高一数学暑假精进班,十年级数学暑假A2班（面授）,通用,14,14,1680,1680,120.0,"	0.00",A2,A2,A体系,A体系,十年级数学暑假A2班,高一数学暑假精进班,否,,连季续,高一,十年级,高一,2660.00,潘涛(651176),,暑假,暑假,正常,2026-08-06,2026-08-06,已审核,走读,常规面授,常规面授,,25,2025-12-15,13:40-15:40,"有教材,开课前领取",2026-08-20,25,高中部,雨花家园504教室,雨花家园504教室,班级刷卡,25人,本地班课,雨花家园教学区,2026-08-20,10,15,高一数学
"高中班级部",数学,数学,数学,GRSXA757,高二数学暑假精进班,十一年级数学暑假A2班（面授）,通用,14,14,1680,1680,120.0,"	0.00",A2,A2,A体系,A体系,十一年级数学暑假A2班,高二数学暑假精进班,否,,连季续,高二,十一年级,高二,2660.00,潘涛(651176),,暑假,暑假,正常,2026-08-06,2026-08-06,已审核,走读,常规面授,常规面授,,25,2025-12-15,16:00-18:00,"有教材,开课前领取",2026-08-20,27,高中部,雨花家园506教室,雨花家园506教室,班级刷卡,25人,本地班课,雨花家园教学区,2026-08-20,10,15,高二数学
"高中班级部",英语,英语,英语,GYA3754,高一英语暑假精进班,十年级英语暑假A2班（面授）,通用,14,14,1680,1680,120.0,"	0.00",A2,A2,A体系,A体系,十年级英语暑假A2班,高一英语暑假精进班,否,,连季续,高一,十年级,高一,2660.00,杨令(381520),,暑假,暑假,正常,2026-08-06,2026-08-06,已审核,走读,常规面授,常规面授,,25,2025-12-15,"	08:00-10:00","有教材,开课前领取",2026-08-20,22,高中部,雨花家园504教室,雨花家园504教室,班级刷卡,25人,本地班课,雨花家园教学区,2026-08-20,10,15,高一英语
"高中班级部",英语,英语,英语,GYA3776,高一英语暑假精进班,十年级英语暑假A2班（面授）,通用,14,14,1680,1680,120.0,"	0.00",A2,A2,A体系,A体系,十年级英语暑假A2班,高一英语暑假精进班,否,,连季续,高一,十年级,高一,2660.00,陈群(191161),,暑假,暑假,正常,2026-08-06,2026-08-06,已审核,走读,常规面授,常规面授,,25,2025-12-15,13:40-15:40,"有教材,开课前领取",2026-08-20,26,高中部,梅溪湖208教室,梅溪湖208教室,班级刷卡,25人,本地班课,梅溪湖教学区,2026-08-20,10,15,高一英语
"高中班级部",英语,英语,英语,GRA1026,高二英语暑假精进班,十一年级英语暑假A2班（面授）,通用,14,14,1680,1680,120.0,"	0.00",A2,A2,A体系,A体系,十一年级英语暑假A2班,高二英语暑假精进班,否,,连季续,高二,十一年级,高二,2660.00,曾雅洁(054040),,暑假,暑假,正常,2026-08-06,2026-08-06,已审核,走读,常规面授,常规面授,,25,2025-12-15,"	08:00-10:00","有教材,开课前领取",2026-08-20,29,高中部,晚报大厦303教室,晚报大厦303教室,班级刷卡,25人,本地班课,晚报大厦教学区,2026-08-20,10,15,高二英语
"高中班级部",物理,物理,物理,GRWLA596,高二物理暑假精进班,十一年级物理暑假A2班（面授）,通用,14,14,1680,1680,120.0,"	0.00",A2,A2,A体系,A体系,十一年级物理暑假A2班,高二物理暑假精进班,否,,连季续,高二,十一年级,高二,2660.00,徐浪(438298),,暑假,暑假,正常,2026-08-06,2026-08-06,已审核,走读,常规面授,常规面授,,25,2025-12-15,13:40-15:40,"有教材,开课前领取",2026-08-20,30,高中部,晚报大厦303教室,晚报大厦303教室,班级刷卡,25人,本地班课,晚报大厦教学区,2026-08-20,10,15,高二物理
"高中班级部",数学,数学,数学,GRSXA762,高二数学暑假精进班,十一年级数学暑假A2班（面授）,通用,14,14,1680,1680,120.0,"	0.00",A2,A2,A体系,A体系,十一年级数学暑假A2班,高二数学暑假精进班,否,,连季续,高二,十一年级,高二,2660.00,王嘉盛(264065),,暑假,暑假,正常,2026-08-06,2026-08-06,已审核,走读,常规面授,常规面授,,28,2025-12-15,10:20-12:20,"有教材,开课前领取",2026-08-20,33,高中部,晚报大厦303教室,晚报大厦303教室,班级刷卡,25人,本地班课,晚报大厦教学区,2026-08-20,10,15,高二数学
"高中班级部",英语,英语,英语,GKA538,高考英语暑假精进班,十二年级英语暑假A2班（面授）,通用,14,14,1680,1680,120.0,"	0.00",A2,A2,A体系,A体系,十二年级英语暑假A2班,高考英语暑假精进班,否,,连季续,高考,十二年级,高考,2800.00,贺伊静(090330),,暑假,暑假,正常,2026-08-06,2026-08-06,已审核,走读,常规面授,常规面授,,35,2025-12-15,13:40-15:40,"有教材,开课前领取",2026-08-20,43,高中部,东塘301教室,东塘301教室,班级刷卡,25人,本地班课,东塘教学区,2026-08-20,10,15,高考英语
"高中班级部",英语,英语,英语,GKA550,高考英语暑假精进班,十二年级英语暑假A2班（面授）,通用,14,14,1680,1680,120.0,"	0.00",A2,A2,A体系,A体系,十二年级英语暑假A2班,高考英语暑假精进班,否,,连季续,高考,十二年级,高考,2800.00,方瑞(037833),,暑假,暑假,正常,2026-08-06,2026-08-06,已审核,走读,常规面授,常规面授,,30,2026-03-27,10:20-12:20,"有教材,开课前领取",2026-08-19,36,高中部,东塘中设401教室,东塘中设401教室,班级刷卡,25人,本地班课,东塘中设教学区,2026-08-19,10,15,高考英语
"高中班级部",英语,英语,英语,GYA3800,高一英语暑假志高班,十年级英语暑假B1班（面授）,通用,14,14,1680,1680,120.0,"	0.00",B1,B1,B体系,B体系,十年级英语暑假B1班,高一英语暑假志高班,否,,连季续,高一,十年级,高一,2660.00,谭茜(120882),,暑假,暑假,正常,2026-08-06,2026-08-06,已审核,走读,常规面授,常规面授,,25,2026-03-27,10:20-12:20,"有教材,开课前领取",2026-08-19,28,高中部,东塘210教室,东塘210教室,班级刷卡,25人,本地班课,东塘教学区,2026-08-19,10,15,高一英语
"高中班级部",数学,数学,数学,GYSXA3855,高一数学暑假志高班,十年级数学暑假B1班（面授）,通用,14,14,1680,1680,120.0,"	0.00",B1,B1,B体系,B体系,十年级数学暑假B1班,高一数学暑假志高班,否,,连季续,高一,十年级,高一,2660.00,颜钟铭(620579),,暑假,暑假,正常,2026-08-06,2026-08-06,已审核,走读,常规面授,常规面授,,25,2026-03-27,13:40-15:40,"有教材,开课前领取",2026-08-19,31,高中部,东塘216教室,东塘216教室,班级刷卡,25人,本地班课,东塘教学区,2026-08-19,10,15,高一数学
"高中班级部",物理,物理,物理,GKWLA411,高考物理暑假精进班,十二年级物理暑假A2班（面授）,通用,14,14,1680,1680,120.0,"	0.00",A2,A2,A体系,A体系,十二年级物理暑假A2班,高考物理暑假精进班,否,,连季续,高考,十二年级,高考,2800.00,王鹏(331943),,暑假,暑假,正常,2026-08-06,2026-08-06,已审核,走读,常规面授,常规面授,,30,2025-12-15,10:20-12:20,"有教材,开课前领取",2026-08-19,36,高中部,东塘209教室,东塘209教室,班级刷卡,25人,本地班课,东塘教学区,2026-08-19,10,15,高考物理
"素养智学部",脑力与思维,脑力与思维,脑力与思维,SW327A0035,脑力思维3B（暑）,脑力与思维L3暑假B1班,通用,10,10,1100,1100,110.0,"	0.00",L3,L3,常规体系,常规体系,脑力与思维L3暑假B1班,三年级脑力与思维暑假L3班,否,,连季续,三年级,三年级,三年级,2000.00,丁金群(444560),,暑假,暑假,正常,2026-08-18,2026-08-18,已审核,走读,常规面授,常规面授,,20,2026-02-26,每天13:50-15:40(上5休1),"有教材,开课前领取",2026-08-28,20,素养素质(智学),雨花家园205教室,雨花家园205教室,班级刷卡,15人,素养,雨花家园教学区,2026-08-28,10,12,思维3
"素养智学部",双语故事表演,双语故事表演,双语故事表演,PM327A0155,双语绘本3C（暑）,双语故事表演L3暑假B2班,通用,10,10,1100,1100,110.0,"	0.00",L3,L3,常规体系,常规体系,双语故事表演L3暑假B2班,三年级双语故事表演暑假L3班,否,,连季续,三年级,三年级,三年级,2000.00,唐翠萍(468682),,暑假,暑假,正常,2026-08-18,2026-08-18,已审核,走读,常规面授,常规面授,,18,2026-02-26,每天10:40-12:30(上5休1),"有教材,开课前领取",2026-08-28,17,素养素质(智学),八方小区208教室,八方小区208教室,班级刷卡,15人,素养,八方小区教学区,2026-08-28,10,12,分级阅读3
"素养智学部",博文妙笔,博文妙笔,博文妙笔,BW527A0004,博文口才 5（暑）,博文妙笔L5暑假B1班,通用,10,10,1100,1100,110.0,"	0.00",L5,L5,常规体系,常规体系,博文妙笔L5暑假B1班,五年级博文妙笔暑假L5班,否,,连季续,五年级,五年级,五年级,2000.00,张欣(444772),,暑假,暑假,正常,2026-08-18,2026-08-18,已审核,走读,常规面授,常规面授,,20,2026-02-26,每天16:00-17:50(上5休1),"有教材,开课前领取",2026-08-28,20,素养素质(智学),北辰110教室,北辰110教室,班级刷卡,15人,素养,北辰教学区,2026-08-28,10,12,语商表达5
"素养智学部",科创,科创,机器人编程,SZ27AJQ179,机器人S2（暑）,机器人编程S1-4段暑假班,通用,10,10,900,900,90.0,"	0.00",S1,S1,常规体系,常规体系,科创S1-4段暑假班,机器人编程S1-4段暑假班,否,,连季续,S1,S1,S1,1800.00,孙乐(707693),,暑假,暑假,正常,2026-08-18,2026-08-18,已审核,"走读,在线","常规面授,在线直播",在线直播,云教室小班（25人以下）,16,2026-07-07,每天09:00-10:30（上5休1）,"有教材,开课前领取",2026-08-28,15,素养素质(智学),雨花家园201B教室,雨花家园201B教室,班级刷卡,12人,素质,雨花家园教学区,2026-08-28,8,10,机器人编程S2
"素养智学部",博文妙笔,博文妙笔,博文妙笔,BW327A0026,博文口才 3（暑）,博文妙笔L3暑假B1班,通用,10,10,1100,1100,110.0,"	0.00",L3,L3,常规体系,常规体系,博文妙笔L3暑假B1班,三年级博文妙笔暑假L3班,否,,连季续,三年级,三年级,三年级,2000.00,彭娟贵(438806),,暑假,暑假,正常,2026-08-18,2026-08-18,已审核,走读,常规面授,常规面授,,18,2026-02-26,每天14:00-15:50(上5休1),"有教材,开课前领取",2026-08-28,9,素养素质(智学),月亮岛307教室,月亮岛307教室,班级刷卡,15人,素养,月亮岛教学区,2026-08-28,10,12,语商表达3
"素养智学部",双语故事表演,双语故事表演,双语故事表演,PM127A0045,双语绘本1C（暑）,双语故事表演L1暑假B2班,通用,10,10,1100,1100,110.0,"	0.00",L1,L1,常规体系,常规体系,双语故事表演L1暑假B2班,一年级双语故事表演暑假L1班,否,,连季续,一年级,一年级,一年级,2100.00,黎诗丹(661615),,暑假,暑假,正常,2026-08-18,2026-08-18,已审核,走读,常规面授,常规面授,,14,2026-02-26,每天16:00-17:50(上5休1),"有教材,开课前领取",2026-08-28,13,素养素质(智学),星沙筑梦201教室,星沙筑梦201教室,班级刷卡,15人,素养,星沙筑梦教学区,2026-08-28,10,12,分级阅读1
"高中班级部",物理,物理,物理,GYWLA3539,高一物理暑假志高班,十年级物理暑假B1班（面授）,通用,14,14,1680,1680,120.0,"	0.00",B1,B1,B体系,B体系,十年级物理暑假B1班,高一物理暑假志高班,否,,连季续,高一,十年级,高一,2660.00,吴英泽(620416),,暑假,暑假,正常,2026-08-06,2026-08-06,已审核,走读,常规面授,常规面授,,25,2026-03-27,16:00-18:00,"有教材,开课前领取",2026-08-19,20,高中部,东塘216教室,东塘216教室,班级刷卡,25人,本地班课,东塘教学区,2026-08-19,10,15,高一物理
"高中班级部",语文,语文,语文,GYYW371B,新高一语文春季精进班,十年级语文春季下A2班,通用,6,6,720,601,120.0,"	0.00",A2,A2,A体系,A体系,十年级语文春季下A2班,高一语文春季精进班,否,,连季续,高一,十年级,高一,1020.00,盘舟(054061),GYYW371A,春季下,春季,正常,2023-05-14,2023-05-14,已审核,走读,常规面授,常规面授,,30,2023-01-10,周日08:00-10:00,"有教材,开课前领取",2026-08-31,5,高中部,沁园春311教室,沁园春311教室（作废）,班级刷卡,25人,非全日制,沁园春教学区,2026-08-31,10,16,高一语文
"高中班级部",化学,化学,化学,GYHX2223B,新高一化学春季精进班,十年级化学春季下A2班,通用,6,6,720,601,120.0,"	0.00",A2,A2,A体系,A体系,十年级化学春季下A2班,高一化学春季下精进班,否,,连季续,高一,十年级,高一,1020.00,宁诗港(367904),GYHX2223A,春季下,春季下,正常,2023-05-13,2023-05-13,已审核,走读,常规面授,常规面授,,30,2023-01-10,周六15:40-17:40,"有教材,开课前领取",2026-08-31,1,高中部,雨花家园309教室,雨花家园309教室,班级刷卡,25人,非全日制,雨花家园教学区,2026-08-31,10,16,高一化学
"高中班级部",英语,英语,英语,GY3201B,新高一英语春季精进班,十年级英语春季下A2班,通用,6,6,720,601,120.0,"	0.00",A2,A2,A体系,A体系,十年级英语春季下A2班,高一英语春季精进班,否,,连季续,高一,十年级,高一,1020.00,王翔(097481),GY3201A,春季下,春季下,正常,2023-05-14,2023-05-21,已审核,走读,常规面授,常规面授,,30,2023-01-10,周日10:20-12:20,"有教材,开课前领取",2026-08-31,1,高中部,井湾子教学区204教室,井湾子教学区204教室,班级刷卡,25人,非全日制,井湾子教学区,2026-08-31,10,16,高一英语
"高中班级部",数学,数学,数学,GYSX3132B,新高一数学春季精进班,十年级数学春季下A2班,通用,6,6,720,601,120.0,"	0.00",A2,A2,A体系,A体系,十年级数学春季下A2班,高一数学春季下精进班,否,,连季续,高一,十年级,高一,1020.00,何维(196006),GYSX3132A,春季下,春季下,正常,2023-05-14,2023-05-14,已审核,走读,常规面授,常规面授,,30,2023-01-10,周日10:20-12:20,"有教材,开课前领取",2026-08-31,2,高中部,浏城桥516教室（新）,浏城桥516教室（新）,班级刷卡,25人,非全日制,浏城桥教学区,2026-08-31,10,16,高一数学
"素养智学部",英语,英语,英语,YYZH3A0349,双语智慧3A（暑）,三年级英语暑假A1服务（默认A）,通用,10,10,1200,1200,120.0,"	0.00",TG,TG,常规体系,常规体系,三年级英语暑假A1服务,三年级英语A暑假智慧学习空间,否,,连季续,三年级,三年级,三年级,2000.00,方雨菂(596437),,暑假,暑假,正常,2026-08-18,2026-08-18,已审核,"走读,在线","常规面授,在线录播",在线录播,智慧学习机,21,2026-02-27,每天16:00-18:00(上5休1）,"有教材,开课前领取",2026-08-28,21,学习机托管(智学),洋湖新城301自习室,洋湖新城301自习室,班级刷卡,20人,学习机托管,洋湖新城智慧空间,2026-08-28,12,12,三年级英语
"素养智学部",科创,科创,机器人编程,SZ27AJQ064,机器人L1（暑）,机器人编程S3-4段暑假班,通用,10,10,900,900,90.0,"	0.00",S3,S3,常规体系,常规体系,机器人编程S3-4段暑假班,S3机器人编程暑假S3班,否,,连季续,S3,S3,S3,1800.00,饶泽宾(414346),,暑假,暑假,正常,2026-08-18,2026-08-18,已审核,"走读,在线","常规面授,在线直播",在线直播,云教室小班（25人以下）,12,2025-07-31,每天14:00-15:30（上5休1）,"有教材,开课前领取",2026-08-28,11,素养素质(智学),方圆荟302自习室,方圆荟302自习室,班级刷卡,12人,素质,方圆荟智慧空间,2026-08-27,8,10,机器人编程S3
"素养智学部",脑力与思维,脑力与思维,脑力与思维,SW227A0015,脑力思维2B（暑）,脑力与思维L2暑假B1班,通用,10,10,1100,1100,110.0,"	0.00",L2,L2,常规体系,常规体系,脑力与思维L2暑假B1班,二年级脑力与思维暑假L2班,否,,连季续,二年级,二年级,二年级,2100.00,孙天宜(438765),,暑假,暑假,正常,2026-08-18,2026-08-18,已审核,走读,常规面授,常规面授,,16,2026-02-26,每天13:50-15:40(上5休1),"有教材,开课前领取",2026-08-28,13,素养素质(智学),雨花家园209教室,雨花家园209教室,班级刷卡,15人,素养,雨花家园教学区,2026-08-28,10,12,思维2
"素养智学部",双语故事表演,双语故事表演,双语故事表演,PMS327A0041,双语绘本K（暑）,双语故事表演S3暑假B1班,通用,10,10,900,900,90.0,"	0.00",S3,S3,常规体系,常规体系,双语故事表演S3暑假B1班,S3双语故事表演暑假S3班,否,,连季续,S3,S3,S3,1575.00,史好(621266),,暑假,暑假,正常,2026-08-18,2026-08-18,已审核,走读,常规面授,常规面授,,15,2026-02-26,每天18:40-20:10(上5休1),"有教材,开课前领取",2026-08-28,7,素养素质(智学),八一路305教室,八一路305教室,班级刷卡,15人,素养,八一路教学区,2026-08-28,10,12,分级阅读K
"素养智学部",双语故事表演,双语故事表演,双语故事表演,PM127A0724,双语绘本1C+领航班（暑）,双语故事表演L1暑假C1班（C+）,通用,10,10,1100,1100,110.0,"	0.00",L1,L1,常规体系,常规体系,双语故事表演L1暑假C1班,一年级双语故事表演暑假L1班,否,,连季续,一年级,一年级,一年级,2100.00,张亮(438808),,暑假,暑假,正常,2026-08-18,2026-08-18,已审核,走读,常规面授,常规面授,,15,2026-07-23,每天18:40-20:30(上5休1),"有教材,开课前领取",2026-08-28,12,素养素质(智学),八一路311教室,八一路311教室,班级刷卡,15人,素养,八一路教学区,2026-08-28,10,12,分级阅读1
"素养智学部",双语故事表演,双语故事表演,双语故事表演,PM227A0144,双语绘本2C（暑）,双语故事表演L2暑假B2班,通用,10,10,1100,1100,110.0,"	0.00",L2,L2,常规体系,常规体系,双语故事表演L2暑假B2班,二年级双语故事表演暑假L2班,否,,连季续,二年级,二年级,二年级,2100.00,张亮(438808),,暑假,暑假,正常,2026-08-18,2026-08-18,已审核,走读,常规面授,常规面授,,15,2026-02-26,每天13:50-15:40(上5休1),"有教材,开课前领取",2026-08-28,14,素养素质(智学),八一路311教室,八一路311教室,班级刷卡,15人,素养,八一路教学区,2026-08-28,10,12,分级阅读2
"国外考试部",全科,"阅读,写作,听力,口语",,YZG2707A,雅思大学生直通车高级班（A）,雅思大学生直通车高级班（FY26-A）,IELTS直通车,32,48,3840,3840,120.0,"	0.00",IELTS,IELTS,常规体系,常规体系,雅思大学生直通车高级班,雅思大学生直通车高级班,否,,可续,,,,12800.00,宋毅(082653),,暑假,,正常,2026-08-04,2026-08-04,已审核,"走读,在线","常规面授,在线直播",在线直播,云教室小班（25人以下）,9,2025-12-23,"周一至周六08:00-10:00,10:10-12:10,13:30-15:30","有教材,开课前领取",2026-08-21,6,国外考试部,天马,天马V236教室,班级刷卡,6人,国外考试部,天马教学区,2026-08-21,4,5,
"素养智学部",博文妙笔,博文妙笔,博文妙笔,BW327A0013,博文口才 3（暑）,博文妙笔L3暑假B1班,通用,10,10,1100,1100,110.0,"	0.00",L3,L3,常规体系,常规体系,博文妙笔L3暑假B1班,三年级博文妙笔暑假L3班,否,,连季续,三年级,三年级,三年级,2000.00,杨紫薇(365245),,暑假,暑假,正常,2026-08-18,2026-08-18,已审核,走读,常规面授,常规面授,,17,2026-02-26,每天10:40-12:30(上5休1),"有教材,开课前领取",2026-08-28,16,素养素质(智学),月亮岛303教室,月亮岛303教室,班级刷卡,15人,素养,月亮岛教学区,2026-08-28,10,12,语商表达3
"素养智学部",英语,英语,英语,YYZH5A0327,双语智慧5A（暑）,五年级英语暑假B1服务（默认A）,通用,10,10,1200,1200,120.0,"	0.00",TG,TG,常规体系,常规体系,五年级英语暑假B1服务,五年级英语A暑假智慧学习空间,否,,连季续,五年级,五年级,五年级,2000.00,方雨菂(596437),,暑假,暑假,正常,2026-08-18,2026-08-18,已审核,"走读,在线","常规面授,在线录播",在线录播,智慧学习机,21,2026-02-27,每天13:50-15:50(上5休1）,"有教材,开课前领取",2026-08-28,21,学习机托管(智学),洋湖新城301自习室,洋湖新城301自习室,班级刷卡,20人,学习机托管,洋湖新城智慧空间,2026-08-28,12,12,五年级英语
"素养智学部",双语故事表演,双语故事表演,双语故事表演,PM427A0132,双语绘本4C（暑）,双语故事表演L4暑假B2班,通用,10,10,1100,1100,110.0,"	0.00",L4,L4,常规体系,常规体系,双语故事表演L4暑假B2班,四年级双语故事表演暑假L4班,否,,连季续,四年级,四年级,四年级,2000.00,高小凡(708712),,暑假,暑假,正常,2026-08-18,2026-08-18,已审核,走读,常规面授,常规面授,,14,2026-02-26,每天10:40-12:30(上5休1),"有教材,开课前领取",2026-08-28,14,素养素质(智学),雨花家园304教室,雨花家园304教室,班级刷卡,15人,素养,雨花家园教学区,2026-08-28,10,12,分级阅读4
"素养智学部",双语故事表演,双语故事表演,双语故事表演,PM527A0046,双语绘本C5（暑）,双语故事表演L5暑假B2班,通用,10,10,1100,1100,110.0,"	0.00",L5,L5,常规体系,常规体系,双语故事表演L5暑假B2班,五年级双语故事表演暑假L5班,否,,连季续,五年级,五年级,五年级,2000.00,石郡玉(373740),,暑假,暑假,正常,2026-08-18,2026-08-18,已审核,走读,常规面授,常规面授,,21,2026-02-26,每天16:00-17:50(上5休1),"有教材,开课前领取",2026-08-28,21,素养素质(智学),洋湖新城306教室,洋湖新城306教室,班级刷卡,15人,素养,洋湖新城教学区,2026-08-28,10,12,故事会5
"素养智学部",博文妙笔,博文妙笔,博文妙笔,BW527A0029,博文口才 5（暑）,博文妙笔L5暑假B1班,通用,10,10,1100,1100,110.0,"	0.00",L5,L5,常规体系,常规体系,博文妙笔L5暑假B1班,五年级博文妙笔暑假L5班,否,,连季续,五年级,五年级,五年级,2000.00,高玮(438769),,暑假,暑假,正常,2026-08-18,2026-08-18,已审核,走读,常规面授,常规面授,,23,2026-02-26,每天18:40-20:30(上5休1),"有教材,开课前领取",2026-08-28,23,素养素质(智学),月亮岛301教室,月亮岛301教室,班级刷卡,15人,素养,月亮岛教学区,2026-08-28,10,12,语商表达5
"素养智学部",科创,科创,机器人编程,SZ27AJQ150,机器人L1（暑）,机器人编程S3-4段暑假班,通用,10,10,900,900,90.0,"	0.00",S3,S3,常规体系,常规体系,机器人编程S3-4段暑假班,S3机器人编程暑假S3班,否,,连季续,S3,S3,S3,1800.00,彭开云(450665),,暑假,暑假,正常,2026-08-18,2026-08-18,已审核,"走读,在线","常规面授,在线直播",在线直播,云教室小班（25人以下）,12,2026-03-13,每天09:00-10:30（上5休1）,"有教材,开课前领取",2026-08-28,8,素养素质(智学),雨花家园201A教室,雨花家园201A教室,班级刷卡,12人,素质,雨花家园教学区,2026-08-28,8,10,机器人编程S3
"素养智学部",双语故事表演,双语故事表演,双语故事表演,PM427A0075,双语绘本4C（暑）,双语故事表演L4暑假B2班,通用,10,10,1100,1100,110.0,"	0.00",L4,L4,常规体系,常规体系,双语故事表演L4暑假B2班,四年级双语故事表演暑假L4班,否,,连季续,四年级,四年级,四年级,2000.00,袁佳乐(641414),,暑假,暑假,正常,2026-08-18,2026-08-18,已审核,走读,常规面授,常规面授,,19,2026-02-26,每天13:50-15:40(上5休1),"有教材,开课前领取",2026-08-28,18,素养素质(智学),北辰102教室,北辰102教室,班级刷卡,15人,素养,北辰教学区,2026-08-28,10,12,分级阅读4
"素养智学部",英语,英语,英语,YYZH5A0358,双语智慧5B（暑）,五年级英语暑假B1服务（默认B）,通用,10,10,1200,1200,120.0,"	0.00",TG,TG,常规体系,常规体系,五年级英语暑假B1服务,五年级英语A暑假智慧学习空间,否,,连季续,五年级,五年级,五年级,2000.00,蒋媛媛(223063),,暑假,暑假,正常,2026-08-18,2026-08-18,已审核,"走读,在线","常规面授,在线录播",在线录播,智慧学习机,24,2026-02-27,每天10:40-12:40(上5休1）,"有教材,开课前领取",2026-08-28,22,学习机托管(智学),二十四品02自习室,二十四品02自习室,班级刷卡,20人,学习机托管,二十四品教学区,2026-08-28,12,12,五年级英语
"高中班级部",数学,数学,数学,GYSXA3791,高一数学暑假精进班,十年级数学暑假A2班（面授）,通用,14,14,1680,1680,120.0,"	0.00",A2,A2,A体系,A体系,十年级数学暑假A2班,高一数学暑假精进班,否,,连季续,高一,十年级,高一,2660.00,杨子佳(438295),,暑假,暑假,正常,2026-08-05,2026-08-05,已审核,走读,常规面授,常规面授,,25,2025-12-15,13:40-15:40,"有教材,开课前领取",2026-08-18,34,高中部,湘江世纪城307教室,湘江世纪城307教室,班级刷卡,25人,本地班课,湘江世纪城教学区,2026-08-18,10,15,高一数学
"高中班级部",数学,数学,数学,GYSXA3796,高一数学暑假精进班,十年级数学暑假A2班（面授）,通用,14,14,1680,1680,120.0,"	0.00",A2,A2,A体系,A体系,十年级数学暑假A2班,高一数学暑假精进班,否,,连季续,高一,十年级,高一,2660.00,丁曼琪(174898),,暑假,暑假,正常,2026-08-05,2026-08-05,已审核,走读,常规面授,常规面授,,25,2025-12-15,"	08:00-10:00","有教材,开课前领取",2026-08-18,32,高中部,沁园春304教室,沁园春304教室,班级刷卡,25人,本地班课,沁园春教学区,2026-08-18,10,15,高一数学
"高中班级部",英语,英语,英语,GYA3745,高一英语暑假精进班,十年级英语暑假A2班（面授）,通用,14,14,1680,1680,120.0,"	0.00",A2,A2,A体系,A体系,十年级英语暑假A2班,高一英语暑假精进班,否,,连季续,高一,十年级,高一,2660.00,彭婷(365056),,暑假,暑假,正常,2026-08-05,2026-08-05,已审核,走读,常规面授,常规面授,,25,2025-12-15,"	08:00-10:00","有教材,开课前领取",2026-08-18,26,高中部,湘江世纪城307教室,湘江世纪城307教室,班级刷卡,25人,本地班课,湘江世纪城教学区,2026-08-18,10,15,高一英语
"高中班级部",英语,英语,英语,GYA3749,高一英语暑假精进班,十年级英语暑假A2班（面授）,通用,14,14,1680,1680,120.0,"	0.00",A2,A2,A体系,A体系,十年级英语暑假A2班,高一英语暑假精进班,否,,连季续,高一,十年级,高一,2660.00,李坦(199867),,暑假,暑假,正常,2026-08-05,2026-08-05,已审核,走读,常规面授,常规面授,,25,2025-12-15,10:20-12:20,"有教材,开课前领取",2026-08-18,24,高中部,沁园春304教室,沁园春304教室,班级刷卡,25人,本地班课,沁园春教学区,2026-08-18,10,15,高一英语
"素养智学部",科创,科创,机器人编程,SZ27AJQ020,Python L3-1段班（暑）,机器人编程L3-1段暑假班,通用,10,10,1200,1200,120.0,"	0.00",L3,L3,常规体系,常规体系,机器人编程L3-1段暑假班,三年级机器人编程暑假L3班,否,,连季续,三年级,三年级,三年级,2400.00,刘礼智(729474),,暑假,暑假,正常,2026-08-18,2026-08-18,已审核,"走读,在线","常规面授,在线直播",在线直播,云教室小班（25人以下）,22,2025-07-31,每天13:50-15:50（上5休1）,"有教材,开课前领取",2026-08-28,22,素养素质(智学),洋湖新城304自习室,洋湖新城304自习室,班级刷卡,12人,素质,洋湖新城智慧空间,2026-08-28,8,10,机器人编程L3
"素养智学部",科创,科创,机器人编程,SZ27ABC065,Python L3-3段班,机器人编程L3-3段暑假班,通用,10,10,1200,1200,120.0,"	0.00",L3,L3,常规体系,常规体系,机器人编程L3-3段暑假班,三年级机器人编程暑假L3班,否,,连季续,三年级,三年级,三年级,2400.00,曹子健(434107),,暑假,暑假,正常,2026-08-18,2026-08-18,已审核,"走读,在线","常规面授,在线直播",在线直播,云教室小班（25人以下）,12,2025-11-06,每天13:50-15:50（上5休1）,"有教材,开课前领取",2026-08-28,7,素养素质(智学),洋湖新城315教室,洋湖新城315教室,班级刷卡,12人,素质,洋湖新城教学区,2026-08-27,8,10,机器人编程L3
"素养智学部",脑力与思维,脑力与思维,脑力与思维,SW127A0020,脑力思维1B（暑）,脑力与思维L1暑假B1班,通用,10,10,1100,1100,110.0,"	0.00",L1,L1,常规体系,常规体系,脑力与思维L1暑假B1班,一年级脑力与思维暑假L1班,否,,连季续,一年级,一年级,一年级,2100.00,方晴(438760),,暑假,暑假,正常,2026-08-18,2026-08-18,已审核,走读,常规面授,常规面授,,15,2026-02-26,每天13:50-15:40(上5休1),"有教材,开课前领取",2026-08-28,14,素养素质(智学),二十四品310教室,二十四品310教室,班级刷卡,15人,素养,二十四品教学区,2026-08-28,10,12,思维1
"素养智学部",双语故事表演,双语故事表演,双语故事表演,PM627A0033,双语绘本C6（暑）,双语故事表演L6暑假B2班,通用,10,10,1100,1100,110.0,"	0.00",L6,L6,常规体系,常规体系,双语故事表演L6暑假B2班,六年级双语故事表演暑假L6班,否,,连季续,六年级(小学),六年级,六年级,2000.00,石郡玉(373740),,暑假,暑假,正常,2026-08-18,2026-08-18,已审核,走读,常规面授,常规面授,,19,2026-02-26,每天13:50-15:40(上5休1),"有教材,开课前领取",2026-08-28,18,素养素质(智学),洋湖新城306教室,洋湖新城306教室,班级刷卡,15人,素养,洋湖新城教学区,2026-08-28,10,12,故事会6
"素养智学部",博文妙笔,博文妙笔,博文妙笔,BW127A0019,博文口才 1（暑）,博文妙笔L1暑假B1班,通用,10,10,1100,1100,110.0,"	0.00",L1,L1,常规体系,常规体系,博文妙笔L1暑假B1班,一年级博文妙笔暑假L1班,否,,连季续,一年级,一年级,一年级,2100.00,奉婷(264312),,暑假,暑假,正常,2026-08-18,2026-08-18,已审核,走读,常规面授,常规面授,,15,2026-02-26,每天10:40-12:30(上5休1),"有教材,开课前领取",2026-08-28,15,素养素质(智学),西子花苑旗舰店306教室,西子花苑旗舰店306教室,班级刷卡,15人,素养,西子花苑旗舰店教学区,2026-08-28,10,12,语商表达1
"素养智学部",双语故事表演,双语故事表演,双语故事表演,PM127A0104,双语绘本1B（暑）,双语故事表演L1暑假B2班,通用,10,10,1100,1100,110.0,"	0.00",L1,L1,常规体系,常规体系,双语故事表演L1暑假B2班,一年级双语故事表演暑假L1班,否,,连季续,一年级,一年级,一年级,2100.00,钟雨鑫(632994),,暑假,暑假,正常,2026-08-18,2026-08-18,已审核,走读,常规面授,常规面授,,15,2026-02-26,每天16:00-17:50(上5休1),"有教材,开课前领取",2026-08-28,14,素养素质(智学),洋湖卓伯根204教室,洋湖卓伯根204教室,班级刷卡,15人,素养,洋湖卓伯根教学区,2026-08-28,10,12,分级阅读1
"素养智学部",英语,英语,英语,OYYZH5A0005,YY暑假智慧学习小组5B,五年级学习机线上英语暑假B1服务（默认B）,通用,10,10,1200,1200,120.0,"	0.00",XXJ,XXJ,常规体系,常规体系,五年级学习机线上英语暑假B1服务,五年级英语B暑假智慧学习小组,否,,连季续,五年级,五年级,五年级,1500.00,洪金霞(269456),,暑假,暑假,正常,2026-08-18,2026-08-18,已审核,在线,在线录播,在线录播,智慧学习机,24,2026-02-27,每天10:40-12:40(上5休1）,"有教材,快递配送",2026-08-28,24,学习机线上(智学),长沙线上课,儿童网络虚拟教室1,班级刷卡,24人,学习机线上,网络教学区,2026-08-28,3,14,五年级英语
"素养智学部",双语故事表演,双语故事表演,双语故事表演,PM227A0162,双语绘本2C+领航班（暑）,双语故事表演L2暑假C1班（C+）,通用,10,10,1100,1100,110.0,"	0.00",L2,L2,常规体系,常规体系,双语故事表演L2暑假C1班,二年级双语故事表演暑假L2班,否,,连季续,二年级,二年级,二年级,2100.00,夏蓉(443731),,暑假,暑假,正常,2026-08-18,2026-08-18,已审核,走读,常规面授,常规面授,,15,2026-02-26,每天08:30-10:20(上5休1),"有教材,开课前领取",2026-08-28,15,素养素质(智学),西子花苑旗舰店208教室,西子花苑旗舰店208教室,班级刷卡,15人,素养,西子花苑旗舰店教学区,2026-08-28,10,12,分级阅读2
"素养智学部",英语,英语,英语,YYZH6A0700,双语智慧6A（暑）,六年级英语暑假A2服务（默认A）,通用,10,10,1200,1200,120.0,"	0.00",TG,TG,常规体系,常规体系,六年级英语暑假A2服务,六年级英语A暑假智慧学习空间,否,,连季续,六年级(小学),六年级,六年级,2000.00,任露(410120),,暑假,暑假,正常,2026-08-18,2026-08-18,已审核,"走读,在线","常规面授,在线录播",在线录播,智慧学习机,23,2026-02-27,每天08:30-10:30(上5休1）,"有教材,开课前领取",2026-08-28,23,学习机托管(智学),美林银谷304教室,美林银谷304教室,班级刷卡,20人,学习机托管,美林银谷教学区,2026-08-28,12,12,六年级英语
"素养智学部",双语故事表演,双语故事表演,双语故事表演,PM127A0025,双语绘本1C（暑）,双语故事表演L1暑假B2班,通用,10,10,1100,1100,110.0,"	0.00",L1,L1,常规体系,常规体系,双语故事表演L1暑假B2班,一年级双语故事表演暑假L1班,否,,连季续,一年级,一年级,一年级,2100.00,唐翠萍(468682),,暑假,暑假,正常,2026-08-18,2026-08-18,已审核,走读,常规面授,常规面授,,15,2026-02-26,每天13:50-15:40(上5休1),"有教材,开课前领取",2026-08-28,15,素养素质(智学),八方小区208教室,八方小区208教室,班级刷卡,15人,素养,八方小区教学区,2026-08-28,10,12,分级阅读1
"素养智学部",英语,英语,英语,GJZH27A003,国际语音,学习机托管三年级英语暑假ZT1服务,通用,10,10,1200,1200,120.0,"	0.00",ZT1,ZT1,专项体系,专项体系,学习机托管三年级英语暑假ZT1服务,三年级英语暑假专题班,否,,不可续,三年级,三年级,三年级,2000.00,刘颖逸(254207),,暑假,暑假,正常,2026-08-18,2026-08-18,已审核,走读,常规面授,常规面授,,20,2026-07-07,每天13:50-15:50(上5休1）,"有教材,开课前领取",2026-08-28,18,学习机托管(智学),东塘207教室,东塘207教室,班级刷卡,20人,学习机托管,东塘教学区,2026-08-28,12,14,专项音标
"素养智学部",双语故事表演,双语故事表演,双语故事表演,PM327A0193,双语绘本3C（暑）,双语故事表演L3暑假B2班,通用,10,10,1100,1100,110.0,"	0.00",L3,L3,常规体系,常规体系,双语故事表演L3暑假B2班,三年级双语故事表演暑假L3班,否,,连季续,三年级,三年级,三年级,2000.00,史好(621266),,暑假,暑假,正常,2026-08-18,2026-08-18,已审核,走读,常规面授,常规面授,,18,2026-03-26,每天13:50-15:40(上5休1),"有教材,开课前领取",2026-08-28,11,素养素质(智学),东塘215教室,东塘215教室,班级刷卡,15人,素养,东塘教学区,2026-08-28,10,12,分级阅读3
"素养智学部",双语故事表演,双语故事表演,双语故事表演,PM127A0012,双语绘本1C（暑）,双语故事表演L1暑假B2班,通用,10,10,1100,1100,110.0,"	0.00",L1,L1,常规体系,常规体系,双语故事表演L1暑假B2班,一年级双语故事表演暑假L1班,否,,连季续,一年级,一年级,一年级,2100.00,曾仁杰(436720),,暑假,暑假,正常,2026-08-18,2026-08-18,已审核,走读,常规面授,常规面授,,16,2026-02-26,每天16:00-17:50(上5休1),"有教材,开课前领取",2026-08-28,15,素养素质(智学),八方小区205教室,八方小区205教室,班级刷卡,15人,素养,八方小区教学区,2026-08-28,10,12,分级阅读1
"素养智学部",博文妙笔,博文妙笔,博文妙笔,BW227A0024,博文口才 2（暑）,博文妙笔L2暑假B1班,通用,10,10,1100,1100,110.0,"	0.00",L2,L2,常规体系,常规体系,博文妙笔L2暑假B1班,二年级博文妙笔暑假L2班,否,,连季续,二年级,二年级,二年级,2100.00,贺思宇(254258),,暑假,暑假,正常,2026-08-18,2026-08-18,已审核,走读,常规面授,常规面授,,15,2026-02-26,每天08:30-10:20(上5休1),"有教材,开课前领取",2026-08-28,13,素养素质(智学),井湾子教学区219教室（新）,井湾子教学区219教室（新）,班级刷卡,15人,素养,井湾子教学区,2026-08-28,10,12,语商表达2
"素养智学部",双语故事表演,双语故事表演,双语故事表演,PM327A0055,双语绘本3C（暑）,双语故事表演L3暑假B2班,通用,10,10,1100,1100,110.0,"	0.00",L3,L3,常规体系,常规体系,双语故事表演L3暑假B2班,三年级双语故事表演暑假L3班,否,,连季续,三年级,三年级,三年级,2000.00,肖嘉惠(230164),,暑假,暑假,正常,2026-08-18,2026-08-18,已审核,走读,常规面授,常规面授,,18,2026-02-26,每天10:40-12:30(上5休1),"有教材,开课前领取",2026-08-28,18,素养素质(智学),洋湖新城308教室,洋湖新城308教室,班级刷卡,15人,素养,洋湖新城教学区,2026-08-28,10,12,分级阅读3
"素养智学部",脑力与思维,脑力与思维,脑力与思维,SW627A0006,脑力思维6B（暑）,脑力与思维L6暑假B1班,通用,10,10,1100,1100,110.0,"	0.00",L6,L6,常规体系,常规体系,脑力与思维L6暑假B1班,六年级脑力与思维暑假L6班,否,,连季续,六年级(小学),六年级,六年级,2000.00,孙博(254190),,暑假,暑假,正常,2026-08-18,2026-08-18,已审核,走读,常规面授,常规面授,,20,2026-02-26,每天08:30-10:20(上5休1),"有教材,开课前领取",2026-08-28,19,素养素质(智学),湘江世纪城306教室,湘江世纪城306教室,班级刷卡,15人,素养,湘江世纪城教学区,2026-08-28,10,12,思维6
"素养智学部",英语,英语,英语,YYZH6A0638,双语智慧6A（暑）,六年级英语暑假A2服务（默认A）,通用,10,10,1200,1200,120.0,"	0.00",TG,TG,常规体系,常规体系,六年级英语暑假A2服务,六年级英语A暑假智慧学习空间,否,,连季续,六年级(小学),六年级,六年级,2000.00,李玉婷(514777),,暑假,暑假,正常,2026-08-18,2026-08-18,已审核,"走读,在线","常规面授,在线录播",在线录播,智慧学习机,24,2026-02-27,每天13:40-15:40(上5休1),"有教材,开课前领取",2026-08-28,18,学习机托管(智学),梅岭国际1自习室,梅岭国际1自习室,班级刷卡,20人,学习机托管,梅岭国际教学区,2026-08-28,12,12,六年级英语
"素养智学部",数学,数学,数学,SXZH6A0172,思维智慧6A（暑）,六年级数学暑假A1服务（默认A）,通用,10,10,1200,1200,120.0,"	0.00",TG,TG,常规体系,常规体系,六年级数学暑假A1服务,六年级数学A暑假智慧学习空间,否,,连季续,六年级(小学),六年级,六年级,2000.00,徐嘉怡(438345),,暑假,暑假,正常,2026-08-18,2026-08-18,已审核,"走读,在线","常规面授,在线录播",在线录播,智慧学习机,24,2026-02-27,每天10:40-12:40(上5休1）,"有教材,开课前领取",2026-08-28,24,学习机托管(智学),二十四品04自习室,二十四品04自习室,班级刷卡,20人,学习机托管,二十四品教学区,2026-08-28,12,12,六年级数学
"素养智学部",双语故事表演,双语故事表演,双语故事表演,PM127A0102,双语绘本1B（暑）,双语故事表演L1暑假B2班,通用,10,10,1100,1100,110.0,"	0.00",L1,L1,常规体系,常规体系,双语故事表演L1暑假B2班,一年级双语故事表演暑假L1班,否,,连季续,一年级,一年级,一年级,2100.00,谢晨曦(443733),,暑假,暑假,正常,2026-08-18,2026-08-18,已审核,走读,常规面授,常规面授,,15,2026-02-26,每天10:40-12:30(上5休1),"有教材,开课前领取",2026-08-28,15,素养素质(智学),雨花家园206A教室,雨花家园206A教室,班级刷卡,15人,素养,雨花家园教学区,2026-08-28,10,12,分级阅读1
"素养智学部",英语,英语,英语,YYZH4A0418,双语智慧4B（暑）,四年级英语暑假B1服务（默认B）,通用,10,10,1200,1200,120.0,"	0.00",TG,TG,常规体系,常规体系,四年级英语暑假B1服务,四年级英语A暑假智慧学习空间,否,,连季续,四年级,四年级,四年级,2000.00,曾璐(035842),,暑假,暑假,正常,2026-08-18,2026-08-18,已审核,"走读,在线","常规面授,在线录播",在线录播,智慧学习机,23,2026-02-27,每天13:50-15:50(上5休1）,"有教材,开课前领取",2026-08-28,23,学习机托管(智学),方圆荟301自习室,方圆荟301自习室,班级刷卡,20人,学习机托管,方圆荟智慧空间,2026-08-28,12,12,四年级英语
"素养智学部",双语故事表演,双语故事表演,双语故事表演,PM127A0148,双语绘本1B（暑）,双语故事表演L1暑假B2班,通用,10,10,1100,1100,110.0,"	0.00",L1,L1,常规体系,常规体系,双语故事表演L1暑假B2班,一年级双语故事表演暑假L1班,否,,连季续,一年级,一年级,一年级,2100.00,钟雨鑫(632994),,暑假,暑假,正常,2026-08-18,2026-08-18,已审核,走读,常规面授,常规面授,,16,2026-02-26,每天08:30-10:20(上5休1),"有教材,开课前领取",2026-08-28,16,素养素质(智学),洋湖卓伯根204教室,洋湖卓伯根204教室,班级刷卡,15人,素养,洋湖卓伯根教学区,2026-08-28,10,12,分级阅读1
"素养智学部",博文妙笔,博文妙笔,博文妙笔,BW527A0031,博文口才 5（暑）,博文妙笔L5暑假B1班,通用,10,10,1100,1100,110.0,"	0.00",L5,L5,常规体系,常规体系,博文妙笔L5暑假B1班,五年级博文妙笔暑假L5班,否,,连季续,五年级,五年级,五年级,2000.00,贺思宇(254258),,暑假,暑假,正常,2026-08-18,2026-08-18,已审核,走读,常规面授,常规面授,,18,2026-02-26,每天10:40-12:30(上5休1),"有教材,开课前领取",2026-08-28,10,素养素质(智学),井湾子教学区219教室（新）,井湾子教学区219教室（新）,班级刷卡,15人,素养,井湾子教学区,2026-08-28,10,12,语商表达5
"素养智学部",博文妙笔,博文妙笔,博文妙笔,BW627A0022,博文口才 6（暑）,博文妙笔L6暑假B1班,通用,10,10,1100,1100,110.0,"	0.00",L6,L6,常规体系,常规体系,博文妙笔L6暑假B1班,六年级博文妙笔暑假L6班,否,,连季续,六年级(小学),六年级,六年级,2000.00,贺思宇(254258),,暑假,暑假,正常,2026-08-18,2026-08-18,已审核,走读,常规面授,常规面授,,19,2026-02-26,每天16:00-17:50(上5休1),"有教材,开课前领取",2026-08-28,18,素养素质(智学),井湾子教学区219教室（新）,井湾子教学区219教室（新）,班级刷卡,15人,素养,井湾子教学区,2026-08-28,10,12,语商表达6
"素养智学部",英语,英语,英语,YYZH4A0447,双语智慧4B（暑）,四年级英语暑假B1服务（默认B）,通用,10,10,1200,1200,120.0,"	0.00",TG,TG,常规体系,常规体系,四年级英语暑假B1服务,四年级英语A暑假智慧学习空间,否,,连季续,四年级,四年级,四年级,2000.00,曾璐(035842),,暑假,暑假,正常,2026-08-18,2026-08-18,已审核,"走读,在线","常规面授,在线录播",在线录播,智慧学习机,20,2026-02-27,每天08:30-10:30(上5休1）,"有教材,开课前领取",2026-08-28,20,学习机托管(智学),湘江世纪城218教室,湘江世纪城218教室,班级刷卡,20人,学习机托管,湘江世纪城教学区,2026-08-28,12,12,四年级英语
"素养智学部",科创,科创,机器人编程,SZ27ABC024,C++ L5-1段班（暑）,机器人编程L5-1段暑假班,通用,10,10,1200,1200,120.0,"	0.00",L5,L5,常规体系,常规体系,机器人编程L5-1段暑假班,五年级机器人编程暑假L5班,否,,连季续,五年级,五年级,五年级,2400.00,陈煜(434109),,暑假,暑假,正常,2026-08-18,2026-08-18,已审核,"走读,在线","常规面授,在线直播",在线直播,云教室小班（25人以下）,12,2025-07-31,每天10:40-12:40（上5休1）,"有教材,开课前领取",2026-08-28,9,素养素质(智学),西子花苑旗舰店211教室,西子花苑旗舰店211教室,班级刷卡,12人,素质,西子花苑旗舰店教学区,2026-08-28,8,10,机器人编程L5
"素养智学部",科创,科创,机器人编程,SZ27ABC044,Python L3-4段班,机器人编程L3-4段暑假班,通用,10,10,1200,1200,120.0,"	0.00",L3,L3,常规体系,常规体系,机器人编程L3-4段暑假班,三年级机器人编程暑假L3班,否,,连季续,三年级,三年级,三年级,2400.00,陈煜(434109),,暑假,暑假,正常,2026-08-18,2026-08-18,已审核,"走读,在线","常规面授,在线直播",在线直播,云教室小班（25人以下）,12,2025-07-31,每天16:00-18:00（上5休1）,"有教材,开课前领取",2026-08-28,6,素养素质(智学),西子花苑旗舰店211教室,西子花苑旗舰店211教室,班级刷卡,12人,素质,西子花苑旗舰店教学区,2026-08-28,8,10,机器人编程L3
"素养智学部",英语,英语,英语,YYZH6A0677,双语智慧6B（暑）,六年级英语暑假B1服务（默认B）,通用,10,10,1200,1200,120.0,"	0.00",TG,TG,常规体系,常规体系,六年级英语暑假B1服务,六年级英语B暑假智慧学习空间,否,,连季续,六年级(小学),六年级,六年级,2000.00,任露(410120),,暑假,暑假,正常,2026-08-18,2026-08-18,已审核,"走读,在线","常规面授,在线录播",在线录播,智慧学习机,24,2026-02-27,每天13:30-15:30(上5休1),"有教材,开课前领取",2026-08-28,16,学习机托管(智学),美林银谷304教室,美林银谷304教室,班级刷卡,20人,学习机托管,美林银谷教学区,2026-08-28,12,12,六年级英语
"素养智学部",双语故事表演,双语故事表演,双语故事表演,PM427A0137,双语绘本4C（暑）,双语故事表演L4暑假B2班,通用,10,10,1100,1100,110.0,"	0.00",L4,L4,常规体系,常规体系,双语故事表演L4暑假B2班,四年级双语故事表演暑假L4班,否,,连季续,四年级,四年级,四年级,2000.00,王思(361976),,暑假,暑假,正常,2026-08-18,2026-08-18,已审核,走读,常规面授,常规面授,,21,2026-02-26,每天13:50-15:40(上5休1),"有教材,开课前领取",2026-08-28,21,素养素质(智学),雨花家园202教室,雨花家园202教室,班级刷卡,15人,素养,雨花家园教学区,2026-08-28,10,12,分级阅读4
"素养智学部",数学,数学,数学,SXZH4A0670,取消思维智慧4B（暑）,取消四年级数学暑假B1服务（默认B）,通用,10,0,1200,1200,120.0,"	0.00",TG,TG,常规体系,常规体系,四年级数学暑假B1服务,四年级数学B暑假智慧学习空间,否,,连季续,四年级,四年级,四年级,2000.00,谭欣佳(158017),,暑假,暑假,取消班,2026-08-18,,已审核,"走读,在线","常规面授,在线录播",在线录播,智慧学习机,0,2026-03-09,每天10:40-12:40(上5休1）,"有教材,开课前领取",,0,学习机托管(智学),吉联mall303自习室,吉联mall303自习室,班级刷卡,20人,学习机托管,吉联mall教学区,2026-08-28,12,12,四年级数学
"素养智学部",英语,英语,英语,YYZH6A270229,SY双语智慧6A（暑）,六年级英语暑假A2服务（创新默认A）,通用,10,10,1200,1200,120.0,"	0.00",TG,TG,常规体系,常规体系,六年级英语暑假A2服务,六年级英语A暑假智慧学习空间,否,,连季续,六年级(小学),六年级,六年级,1800.00,万晶晶(662142),,暑假,暑假,正常,2026-08-18,2026-08-18,已审核,"走读,在线","常规面授,在线录播",在线录播,智慧学习机,24,2026-04-05,每天16:00-18:00,"有教材,开课前领取",2026-08-28,14,学习机托管(智学),湘潭东方名苑203自习室,湘潭东方名苑203自习室,班级刷卡,20人,学习机托管,湘潭东方名苑教学区,2026-08-28,12,12,六年级英语
"素养智学部",双语故事表演,双语故事表演,双语故事表演,PM427A0046,双语绘本4C（暑）,双语故事表演L4暑假B2班,通用,10,10,1100,1100,110.0,"	0.00",L4,L4,常规体系,常规体系,双语故事表演L4暑假B2班,四年级双语故事表演暑假L4班,否,,连季续,四年级,四年级,四年级,2000.00,高小凡(708712),,暑假,暑假,正常,2026-08-18,2026-08-18,已审核,走读,常规面授,常规面授,,14,2026-02-26,每天08:30-10:20(上5休1),"有教材,开课前领取",2026-08-28,14,素养素质(智学),雨花家园304教室,雨花家园304教室,班级刷卡,15人,素养,雨花家园教学区,2026-08-28,10,12,分级阅读4
"素养智学部",双语故事表演,双语故事表演,双语故事表演,PM427A0128,双语绘本4C（暑）,双语故事表演L4暑假B2班,通用,10,10,1100,1100,110.0,"	0.00",L4,L4,常规体系,常规体系,双语故事表演L4暑假B2班,四年级双语故事表演暑假L4班,否,,连季续,四年级,四年级,四年级,2000.00,高小凡(708712),,暑假,暑假,正常,2026-08-18,2026-08-18,已审核,走读,常规面授,常规面授,,14,2026-02-26,每天13:50-15:40(上5休1),"有教材,开课前领取",2026-08-28,14,素养素质(智学),雨花家园304教室,雨花家园304教室,班级刷卡,15人,素养,雨花家园教学区,2026-08-28,10,12,分级阅读4
"高中班级部",数学,数学,数学,GRSX470B,高二数学秋季精进班,十一年级数学秋季下A2班,通用,12,12,1440,1321,120.0,"	0.00",A2,A2,A体系,A体系,十一年级数学秋季下A2班,高二数学秋季下十一年级数学秋季下A2班,否,,连季续,高二,十一年级,高二,1920.00,高晶晶(254279),GRSX470A,秋季下,秋季下,正常,2021-10-10,2021-10-17,已审核,走读,常规面授,常规面授,,0,2021-04-12,周日13:40-15:40,"有教材,开课前领取",2026-08-31,6,高中部,井湾子教学区203教室,井湾子教学区203教室,班级刷卡,25人,非全日制,井湾子教学区,2026-08-31,10,16,高二数学
"高中班级部",化学,化学,化学,GYHX2166A,高一化学秋季好学班,十年级化学秋季上A1班,通用,12,12,1440,1321,120.0,"	0.00",A1,A1,A体系,A体系,十年级化学秋季上A1班,高一化学秋季上十年级化学秋季上A1班,否,,连季续,高一,十年级,高一,1920.00,卢南村(254689),GYHX2166B,秋季上,秋季上,正常,2021-09-12,2021-09-12,已审核,走读,常规面授,常规面授,,0,2021-04-12,周日13:20-15:20,"有教材,开课前领取",2026-08-31,6,高中部,井湾子教学区214教室,井湾子教学区214教室,班级刷卡,25人,非全日制,井湾子教学区,2026-08-31,10,16,高一化学
"素养智学部",双语故事表演,双语故事表演,双语故事表演,PM527A0065,双语绘本C5（暑）,双语故事表演L5暑假B2班,通用,10,10,1100,1100,110.0,"	0.00",L5,L5,常规体系,常规体系,双语故事表演L5暑假B2班,五年级双语故事表演暑假L5班,否,,连季续,五年级,五年级,五年级,2000.00,王思(361976),,暑假,暑假,正常,2026-08-18,2026-08-18,已审核,走读,常规面授,常规面授,,23,2026-02-26,每天10:40-12:30(上5休1),"有教材,开课前领取",2026-08-28,23,素养素质(智学),雨花家园202教室,雨花家园202教室,班级刷卡,15人,素养,雨花家园教学区,2026-08-28,10,12,故事会5
"素养智学部",双语故事表演,双语故事表演,双语故事表演,PM127A0036,双语绘本1C（暑）,双语故事表演L1暑假B2班,通用,10,10,1100,1100,110.0,"	0.00",L1,L1,常规体系,常规体系,双语故事表演L1暑假B2班,一年级双语故事表演暑假L1班,否,,连季续,一年级,一年级,一年级,2100.00,胡晓洁(443728),,暑假,暑假,正常,2026-08-18,2026-08-18,已审核,走读,常规面授,常规面授,,16,2026-02-26,每天13:50-15:40(上5休1),"有教材,开课前领取",2026-08-28,15,素养素质(智学),西子花苑旗舰店203教室,西子花苑旗舰店203教室,班级刷卡,15人,素养,西子花苑旗舰店教学区,2026-08-28,10,12,分级阅读1
"素养智学部",英语,英语,英语,YYZH4A669,双语智慧4A（暑）,四年级英语暑假B1服务（默认A）,通用,10,10,1200,1200,120.0,"	0.00",TG,TG,常规体系,常规体系,四年级英语暑假B1服务,四年级英语A暑假智慧学习空间,否,,连季续,四年级,四年级,四年级,2000.00,曾徐徐(638570),,暑假,暑假,正常,2026-08-18,2026-08-18,已审核,"走读,在线","常规面授,在线录播",在线录播,智慧学习机,24,2026-06-15,每天16:00-18:00（上5休1）,"有教材,开课前领取",2026-08-28,22,学习机托管(智学),洋湖新城307自习室,洋湖新城307自习室,班级刷卡,20人,学习机托管,洋湖新城智慧空间,2026-08-28,8,12,四年级英语
"素养智学部",英语,英语,英语,YYZH5A0378,双语智慧5B（暑）,五年级英语暑假B1服务（默认B）,通用,10,10,1200,1200,120.0,"	0.00",TG,TG,常规体系,常规体系,五年级英语暑假B1服务,五年级英语A暑假智慧学习空间,否,,连季续,五年级,五年级,五年级,2000.00,曾徐徐(638570),,暑假,暑假,正常,2026-08-18,2026-08-18,已审核,"走读,在线","常规面授,在线录播",在线录播,智慧学习机,24,2026-02-27,每天10:40-12:40(上5休1）,"有教材,开课前领取",2026-08-28,22,学习机托管(智学),洋湖新城307自习室,洋湖新城307自习室,班级刷卡,20人,学习机托管,洋湖新城智慧空间,2026-08-28,12,12,五年级英语
"素养智学部",英语,英语,英语,YYZH5A0371,双语智慧5A（暑）,五年级英语暑假B1服务（默认A）,通用,10,10,1200,1200,120.0,"	0.00",TG,TG,常规体系,常规体系,五年级英语暑假B1服务,五年级英语A暑假智慧学习空间,否,,连季续,五年级,五年级,五年级,2000.00,方雨菂(596437),,暑假,暑假,正常,2026-08-18,2026-08-18,已审核,"走读,在线","常规面授,在线录播",在线录播,智慧学习机,24,2026-02-27,每天08:30-10:30(上5休1）,"有教材,开课前领取",2026-08-28,24,学习机托管(智学),洋湖新城301自习室,洋湖新城301自习室,班级刷卡,20人,学习机托管,洋湖新城智慧空间,2026-08-28,12,12,五年级英语
"素养智学部",双语故事表演,双语故事表演,双语故事表演,PM327A0008,双语绘本3B（暑）,双语故事表演L3暑假B2班,通用,10,10,1100,1100,110.0,"	0.00",L3,L3,常规体系,常规体系,双语故事表演L3暑假B2班,三年级双语故事表演暑假L3班,否,,连季续,三年级,三年级,三年级,2000.00,陈鑫玉(631976),,暑假,暑假,正常,2026-08-18,2026-08-18,已审核,走读,常规面授,常规面授,,19,2026-02-26,每天13:50-15:40(上5休1),"有教材,开课前领取",2026-08-28,19,素养素质(智学),井湾子教学区211教室,井湾子教学区211教室,班级刷卡,15人,素养,井湾子教学区,2026-08-28,10,12,分级阅读3
"素养智学部",脑力与思维,脑力与思维,脑力与思维,SW427A0028,脑力思维4B+（暑）,脑力与思维L4暑假B1班,通用,10,10,1100,1100,110.0,"	0.00",L4,L4,常规体系,常规体系,脑力与思维L4暑假B1班,四年级脑力与思维暑假L4班,否,,连季续,四年级,四年级,四年级,2000.00,孙博(254190),,暑假,暑假,正常,2026-08-18,2026-08-18,已审核,走读,常规面授,常规面授,,21,2026-02-26,每天16:00-17:50(上5休1),"有教材,开课前领取",2026-08-28,21,素养素质(智学),湘江世纪城306教室,湘江世纪城306教室,班级刷卡,15人,素养,湘江世纪城教学区,2026-08-28,10,12,思维4
"素养智学部",双语故事表演,双语故事表演,双语故事表演,PM427A0177,双语绘本4C（暑）,双语故事表演L4暑假B2班,通用,10,10,1100,1100,110.0,"	0.00",L4,L4,常规体系,常规体系,双语故事表演L4暑假B2班,四年级双语故事表演暑假L4班,否,,连季续,四年级,四年级,四年级,2000.00,马承隆(589042),,暑假,暑假,正常,2026-08-18,2026-08-18,已审核,走读,常规面授,常规面授,,19,2026-03-26,每天13:30-15:20(上5休1),"有教材,开课前领取",2026-08-28,18,素养素质(智学),湘江世纪城305教室,湘江世纪城305教室,班级刷卡,15人,素养,湘江世纪城教学区,2026-08-28,10,12,分级阅读4
"素养智学部",脑力与思维,脑力与思维,脑力与思维,SW327A0074,脑力思维3B（暑）,脑力与思维L3暑假B1班,通用,10,10,1100,1100,110.0,"	0.00",L3,L3,常规体系,常规体系,脑力与思维L3暑假B1班,三年级脑力与思维暑假L3班,否,,连季续,三年级,三年级,三年级,2000.00,李圳(438236),,暑假,暑假,正常,2026-08-18,2026-08-18,已审核,走读,常规面授,常规面授,,18,2026-07-08,每天13:50-15:40(上5休1),"有教材,开课前领取",2026-08-28,8,素养素质(智学),梅岭国际216B教室,梅岭国际216B教室,班级刷卡,15人,素养,梅岭国际教学区,2026-08-28,10,12,思维3
"素养智学部",英语,英语,英语,YYZH4A0427,双语智慧4B（暑）,四年级英语暑假B1服务（默认B）,通用,10,10,1200,1200,120.0,"	0.00",TG,TG,常规体系,常规体系,四年级英语暑假B1服务,四年级英语A暑假智慧学习空间,否,,连季续,四年级,四年级,四年级,2000.00,赵丽华(230165),,暑假,暑假,正常,2026-08-18,2026-08-18,已审核,"走读,在线","常规面授,在线录播",在线录播,智慧学习机,24,2026-02-27,每天10:40-12:40(上5休1）,"有教材,开课前领取",2026-08-28,24,学习机托管(智学),梅岭国际4自习室,梅岭国际4自习室,班级刷卡,20人,学习机托管,梅岭国际教学区,2026-08-28,12,12,四年级英语
"素养智学部",英语,英语,英语,YYZH5A0321,双语智慧5A（暑）,五年级英语暑假B1服务（默认A）,通用,10,10,1200,1200,120.0,"	0.00",TG,TG,常规体系,常规体系,五年级英语暑假B1服务,五年级英语A暑假智慧学习空间,否,,连季续,五年级,五年级,五年级,2000.00,赵岑岑(189338),,暑假,暑假,正常,2026-08-18,2026-08-18,已审核,"走读,在线","常规面授,在线录播",在线录播,智慧学习机,24,2026-02-27,每天10:40-12:40(上5休1）,"有教材,开课前领取",2026-08-28,22,学习机托管(智学),梅岭国际6自习室,梅岭国际6自习室,班级刷卡,20人,学习机托管,梅岭国际教学区,2026-08-28,12,12,五年级英语
"素养智学部",科创,科创,机器人编程,SZ27ABC091,C++ L5-2段班,机器人编程L5-2段暑假班,通用,10,10,1200,1200,120.0,"	0.00",L5,L5,常规体系,常规体系,机器人编程L5-2段暑假班,五年级机器人编程暑假L5班,否,,连季续,五年级,五年级,五年级,2400.00,曹子健(434107),,暑假,暑假,正常,2026-08-18,2026-08-18,已审核,"走读,在线","常规面授,在线直播",在线直播,云教室小班（25人以下）,16,2026-03-05,每天8:30-10:30（上5休1）,"有教材,开课前领取",2026-08-28,11,素养素质(智学),洋湖新城315教室,洋湖新城315教室,班级刷卡,12人,素质,洋湖新城教学区,2026-08-28,8,10,机器人编程L5
"素养智学部",科创,科创,机器人编程,SZ27AJQ182,机器人S2（暑）,机器人编程S1-4段暑假班,通用,10,10,900,900,90.0,"	0.00",S1,S1,常规体系,常规体系,科创S1-4段暑假班,机器人编程S1-4段暑假班,否,,连季续,S1,S1,S1,1800.00,易志强(653504),,暑假,暑假,正常,2026-08-18,2026-08-18,已审核,"走读,在线","常规面授,在线直播",在线直播,云教室小班（25人以下）,12,2026-08-04,每天10:40-12:10（上5休1）,"有教材,开课前领取",2026-08-30,4,素养素质(智学),西子花苑旗舰店202教室,西子花苑旗舰店202教室,班级刷卡,12人,素质,西子花苑旗舰店教学区,2026-08-28,8,10,机器人编程S2
"素养智学部",科创,科创,机器人编程,SZ27AJQ172,机器人L2（暑）,机器人编程L1-4段暑假班,通用,10,10,900,900,90.0,"	0.00",L1,L1,常规体系,常规体系,机器人编程L1-4段暑假班,一年级机器人编程暑假L1班,否,,连季续,一年级,一年级,一年级,1800.00,易志强(653504),,暑假,暑假,正常,2026-08-18,2026-08-18,已审核,"走读,在线","常规面授,在线直播",在线直播,云教室小班（25人以下）,12,2026-04-16,每天16:00-17:30（上5休1）,"有教材,开课前领取",2026-08-30,4,素养素质(智学),西子花苑旗舰店202教室,西子花苑旗舰店202教室,班级刷卡,12人,素质,西子花苑旗舰店教学区,2026-08-28,8,10,机器人编程L1
"素养智学部",科创,科创,机器人编程,SZ27AJQ070,机器人L2（暑）,机器人编程L1-4段暑假班,通用,10,10,900,900,90.0,"	0.00",L1,L1,常规体系,常规体系,机器人编程L1-4段暑假班,一年级机器人编程暑假L1班,否,,连季续,一年级,一年级,一年级,1800.00,易志强(653504),,暑假,暑假,正常,2026-08-18,2026-08-18,已审核,"走读,在线","常规面授,在线直播",在线直播,云教室小班（25人以下）,12,2025-07-31,每天14:00-15:30（上5休1）,"有教材,开课前领取",2026-08-30,8,素养素质(智学),西子花苑旗舰店202教室,西子花苑旗舰店202教室,班级刷卡,12人,素质,西子花苑旗舰店教学区,2026-08-28,8,10,机器人编程L1
"素养智学部",科创,科创,机器人编程,SZ27AJQ075,机器人L1（暑）,机器人编程S3-4段暑假班,通用,10,10,900,900,90.0,"	0.00",S3,S3,常规体系,常规体系,机器人编程S3-4段暑假班,S3机器人编程暑假S3班,否,,连季续,S3,S3,S3,1800.00,易志强(653504),,暑假,暑假,正常,2026-08-18,2026-08-18,已审核,"走读,在线","常规面授,在线直播",在线直播,云教室小班（25人以下）,12,2025-07-31,每天09:00-10:30（上5休1）,"有教材,开课前领取",2026-08-30,9,素养素质(智学),西子花苑旗舰店202教室,西子花苑旗舰店202教室,班级刷卡,12人,素质,西子花苑旗舰店教学区,2026-08-28,8,10,机器人编程S3
"素养智学部",博文妙笔,博文妙笔,博文妙笔,BW127A0046,博文口才 1（暑）,博文妙笔L1暑假B1班,通用,10,10,1100,1100,110.0,"	0.00",L1,L1,常规体系,常规体系,博文妙笔L1暑假B1班,一年级博文妙笔暑假L1班,否,,连季续,一年级,一年级,一年级,2100.00,张明珠(267049),,暑假,暑假,正常,2026-08-18,2026-08-18,已审核,走读,常规面授,常规面授,,15,2026-07-01,每天 10:40~12:30（上5休1）,"有教材,开课前领取",2026-08-28,12,素养素质(智学),梅溪湖南208教室,梅溪湖南208教室,班级刷卡,15人,素养,梅溪湖南教学区,2026-08-28,10,12,语商表达1
"素养智学部",数学,数学,数学,SXZH5A0147,思维智慧5A（暑）,五年级数学暑假A1服务（默认A）,通用,10,10,1200,1200,120.0,"	0.00",TG,TG,常规体系,常规体系,五年级数学暑假A1服务,五年级数学A暑假智慧学习空间,否,,连季续,五年级,五年级,五年级,2000.00,杨丽萍(618473),,暑假,暑假,正常,2026-08-18,2026-08-18,已审核,"走读,在线","常规面授,在线录播",在线录播,智慧学习机,24,2026-02-27,每天10:40-12:40(上5休1）,"有教材,开课前领取",2026-08-28,23,学习机托管(智学),雨花家园410自习室,雨花家园410自习室,班级刷卡,20人,学习机托管,雨花家园智慧空间,2026-08-28,12,12,五年级数学
"素养智学部",双语故事表演,双语故事表演,双语故事表演,PM127A00305,SY双语绘本1B（暑）,双语故事表演L1暑假B2班（创新B2(走读)）,通用,10,10,1100,1100,110.0,"	0.00",L1,L1,常规体系,常规体系,双语故事表演L1暑假B2班,一年级双语故事表演暑假L1班,否,,连季续,一年级,一年级,一年级,1890.00,谢嘉炜(121372),,暑假,暑假,正常,2026-08-18,2026-08-18,已审核,走读,常规面授,常规面授,,16,2026-06-23,每天13:50-15:40,"有教材,开课前领取",2026-08-28,16,素养素质(智学),湘潭东方名苑206自习室,湘潭东方名苑206自习室,班级刷卡,15人,素养,湘潭东方名苑教学区,2026-08-28,10,12,分级阅读1
"素养智学部",脑力与思维,脑力与思维,脑力与思维,SW427A0013,脑力思维4B（暑）,脑力与思维L4暑假B1班,通用,10,10,1100,1100,110.0,"	0.00",L4,L4,常规体系,常规体系,脑力与思维L4暑假B1班,四年级脑力与思维暑假L4班,否,,连季续,四年级,四年级,四年级,2000.00,杨春艳(613558),,暑假,暑假,正常,2026-08-18,2026-08-18,已审核,走读,常规面授,常规面授,,22,2026-02-26,每天13:50-15:40(上5休1),"有教材,开课前领取",2026-08-28,19,素养素质(智学),中信306教室,中信306教室,班级刷卡,15人,素养,中信教学区,2026-08-28,10,12,思维4
"素养智学部",数学,数学,数学,SXZH3A270280,SY思维智慧3B（暑）,三年级数学暑假B1服务（创新默认B+）,通用,10,10,1200,1200,120.0,"	0.00",TG,TG,常规体系,常规体系,三年级数学暑假B1服务,三年级数学B暑假智慧学习空间,否,,连季续,三年级,三年级,三年级,1800.00,颜茜(253353),,暑假,暑假,正常,2026-08-18,2026-08-18,已审核,"走读,在线","常规面授,在线录播",在线录播,智慧学习机,20,2026-06-25,每天16:00-18:00,"有教材,开课前领取",2026-08-28,7,学习机托管(智学),株洲华人街自习室04,株洲华人街自习室04,班级刷卡,20人,学习机托管,株洲华人街教学区,2026-08-28,12,14,三年级数学
"素养智学部",博文妙笔,博文妙笔,博文妙笔,BW127A0017,博文口才 1（暑）,博文妙笔L1暑假B1班,通用,10,10,1100,1100,110.0,"	0.00",L1,L1,常规体系,常规体系,博文妙笔L1暑假B1班,一年级博文妙笔暑假L1班,否,,连季续,一年级,一年级,一年级,2100.00,许萃(289940),,暑假,暑假,正常,2026-08-18,2026-08-18,已审核,走读,常规面授,常规面授,,16,2026-02-26,每天08:30-10:20(上5休1),"有教材,开课前领取",2026-08-28,16,素养素质(智学),八方小区207教室,八方小区207教室,班级刷卡,15人,素养,八方小区教学区,2026-08-28,10,12,语商表达1
"素养智学部",双语故事表演,双语故事表演,双语故事表演,PM327A0162,双语绘本3C（暑）,双语故事表演L3暑假B2班,通用,10,10,1100,1100,110.0,"	0.00",L3,L3,常规体系,常规体系,双语故事表演L3暑假B2班,三年级双语故事表演暑假L3班,否,,连季续,三年级,三年级,三年级,2000.00,张亮(438808),,暑假,暑假,正常,2026-08-18,2026-08-18,已审核,走读,常规面授,常规面授,,19,2026-02-26,每天10:40-12:30(上5休1),"有教材,开课前领取",2026-08-28,19,素养素质(智学),八一路304教室,八一路304教室,班级刷卡,15人,素养,八一路教学区,2026-08-28,10,12,分级阅读3
"素养智学部",英语,英语,英语,YYZH3A270328,SY双语智慧3A（暑）,三年级英语暑假A1服务（创新默认A）,通用,10,10,1200,1200,120.0,"	0.00",TG,TG,常规体系,常规体系,三年级英语暑假A1服务,三年级英语A暑假智慧学习空间,否,,连季续,三年级,三年级,三年级,1800.00,裴辉(702290),,暑假,暑假,正常,2026-08-18,2026-08-18,已审核,"走读,在线","常规面授,在线录播",在线录播,智慧学习机,22,2026-06-16,每天08:30-10:30,"有教材,开课前领取",2026-08-28,21,学习机托管(智学),湘潭东方名苑204自习室,湘潭东方名苑204自习室,班级刷卡,20人,学习机托管,湘潭东方名苑教学区,2026-08-28,12,14,三年级英语
"素养智学部",双语故事表演,双语故事表演,双语故事表演,PM327A0363,双语绘本3B（暑）,双语故事表演L3暑假B2班,通用,10,10,1100,1100,110.0,"	0.00",L3,L3,常规体系,常规体系,双语故事表演L3暑假B2班,三年级双语故事表演暑假L3班,否,,连季续,三年级,三年级,三年级,2000.00,刘丹(666965),,暑假,暑假,正常,2026-08-18,2026-08-18,已审核,走读,常规面授,常规面授,,18,2026-07-09,每天13:50-15:40(上5休1),"有教材,开课前领取",2026-08-28,9,素养素质(智学),二十四品307教室,二十四品307教室,班级刷卡,15人,素养,二十四品教学区,2026-08-28,10,12,分级阅读3
"素养智学部",博文妙笔,博文妙笔,博文妙笔,BW427A0046,博文口才 4（暑）,博文妙笔L4暑假B1班,通用,10,10,1100,1100,110.0,"	0.00",L4,L4,常规体系,常规体系,博文妙笔L4暑假B1班,四年级博文妙笔暑假L4班,否,,连季续,四年级,四年级,四年级,2000.00,谭若雨(706971),,暑假,暑假,正常,2026-08-18,2026-08-18,已审核,走读,常规面授,常规面授,,16,2026-03-10,每天16:00-17:50(上5休1),"有教材,开课前领取",2026-08-28,7,素养素质(智学),钰龙天下307教室,钰龙天下307教室,班级刷卡,15人,素养,钰龙天下教学区,2026-08-28,10,12,语商表达4
"素养智学部",博文妙笔,博文妙笔,博文妙笔,BWZX127A0019,1级博文,一年级博文妙笔暑假YL（入口）班（默认1）,通用,10,10,900,900,90.0,"	0.00",YL（入口）,YL（入口）,专项体系,专项体系,一年级博文妙笔暑假YL（入口）班,一年级博文妙笔暑假引流班,否,,不可续,一年级,一年级,一年级,990.00,谭若雨(706971),,暑假,暑假,正常,2026-08-18,2026-08-18,已审核,走读,常规面授,常规面授,,15,2026-07-14,每天10:40-12:10(上5休1),"有教材,开课前领取",2026-08-28,9,素养素质(智学),钰龙天下307教室,钰龙天下307教室,班级刷卡,15人,素养,钰龙天下教学区,2026-08-28,10,12,语商表达1
"素养智学部",书法,书法,书法,XZ127A0014,素质成长营（写字1）（暑）,S3书法暑假ZT1班,通用,10,10,900,900,90.0,"	0.00",ZT1,ZT1,专项体系,专项体系,S3书法暑假ZT1班,S3书法暑假ZT1班,否,,不可续,S3,S3,S3,975.00,郭文淋(696226),,暑假,暑假,正常,2026-08-18,2026-08-18,已审核,走读,常规面授,常规面授,,15,2026-03-10,每天11:00-12:30(上5休1),"有教材,开课前领取",2026-08-28,3,素养素质(智学),钰龙天下308教室,钰龙天下308教室,班级刷卡,12人,素质,钰龙天下教学区,2026-08-28,7,8,书法1
"素养智学部",双语故事表演,双语故事表演,双语故事表演,PM127A0155,双语绘本1C（暑）,双语故事表演L1暑假B2班,通用,10,10,1100,1100,110.0,"	0.00",L1,L1,常规体系,常规体系,双语故事表演L1暑假B2班,一年级双语故事表演暑假L1班,否,,连季续,一年级,一年级,一年级,2100.00,杨晴(707014),,暑假,暑假,正常,2026-08-18,2026-08-18,已审核,走读,常规面授,常规面授,,15,2026-03-10,每天08:30-10:20(上5休1）,"有教材,开课前领取",2026-08-28,8,素养素质(智学),钰龙天下303教室,钰龙天下303教室,班级刷卡,15人,素养,钰龙天下教学区,2026-08-28,10,12,分级阅读1
"素养智学部",双语故事表演,双语故事表演,双语故事表演,PMS327A0045,双语绘本K（暑）,双语故事表演S3暑假B1班,通用,10,10,900,900,90.0,"	0.00",S3,S3,常规体系,常规体系,双语故事表演S3暑假B1班,S3双语故事表演暑假S3班,否,,连季续,S3,S3,S3,1575.00,刘丹(666965),,暑假,暑假,正常,2026-08-18,2026-08-18,已审核,走读,常规面授,常规面授,,15,2026-03-10,每天10:50-12:20(上5休1),"有教材,开课前领取",2026-08-28,7,素养素质(智学),钰龙天下302教室,钰龙天下302教室,班级刷卡,15人,素养,钰龙天下教学区,2026-08-28,10,12,分级阅读K
"素养智学部",双语故事表演,双语故事表演,双语故事表演,PM327A0028,双语绘本3C（暑）,双语故事表演L3暑假B2班,通用,10,10,1100,1100,110.0,"	0.00",L3,L3,常规体系,常规体系,双语故事表演L3暑假B2班,三年级双语故事表演暑假L3班,否,,连季续,三年级,三年级,三年级,2000.00,戚娅娅(174926),,暑假,暑假,正常,2026-08-18,2026-08-18,已审核,走读,常规面授,常规面授,,20,2026-02-26,每天08:30-10:20(上5休1),"有教材,开课前领取",2026-08-28,20,素养素质(智学),晚报旗舰店102教室,晚报旗舰店102教室,班级刷卡,15人,素养,晚报旗舰店教学区,2026-08-28,10,12,分级阅读3
"素养智学部",书法,书法,书法,XZ327A0003,素质成长营（写字3）（暑）,二年级书法暑假ZT1班,通用,10,10,900,900,90.0,"	0.00",ZT1,ZT1,专项体系,专项体系,二年级书法暑假ZT1班,二年级书法暑假ZT1班,否,,不可续,二年级,二年级,二年级,975.00,付敏(341965),,暑假,暑假,正常,2026-08-18,2026-08-18,已审核,走读,常规面授,常规面授,,16,2026-02-26,每天13:50-15:20(上5休1),"有教材,开课前领取",2026-08-28,15,素养素质(智学),东塘11自习室,东塘11自习室,班级刷卡,12人,素质,东塘智慧空间,2026-08-28,7,8,书法3
"素养智学部",英语,英语,英语,YYZH6A0706,双语智慧6A（暑）,六年级英语暑假A2服务（默认A）,通用,10,10,1200,1200,120.0,"	0.00",TG,TG,常规体系,常规体系,六年级英语暑假A2服务,六年级英语A暑假智慧学习空间,否,,连季续,六年级(小学),六年级,六年级,2000.00,龚晓雪(438835),,暑假,暑假,正常,2026-08-18,2026-08-18,已审核,"走读,在线","常规面授,在线录播",在线录播,智慧学习机,25,2026-02-27,每天08:30-10:30(上5休1）,"有教材,开课前领取",2026-08-28,23,学习机托管(智学),星沙筑梦自习室3,星沙筑梦自习室3,班级刷卡,20人,学习机托管,星沙筑梦教学区,2026-08-28,12,12,六年级英语
"素养智学部",博文妙笔,博文妙笔,博文妙笔,BW527A0024,博文口才 5（暑）,博文妙笔L5暑假B1班,通用,10,10,1100,1100,110.0,"	0.00",L5,L5,常规体系,常规体系,博文妙笔L5暑假B1班,五年级博文妙笔暑假L5班,否,,连季续,五年级,五年级,五年级,2000.00,李晓倩(387250),,暑假,暑假,正常,2026-08-18,2026-08-18,已审核,走读,常规面授,常规面授,,22,2026-02-26,每天13:50-15:40(上5休1),"有教材,开课前领取",2026-08-28,21,素养素质(智学),星沙筑梦205教室,星沙筑梦205教室,班级刷卡,15人,素养,星沙筑梦教学区,2026-08-28,10,12,语商表达5
"素养智学部",英语,英语,英语,YYZH6A0678,双语智慧6A（暑）,六年级英语暑假A2服务（默认A）,通用,10,10,1200,1200,120.0,"	0.00",TG,TG,常规体系,常规体系,六年级英语暑假A2服务,六年级英语A暑假智慧学习空间,否,,连季续,六年级(小学),六年级,六年级,2000.00,李玉婷(514777),,暑假,暑假,正常,2026-08-18,2026-08-18,已审核,"走读,在线","常规面授,在线录播",在线录播,智慧学习机,24,2026-02-27,每天16:10-18:10(上5休1）,"有教材,开课前领取",2026-08-28,16,学习机托管(智学),梅溪湖南自习室6,梅溪湖南自习室6,班级刷卡,20人,学习机托管,梅溪湖南教学区,2026-08-28,12,12,六年级英语
"素养智学部",双语故事表演,双语故事表演,双语故事表演,PM127A0029,双语绘本1C（暑）,双语故事表演L1暑假B2班,通用,10,10,1100,1100,110.0,"	0.00",L1,L1,常规体系,常规体系,双语故事表演L1暑假B2班,一年级双语故事表演暑假L1班,否,,连季续,一年级,一年级,一年级,2100.00,周聪(254232),,暑假,暑假,正常,2026-08-18,2026-08-18,已审核,走读,常规面授,常规面授,,16,2026-02-26,每天13:50-15:40(上5休1),"有教材,开课前领取",2026-08-28,16,素养素质(智学),洋湖新城316教室,洋湖新城316教室,班级刷卡,15人,素养,洋湖新城教学区,2026-08-28,10,12,分级阅读1
"素养智学部",双语故事表演,双语故事表演,双语故事表演,PM127A0048,双语绘本1C（暑）,双语故事表演L1暑假B2班,通用,10,10,1100,1100,110.0,"	0.00",L1,L1,常规体系,常规体系,双语故事表演L1暑假B2班,一年级双语故事表演暑假L1班,否,,连季续,一年级,一年级,一年级,2100.00,周聪(254232),,暑假,暑假,正常,2026-08-18,2026-08-18,已审核,走读,常规面授,常规面授,,17,2026-02-26,每天16:00-17:50(上5休1),"有教材,开课前领取",2026-08-28,17,素养素质(智学),洋湖新城316教室,洋湖新城316教室,班级刷卡,15人,素养,洋湖新城教学区,2026-08-28,10,12,分级阅读1
"素养智学部",英语,英语,英语,YYZH5A0347,双语智慧5A（暑）,五年级英语暑假B1服务（默认A）,通用,10,10,1200,1200,120.0,"	0.00",TG,TG,常规体系,常规体系,五年级英语暑假B1服务,五年级英语A暑假智慧学习空间,否,,连季续,五年级,五年级,五年级,2000.00,雷路(409485),,暑假,暑假,正常,2026-08-18,2026-08-18,已审核,"走读,在线","常规面授,在线录播",在线录播,智慧学习机,24,2026-02-27,每天10:40-12:40(上5休1）,"有教材,开课前领取",2026-08-28,22,学习机托管(智学),湘江世纪城215教室,湘江世纪城215教室,班级刷卡,20人,学习机托管,湘江世纪城教学区,2026-08-28,12,12,五年级英语
"素养智学部",英语,英语,英语,YYZH6A0672,双语智慧6A（暑）,六年级英语暑假A2服务（默认A）,通用,10,10,1200,1200,120.0,"	0.00",TG,TG,常规体系,常规体系,六年级英语暑假A2服务,六年级英语A暑假智慧学习空间,否,,连季续,六年级(小学),六年级,六年级,2000.00,雷路(409485),,暑假,暑假,正常,2026-08-18,2026-08-18,已审核,"走读,在线","常规面授,在线录播",在线录播,智慧学习机,24,2026-02-27,每天08:30-10:30(上5休1）,"有教材,开课前领取",2026-08-28,23,学习机托管(智学),湘江世纪城215教室,湘江世纪城215教室,班级刷卡,20人,学习机托管,湘江世纪城教学区,2026-08-28,12,12,六年级英语
"素养智学部",脑力与思维,脑力与思维,脑力与思维,SW327A0009,脑力思维3B（暑）,脑力与思维L3暑假B1班,通用,10,10,1100,1100,110.0,"	0.00",L3,L3,常规体系,常规体系,脑力与思维L3暑假B1班,三年级脑力与思维暑假L3班,否,,连季续,三年级,三年级,三年级,2000.00,孙天宜(438765),,暑假,暑假,正常,2026-08-18,2026-08-18,已审核,走读,常规面授,常规面授,,20,2026-02-26,每天16:00-17:50(上5休1),"有教材,开课前领取",2026-08-28,19,素养素质(智学),雨花家园209教室,雨花家园209教室,班级刷卡,15人,素养,雨花家园教学区,2026-08-28,10,12,思维3
"素养智学部",英语,英语,英语,YYZH4A270239,SY双语智慧4A（暑）,四年级英语暑假B1服务（创新默认A）,通用,10,10,1200,1200,120.0,"	0.00",TG,TG,常规体系,常规体系,四年级英语暑假B1服务,四年级英语A暑假智慧学习空间,否,,连季续,四年级,四年级,四年级,1800.00,熊朗(702291),,暑假,暑假,正常,2026-08-18,2026-08-18,已审核,"走读,在线","常规面授,在线录播",在线录播,智慧学习机,22,2026-04-05,每天08:30-10:30,"有教材,开课前领取",2026-08-28,9,学习机托管(智学),金湘潭自习室1,金湘潭自习室1,班级刷卡,20人,学习机托管,金湘潭教学区,2026-08-28,12,14,四年级英语
"素养智学部",脑力与思维,脑力与思维,脑力与思维,SW327A0045,脑力思维3B（暑）,脑力与思维L3暑假B1班,通用,10,10,1100,1100,110.0,"	0.00",L3,L3,常规体系,常规体系,脑力与思维L3暑假B1班,三年级脑力与思维暑假L3班,否,,连季续,三年级,三年级,三年级,2000.00,孙博(254190),,暑假,暑假,正常,2026-08-18,2026-08-18,已审核,走读,常规面授,常规面授,,18,2026-02-26,每天13:50-15:40(上5休1),"有教材,开课前领取",2026-08-28,17,素养素质(智学),湘江世纪城306教室,湘江世纪城306教室,班级刷卡,15人,素养,湘江世纪城教学区,2026-08-28,10,12,思维3
"素养智学部",双语故事表演,双语故事表演,双语故事表演,PM627A0071,双语绘本C6（暑）,双语故事表演L6暑假B2班,通用,10,10,1100,1100,110.0,"	0.00",L6,L6,常规体系,常规体系,双语故事表演L6暑假B2班,六年级双语故事表演暑假L6班,否,,连季续,六年级(小学),六年级,六年级,2000.00,朱卓(384353),,暑假,暑假,正常,2026-08-18,2026-08-18,已审核,走读,常规面授,常规面授,,20,2026-02-26,每天16:00-17:50(上5休1),"有教材,开课前领取",2026-08-28,18,素养素质(智学),雨花家园307A教室,雨花家园307A教室,班级刷卡,15人,素养,雨花家园教学区,2026-08-28,10,12,故事会6
"素养智学部",博文妙笔,博文妙笔,博文妙笔,BW627A0050,博文口才 6（暑）,博文妙笔L6暑假B1班,通用,10,10,1100,1100,110.0,"	0.00",L6,L6,常规体系,常规体系,博文妙笔L6暑假B1班,六年级博文妙笔暑假L6班,否,,连季续,六年级(小学),六年级,六年级,2000.00,彭娟贵(438806),,暑假,暑假,正常,2026-08-18,2026-08-18,已审核,走读,常规面授,常规面授,,18,2026-04-02,每天16:10-18:00(上5休1),"有教材,开课前领取",2026-08-28,12,素养素质(智学),月亮岛205教室,月亮岛205教室,班级刷卡,15人,素养,月亮岛教学区,2026-08-28,10,12,语商表达6
"素养智学部",双语故事表演,双语故事表演,双语故事表演,PM427A0178,双语绘本4C（暑）,双语故事表演L4暑假B2班,通用,10,10,1100,1100,110.0,"	0.00",L4,L4,常规体系,常规体系,双语故事表演L4暑假B2班,四年级双语故事表演暑假L4班,否,,连季续,四年级,四年级,四年级,2000.00,何欣怡(672480),,暑假,暑假,正常,2026-08-18,2026-08-18,已审核,走读,常规面授,常规面授,,19,2026-03-26,每天08:30-10:20(上5休1),"有教材,开课前领取",2026-08-28,17,素养素质(智学),月亮岛205教室,月亮岛205教室,班级刷卡,15人,素养,月亮岛教学区,2026-08-28,10,12,分级阅读4
"素养智学部",双语故事表演,双语故事表演,双语故事表演,PM627A0046,双语绘本C6（暑）,双语故事表演L6暑假B2班,通用,10,10,1100,1100,110.0,"	0.00",L6,L6,常规体系,常规体系,双语故事表演L6暑假B2班,六年级双语故事表演暑假L6班,否,,连季续,六年级(小学),六年级,六年级,2000.00,肖嘉惠(230164),,暑假,暑假,正常,2026-08-18,2026-08-18,已审核,走读,常规面授,常规面授,,20,2026-02-26,每天08:30-10:20(上5休1),"有教材,开课前领取",2026-08-28,20,素养素质(智学),洋湖新城308教室,洋湖新城308教室,班级刷卡,15人,素养,洋湖新城教学区,2026-08-28,10,12,故事会6
"高中班级部",化学,化学,化学,GRHXA519,高二化学暑假精进班,十一年级化学暑假A2班（面授）,通用,14,14,1680,1680,120.0,"	0.00",A2,A2,A体系,A体系,十一年级化学暑假A2班,高二化学暑假精进班,否,,连季续,高二,十一年级,高二,2660.00,冯思佳(169535),,暑假,暑假,正常,2026-08-06,2026-08-06,已审核,走读,常规面授,常规面授,,25,2025-12-15,16:00-18:00,"有教材,开课前领取",2026-08-20,12,高中部,晚报大厦303教室,晚报大厦303教室,班级刷卡,25人,本地班课,晚报大厦教学区,2026-08-20,10,15,高二化学
"素养智学部",双语故事表演,双语故事表演,双语故事表演,PM127A0116,双语绘本1C（暑）,双语故事表演L1暑假B2班,通用,10,10,1100,1100,110.0,"	0.00",L1,L1,常规体系,常规体系,双语故事表演L1暑假B2班,一年级双语故事表演暑假L1班,否,,连季续,一年级,一年级,一年级,2100.00,颜芬芬(430608),,暑假,暑假,正常,2026-08-18,2026-08-18,已审核,走读,常规面授,常规面授,,15,2026-02-26,每天08:30-10:20(上5休1),"有教材,开课前领取",2026-08-28,14,素养素质(智学),八方小区204教室,八方小区204教室,班级刷卡,15人,素养,八方小区教学区,2026-08-28,10,12,分级阅读1
"素养智学部",双语故事表演,双语故事表演,双语故事表演,PM227A0130,双语绘本2C（暑）,双语故事表演L2暑假B2班,通用,10,10,1100,1100,110.0,"	0.00",L2,L2,常规体系,常规体系,双语故事表演L2暑假B2班,二年级双语故事表演暑假L2班,否,,连季续,二年级,二年级,二年级,2100.00,袁佳乐(641414),,暑假,暑假,正常,2026-08-18,2026-08-18,已审核,走读,常规面授,常规面授,,15,2026-02-26,每天08:30-10:20(上5休1),"有教材,开课前领取",2026-08-28,14,素养素质(智学),北辰102教室,北辰102教室,班级刷卡,15人,素养,北辰教学区,2026-08-28,10,12,分级阅读2
"素养智学部",双语故事表演,双语故事表演,双语故事表演,PM127A0051,双语绘本1C（暑）,双语故事表演L1暑假B2班,通用,10,10,1100,1100,110.0,"	0.00",L1,L1,常规体系,常规体系,双语故事表演L1暑假B2班,一年级双语故事表演暑假L1班,否,,连季续,一年级,一年级,一年级,2100.00,袁佳乐(641414),,暑假,暑假,正常,2026-08-18,2026-08-18,已审核,走读,常规面授,常规面授,,15,2026-02-26,每天10:40-12:30(上5休1),"有教材,开课前领取",2026-08-28,12,素养素质(智学),北辰102教室,北辰102教室,班级刷卡,15人,素养,北辰教学区,2026-08-28,10,12,分级阅读1
"素养智学部",脑力与思维,脑力与思维,脑力与思维,SW127A0037,脑力思维1B（暑）,脑力与思维L1暑假B1班,通用,10,10,1100,1100,110.0,"	0.00",L1,L1,常规体系,常规体系,脑力与思维L1暑假B1班,一年级脑力与思维暑假L1班,否,,连季续,一年级,一年级,一年级,2100.00,钟萍(706982),,暑假,暑假,正常,2026-08-18,2026-08-18,已审核,走读,常规面授,常规面授,,15,2026-04-01,每天13:50-15:40(上5休1),"有教材,开课前领取",2026-08-28,12,素养素质(智学),北辰104教室,北辰104教室,班级刷卡,15人,素养,北辰教学区,2026-08-28,10,12,思维1
"素养智学部",双语故事表演,双语故事表演,双语故事表演,PM527A0033,双语绘本C5（暑）,双语故事表演L5暑假B2班,通用,10,10,1100,1100,110.0,"	0.00",L5,L5,常规体系,常规体系,双语故事表演L5暑假B2班,五年级双语故事表演暑假L5班,否,,连季续,五年级,五年级,五年级,2000.00,肖嘉惠(230164),,暑假,暑假,正常,2026-08-18,2026-08-18,已审核,走读,常规面授,常规面授,,18,2026-02-26,每天16:00-17:50(上5休1),"有教材,开课前领取",2026-08-28,17,素养素质(智学),洋湖新城308教室,洋湖新城308教室,班级刷卡,15人,素养,洋湖新城教学区,2026-08-28,10,12,故事会5
"素养智学部",英语,英语,英语,YYZH6A0676,双语智慧6A（暑）,六年级英语暑假A2服务（默认A）,通用,10,10,1200,1200,120.0,"	0.00",TG,TG,常规体系,常规体系,六年级英语暑假A2服务,六年级英语A暑假智慧学习空间,否,,连季续,六年级(小学),六年级,六年级,2000.00,张子萱(668100),,暑假,暑假,正常,2026-08-18,2026-08-18,已审核,"走读,在线","常规面授,在线录播",在线录播,智慧学习机,23,2026-02-27,每天16:00-18:00(上5休1）,"有教材,开课前领取",2026-08-28,21,学习机托管(智学),雨花家园412自习室,雨花家园412自习室,班级刷卡,20人,学习机托管,雨花家园智慧空间,2026-08-28,12,12,六年级英语
"素养智学部",英语,英语,英语,YYZH6A0702,双语智慧6A（暑）,六年级英语暑假A2服务（默认A）,通用,10,10,1200,1200,120.0,"	0.00",TG,TG,常规体系,常规体系,六年级英语暑假A2服务,六年级英语A暑假智慧学习空间,否,,连季续,六年级(小学),六年级,六年级,2000.00,韩和平(416616),,暑假,暑假,正常,2026-08-18,2026-08-18,已审核,"走读,在线","常规面授,在线录播",在线录播,智慧学习机,22,2026-02-27,每天13:50-15:50(上5休1）,"有教材,开课前领取",2026-08-28,20,学习机托管(智学),雨花家园402自习室,雨花家园402自习室,班级刷卡,20人,学习机托管,雨花家园智慧空间,2026-08-28,12,12,六年级英语
"素养智学部",博文妙笔,博文妙笔,博文妙笔,BW627A0002,博文口才 6（暑）,博文妙笔L6暑假B1班,通用,10,10,1100,1100,110.0,"	0.00",L6,L6,常规体系,常规体系,博文妙笔L6暑假B1班,六年级博文妙笔暑假L6班,否,,连季续,六年级(小学),六年级,六年级,2000.00,杨旭东(364488),,暑假,暑假,正常,2026-08-18,2026-08-18,已审核,走读,常规面授,常规面授,,20,2026-02-26,每天13:50-15:40(上5休1),"有教材,开课前领取",2026-08-28,17,素养素质(智学),湘江世纪城215教室,湘江世纪城215教室,班级刷卡,15人,素养,湘江世纪城教学区,2026-08-28,10,12,语商表达6
"素养智学部",双语故事表演,双语故事表演,双语故事表演,PM627A0027,双语绘本C6（暑）,双语故事表演L6暑假B2班,通用,10,10,1100,1100,110.0,"	0.00",L6,L6,常规体系,常规体系,双语故事表演L6暑假B2班,六年级双语故事表演暑假L6班,否,,连季续,六年级(小学),六年级,六年级,2000.00,田乐萱(136825),,暑假,暑假,正常,2026-08-18,2026-08-18,已审核,走读,常规面授,常规面授,,21,2026-02-26,每天10:40-12:30(上5休1),"有教材,开课前领取",2026-08-28,20,素养素质(智学),湘江世纪城308教室,湘江世纪城308教室,班级刷卡,15人,素养,湘江世纪城教学区,2026-08-28,10,12,故事会6
"素养智学部",双语故事表演,双语故事表演,双语故事表演,PM127A0016,双语绘本1C（暑）,双语故事表演L1暑假B2班,通用,10,10,1100,1100,110.0,"	0.00",L1,L1,常规体系,常规体系,双语故事表演L1暑假B2班,一年级双语故事表演暑假L1班,否,,连季续,一年级,一年级,一年级,2100.00,何丽萍(640266),,暑假,暑假,正常,2026-08-18,2026-08-18,已审核,走读,常规面授,常规面授,,16,2026-02-26,每天18:40-20:30(上5休1),"有教材,开课前领取",2026-08-28,13,素养素质(智学),二十四品302教室,二十四品302教室,班级刷卡,15人,素养,二十四品教学区,2026-08-28,10,12,分级阅读1
"素养智学部",双语故事表演,双语故事表演,双语故事表演,PM527A0025,双语绘本C5（暑）,双语故事表演L5暑假B2班,通用,10,10,1100,1100,110.0,"	0.00",L5,L5,常规体系,常规体系,双语故事表演L5暑假B2班,五年级双语故事表演暑假L5班,否,,连季续,五年级,五年级,五年级,2000.00,王静静(252025),,暑假,暑假,正常,2026-08-18,2026-08-18,已审核,走读,常规面授,常规面授,,20,2026-02-26,每天16:00-17:50(上5休1),"有教材,开课前领取",2026-08-28,16,素养素质(智学),井湾子教学区215教室,井湾子教学区215教室,班级刷卡,15人,素养,井湾子教学区,2026-08-28,10,12,故事会5
"国外考试部",全科,"阅读,写作,听力,口语",,FBJ2702,雅思大学生6.0分封闭营,雅思大学生6.0分封闭营（FY27）,IELTS进阶班,76,100,9120,9120,120.0,454.00,IELTS,IELTS,常规体系,常规体系,雅思大学生6.0分封闭营,雅思大学生6.0分封闭营,否,,可续,,,,24800.00,范润娇(088464),,暑假,,正常,2026-07-30,2026-07-30,已审核,"走读,在线","常规面授,在线直播",在线直播,云教室小班（25人以下）,15,2025-12-22,周一至周六08:00-18:00上课，19:00-21:00晚自习,"有教材,开课前领取",2026-08-21,15,国外考试部,天马教学区,天马202教室,班级刷卡,12人,国外考试部,天马教学区,2026-08-21,6,7,
"素养智学部",英语,英语,英语,YYZH4A0433,双语智慧4A（暑）,四年级英语暑假B1服务（默认A）,通用,10,10,1200,1200,120.0,"	0.00",TG,TG,常规体系,常规体系,四年级英语暑假B1服务,四年级英语A暑假智慧学习空间,否,,连季续,四年级,四年级,四年级,2000.00,彭念慈(612650),,暑假,暑假,正常,2026-08-18,2026-08-18,已审核,"走读,在线","常规面授,在线录播",在线录播,智慧学习机,24,2026-02-27,每天08:30-10:30(上5休1）,"有教材,开课前领取",2026-08-28,23,学习机托管(智学),二十四品03自习室,二十四品03自习室,班级刷卡,20人,学习机托管,二十四品教学区,2026-08-28,12,12,四年级英语
"素养智学部",双语故事表演,双语故事表演,双语故事表演,PM327A0010,双语绘本3B（暑）,双语故事表演L3暑假B2班,通用,10,10,1100,1100,110.0,"	0.00",L3,L3,常规体系,常规体系,双语故事表演L3暑假B2班,三年级双语故事表演暑假L3班,否,,连季续,三年级,三年级,三年级,2000.00,胡钰(694156),,暑假,暑假,正常,2026-08-18,2026-08-18,已审核,走读,常规面授,常规面授,,18,2026-02-26,每天10:40-12:30(上5休1),"有教材,开课前领取",2026-08-28,16,素养素质(智学),洋湖卓伯根208教室,洋湖卓伯根208教室,班级刷卡,15人,素养,洋湖卓伯根教学区,2026-08-28,10,12,分级阅读3
"素养智学部",英语,英语,英语,YYZH6A0653,双语智慧6B（暑）,六年级英语暑假B1服务（默认B）,通用,10,10,1200,1200,120.0,"	0.00",TG,TG,常规体系,常规体系,六年级英语暑假B1服务,六年级英语B暑假智慧学习空间,否,,连季续,六年级(小学),六年级,六年级,2000.00,刘雯娜(084679),,暑假,暑假,正常,2026-08-18,2026-08-18,已审核,"走读,在线","常规面授,在线录播",在线录播,智慧学习机,22,2026-02-27,每天08:30-10:30(上5休1）,"有教材,开课前领取",2026-08-28,16,学习机托管(智学),美林银谷313教室,美林银谷313教室,班级刷卡,20人,学习机托管,美林银谷教学区,2026-08-28,12,12,六年级英语
"素养智学部",脑力与思维,脑力与思维,脑力与思维,SW527A0012,脑力思维5B（暑）,脑力与思维L5暑假B1班,通用,10,10,1100,1100,110.0,"	0.00",L5,L5,常规体系,常规体系,脑力与思维L5暑假B1班,五年级脑力与思维暑假L5班,否,,连季续,五年级,五年级,五年级,2000.00,张丽晖(226352),,暑假,暑假,正常,2026-08-18,2026-08-18,已审核,走读,常规面授,常规面授,,20,2026-02-26,每天13:50-15:40(上5休1),"有教材,开课前领取",2026-08-28,19,素养素质(智学),梅岭国际206教室,梅岭国际206教室,班级刷卡,15人,素养,梅岭国际教学区,2026-08-28,10,12,思维5
"素养智学部",双语故事表演,双语故事表演,双语故事表演,PM227A0084,双语绘本2C（暑）,双语故事表演L2暑假B2班,通用,10,10,1100,1100,110.0,"	0.00",L2,L2,常规体系,常规体系,双语故事表演L2暑假B2班,二年级双语故事表演暑假L2班,否,,连季续,二年级,二年级,二年级,2100.00,蒋毅(467949),,暑假,暑假,正常,2026-08-18,2026-08-18,已审核,走读,常规面授,常规面授,,17,2026-02-26,每天13:50-15:40(上5休1),"有教材,开课前领取",2026-08-28,16,素养素质(智学),洋湖新城303教室,洋湖新城303教室,班级刷卡,15人,素养,洋湖新城教学区,2026-08-28,10,12,分级阅读2
"素养智学部",脑力与思维,脑力与思维,脑力与思维,SW327A0050,脑力思维3B（暑）,脑力与思维L3暑假B1班,通用,10,10,1100,1100,110.0,"	0.00",L3,L3,常规体系,常规体系,脑力与思维L3暑假B1班,三年级脑力与思维暑假L3班,否,,连季续,三年级,三年级,三年级,2000.00,王晓玉(438791),,暑假,暑假,正常,2026-08-18,2026-08-18,已审核,走读,常规面授,常规面授,,18,2026-02-26,每天16:00-17:50(上5休1),"有教材,开课前领取",2026-08-28,14,素养素质(智学),月亮岛301教室,月亮岛301教室,班级刷卡,15人,素养,月亮岛教学区,2026-08-28,10,12,思维3
"素养智学部",脑力与思维,脑力与思维,脑力与思维,SW527A0006,脑力思维5B（暑）,脑力与思维L5暑假B1班,通用,10,10,1100,1100,110.0,"	0.00",L5,L5,常规体系,常规体系,脑力与思维L5暑假B1班,五年级脑力与思维暑假L5班,否,,连季续,五年级,五年级,五年级,2000.00,曾丹(444561),,暑假,暑假,正常,2026-08-18,2026-08-18,已审核,走读,常规面授,常规面授,,20,2026-02-26,每天13:50-15:40(上5休1),"有教材,开课前领取",2026-08-28,14,素养素质(智学),二十四品301教室,二十四品301教室,班级刷卡,15人,素养,二十四品教学区,2026-08-28,10,12,思维5
"素养智学部",脑力与思维,脑力与思维,脑力与思维,SW427A0019,脑力思维4B（暑）,脑力与思维L4暑假B1班,通用,10,10,1100,1100,110.0,"	0.00",L4,L4,常规体系,常规体系,脑力与思维L4暑假B1班,四年级脑力与思维暑假L4班,否,,连季续,四年级,四年级,四年级,2000.00,曾丹(444561),,暑假,暑假,正常,2026-08-18,2026-08-18,已审核,走读,常规面授,常规面授,,19,2026-02-26,每天16:00-17:50(上5休1),"有教材,开课前领取",2026-08-28,16,素养素质(智学),二十四品301教室,二十四品301教室,班级刷卡,15人,素养,二十四品教学区,2026-08-28,10,12,思维4
"素养智学部",脑力与思维,脑力与思维,脑力与思维,SW327A0075,脑力思维3B（暑）,脑力与思维L3暑假B1班,通用,10,10,1100,1100,110.0,"	0.00",L3,L3,常规体系,常规体系,脑力与思维L3暑假B1班,三年级脑力与思维暑假L3班,否,,连季续,三年级,三年级,三年级,2000.00,王艳琴(706986),,暑假,暑假,正常,2026-08-18,2026-08-18,已审核,走读,常规面授,常规面授,,18,2026-07-11,每天16:00-17:50（上五休一),"有教材,开课前领取",2026-08-28,10,素养素质(智学),二十四品307教室,二十四品307教室,班级刷卡,15人,素养,二十四品教学区,2026-08-28,10,12,思维3
"素养智学部",英语,英语,英语,YYZH6A0708,双语智慧6A（暑）,六年级英语暑假A2服务（默认A）,通用,10,10,1200,1200,120.0,"	0.00",TG,TG,常规体系,常规体系,六年级英语暑假A2服务,六年级英语A暑假智慧学习空间,否,,连季续,六年级(小学),六年级,六年级,2000.00,唐慧(142001),,暑假,暑假,正常,2026-08-18,2026-08-18,已审核,"走读,在线","常规面授,在线录播",在线录播,智慧学习机,24,2026-02-27,每天13:50-15:50(上5休1）,"有教材,开课前领取",2026-08-28,24,学习机托管(智学),西子花苑08自习室,西子花苑08自习室,班级刷卡,20人,学习机托管,西子花苑智慧空间,2026-08-28,12,12,六年级英语
"素养智学部",双语故事表演,双语故事表演,双语故事表演,PM327A0176,双语绘本3C（暑）,双语故事表演L3暑假B2班,通用,10,10,1100,1100,110.0,"	0.00",L3,L3,常规体系,常规体系,双语故事表演L3暑假B2班,三年级双语故事表演暑假L3班,否,,连季续,三年级,三年级,三年级,2000.00,刘利亭(438750),,暑假,暑假,正常,2026-08-18,2026-08-18,已审核,走读,常规面授,常规面授,,19,2026-02-26,每天10:40-12:30(上5休1),"有教材,开课前领取",2026-08-28,19,素养素质(智学),八方小区202教室,八方小区202教室,班级刷卡,15人,素养,八方小区教学区,2026-08-28,10,12,分级阅读3
"素养智学部",双语故事表演,双语故事表演,双语故事表演,PM327A0138,双语绘本3C（暑）,双语故事表演L3暑假B2班,通用,10,10,1100,1100,110.0,"	0.00",L3,L3,常规体系,常规体系,双语故事表演L3暑假B2班,三年级双语故事表演暑假L3班,否,,连季续,三年级,三年级,三年级,2000.00,刘利亭(438750),,暑假,暑假,正常,2026-08-18,2026-08-18,已审核,走读,常规面授,常规面授,,18,2026-02-26,每天08:30-10:20(上5休1),"有教材,开课前领取",2026-08-28,18,素养素质(智学),八方小区202教室,八方小区202教室,班级刷卡,15人,素养,八方小区教学区,2026-08-28,10,12,分级阅读3
"素养智学部",双语故事表演,双语故事表演,双语故事表演,PM227A0072,双语绘本2C（暑）,双语故事表演L2暑假B2班,通用,10,10,1100,1100,110.0,"	0.00",L2,L2,常规体系,常规体系,双语故事表演L2暑假B2班,二年级双语故事表演暑假L2班,否,,连季续,二年级,二年级,二年级,2100.00,曾佳琳(443719),,暑假,暑假,正常,2026-08-18,2026-08-18,已审核,走读,常规面授,常规面授,,17,2026-02-26,每天10:40-12:30(上5休1),"有教材,开课前领取",2026-08-28,14,素养素质(智学),晚报旗舰店105教室,晚报旗舰店105教室,班级刷卡,15人,素养,晚报旗舰店教学区,2026-08-28,10,12,分级阅读2
"素养智学部",博文妙笔,博文妙笔,博文妙笔,BW127A0036,博文口才 1（暑）,博文妙笔L1暑假B1班,通用,10,10,1100,1100,110.0,"	0.00",L1,L1,常规体系,常规体系,博文妙笔L1暑假B1班,一年级博文妙笔暑假L1班,否,,连季续,一年级,一年级,一年级,2100.00,冯慧(214832),,暑假,暑假,正常,2026-08-18,2026-08-18,已审核,走读,常规面授,常规面授,,17,2026-04-02,每天16:00-17:50(上5休1),"有教材,开课前领取",2026-08-28,14,素养素质(智学),北辰108教室,北辰108教室,班级刷卡,15人,素养,北辰教学区,2026-08-28,10,12,语商表达1
"素养智学部",博文妙笔,博文妙笔,博文妙笔,BW227A0011,博文口才 2（暑）,博文妙笔L2暑假B1班,通用,10,10,1100,1100,110.0,"	0.00",L2,L2,常规体系,常规体系,博文妙笔L2暑假B1班,二年级博文妙笔暑假L2班,否,,连季续,二年级,二年级,二年级,2100.00,高玮(438769),,暑假,暑假,正常,2026-08-18,2026-08-18,已审核,走读,常规面授,常规面授,,19,2026-02-26,每天10:40-12:30(上5休1),"有教材,开课前领取",2026-08-28,17,素养素质(智学),二十四品307教室,二十四品307教室,班级刷卡,15人,素养,二十四品教学区,2026-08-28,10,12,语商表达2
"素养智学部",英语,英语,英语,GJZH27A021,国际语音,学习机托管三年级英语暑假ZT1服务,通用,10,10,1200,1200,120.0,"	0.00",ZT1,ZT1,专项体系,专项体系,学习机托管三年级英语暑假ZT1服务,三年级英语暑假专题班,否,,不可续,三年级,三年级,三年级,2000.00,佘语嫣(618513),,暑假,暑假,正常,2026-08-18,2026-08-18,已审核,走读,常规面授,常规面授,,18,2026-07-16,每天08:30-10:30(上5休1）,"有教材,开课前领取",2026-08-28,16,学习机托管(智学),雨花家园302教室,雨花家园302教室,班级刷卡,20人,学习机托管,雨花家园教学区,2026-08-28,12,14,专项音标
"素养智学部",英语,英语,英语,YYZH6A0728,双语智慧6A（暑）,六年级英语暑假A2服务（默认A）,通用,10,10,1200,1200,120.0,"	0.00",TG,TG,常规体系,常规体系,六年级英语暑假A2服务,六年级英语A暑假智慧学习空间,否,,连季续,六年级(小学),六年级,六年级,2000.00,陈圆苑(681745),,暑假,暑假,正常,2026-08-18,2026-08-18,已审核,"走读,在线","常规面授,在线录播",在线录播,智慧学习机,24,2026-08-08,每天13:50-15:50(上5休1）,"有教材,开课前领取",2026-08-28,9,学习机托管(智学),时光汇01自习室,时光汇01自习室,班级刷卡,20人,学习机托管,时光汇教学区,2026-08-28,8,12,六年级英语
"素养智学部",双语故事表演,双语故事表演,双语故事表演,PM427A0111,双语绘本4C（暑）,双语故事表演L4暑假B2班,通用,10,10,1100,1100,110.0,"	0.00",L4,L4,常规体系,常规体系,双语故事表演L4暑假B2班,四年级双语故事表演暑假L4班,否,,连季续,四年级,四年级,四年级,2000.00,李晓娟(411182),,暑假,暑假,正常,2026-08-18,2026-08-18,已审核,走读,常规面授,常规面授,,22,2026-02-26,每天10:40-12:30(上5休1),"有教材,开课前领取",2026-08-28,16,素养素质(智学),八一路308教室,八一路308教室,班级刷卡,15人,素养,八一路教学区,2026-08-28,10,12,分级阅读4
"素养智学部",英语,英语,英语,YYZH5A0314,双语智慧5A（暑）,五年级英语暑假B1服务（默认A）,通用,10,10,1200,1200,120.0,"	0.00",TG,TG,常规体系,常规体系,五年级英语暑假B1服务,五年级英语A暑假智慧学习空间,否,,连季续,五年级,五年级,五年级,2000.00,邓谢莹(438832),,暑假,暑假,正常,2026-08-18,2026-08-18,已审核,"走读,在线","常规面授,在线录播",在线录播,智慧学习机,23,2026-02-27,每天08:30-10:30(上5休1）,"有教材,开课前领取",2026-08-28,23,学习机托管(智学),梅岭国际1自习室,梅岭国际1自习室,班级刷卡,20人,学习机托管,梅岭国际教学区,2026-08-28,12,12,五年级英语
"素养智学部",双语故事表演,双语故事表演,双语故事表演,PM527A0044,双语绘本C5（暑）,双语故事表演L5暑假B2班,通用,10,10,1100,1100,110.0,"	0.00",L5,L5,常规体系,常规体系,双语故事表演L5暑假B2班,五年级双语故事表演暑假L5班,否,,连季续,五年级,五年级,五年级,2000.00,刘颖逸(254207),,暑假,暑假,正常,2026-08-18,2026-08-18,已审核,走读,常规面授,常规面授,,22,2026-02-26,每天08:30-10:20(上5休1),"有教材,开课前领取",2026-08-28,20,素养素质(智学),东塘205教室,东塘205教室,班级刷卡,15人,素养,东塘教学区,2026-08-28,10,12,故事会5
"素养智学部",英语,英语,英语,YYZH5A0356,双语智慧5A（暑）,五年级英语暑假B1服务（默认A）,通用,10,10,1200,1200,120.0,"	0.00",TG,TG,常规体系,常规体系,五年级英语暑假B1服务,五年级英语A暑假智慧学习空间,否,,连季续,五年级,五年级,五年级,2000.00,易超(374616),,暑假,暑假,正常,2026-08-18,2026-08-18,已审核,"走读,在线","常规面授,在线录播",在线录播,智慧学习机,23,2026-02-27,每天08:30-10:30(上5休1）,"有教材,开课前领取",2026-08-28,22,学习机托管(智学),星沙筑梦自习室4,星沙筑梦自习室4,班级刷卡,20人,学习机托管,星沙筑梦教学区,2026-08-28,12,12,五年级英语
"高中班级部",物理,物理,物理,GYWLA3498,高一物理暑假精进班,十年级物理暑假A2班（面授）,通用,14,14,1680,1680,120.0,"	0.00",A2,A2,A体系,A体系,十年级物理暑假A2班,高一物理暑假精进班,否,,连季续,高一,十年级,高一,2660.00,邹志超(248531),,暑假,暑假,正常,2026-08-05,2026-08-05,已审核,走读,常规面授,常规面授,,25,2025-12-15,10:20-12:20,"有教材,开课前领取",2026-08-19,19,高中部,晚报大厦305教室,晚报大厦305教室,班级刷卡,25人,本地班课,晚报大厦教学区,2026-08-19,10,15,高一物理
"素养智学部",双语故事表演,双语故事表演,双语故事表演,PM327A0045,双语绘本3C（暑）,双语故事表演L3暑假B2班,通用,10,10,1100,1100,110.0,"	0.00",L3,L3,常规体系,常规体系,双语故事表演L3暑假B2班,三年级双语故事表演暑假L3班,否,,连季续,三年级,三年级,三年级,2000.00,柳烨(364316),,暑假,暑假,正常,2026-08-18,2026-08-18,已审核,走读,常规面授,常规面授,,18,2026-02-26,每天16:00-17:50(上5休1),"有教材,开课前领取",2026-08-28,17,素养素质(智学),方圆荟304自习室,方圆荟304自习室,班级刷卡,15人,素养,方圆荟智慧空间,2026-08-28,10,12,分级阅读3
"素养智学部",英语,英语,英语,YYZH6A0682,双语智慧6A（暑）,六年级英语暑假A2服务（默认A）,通用,10,10,1200,1200,120.0,"	0.00",TG,TG,常规体系,常规体系,六年级英语暑假A2服务,六年级英语A暑假智慧学习空间,否,,连季续,六年级(小学),六年级,六年级,2000.00,蒋媛媛(223063),,暑假,暑假,正常,2026-08-18,2026-08-18,已审核,"走读,在线","常规面授,在线录播",在线录播,智慧学习机,24,2026-02-27,每天13:50-15:50(上5休1）,"有教材,开课前领取",2026-08-28,24,学习机托管(智学),二十四品02自习室,二十四品02自习室,班级刷卡,20人,学习机托管,二十四品教学区,2026-08-28,12,12,六年级英语
"素养智学部",双语故事表演,双语故事表演,双语故事表演,PM327A0088,双语绘本3C（暑）,双语故事表演L3暑假B2班,通用,10,10,1100,1100,110.0,"	0.00",L3,L3,常规体系,常规体系,双语故事表演L3暑假B2班,三年级双语故事表演暑假L3班,否,,连季续,三年级,三年级,三年级,2000.00,王子墨(708706),,暑假,暑假,正常,2026-08-18,2026-08-18,已审核,走读,常规面授,常规面授,,21,2026-02-26,每天10:40-12:30(上5休1),"有教材,开课前领取",2026-08-28,20,素养素质(智学),洋湖新城302教室,洋湖新城302教室,班级刷卡,15人,素养,洋湖新城教学区,2026-08-28,10,12,分级阅读3
"素养智学部",双语故事表演,双语故事表演,双语故事表演,PM327A0065,双语绘本3C（暑）,双语故事表演L3暑假B2班,通用,10,10,1100,1100,110.0,"	0.00",L3,L3,常规体系,常规体系,双语故事表演L3暑假B2班,三年级双语故事表演暑假L3班,否,,连季续,三年级,三年级,三年级,2000.00,庹芯瑷(438752),,暑假,暑假,正常,2026-08-18,2026-08-18,已审核,走读,常规面授,常规面授,,19,2026-02-26,每天13:50-15:40(上5休1),"有教材,开课前领取",2026-08-28,17,素养素质(智学),雨花家园303教室,雨花家园303教室,班级刷卡,15人,素养,雨花家园教学区,2026-08-28,10,12,分级阅读3
"素养智学部",双语故事表演,双语故事表演,双语故事表演,PM227A0019,双语绘本2C（暑）,双语故事表演L2暑假B2班,通用,10,10,1100,1100,110.0,"	0.00",L2,L2,常规体系,常规体系,双语故事表演L2暑假B2班,二年级双语故事表演暑假L2班,否,,连季续,二年级,二年级,二年级,2100.00,黎侠君(728275),,暑假,暑假,正常,2026-08-18,2026-08-18,已审核,走读,常规面授,常规面授,,16,2026-02-26,每天10:40-12:30(上5休1),"有教材,开课前领取",2026-08-28,9,素养素质(智学),梅岭国际210教室,梅岭国际210教室,班级刷卡,15人,素养,梅岭国际教学区,2026-08-28,10,12,分级阅读2
"素养智学部",双语故事表演,双语故事表演,双语故事表演,PM227A0185,双语绘本2C（暑）,双语故事表演L2暑假B2班,通用,10,10,1100,1100,110.0,"	0.00",L2,L2,常规体系,常规体系,双语故事表演L2暑假B2班,二年级双语故事表演暑假L2班,否,,连季续,二年级,二年级,二年级,2100.00,黎侠君(728275),,暑假,暑假,正常,2026-08-18,2026-08-18,已审核,走读,常规面授,常规面授,,16,2026-02-26,每天13:50-15:40(上5休1),"有教材,开课前领取",2026-08-28,7,素养素质(智学),梅岭国际202教室,梅岭国际202教室,班级刷卡,15人,素养,梅岭国际教学区,2026-08-28,10,12,分级阅读2
"素养智学部",双语故事表演,双语故事表演,双语故事表演,PM127A0174,双语绘本1C+领航班（暑）,双语故事表演L1暑假C1班（C+）,通用,10,10,1100,1100,110.0,"	0.00",L1,L1,常规体系,常规体系,双语故事表演L1暑假C1班,一年级双语故事表演暑假L1班,否,,连季续,一年级,一年级,一年级,2100.00,黎侠君(728275),,暑假,暑假,正常,2026-08-18,2026-08-18,已审核,走读,常规面授,常规面授,,15,2026-05-08,每天08:30-10:20(上5休1）,"有教材,开课前领取",2026-08-28,8,素养素质(智学),梅岭国际210教室,梅岭国际210教室,班级刷卡,15人,素养,梅岭国际教学区,2026-08-28,10,12,分级阅读1
"素养智学部",博文妙笔,博文妙笔,博文妙笔,BW427A0047,博文口才 4（暑）,博文妙笔L4暑假B1班,通用,10,10,1100,1100,110.0,"	0.00",L4,L4,常规体系,常规体系,博文妙笔L4暑假B1班,四年级博文妙笔暑假L4班,否,,连季续,四年级,四年级,四年级,2000.00,李雪晴(707039),,暑假,暑假,正常,2026-08-18,2026-08-18,已审核,走读,常规面授,常规面授,,15,2026-03-10,每天13:50-15:40(上5休1),"有教材,开课前领取",2026-08-28,5,素养素质(智学),吉联mall309教室,吉联mall303自习室,班级刷卡,15人,素养,吉联mall教学区,2026-08-28,10,12,语商表达4
"素养智学部",书法,书法,书法,XZ127A0009,素质成长营（写字1）（暑）,S3书法暑假ZT1班,通用,10,10,900,900,90.0,"	0.00",ZT1,ZT1,专项体系,专项体系,S3书法暑假ZT1班,S3书法暑假ZT1班,否,,不可续,S3,S3,S3,975.00,朱庆香(342027),,暑假,暑假,正常,2026-08-18,2026-08-18,已审核,走读,常规面授,常规面授,,15,2026-02-26,每天08:30-10:00(上5休1),"有教材,开课前领取",2026-08-28,5,素养素质(智学),雨花家园308教室,雨花家园308教室,班级刷卡,12人,素质,雨花家园教学区,2026-08-28,7,8,书法1
"素养智学部",博文妙笔,博文妙笔,博文妙笔,BW127A0013,博文口才 1（暑）,博文妙笔L1暑假B1班,通用,10,10,1100,1100,110.0,"	0.00",L1,L1,常规体系,常规体系,博文妙笔L1暑假B1班,一年级博文妙笔暑假L1班,否,,连季续,一年级,一年级,一年级,2100.00,冯慧(214832),,暑假,暑假,正常,2026-08-18,2026-08-18,已审核,走读,常规面授,常规面授,,16,2026-02-26,每天10:40-12:30(上5休1),"有教材,开课前领取",2026-08-28,16,素养素质(智学),北辰105教室,北辰105教室,班级刷卡,15人,素养,北辰教学区,2026-08-28,10,12,语商表达1
"素养智学部",英语,英语,英语,OYYZH4A27002,SYYY暑假智慧学习小组4A,四年级学习机线上英语暑假B1服务（创新默认A）,通用,10,10,1200,1200,120.0,"	0.00",XXJ,XXJ,常规体系,常规体系,四年级学习机线上英语暑假B1服务,四年级英语A暑假智慧学习小组,否,,连季续,四年级,四年级,四年级,1350.00,王雅娟(307764),,暑假,暑假,正常,2026-08-18,2026-08-18,已审核,在线,在线录播,在线录播,智慧学习机,26,2026-04-05,每天08:30-10:30,"有教材,快递配送",2026-08-28,23,学习机线上(智学),省域儿童网络虚拟教室1,省域儿童网络虚拟教室1,班级刷卡,24人,学习机线上,省域网络教学区,2026-08-28,3,14,四年级英语
"素养智学部",脑力与思维,脑力与思维,脑力与思维,SW127A0021,脑力思维1B（暑）,脑力与思维L1暑假B1班,通用,10,10,1100,1100,110.0,"	0.00",L1,L1,常规体系,常规体系,脑力与思维L1暑假B1班,一年级脑力与思维暑假L1班,否,,连季续,一年级,一年级,一年级,2100.00,谢春(366872),,暑假,暑假,正常,2026-08-18,2026-08-18,已审核,走读,常规面授,常规面授,,15,2026-02-26,每天10:40-12:30(上5休1),"有教材,开课前领取",2026-08-28,15,素养素质(智学),八方小区209教室,八方小区209教室,班级刷卡,15人,素养,八方小区教学区,2026-08-28,10,12,思维1
"素养智学部",脑力与思维,脑力与思维,脑力与思维,SW627A0014,脑力思维6B（暑）,脑力与思维L6暑假B1班,通用,10,10,1100,1100,110.0,"	0.00",L6,L6,常规体系,常规体系,脑力与思维L6暑假B1班,六年级脑力与思维暑假L6班,否,,连季续,六年级(小学),六年级,六年级,2000.00,倪胜鹏(706985),,暑假,暑假,正常,2026-08-18,2026-08-18,已审核,走读,常规面授,常规面授,,19,2026-02-26,每天10:40-12:30(上5休1),"有教材,开课前领取",2026-08-28,19,素养素质(智学),月亮岛204教室,月亮岛204教室,班级刷卡,15人,素养,月亮岛教学区,2026-08-28,10,12,思维6
"素养智学部",英语,英语,英语,YYZH4A0429,双语智慧4B（暑）,四年级英语暑假B1服务（默认B）,通用,10,10,1200,1200,120.0,"	0.00",TG,TG,常规体系,常规体系,四年级英语暑假B1服务,四年级英语A暑假智慧学习空间,否,,连季续,四年级,四年级,四年级,2000.00,李淑慧(383130),,暑假,暑假,正常,2026-08-18,2026-08-18,已审核,"走读,在线","常规面授,在线录播",在线录播,智慧学习机,21,2026-02-27,每天08:30-10:30(上5休1）,"有教材,开课前领取",2026-08-28,19,学习机托管(智学),雨花家园404自习室,雨花家园404自习室,班级刷卡,20人,学习机托管,雨花家园智慧空间,2026-08-28,12,12,四年级英语
"素养智学部",博文妙笔,博文妙笔,博文妙笔,BW327A0049,博文口才 3（暑）,博文妙笔L3暑假B1班,通用,10,10,1100,1100,110.0,"	0.00",L3,L3,常规体系,常规体系,博文妙笔L3暑假B1班,三年级博文妙笔暑假L3班,否,,连季续,三年级,三年级,三年级,2000.00,王慧玲(176202),,暑假,暑假,正常,2026-08-18,2026-08-18,已审核,走读,常规面授,常规面授,,24,2026-03-25,每天16:00-17:50(上5休1),"有教材,开课前领取",2026-08-28,24,素养素质(智学),雨花家园206教室,雨花家园206教室,班级刷卡,15人,素养,雨花家园教学区,2026-08-28,10,12,语商表达3
"素养智学部",博文妙笔,博文妙笔,博文妙笔,BW427A0019,博文口才 4（暑）,博文妙笔L4暑假B1班,通用,10,10,1100,1100,110.0,"	0.00",L4,L4,常规体系,常规体系,博文妙笔L4暑假B1班,四年级博文妙笔暑假L4班,否,,连季续,四年级,四年级,四年级,2000.00,何琪(057970),,暑假,暑假,正常,2026-08-18,2026-08-18,已审核,走读,常规面授,常规面授,,19,2026-02-26,每天13:50-15:40(上5休1),"有教材,开课前领取",2026-08-28,15,素养素质(智学),梅岭国际213教室,梅岭国际213教室,班级刷卡,15人,素养,梅岭国际教学区,2026-08-28,10,12,语商表达4
"素养智学部",英语,英语,英语,YYZH4A0440,双语智慧4A（暑）,四年级英语暑假B1服务（默认A）,通用,10,10,1200,1200,120.0,"	0.00",TG,TG,常规体系,常规体系,四年级英语暑假B1服务,四年级英语A暑假智慧学习空间,否,,连季续,四年级,四年级,四年级,2000.00,陈圆苑(681745),,暑假,暑假,正常,2026-08-18,2026-08-18,已审核,"走读,在线","常规面授,在线录播",在线录播,智慧学习机,23,2026-02-27,每天08:30-10:30(上5休1）,"有教材,开课前领取",2026-08-28,21,学习机托管(智学),时光汇01自习室,时光汇01自习室,班级刷卡,20人,学习机托管,时光汇教学区,2026-08-28,12,12,四年级英语
"素养智学部",脑力与思维,脑力与思维,脑力与思维,SW427A0750,脑力思维4B（暑）,脑力与思维L4暑假B1班,通用,10,10,1100,1100,110.0,"	0.00",L4,L4,常规体系,常规体系,脑力与思维L4暑假B1班,四年级脑力与思维暑假L4班,否,,连季续,四年级,四年级,四年级,2000.00,谭欣佳(158017),,暑假,暑假,正常,2026-08-18,2026-08-18,已审核,走读,常规面授,常规面授,,15,2026-08-13,每天10:40-12:30(上5休1）,"有教材,开课前领取",2026-08-28,9,素养素质(智学),吉联mall310教室,吉联mall310教室,班级刷卡,15人,素养,吉联mall教学区,2026-08-28,10,12,思维4
"素养智学部",双语故事表演,双语故事表演,双语故事表演,PM427A0042,双语绘本4C（暑）,双语故事表演L4暑假B2班,通用,10,10,1100,1100,110.0,"	0.00",L4,L4,常规体系,常规体系,双语故事表演L4暑假B2班,四年级双语故事表演暑假L4班,否,,连季续,四年级,四年级,四年级,2000.00,李晓娟(411182),,暑假,暑假,正常,2026-08-18,2026-08-18,已审核,走读,常规面授,常规面授,,18,2026-02-26,每天13:50-15:40(上5休1),"有教材,开课前领取",2026-08-28,14,素养素质(智学),八一路302教室,八一路302教室,班级刷卡,15人,素养,八一路教学区,2026-08-28,10,12,分级阅读4
"素养智学部",双语故事表演,双语故事表演,双语故事表演,PM527A0078,双语绘本C5（暑）,双语故事表演L5暑假B2班,通用,10,10,1100,1100,110.0,"	0.00",L5,L5,常规体系,常规体系,双语故事表演L5暑假B2班,五年级双语故事表演暑假L5班,否,,连季续,五年级,五年级,五年级,2000.00,刘佳曦(288490),,暑假,暑假,正常,2026-08-18,2026-08-18,已审核,走读,常规面授,常规面授,,18,2026-03-26,每天18:40-20:30(上5休1),"有教材,开课前领取",2026-08-28,10,素养素质(智学),八一路306教室,八一路306教室,班级刷卡,15人,素养,八一路教学区,2026-08-28,10,12,故事会5
"素养智学部",双语故事表演,双语故事表演,双语故事表演,PM527A0066,双语绘本C5（暑）,双语故事表演L5暑假B2班,通用,10,10,1100,1100,110.0,"	0.00",L5,L5,常规体系,常规体系,双语故事表演L5暑假B2班,五年级双语故事表演暑假L5班,否,,连季续,五年级,五年级,五年级,2000.00,刘佳曦(288490),,暑假,暑假,正常,2026-08-18,2026-08-18,已审核,走读,常规面授,常规面授,,18,2026-02-26,每天16:00-17:50(上5休1),"有教材,开课前领取",2026-08-28,14,素养素质(智学),八一路306教室,八一路306教室,班级刷卡,15人,素养,八一路教学区,2026-08-28,10,12,故事会5
"素养智学部",双语故事表演,双语故事表演,双语故事表演,PM227A0172,双语绘本2C（暑）,双语故事表演L2暑假B2班,通用,10,10,1100,1100,110.0,"	0.00",L2,L2,常规体系,常规体系,双语故事表演L2暑假B2班,二年级双语故事表演暑假L2班,否,,连季续,二年级,二年级,二年级,2100.00,刘佳曦(288490),,暑假,暑假,正常,2026-08-18,2026-08-18,已审核,走读,常规面授,常规面授,,17,2026-02-26,每天13:50-15:40(上5休1),"有教材,开课前领取",2026-08-28,12,素养素质(智学),八一路306教室,八一路306教室,班级刷卡,15人,素养,八一路教学区,2026-08-28,10,12,分级阅读2
"素养智学部",双语故事表演,双语故事表演,双语故事表演,PM427A0040,双语绘本4C（暑）,双语故事表演L4暑假B2班,通用,10,10,1100,1100,110.0,"	0.00",L4,L4,常规体系,常规体系,双语故事表演L4暑假B2班,四年级双语故事表演暑假L4班,否,,连季续,四年级,四年级,四年级,2000.00,刘佳曦(288490),,暑假,暑假,正常,2026-08-18,2026-08-18,已审核,走读,常规面授,常规面授,,18,2026-02-26,每天10:40-12:30(上5休1),"有教材,开课前领取",2026-08-28,12,素养素质(智学),八一路306教室,八一路306教室,班级刷卡,15人,素养,八一路教学区,2026-08-28,10,12,分级阅读4
"素养智学部",双语故事表演,双语故事表演,双语故事表演,PM227A0078,双语绘本2C（暑）,双语故事表演L2暑假B2班,通用,10,10,1100,1100,110.0,"	0.00",L2,L2,常规体系,常规体系,双语故事表演L2暑假B2班,二年级双语故事表演暑假L2班,否,,连季续,二年级,二年级,二年级,2100.00,刘佳曦(288490),,暑假,暑假,正常,2026-08-18,2026-08-18,已审核,走读,常规面授,常规面授,,16,2026-02-26,每天08:30-10:20(上5休1),"有教材,开课前领取",2026-08-28,12,素养素质(智学),八一路306教室,八一路306教室,班级刷卡,15人,素养,八一路教学区,2026-08-28,10,12,分级阅读2
"素养智学部",英语,英语,英语,GJZH27A030,国际语音,学习机托管三年级英语暑假ZT1服务,通用,10,10,1200,1200,120.0,"	0.00",ZT1,ZT1,专项体系,专项体系,学习机托管三年级英语暑假ZT1服务,三年级英语暑假专题班,否,,不可续,三年级,三年级,三年级,2000.00,杨晴(707014),,暑假,暑假,正常,2026-08-18,2026-08-18,已审核,走读,常规面授,常规面授,,16,2026-08-13,每天16:00-18:00(上5休1）,"有教材,开课前领取",2026-08-28,5,学习机托管(智学),钰龙天下303教室,钰龙天下303教室,班级刷卡,20人,学习机托管,钰龙天下教学区,2026-08-28,12,14,专项音标
"素养智学部",博文妙笔,博文妙笔,博文妙笔,BW627A0023,博文口才 6（暑）,博文妙笔L6暑假B1班,通用,10,10,1100,1100,110.0,"	0.00",L6,L6,常规体系,常规体系,博文妙笔L6暑假B1班,六年级博文妙笔暑假L6班,否,,连季续,六年级(小学),六年级,六年级,2000.00,罗瑶(237674),,暑假,暑假,正常,2026-08-18,2026-08-18,已审核,走读,常规面授,常规面授,,19,2026-02-26,每天10:40-12:30(上5休1),"有教材,开课前领取",2026-08-28,18,素养素质(智学),梅岭国际214教室,梅岭国际214教室,班级刷卡,15人,素养,梅岭国际教学区,2026-08-28,10,12,语商表达6
"素养智学部",英语,英语,英语,YYZH4A0411,双语智慧4A（暑）,四年级英语暑假B1服务（默认A）,通用,10,10,1200,1200,120.0,"	0.00",TG,TG,常规体系,常规体系,四年级英语暑假B1服务,四年级英语A暑假智慧学习空间,否,,连季续,四年级,四年级,四年级,2000.00,刘海泽(612641),,暑假,暑假,正常,2026-08-18,2026-08-18,已审核,"走读,在线","常规面授,在线录播",在线录播,智慧学习机,22,2026-02-27,每天13:50-15:50(上5休1）,"有教材,开课前领取",2026-08-28,14,学习机托管(智学),听香水榭304教室,听香水榭304教室,班级刷卡,20人,学习机托管,听香水榭教学区,2026-08-28,12,12,四年级英语
"素养智学部",博文妙笔,博文妙笔,博文妙笔,BW327A0003,博文口才 3（暑）,博文妙笔L3暑假B1班,通用,10,10,1100,1100,110.0,"	0.00",L3,L3,常规体系,常规体系,博文妙笔L3暑假B1班,三年级博文妙笔暑假L3班,否,,连季续,三年级,三年级,三年级,2000.00,陈力僮(454078),,暑假,暑假,正常,2026-08-18,2026-08-18,已审核,走读,常规面授,常规面授,,22,2026-02-26,每天10:40-12:30(上5休1),"有教材,开课前领取",2026-08-28,18,素养素质(智学),东塘211教室,东塘211教室,班级刷卡,15人,素养,东塘教学区,2026-08-28,10,12,语商表达3
"高中班级部",数学,数学,数学,GYSXA3830,高一数学暑假精进班,十年级数学暑假A2班（面授）,通用,14,14,1680,1680,120.0,"	0.00",A2,A2,A体系,A体系,十年级数学暑假A2班,高一数学暑假精进班,否,,连季续,高一,十年级,高一,2660.00,张美娜(334661),,暑假,暑假,正常,2026-08-06,2026-08-06,已审核,走读,常规面授,常规面授,,25,2025-12-15,10:20-12:20,"有教材,开课前领取",2026-08-20,23,高中部,梅溪湖208教室,梅溪湖208教室,班级刷卡,25人,本地班课,梅溪湖教学区,2026-08-20,10,15,高一数学
"高中班级部",数学,数学,数学,GYSXA3831,高一数学暑假精进班,十年级数学暑假A2班（面授）,通用,14,14,1680,1680,120.0,"	0.00",A2,A2,A体系,A体系,十年级数学暑假A2班,高一数学暑假精进班,否,,连季续,高一,十年级,高一,2660.00,吴晓旭(317481),,暑假,暑假,正常,2026-08-06,2026-08-06,已审核,走读,常规面授,常规面授,,25,2025-12-15,16:00-18:00,"有教材,开课前领取",2026-08-20,15,高中部,梅溪湖207教室,梅溪湖207教室,班级刷卡,25人,本地班课,梅溪湖教学区,2026-08-20,10,15,高一数学
"高中班级部",物理,物理,物理,GYWLA3514,高一物理暑假精进班,十年级物理暑假A2班（面授）,通用,14,14,1680,1680,120.0,"	0.00",A2,A2,A体系,A体系,十年级物理暑假A2班,高一物理暑假精进班,否,,连季续,高一,十年级,高一,2660.00,廖俊豪(694062),,暑假,暑假,正常,2026-08-06,2026-08-06,已审核,走读,常规面授,常规面授,,25,2025-12-15,"	08:00-10:00","有教材,开课前领取",2026-08-20,20,高中部,梅溪湖208教室,梅溪湖208教室,班级刷卡,25人,本地班课,梅溪湖教学区,2026-08-20,10,15,高一物理
"高中班级部",物理,物理,物理,GYWLA3515,高一物理暑假精进班,十年级物理暑假A2班（面授）,通用,14,14,1680,1680,120.0,"	0.00",A2,A2,A体系,A体系,十年级物理暑假A2班,高一物理暑假精进班,否,,连季续,高一,十年级,高一,2660.00,廖俊豪(694062),,暑假,暑假,正常,2026-08-06,2026-08-06,已审核,走读,常规面授,常规面授,,25,2025-12-15,13:40-15:40,"有教材,开课前领取",2026-08-20,14,高中部,梅溪湖207教室,梅溪湖207教室,班级刷卡,25人,本地班课,梅溪湖教学区,2026-08-20,10,15,高一物理
"高中班级部",数学,数学,数学,GRSXA751,高二数学暑假精进班,十一年级数学暑假A2班（面授）,通用,14,14,1680,1680,120.0,"	0.00",A2,A2,A体系,A体系,十一年级数学暑假A2班,高二数学暑假精进班,否,,连季续,高二,十一年级,高二,2660.00,吴晓旭(317481),,暑假,暑假,正常,2026-08-06,2026-08-06,已审核,走读,常规面授,常规面授,,25,2025-12-15,10:20-12:20,"有教材,开课前领取",2026-08-20,17,高中部,梅溪湖211教室,梅溪湖211教室,班级刷卡,25人,本地班课,梅溪湖教学区,2026-08-20,10,15,高二数学
"高中班级部",数学,数学,数学,GRSXA761,高二数学暑假精进班,十一年级数学暑假A2班（面授）,通用,14,14,1680,1680,120.0,"	0.00",A2,A2,A体系,A体系,十一年级数学暑假A2班,高二数学暑假精进班,否,,连季续,高二,十一年级,高二,2660.00,官雨萱(248524),,暑假,暑假,正常,2026-08-06,2026-08-06,已审核,走读,常规面授,常规面授,,25,2025-12-15,10:20-12:20,"有教材,开课前领取",2026-08-20,20,高中部,晚报大厦304教室,晚报大厦304教室,班级刷卡,25人,本地班课,晚报大厦教学区,2026-08-20,10,15,高二数学
"高中班级部",物理,物理,物理,GRWLA588,高二物理暑假精进班,十一年级物理暑假A2班（面授）,通用,14,14,1680,1680,120.0,"	0.00",A2,A2,A体系,A体系,十一年级物理暑假A2班,高二物理暑假精进班,否,,连季续,高二,十一年级,高二,2660.00,金香敏(400291),,暑假,暑假,正常,2026-08-06,2026-08-06,已审核,走读,常规面授,常规面授,,25,2025-12-15,13:40-15:40,"有教材,开课前领取",2026-08-20,20,高中部,梅溪湖210教室,梅溪湖210教室,班级刷卡,25人,本地班课,梅溪湖教学区,2026-08-20,10,15,高二物理
"高中班级部",语文,语文,语文,GRYWA183,高二语文暑假精进班,十一年级语文暑假A2班（面授）,通用,14,14,1680,1680,120.0,"	0.00",A2,A2,A体系,A体系,十一年级语文暑假A2班,高二语文暑假精进班,否,,连季续,高二,十一年级,高二,2660.00,盘舟(054061),,暑假,暑假,正常,2026-08-06,2026-08-06,已审核,走读,常规面授,常规面授,,25,2025-12-15,18:30-20:30,"有教材,开课前领取",2026-08-20,23,高中部,雨花家园506教室,雨花家园506教室,班级刷卡,25人,本地班课,雨花家园教学区,2026-08-20,10,15,高二语文
"高中班级部",化学,化学,化学,GKHXA398,高考化学暑假精进班,十二年级化学暑假A2班（面授）,通用,14,14,1680,1680,120.0,"	0.00",A2,A2,A体系,A体系,十二年级化学暑假A2班,高考化学暑假精进班,否,,连季续,高考,十二年级,高考,2800.00,许富康(108924),,暑假,暑假,正常,2026-08-06,2026-08-06,已审核,走读,常规面授,常规面授,,25,2025-12-15,13:40-15:40,"有教材,开课前领取",2026-08-20,5,高中部,东塘217教室,东塘217教室,班级刷卡,25人,本地班课,东塘教学区,2026-08-20,10,15,高考化学
"高中班级部",物理,物理,物理,GKWLA420,高考物理暑假精进班,十二年级物理暑假A2班（面授）,通用,14,14,1680,1680,120.0,"	0.00",A2,A2,A体系,A体系,十二年级物理暑假A2班,高考物理暑假精进班,否,,连季续,高考,十二年级,高考,2800.00,李朝晖(331949),,暑假,暑假,正常,2026-08-06,2026-08-06,已审核,走读,常规面授,常规面授,,25,2025-12-15,13:40-15:40,"有教材,开课前领取",2026-08-20,3,高中部,浏城桥521教室,浏城桥521教室,班级刷卡,25人,本地班课,浏城桥教学区,2026-08-20,10,15,高考物理
"高中班级部",化学,化学,化学,GRHXA518,高二化学暑假精进班,十一年级化学暑假A2班（面授）,通用,14,14,1680,1680,120.0,"	0.00",A2,A2,A体系,A体系,十一年级化学暑假A2班,高二化学暑假精进班,否,,连季续,高二,十一年级,高二,2660.00,廖峻豪(402013),,暑假,暑假,正常,2026-08-06,2026-08-06,已审核,走读,常规面授,常规面授,,25,2025-12-15,"	08:00-10:00","有教材,开课前领取",2026-08-20,22,高中部,雨花家园507教室,雨花家园507教室,班级刷卡,25人,本地班课,雨花家园教学区,2026-08-20,10,15,高二化学
"高中班级部",数学,数学,数学,GRSXA765,高二数学暑假精进班,十一年级数学暑假A2班（面授）,通用,14,14,1680,1680,120.0,"	0.00",A2,A2,A体系,A体系,十一年级数学暑假A2班,高二数学暑假精进班,否,,连季续,高二,十一年级,高二,2660.00,王义(037388),,暑假,暑假,正常,2026-08-06,2026-08-06,已审核,走读,常规面授,常规面授,,25,2025-12-15,16:00-18:00,"有教材,开课前领取",2026-08-20,20,高中部,雨花家园507教室,雨花家园507教室,班级刷卡,25人,本地班课,雨花家园教学区,2026-08-20,10,15,高二数学
"高中班级部",数学,数学,数学,GYSXA3853,高一数学暑假精进班,十年级数学暑假A2班（面授）,通用,14,14,1680,1680,120.0,"	0.00",A2,A2,A体系,A体系,十年级数学暑假A2班,高一数学暑假精进班,否,,连季续,高一,十年级,高一,2660.00,祝名(703116),,暑假,暑假,正常,2026-08-06,2026-08-06,已审核,走读,常规面授,常规面授,,25,2026-03-27,13:40-15:40,"有教材,开课前领取",2026-08-20,24,高中部,中信高中01教室,中信高中01教室,班级刷卡,25人,本地班课,中信教学区,2026-08-20,10,15,高一数学
"高中班级部",化学,化学,化学,GYHXA3755,高一化学暑假精进班,十年级化学暑假A2班（面授）,通用,14,14,1680,1680,120.0,"	0.00",A2,A2,A体系,A体系,十年级化学暑假A2班,高一化学暑假精进班,否,,连季续,高一,十年级,高一,2660.00,汪洋(695307),,暑假,暑假,正常,2026-08-06,2026-08-06,已审核,走读,常规面授,常规面授,,25,2026-03-27,10:20-12:20,"有教材,开课前领取",2026-08-20,10,高中部,中信高中01教室,中信高中01教室,班级刷卡,25人,本地班课,中信教学区,2026-08-20,10,15,高一化学
"高中班级部",化学,化学,化学,GYHXA3735,高一化学暑假精进班,十年级化学暑假A2班（面授）,通用,14,14,1680,1680,120.0,"	0.00",A2,A2,A体系,A体系,十年级化学暑假A2班,高一化学暑假精进班,否,,连季续,高一,十年级,高一,2660.00,宁诗港(367904),,暑假,暑假,正常,2026-08-06,2026-08-06,已审核,走读,常规面授,常规面授,,25,2025-12-15,16:00-18:00,"有教材,开课前领取",2026-08-20,15,高中部,梅溪湖208教室,梅溪湖208教室,班级刷卡,25人,本地班课,梅溪湖教学区,2026-08-20,10,15,高一化学
"高中班级部",物理,物理,物理,GRWLA582,高二物理暑假精进班,十一年级物理暑假A2班（面授）,通用,14,14,1680,1680,120.0,"	0.00",A2,A2,A体系,A体系,十一年级物理暑假A2班,高二物理暑假精进班,否,,连季续,高二,十一年级,高二,2660.00,吴英泽(620416),,暑假,暑假,正常,2026-08-06,2026-08-06,已审核,走读,常规面授,常规面授,,25,2025-12-15,13:40-15:40,"有教材,开课前领取",2026-08-20,23,高中部,东塘213教室,东塘213教室,班级刷卡,25人,本地班课,东塘教学区,2026-08-20,10,15,高二物理
"高中班级部",物理,物理,物理,GRWLA585,高二物理暑假志高班,十一年级物理暑假B1班（面授）,通用,14,14,1680,1680,120.0,"	0.00",B1,B1,B体系,B体系,十一年级物理暑假B1班,高二物理暑假志高班,否,,连季续,高二,十一年级,高二,2660.00,李朝晖(331949),,暑假,暑假,正常,2026-08-06,2026-08-06,已审核,走读,常规面授,常规面授,,25,2025-12-15,16:00-18:00,"有教材,开课前领取",2026-08-20,15,高中部,浏城桥521教室,浏城桥521教室,班级刷卡,25人,本地班课,浏城桥教学区,2026-08-20,10,15,高二物理
"高中班级部",物理,物理,物理,GYWLA3507,高一物理暑假精进班,十年级物理暑假A2班（面授）,通用,14,14,1680,1680,120.0,"	0.00",A2,A2,A体系,A体系,十年级物理暑假A2班,高一物理暑假精进班,否,,连季续,高一,十年级,高一,2660.00,李朝晖(331949),,暑假,暑假,正常,2026-08-06,2026-08-06,已审核,走读,常规面授,常规面授,,25,2025-12-15,10:20-12:20,"有教材,开课前领取",2026-08-20,9,高中部,浏城桥521教室,浏城桥521教室,班级刷卡,25人,本地班课,浏城桥教学区,2026-08-20,10,15,高一物理
"高中班级部",英语,英语,英语,GYA3796,高一英语暑假精进班,十年级英语暑假A2班（面授）,通用,14,14,1680,1680,120.0,"	0.00",A2,A2,A体系,A体系,十年级英语暑假A2班,高一英语暑假精进班,否,,连季续,高一,十年级,高一,2660.00,周家鹏(620578),,暑假,暑假,正常,2026-08-06,2026-08-06,已审核,走读,常规面授,常规面授,,25,2026-03-27,"	08:00-10:00","有教材,开课前领取",2026-08-20,17,高中部,中信高中01教室,中信高中01教室,班级刷卡,25人,本地班课,中信教学区,2026-08-20,10,15,高一英语
"高中班级部",物理,物理,物理,GYWLA3537,高一物理暑假精进班,十年级物理暑假A2班（面授）,通用,14,14,1680,1680,120.0,"	0.00",A2,A2,A体系,A体系,十年级物理暑假A2班,高一物理暑假精进班,否,,连季续,高一,十年级,高一,2660.00,邹志超(248531),,暑假,暑假,正常,2026-08-06,2026-08-06,已审核,走读,常规面授,常规面授,,25,2026-03-27,16:00-18:00,"有教材,开课前领取",2026-08-20,17,高中部,中信高中01教室,中信高中01教室,班级刷卡,25人,本地班课,中信教学区,2026-08-20,10,15,高一物理
"高中班级部",化学,化学,化学,GYHXA3729,高一化学暑假精进班,十年级化学暑假A2班（面授）,通用,14,14,1680,1680,120.0,"	0.00",A2,A2,A体系,A体系,十年级化学暑假A2班,高一化学暑假精进班,否,,连季续,高一,十年级,高一,2660.00,王丽(098443),,暑假,暑假,正常,2026-08-06,2026-08-06,已审核,走读,常规面授,常规面授,,25,2025-12-15,16:00-18:00,"有教材,开课前领取",2026-08-20,5,高中部,浏城桥523教室,浏城桥523教室,班级刷卡,25人,本地班课,浏城桥教学区,2026-08-20,10,15,高一化学
"高中班级部",数学,数学,数学,GYSXA3822,高一数学暑假精进班,十年级数学暑假A2班（面授）,通用,14,14,1680,1680,120.0,"	0.00",A2,A2,A体系,A体系,十年级数学暑假A2班,高一数学暑假精进班,否,,连季续,高一,十年级,高一,2660.00,颜钟铭(620579),,暑假,暑假,正常,2026-08-06,2026-08-06,已审核,走读,常规面授,常规面授,,25,2025-12-15,"	08:00-10:00","有教材,开课前领取",2026-08-20,11,高中部,浏城桥517教室,浏城桥517教室（新）,班级刷卡,25人,本地班课,浏城桥教学区,2026-08-20,10,15,高一数学
"高中班级部",英语,英语,英语,GYA3770,高一英语暑假精进班,十年级英语暑假A2班（面授）,通用,14,14,1680,1680,120.0,"	0.00",A2,A2,A体系,A体系,十年级英语暑假A2班,高一英语暑假精进班,否,,连季续,高一,十年级,高一,2660.00,谭茜(120882),,暑假,暑假,正常,2026-08-06,2026-08-06,已审核,走读,常规面授,常规面授,,25,2025-12-15,13:40-15:40,"有教材,开课前领取",2026-08-20,9,高中部,浏城桥518教室（新）,浏城桥518教室（新）,班级刷卡,25人,本地班课,浏城桥教学区,2026-08-20,10,15,高一英语
"高中班级部",化学,化学,化学,GRHXA509,高二化学暑假志高班,十一年级化学暑假B1班（面授）,通用,14,14,1680,1680,120.0,"	0.00",B1,B1,B体系,B体系,十一年级化学暑假B1班,高二化学暑假志高班,否,,连季续,高二,十一年级,高二,2660.00,王丽(098443),,暑假,暑假,正常,2026-08-06,2026-08-06,已审核,走读,常规面授,常规面授,,25,2025-12-15,13:40-15:40,"有教材,开课前领取",2026-08-20,8,高中部,浏城桥523教室,浏城桥523教室,班级刷卡,25人,本地班课,浏城桥教学区,2026-08-20,10,15,高二化学
"高中班级部",化学,化学,化学,GKHXA400,高考化学暑假精进班,十二年级化学暑假A2班（面授）,通用,14,14,1680,1680,120.0,"	0.00",A2,A2,A体系,A体系,十二年级化学暑假A2班,高考化学暑假精进班,否,,连季续,高考,十二年级,高考,2800.00,许富康(108924),,暑假,暑假,正常,2026-08-06,2026-08-06,已审核,走读,常规面授,常规面授,,25,2025-12-15,16:00-18:00,"有教材,开课前领取",2026-08-20,4,高中部,浏城桥517教室,浏城桥517教室（新）,班级刷卡,25人,本地班课,浏城桥教学区,2026-08-20,10,15,高考化学
"高中班级部",数学,数学,数学,GKSXA420,高考数学暑假精进班,十二年级数学暑假A2班（面授）,通用,14,14,1680,1680,120.0,"	0.00",A2,A2,A体系,A体系,十二年级数学暑假A2班,高考数学暑假精进班,否,,连季续,高考,十二年级,高考,2800.00,杨盼(128090),,暑假,暑假,正常,2026-08-06,2026-08-06,已审核,走读,常规面授,常规面授,,25,2025-12-15,10:20-12:20,"有教材,开课前领取",2026-08-20,4,高中部,浏城桥523教室,浏城桥523教室,班级刷卡,25人,本地班课,浏城桥教学区,2026-08-20,10,15,高考数学
"高中班级部",英语,英语,英语,GRA1025,高二英语暑假精进班,十一年级英语暑假A2班（面授）,通用,14,14,1680,1680,120.0,"	0.00",A2,A2,A体系,A体系,十一年级英语暑假A2班,高二英语暑假精进班,否,,连季续,高二,十一年级,高二,2660.00,周帆(062781),,暑假,暑假,正常,2026-08-06,2026-08-06,已审核,走读,常规面授,常规面授,,25,2025-12-15,13:40-15:40,"有教材,开课前领取",2026-08-20,11,高中部,井湾子221教室,井湾子221教室,班级刷卡,25人,本地班课,井湾子教学区,2026-08-20,10,15,高二英语
"高中班级部",化学,化学,化学,GRHXA508,高二化学暑假精进班,十一年级化学暑假A2班（面授）,通用,14,14,1680,1680,120.0,"	0.00",A2,A2,A体系,A体系,十一年级化学暑假A2班,高二化学暑假精进班,否,,连季续,高二,十一年级,高二,2660.00,黄婷(384386),,暑假,暑假,正常,2026-08-06,2026-08-06,已审核,走读,常规面授,常规面授,,25,2025-12-15,16:00-18:00,"有教材,开课前领取",2026-08-20,8,高中部,梅溪湖210教室,梅溪湖210教室,班级刷卡,25人,本地班课,梅溪湖教学区,2026-08-20,10,15,高二化学
"高中班级部",数学,数学,数学,GRSXA763,高二数学暑假精进班,十一年级数学暑假A2班（面授）,通用,14,14,1680,1680,120.0,"	0.00",A2,A2,A体系,A体系,十一年级数学暑假A2班,高二数学暑假精进班,否,,连季续,高二,十一年级,高二,2660.00,史航(176464),,暑假,暑假,正常,2026-08-06,2026-08-06,已审核,走读,常规面授,常规面授,,25,2025-12-15,13:40-15:40,"有教材,开课前领取",2026-08-20,19,高中部,井湾子220教室,井湾子220教室,班级刷卡,25人,本地班课,井湾子教学区,2026-08-20,10,15,高二数学
"高中班级部",数学,数学,数学,GRSXA766,高二数学暑假精进班,十一年级数学暑假A2班（面授）,通用,14,14,1680,1680,120.0,"	0.00",A2,A2,A体系,A体系,十一年级数学暑假A2班,高二数学暑假精进班,否,,连季续,高二,十一年级,高二,2660.00,吴晓旭(317481),,暑假,暑假,正常,2026-08-06,2026-08-06,已审核,走读,常规面授,常规面授,,25,2025-12-15,"	08:00-10:00","有教材,开课前领取",2026-08-20,11,高中部,梅溪湖210教室,梅溪湖210教室,班级刷卡,25人,本地班课,梅溪湖教学区,2026-08-20,10,15,高二数学
"高中班级部",数学,数学,数学,GRSXA767,高二数学暑假精进班,十一年级数学暑假A2班（面授）,通用,14,14,1680,1680,120.0,"	0.00",A2,A2,A体系,A体系,十一年级数学暑假A2班,高二数学暑假精进班,否,,连季续,高二,十一年级,高二,2660.00,丁曼琪(174898),,暑假,暑假,正常,2026-08-06,2026-08-06,已审核,走读,常规面授,常规面授,,25,2025-12-15,13:40-15:40,"有教材,开课前领取",2026-08-20,17,高中部,沁园春306教室,沁园春306教室,班级刷卡,25人,本地班课,沁园春教学区,2026-08-20,10,15,高二数学
"高中班级部",英语,英语,英语,GRA1027,高二英语暑假精进班,十一年级英语暑假A2班（面授）,通用,14,14,1680,1680,120.0,"	0.00",A2,A2,A体系,A体系,十一年级英语暑假A2班,高二英语暑假精进班,否,,连季续,高二,十一年级,高二,2660.00,李坦(199867),,暑假,暑假,正常,2026-08-06,2026-08-06,已审核,走读,常规面授,常规面授,,25,2025-12-15,13:40-15:40,"有教材,开课前领取",2026-08-20,11,高中部,沁园春307教室,沁园春307教室,班级刷卡,25人,本地班课,沁园春教学区,2026-08-20,10,15,高二英语
"高中班级部",化学,化学,化学,GRHXA522,高二化学暑假精进班,十一年级化学暑假A2班（面授）,通用,14,14,1680,1680,120.0,"	0.00",A2,A2,A体系,A体系,十一年级化学暑假A2班,高二化学暑假精进班,否,,连季续,高二,十一年级,高二,2660.00,宁诗港(367904),,暑假,暑假,正常,2026-08-06,2026-08-06,已审核,走读,常规面授,常规面授,,25,2025-12-15,"	08:00-10:00","有教材,开课前领取",2026-08-20,12,高中部,沁园春307教室,沁园春307教室,班级刷卡,25人,本地班课,沁园春教学区,2026-08-20,10,15,高二化学
"高中班级部",化学,化学,化学,GYHXA3722,高一化学暑假精进班,十年级化学暑假A2班（面授）,通用,14,14,1680,1680,120.0,"	0.00",A2,A2,A体系,A体系,十年级化学暑假A2班,高一化学暑假精进班,否,,连季续,高一,十年级,高一,2660.00,冯思佳(169535),,暑假,暑假,正常,2026-08-05,2026-08-05,已审核,走读,常规面授,常规面授,,25,2025-12-15,"	08:00-10:00","有教材,开课前领取",2026-08-19,10,高中部,晚报大厦305教室,晚报大厦305教室,班级刷卡,25人,本地班课,晚报大厦教学区,2026-08-19,10,15,高一化学
"高中班级部",数学,数学,数学,GYSXA3813,高一数学暑假精进班,十年级数学暑假A2班（面授）,通用,14,14,1680,1680,120.0,"	0.00",A2,A2,A体系,A体系,十年级数学暑假A2班,高一数学暑假精进班,否,,连季续,高一,十年级,高一,2660.00,官雨萱(248524),,暑假,暑假,正常,2026-08-05,2026-08-05,已审核,走读,常规面授,常规面授,,25,2025-12-15,13:40-15:40,"有教材,开课前领取",2026-08-19,23,高中部,晚报大厦305教室,晚报大厦305教室,班级刷卡,25人,本地班课,晚报大厦教学区,2026-08-19,10,15,高一数学
"高中班级部",英语,英语,英语,GYA3763,高一英语暑假精进班,十年级英语暑假A2班（面授）,通用,14,14,1680,1680,120.0,"	0.00",A2,A2,A体系,A体系,十年级英语暑假A2班,高一英语暑假精进班,否,,连季续,高一,十年级,高一,2660.00,邸睿(704634),,暑假,暑假,正常,2026-08-05,2026-08-05,已审核,走读,常规面授,常规面授,,25,2025-12-15,16:00-18:00,"有教材,开课前领取",2026-08-19,16,高中部,晚报大厦305教室,晚报大厦305教室,班级刷卡,25人,本地班课,晚报大厦教学区,2026-08-19,10,15,高一英语
"高中班级部",化学,化学,化学,GRHXA517,高二化学暑假精进班,十一年级化学暑假A2班（面授）,通用,14,14,1680,1680,120.0,"	0.00",A2,A2,A体系,A体系,十一年级化学暑假A2班,高二化学暑假精进班,否,,连季续,高二,十一年级,高二,2660.00,耿瑞(675565),,暑假,暑假,正常,2026-08-06,2026-08-06,已审核,走读,常规面授,常规面授,,25,2025-12-15,16:10-18:10,"有教材,开课前领取",2026-08-20,13,高中部,湘江世纪城303教室,湘江世纪城303教室,班级刷卡,25人,本地班课,湘江世纪城教学区,2026-08-20,10,15,高二化学
"高中班级部",英语,英语,英语,GRA1020,高二英语暑假精进班,十一年级英语暑假A2班（面授）,通用,14,14,1680,1680,120.0,"	0.00",A2,A2,A体系,A体系,十一年级英语暑假A2班,高二英语暑假精进班,否,,连季续,高二,十一年级,高二,2660.00,周家鹏(620578),,暑假,暑假,正常,2026-08-06,2026-08-06,已审核,走读,常规面授,常规面授,,25,2025-12-15,13:40-15:40,"有教材,开课前领取",2026-08-20,21,高中部,湘江世纪城303教室,湘江世纪城303教室,班级刷卡,25人,本地班课,湘江世纪城教学区,2026-08-20,10,15,高二英语
"高中班级部",物理,物理,物理,GYWLA3475,高一物理暑假精进班,十年级物理暑假A2班（面授）,通用,14,14,1680,1680,120.0,"	0.00",A2,A2,A体系,A体系,十年级物理暑假A2班,高一物理暑假精进班,否,,连季续,高一,十年级,高一,2660.00,魏林涛(366368),,暑假,暑假,正常,2026-08-05,2026-08-05,已审核,走读,常规面授,常规面授,,25,2025-12-15,16:00-18:00,"有教材,开课前领取",2026-08-18,23,高中部,湘江世纪城307教室,湘江世纪城307教室,班级刷卡,25人,本地班课,湘江世纪城教学区,2026-08-18,10,15,高一物理
"高中班级部",语文,语文,语文,GRYWA184,高二语文暑假精进班,十一年级语文暑假A2班（面授）,通用,14,14,1680,1680,120.0,"	0.00",A2,A2,A体系,A体系,十一年级语文暑假A2班,高二语文暑假精进班,否,,连季续,高二,十一年级,高二,2660.00,盘舟(054061),,暑假,暑假,正常,2026-08-06,2026-08-06,已审核,走读,常规面授,常规面授,,25,2025-12-15,13:40-15:40,"有教材,开课前领取",2026-08-20,15,高中部,井湾子教学区204教室,井湾子教学区204教室,班级刷卡,25人,本地班课,井湾子教学区,2026-08-20,10,15,高二语文
"高中班级部",化学,化学,化学,GYHXA3706,高一化学暑假精进班,十年级化学暑假A2班（面授）,通用,14,14,1680,1680,120.0,"	0.00",A2,A2,A体系,A体系,十年级化学暑假A2班,高一化学暑假精进班,否,,连季续,高一,十年级,高一,2660.00,杨盛(704633),,暑假,暑假,正常,2026-08-05,2026-08-05,已审核,走读,常规面授,常规面授,,25,2025-12-15,10:20-12:20,"有教材,开课前领取",2026-08-18,13,高中部,湘江世纪城307教室,湘江世纪城307教室,班级刷卡,25人,本地班课,湘江世纪城教学区,2026-08-18,10,15,高一化学
"高中班级部",语文,语文,语文,GYYWA528,高一语文暑假精进班,十年级语文暑假A2班（面授）,通用,14,14,1680,1680,120.0,"	0.00",A2,A2,A体系,A体系,十年级语文暑假A2班,高一语文暑假精进班,否,,连季续,高一,十年级,高一,2660.00,盘舟(054061),,暑假,暑假,正常,2026-08-05,2026-08-05,已审核,走读,常规面授,常规面授,,25,2025-12-15,10:40-12:40,"有教材,开课前领取",2026-08-18,11,高中部,湘江世纪城301教室,湘江世纪城301教室,班级刷卡,25人,本地班课,湘江世纪城教学区,2026-08-18,10,15,高一语文
"高中班级部",化学,化学,化学,GYHXA3709,高一化学暑假精进班,十年级化学暑假A2班（面授）,通用,14,14,1680,1680,120.0,"	0.00",A2,A2,A体系,A体系,十年级化学暑假A2班,高一化学暑假精进班,否,,连季续,高一,十年级,高一,2660.00,吴尘亮(384364),,暑假,暑假,正常,2026-08-05,2026-08-05,已审核,走读,常规面授,常规面授,,25,2025-12-15,13:40-15:40,"有教材,开课前领取",2026-08-18,18,高中部,沁园春304教室,沁园春304教室,班级刷卡,25人,本地班课,沁园春教学区,2026-08-18,10,15,高一化学
"高中班级部",物理,物理,物理,GYWLA3480,高一物理暑假精进班,十年级物理暑假A2班（面授）,通用,14,14,1680,1680,120.0,"	0.00",A2,A2,A体系,A体系,十年级物理暑假A2班,高一物理暑假精进班,否,,连季续,高一,十年级,高一,2660.00,田小东(288506),,暑假,暑假,正常,2026-08-05,2026-08-05,已审核,走读,常规面授,常规面授,,25,2025-12-15,16:00-18:00,"有教材,开课前领取",2026-08-18,20,高中部,沁园春304教室,沁园春304教室,班级刷卡,25人,本地班课,沁园春教学区,2026-08-18,10,15,高一物理
"高中班级部",数学,数学,数学,GRSXA768,高二数学暑假精进班,十一年级数学暑假A2班（面授）,通用,14,14,1680,1680,120.0,"	0.00",A2,A2,A体系,A体系,十一年级数学暑假A2班,高二数学暑假精进班,否,,连季续,高二,十一年级,高二,2660.00,杨子佳(438295),,暑假,暑假,正常,2026-08-06,2026-08-06,已审核,走读,常规面授,常规面授,,25,2025-12-15,10:20-12:20,"有教材,开课前领取",2026-08-20,23,高中部,沁园春307教室,沁园春307教室,班级刷卡,25人,本地班课,沁园春教学区,2026-08-20,10,15,高二数学
"高中班级部",语文,语文,语文,GYYWA519,高一语文暑假精进班,十年级语文暑假A2班（面授）,通用,14,14,1680,1680,120.0,"	0.00",A2,A2,A体系,A体系,十年级语文暑假A2班,高一语文暑假精进班,否,,连季续,高一,十年级,高一,2660.00,盘舟(054061),,暑假,暑假,正常,2026-08-06,2026-08-06,已审核,走读,常规面授,常规面授,,25,2025-12-15,"	08:00-10:00","有教材,开课前领取",2026-08-19,13,高中部,东塘216教室,东塘216教室,班级刷卡,25人,本地班课,东塘教学区,2026-08-19,10,15,高一语文
"高中班级部",化学,化学,化学,GYHXA3714,高一化学暑假精进班,十年级化学暑假A2班（面授）,通用,14,14,1680,1680,120.0,"	0.00",A2,A2,A体系,A体系,十年级化学暑假A2班,高一化学暑假精进班,否,,连季续,高一,十年级,高一,2660.00,廖峻豪(402013),,暑假,暑假,正常,2026-08-06,2026-08-06,已审核,走读,常规面授,常规面授,,25,2025-12-15,16:00-18:00,"有教材,开课前领取",2026-08-20,19,高中部,雨花家园504教室,雨花家园504教室,班级刷卡,25人,本地班课,雨花家园教学区,2026-08-20,10,15,高一化学
"高中班级部",化学,化学,化学,GYHXA3758,高一化学暑假志高班,十年级化学暑假B1班（面授）,通用,14,14,1680,1680,120.0,"	0.00",B1,B1,B体系,B体系,十年级化学暑假B1班,高一化学暑假志高班,否,,连季续,高一,十年级,高一,2660.00,许富康(108924),,暑假,暑假,正常,2026-08-06,2026-08-06,已审核,走读,常规面授,常规面授,,25,2026-03-27,"	08:00-10:00","有教材,开课前领取",2026-08-19,12,高中部,东塘217教室,东塘217教室,班级刷卡,25人,本地班课,东塘教学区,2026-08-19,10,15,高一化学
"高中班级部",英语,英语,英语,GYA3767,高一英语暑假精进班,十年级英语暑假A2班（面授）,通用,14,14,1680,1680,120.0,"	0.00",A2,A2,A体系,A体系,十年级英语暑假A2班,高一英语暑假精进班,否,,连季续,高一,十年级,高一,2660.00,周帆(062781),,暑假,暑假,正常,2026-08-05,2026-08-05,已审核,走读,常规面授,常规面授,,25,2025-12-15,16:00-18:00,"有教材,开课前领取",2026-08-19,13,高中部,井湾子教学区203教室,井湾子教学区203教室,班级刷卡,25人,本地班课,井湾子教学区,2026-08-19,10,15,高一英语
"高中班级部",数学,数学,数学,GYSXA3819,高一数学暑假精进班,十年级数学暑假A2班（面授）,通用,14,14,1680,1680,120.0,"	0.00",A2,A2,A体系,A体系,十年级数学暑假A2班,高一数学暑假精进班,否,,连季续,高一,十年级,高一,2660.00,潘涛(651176),,暑假,暑假,正常,2026-08-05,2026-08-05,已审核,走读,常规面授,常规面授,,25,2025-12-15,10:20-12:20,"有教材,开课前领取",2026-08-19,19,高中部,井湾子教学区203教室,井湾子教学区203教室,班级刷卡,25人,本地班课,井湾子教学区,2026-08-19,10,15,高一数学
"高中班级部",物理,物理,物理,GYWLA3504,高一物理暑假精进班,十年级物理暑假A2班（面授）,通用,14,14,1680,1680,120.0,"	0.00",A2,A2,A体系,A体系,十年级物理暑假A2班,高一物理暑假精进班,否,,连季续,高一,十年级,高一,2660.00,熊科胜(365846),,暑假,暑假,正常,2026-08-05,2026-08-05,已审核,走读,常规面授,常规面授,,25,2025-12-15,"	08:00-10:00","有教材,开课前领取",2026-08-19,15,高中部,井湾子教学区203教室,井湾子教学区203教室,班级刷卡,25人,本地班课,井湾子教学区,2026-08-19,10,15,高一物理
"高中班级部",化学,化学,化学,GYHXA3726,高一化学暑假精进班,十年级化学暑假A2班（面授）,通用,14,14,1680,1680,120.0,"	0.00",A2,A2,A体系,A体系,十年级化学暑假A2班,高一化学暑假精进班,否,,连季续,高一,十年级,高一,2660.00,袁彩霞(325482),,暑假,暑假,正常,2026-08-06,2026-08-06,已审核,走读,常规面授,常规面授,,25,2025-12-15,13:40-15:40,"有教材,开课前领取",2026-08-19,7,高中部,井湾子教学区203教室,井湾子教学区203教室,班级刷卡,25人,本地班课,井湾子教学区,2026-08-19,10,15,高一化学
"高中班级部",数学,数学,数学,GYSXZT086,高一数学暑假诊断班,十年级数学暑假ZT1班（面授）,通用,7,7,840,840,120.0,"	0.00",ZT1,ZT1,专项体系,专项体系,十年级数学暑假ZT1班,高一数学暑假诊断班,否,,不可续,高一,十年级,高一,1001.00,张美娜(334661),,暑假,暑假,正常,2026-08-06,2026-08-06,已审核,走读,常规面授,常规面授,,25,2025-12-15,13:40-15:40,"有教材,开课前领取",2026-08-12,30,高中部,梅溪湖209教室,梅溪湖209教室,班级刷卡,25人,本地班课,梅溪湖教学区,2026-08-12,10,15,高一数学
"高中班级部",英语,英语,英语,GYZT073,高一英语暑假诊断班,十年级英语暑假ZT1班（面授）,通用,7,7,840,840,120.0,"	0.00",ZT1,ZT1,专项体系,专项体系,十年级英语暑假ZT1班,高一英语暑假诊断班,否,,不可续,高一,十年级,高一,1001.00,彭婷(365056),,暑假,暑假,正常,2026-08-06,2026-08-06,已审核,走读,常规面授,常规面授,,25,2025-12-15,10:20-12:20,"有教材,开课前领取",2026-08-12,16,高中部,湘江世纪城311教室,湘江世纪城311教室,班级刷卡,25人,本地班课,湘江世纪城教学区,2026-08-12,10,15,高一英语
"高中班级部",英语,英语,英语,GYZT075,高一英语暑假诊断班,十年级英语暑假ZT1班（面授）,通用,7,7,840,840,120.0,"	0.00",ZT1,ZT1,专项体系,专项体系,十年级英语暑假ZT1班,高一英语暑假诊断班,否,,不可续,高一,十年级,高一,1001.00,杨令(381520),,暑假,暑假,正常,2026-08-06,2026-08-06,已审核,走读,常规面授,常规面授,,25,2025-12-15,10:20-12:20,"有教材,开课前领取",2026-08-12,21,高中部,雨花家园501教室,雨花家园501教室,班级刷卡,25人,本地班课,雨花家园教学区,2026-08-12,10,15,高一英语
"高中班级部",数学,数学,数学,GYSXZT078,高一数学暑假诊断班,十年级数学暑假ZT1班（面授）,通用,7,7,840,840,120.0,"	0.00",ZT1,ZT1,专项体系,专项体系,十年级数学暑假ZT1班,高一数学暑假诊断班,否,,不可续,高一,十年级,高一,1001.00,杨子佳(438295),,暑假,暑假,正常,2026-08-06,2026-08-06,已审核,走读,常规面授,常规面授,,25,2025-12-15,16:00-18:00,"有教材,开课前领取",2026-08-12,18,高中部,湘江世纪城311教室,湘江世纪城311教室,班级刷卡,25人,本地班课,湘江世纪城教学区,2026-08-12,10,15,高一数学
"高中班级部",数学,数学,数学,GYSXZT080,高一数学暑假诊断班,十年级数学暑假ZT1班（面授）,通用,7,7,840,840,120.0,"	0.00",ZT1,ZT1,专项体系,专项体系,十年级数学暑假ZT1班,高一数学暑假诊断班,否,,不可续,高一,十年级,高一,1001.00,王义(037388),,暑假,暑假,正常,2026-08-06,2026-08-06,已审核,走读,常规面授,常规面授,,25,2025-12-15,13:40-15:40,"有教材,开课前领取",2026-08-12,22,高中部,雨花家园501教室,雨花家园501教室,班级刷卡,25人,本地班课,雨花家园教学区,2026-08-12,10,15,高一数学
"高中班级部",物理,物理,物理,GYWLZT076,高一物理暑假诊断班,十年级物理暑假ZT1班（面授）,通用,7,7,840,840,120.0,"	0.00",ZT1,ZT1,专项体系,专项体系,十年级物理暑假ZT1班,高一物理暑假诊断班,否,,不可续,高一,十年级,高一,1001.00,李奕昕(704632),,暑假,暑假,正常,2026-08-06,2026-08-06,已审核,走读,常规面授,常规面授,,25,2025-12-15,13:40-15:40,"有教材,开课前领取",2026-08-12,17,高中部,湘江世纪城311教室,湘江世纪城311教室,班级刷卡,25人,本地班课,湘江世纪城教学区,2026-08-12,10,15,高一物理
"高中班级部",物理,物理,物理,GYWLZT078,高一物理暑假诊断班,十年级物理暑假ZT1班（面授）,通用,7,7,840,840,120.0,"	0.00",ZT1,ZT1,专项体系,专项体系,十年级物理暑假ZT1班,高一物理暑假诊断班,否,,不可续,高一,十年级,高一,1001.00,李奕昕(704632),,暑假,暑假,正常,2026-08-06,2026-08-06,已审核,走读,常规面授,常规面授,,25,2025-12-15,"	08:00-10:00","有教材,开课前领取",2026-08-12,22,高中部,雨花家园501教室,雨花家园501教室,班级刷卡,25人,本地班课,雨花家园教学区,2026-08-12,10,15,高一物理
"高中班级部",物理,物理,物理,GYWLZT083,高一物理暑假诊断班,十年级物理暑假ZT1班（面授）,通用,7,7,840,840,120.0,"	0.00",ZT1,ZT1,专项体系,专项体系,十年级物理暑假ZT1班,高一物理暑假诊断班,否,,不可续,高一,十年级,高一,1001.00,李朝晖(331949),,暑假,暑假,正常,2026-08-06,2026-08-06,已审核,走读,常规面授,常规面授,,25,2025-12-15,"	08:00-10:00","有教材,开课前领取",2026-08-12,12,高中部,浏城桥521教室,浏城桥521教室,班级刷卡,25人,本地班课,浏城桥教学区,2026-08-12,10,15,高一物理
"高中班级部",英语,英语,英语,GYZT080,高一英语暑假诊断班,十年级英语暑假ZT1班（面授）,通用,7,7,840,840,120.0,"	0.00",ZT1,ZT1,专项体系,专项体系,十年级英语暑假ZT1班,高一英语暑假诊断班,否,,不可续,高一,十年级,高一,1001.00,谭茜(120882),,暑假,暑假,正常,2026-08-06,2026-08-06,已审核,走读,常规面授,常规面授,,25,2025-12-15,16:00-18:00,"有教材,开课前领取",2026-08-12,12,高中部,浏城桥518教室（新）,浏城桥518教室（新）,班级刷卡,25人,本地班课,浏城桥教学区,2026-08-12,10,15,高一英语
"高中班级部",数学,数学,数学,GYSXZT085,高一数学暑假诊断班,十年级数学暑假ZT1班（面授）,通用,7,7,840,840,120.0,"	0.00",ZT1,ZT1,专项体系,专项体系,十年级数学暑假ZT1班,高一数学暑假诊断班,否,,不可续,高一,十年级,高一,1001.00,颜钟铭(620579),,暑假,暑假,正常,2026-08-06,2026-08-06,已审核,走读,常规面授,常规面授,,25,2025-12-15,10:20-12:20,"有教材,开课前领取",2026-08-12,14,高中部,浏城桥517教室,浏城桥517教室（新）,班级刷卡,25人,本地班课,浏城桥教学区,2026-08-12,10,15,高一数学
"高中班级部",英语,英语,英语,GYZT074,高一英语暑假诊断班,十年级英语暑假ZT1班（面授）,通用,7,7,840,840,120.0,"	0.00",ZT1,ZT1,专项体系,专项体系,十年级英语暑假ZT1班,高一英语暑假诊断班,否,,不可续,高一,十年级,高一,1001.00,陈群(191161),,暑假,暑假,正常,2026-08-06,2026-08-06,已审核,走读,常规面授,常规面授,,25,2025-12-15,"	08:00-10:00","有教材,开课前领取",2026-08-12,18,高中部,沁园春308教室,沁园春308教室,班级刷卡,25人,本地班课,沁园春教学区,2026-08-12,10,15,高一英语
"高中班级部",数学,数学,数学,GYSXZT084,高一数学暑假诊断班,十年级数学暑假ZT1班（面授）,通用,7,7,840,840,120.0,"	0.00",ZT1,ZT1,专项体系,专项体系,十年级数学暑假ZT1班,高一数学暑假诊断班,否,,不可续,高一,十年级,高一,1001.00,史航(176464),,暑假,暑假,正常,2026-08-06,2026-08-06,已审核,走读,常规面授,常规面授,,25,2025-12-15,"	08:00-10:00","有教材,开课前领取",2026-08-12,26,高中部,井湾子教学区212教室,井湾子教学区212教室,班级刷卡,25人,本地班课,井湾子教学区,2026-08-12,10,15,高一数学
"高中班级部",物理,物理,物理,GYWLZT077,高一物理暑假诊断班,十年级物理暑假ZT1班（面授）,通用,7,7,840,840,120.0,"	0.00",ZT1,ZT1,专项体系,专项体系,十年级物理暑假ZT1班,高一物理暑假诊断班,否,,不可续,高一,十年级,高一,1001.00,桂林(457816),,暑假,暑假,正常,2026-08-06,2026-08-06,已审核,走读,常规面授,常规面授,,25,2025-12-15,13:40-15:40,"有教材,开课前领取",2026-08-12,17,高中部,沁园春308教室,沁园春308教室,班级刷卡,25人,本地班课,沁园春教学区,2026-08-12,10,15,高一物理
"高中班级部",物理,物理,物理,GYWLZT082,高一物理暑假诊断班,十年级物理暑假ZT1班（面授）,通用,7,7,840,840,120.0,"	0.00",ZT1,ZT1,专项体系,专项体系,十年级物理暑假ZT1班,高一物理暑假诊断班,否,,不可续,高一,十年级,高一,1001.00,熊科胜(365846),,暑假,暑假,正常,2026-08-06,2026-08-06,已审核,走读,常规面授,常规面授,,25,2025-12-15,13:40-15:40,"有教材,开课前领取",2026-08-12,25,高中部,井湾子教学区212教室,井湾子教学区212教室,班级刷卡,25人,本地班课,井湾子教学区,2026-08-12,10,15,高一物理
"高中班级部",英语,英语,英语,GYZT078,高一英语暑假诊断班,十年级英语暑假ZT1班（面授）,通用,7,7,840,840,120.0,"	0.00",ZT1,ZT1,专项体系,专项体系,十年级英语暑假ZT1班,高一英语暑假诊断班,否,,不可续,高一,十年级,高一,1001.00,邸睿(704634),,暑假,暑假,正常,2026-08-06,2026-08-06,已审核,走读,常规面授,常规面授,,25,2025-12-15,13:40-15:40,"有教材,开课前领取",2026-08-12,20,高中部,晚报大厦302教室,晚报大厦302教室,班级刷卡,25人,本地班课,晚报大厦教学区,2026-08-12,10,15,高一英语
"高中班级部",化学,化学,化学,GYHXZT074,高一化学暑假诊断班,十年级化学暑假ZT1班（面授）,通用,7,7,840,840,120.0,"	0.00",ZT1,ZT1,专项体系,专项体系,十年级化学暑假ZT1班,高一化学暑假诊断班,否,,不可续,高一,十年级,高一,1001.00,冯思佳(169535),,暑假,暑假,正常,2026-08-06,2026-08-06,已审核,走读,常规面授,常规面授,,25,2025-12-15,10:20-12:20,"有教材,开课前领取",2026-08-12,3,高中部,晚报大厦302教室,晚报大厦302教室,班级刷卡,25人,本地班课,晚报大厦教学区,2026-08-12,10,15,高一化学
"高中班级部",数学,数学,数学,GYSXZT079,高一数学暑假诊断班,十年级数学暑假ZT1班（面授）,通用,7,7,840,840,120.0,"	0.00",ZT1,ZT1,专项体系,专项体系,十年级数学暑假ZT1班,高一数学暑假诊断班,否,,不可续,高一,十年级,高一,1001.00,丁曼琪(174898),,暑假,暑假,正常,2026-08-06,2026-08-06,已审核,走读,常规面授,常规面授,,25,2025-12-15,10:20-12:20,"有教材,开课前领取",2026-08-12,21,高中部,沁园春308教室,沁园春308教室,班级刷卡,25人,本地班课,沁园春教学区,2026-08-12,10,15,高一数学
"高中班级部",数学,数学,数学,GYSXZT083,高一数学暑假诊断班,十年级数学暑假ZT1班（面授）,通用,7,7,840,840,120.0,"	0.00",ZT1,ZT1,专项体系,专项体系,十年级数学暑假ZT1班,高一数学暑假诊断班,否,,不可续,高一,十年级,高一,1001.00,官雨萱(248524),,暑假,暑假,正常,2026-08-06,2026-08-06,已审核,走读,常规面授,常规面授,,25,2025-12-15,16:00-18:00,"有教材,开课前领取",2026-08-12,17,高中部,晚报大厦302教室,晚报大厦302教室,班级刷卡,25人,本地班课,晚报大厦教学区,2026-08-12,10,15,高一数学
"高中班级部",物理,物理,物理,GYWLZT081,高一物理暑假诊断班,十年级物理暑假ZT1班（面授）,通用,7,7,840,840,120.0,"	0.00",ZT1,ZT1,专项体系,专项体系,十年级物理暑假ZT1班,高一物理暑假诊断班,否,,不可续,高一,十年级,高一,1001.00,邹志超(248531),,暑假,暑假,正常,2026-08-06,2026-08-06,已审核,走读,常规面授,常规面授,,25,2025-12-15,"	08:00-10:00","有教材,开课前领取",2026-08-12,19,高中部,晚报大厦302教室,晚报大厦302教室,班级刷卡,25人,本地班课,晚报大厦教学区,2026-08-12,10,15,高一物理
"高中班级部",英语,英语,英语,GYZT076,高一英语暑假诊断班,十年级英语暑假ZT1班（面授）,通用,7,7,840,840,120.0,"	0.00",ZT1,ZT1,专项体系,专项体系,十年级英语暑假ZT1班,高一英语暑假诊断班,否,,不可续,高一,十年级,高一,1001.00,谭茜(120882),,暑假,暑假,正常,2026-08-06,2026-08-06,已审核,走读,常规面授,常规面授,,25,2025-12-15,"	08:00-10:00","有教材,开课前领取",2026-08-12,19,高中部,东塘210教室,东塘210教室,班级刷卡,25人,本地班课,东塘教学区,2026-08-12,10,15,高一英语
"高中班级部",英语,英语,英语,GYZT079,高一英语暑假诊断班,十年级英语暑假ZT1班（面授）,通用,7,7,840,840,120.0,"	0.00",ZT1,ZT1,专项体系,专项体系,十年级英语暑假ZT1班,高一英语暑假诊断班,否,,不可续,高一,十年级,高一,1001.00,周帆(062781),,暑假,暑假,正常,2026-08-06,2026-08-06,已审核,走读,常规面授,常规面授,,25,2025-12-15,10:20-12:20,"有教材,开课前领取",2026-08-12,27,高中部,井湾子教学区212教室,井湾子教学区212教室,班级刷卡,25人,本地班课,井湾子教学区,2026-08-12,10,15,高一英语
"高中班级部",数学,数学,数学,GYSXZT082,高一数学暑假诊断班,十年级数学暑假ZT1班（面授）,通用,7,7,840,840,120.0,"	0.00",ZT1,ZT1,专项体系,专项体系,十年级数学暑假ZT1班,高一数学暑假诊断班,否,,不可续,高一,十年级,高一,1001.00,祝名(703116),,暑假,暑假,正常,2026-08-06,2026-08-06,已审核,走读,常规面授,常规面授,,25,2025-12-15,10:20-12:20,"有教材,开课前领取",2026-08-12,23,高中部,东塘216教室,东塘216教室,班级刷卡,25人,本地班课,东塘教学区,2026-08-12,10,15,高一数学
"高中班级部",英语,英语,英语,GYZT082,高一英语暑假诊断班,十年级英语暑假ZT1班（面授）,通用,7,7,840,840,120.0,"	0.00",ZT1,ZT1,专项体系,专项体系,十年级英语暑假ZT1班,高一英语暑假诊断班,否,,不可续,高一,十年级,高一,1001.00,周家鹏(620578),,暑假,暑假,正常,2026-08-06,2026-08-06,已审核,走读,常规面授,常规面授,,25,2026-03-27,10:20-12:20,"有教材,开课前领取",2026-08-12,27,高中部,中信高中02教室,中信高中02教室,班级刷卡,25人,本地班课,中信教学区,2026-08-12,10,15,高一英语
"高中班级部",物理,物理,物理,GYWLZT080,高一物理暑假诊断班,十年级物理暑假ZT1班（面授）,通用,7,7,840,840,120.0,"	0.00",ZT1,ZT1,专项体系,专项体系,十年级物理暑假ZT1班,高一物理暑假诊断班,否,,不可续,高一,十年级,高一,1001.00,王鹏(331943),,暑假,暑假,正常,2026-08-06,2026-08-06,已审核,走读,常规面授,常规面授,,25,2025-12-15,16:00-18:00,"有教材,开课前领取",2026-08-12,18,高中部,东塘209教室,东塘209教室,班级刷卡,25人,本地班课,东塘教学区,2026-08-12,10,15,高一物理
"高中班级部",物理,物理,物理,GYWLZT085,高一物理暑假诊断班,十年级物理暑假ZT1班（面授）,通用,7,7,840,840,120.0,"	0.00",ZT1,ZT1,专项体系,专项体系,十年级物理暑假ZT1班,高一物理暑假诊断班,否,,不可续,高一,十年级,高一,1001.00,邹志超(248531),,暑假,暑假,正常,2026-08-06,2026-08-06,已审核,走读,常规面授,常规面授,,25,2026-03-27,13:40-15:40,"有教材,开课前领取",2026-08-12,34,高中部,中信高中02教室,中信高中02教室,班级刷卡,25人,本地班课,中信教学区,2026-08-12,10,15,高一物理
"高中班级部",数学,数学,数学,GYSXZT087,高一数学暑假诊断班,十年级数学暑假ZT1班（面授）,通用,7,7,840,840,120.0,"	0.00",ZT1,ZT1,专项体系,专项体系,十年级数学暑假ZT1班,高一数学暑假诊断班,否,,不可续,高一,十年级,高一,1001.00,祝名(703116),,暑假,暑假,正常,2026-08-06,2026-08-06,已审核,走读,常规面授,常规面授,,25,2026-03-27,16:00-18:00,"有教材,开课前领取",2026-08-12,33,高中部,中信高中02教室,中信高中02教室,班级刷卡,25人,本地班课,中信教学区,2026-08-12,10,15,高一数学
"高中班级部",英语,英语,英语,GYZT081,高一英语暑假诊断班,十年级英语暑假ZT1班（面授）,通用,7,7,840,840,120.0,"	0.00",ZT1,ZT1,专项体系,专项体系,十年级英语暑假ZT1班,高一英语暑假诊断班,否,,不可续,高一,十年级,高一,1001.00,陈群(191161),,暑假,暑假,正常,2026-08-06,2026-08-06,已审核,走读,常规面授,常规面授,,25,2025-12-15,10:20-12:20,"有教材,开课前领取",2026-08-12,34,高中部,梅溪湖209教室,梅溪湖209教室,班级刷卡,25人,本地班课,梅溪湖教学区,2026-08-12,10,15,高一英语
"高中班级部",物理,物理,物理,GYWLZT084,高一物理暑假诊断班,十年级物理暑假ZT1班（面授）,通用,7,7,840,840,120.0,"	0.00",ZT1,ZT1,专项体系,专项体系,十年级物理暑假ZT1班,高一物理暑假诊断班,否,,不可续,高一,十年级,高一,1001.00,廖俊豪(694062),,暑假,暑假,正常,2026-08-06,2026-08-06,已审核,走读,常规面授,常规面授,,25,2025-12-15,16:00-18:00,"有教材,开课前领取",2026-08-12,31,高中部,梅溪湖209教室,梅溪湖209教室,班级刷卡,25人,本地班课,梅溪湖教学区,2026-08-12,10,15,高一物理
"国外考试部",英语,英语,,GYSY1003D,Global Primary外语1D,Global Primary外语1B 下（FY26）,Global Primary 英语,16,16,1920,1920,120.0,120.00,国际教育,国际教育,常规体系,常规体系,Global Primary外语1B 下,Global Primary外语1B 下,否,,可续,,,,6600.00,丁顺(132248),,"春季,暑假,秋季,寒假",,正常,2026-05-17,2026-05-17,已审核,"走读,在线","常规面授,在线直播",在线直播,云教室小班（25人以下）,10,2024-12-06,春秋季每周日10:30-12:30，寒暑假集中上课,"有教材,开课前领取",2026-08-22,9,国际教育青少部,芙蓉广场,芙蓉广场5-05教室,班级刷卡,6人,国外考试部,芙蓉广场教学区,2026-08-22,3,4,
"素养智学部",脑力与思维,脑力与思维,脑力与思维,SW427A0046,取消脑力思维4B（暑）,取消脑力与思维L4暑假B1班,通用,10,0,1100,1100,110.0,"	0.00",L4,L4,常规体系,常规体系,脑力与思维L4暑假B1班,四年级脑力与思维暑假L4班,否,,连季续,四年级,四年级,四年级,2000.00,杨春艳(613558),,暑假,暑假,取消班,2026-08-18,,已审核,走读,常规面授,常规面授,,0,2026-07-03,每天16:00-17:50(上5休1),"有教材,开课前领取",,0,素养素质(智学),中信306教室,中信306教室,班级刷卡,15人,素养,中信教学区,2026-08-28,10,12,思维4
"素养智学部",英语,英语,英语,YYZH6A0668,双语智慧6A（暑）,六年级英语暑假A2服务（默认A）,通用,10,10,1200,1200,120.0,"	0.00",TG,TG,常规体系,常规体系,六年级英语暑假A2服务,六年级英语A暑假智慧学习空间,否,,连季续,六年级(小学),六年级,六年级,2000.00,彭惜如(446881),,暑假,暑假,正常,2026-08-18,2026-08-18,已审核,"走读,在线","常规面授,在线录播",在线录播,智慧学习机,24,2026-02-27,每天10:40-12:40(上5休1）,"有教材,开课前领取",2026-08-28,22,学习机托管(智学),井湾子10自习室,井湾子10自习室,班级刷卡,20人,学习机托管,井湾子智慧空间,2026-08-28,12,12,六年级英语
"素养智学部",英语,英语,英语,YYZH5A0362,双语智慧5B（暑）,五年级英语暑假B1服务（默认B）,通用,10,10,1200,1200,120.0,"	0.00",TG,TG,常规体系,常规体系,五年级英语暑假B1服务,五年级英语A暑假智慧学习空间,否,,连季续,五年级,五年级,五年级,2000.00,彭惜如(446881),,暑假,暑假,正常,2026-08-18,2026-08-18,已审核,"走读,在线","常规面授,在线录播",在线录播,智慧学习机,24,2026-02-27,每天08:30-10:30(上5休1）,"有教材,开课前领取",2026-08-28,16,学习机托管(智学),井湾子10自习室,井湾子10自习室,班级刷卡,20人,学习机托管,井湾子智慧空间,2026-08-28,12,12,五年级英语
"素养智学部",博文妙笔,博文妙笔,博文妙笔,BW327A0011,博文口才 3（暑）,博文妙笔L3暑假B1班,通用,10,10,1100,1100,110.0,"	0.00",L3,L3,常规体系,常规体系,博文妙笔L3暑假B1班,三年级博文妙笔暑假L3班,否,,连季续,三年级,三年级,三年级,2000.00,朱芊(606164),,暑假,暑假,正常,2026-08-18,2026-08-18,已审核,走读,常规面授,常规面授,,19,2026-02-26,每天16:00-17:50(上5休1),"有教材,开课前领取",2026-08-28,18,素养素质(智学),中信309教室,中信309教室,班级刷卡,15人,素养,中信教学区,2026-08-28,10,12,语商表达3
"素养智学部",英语,英语,英语,YYZH5A0359,双语智慧5A（暑）,五年级英语暑假B1服务（默认A）,通用,10,10,1200,1200,120.0,"	0.00",TG,TG,常规体系,常规体系,五年级英语暑假B1服务,五年级英语A暑假智慧学习空间,否,,连季续,五年级,五年级,五年级,2000.00,梁进慧(442383),,暑假,暑假,正常,2026-08-18,2026-08-18,已审核,"走读,在线","常规面授,在线录播",在线录播,智慧学习机,24,2026-02-27,每天13:50-15:50(上5休1）,"有教材,开课前领取",2026-08-28,14,学习机托管(智学),井湾子04自习室,井湾子04自习室,班级刷卡,20人,学习机托管,井湾子智慧空间,2026-08-28,12,12,五年级英语
"素养智学部",英语,英语,英语,YYZH5A0340,双语智慧5B（暑）,五年级英语暑假B1服务（默认B）,通用,10,10,1200,1200,120.0,"	0.00",TG,TG,常规体系,常规体系,五年级英语暑假B1服务,五年级英语A暑假智慧学习空间,否,,连季续,五年级,五年级,五年级,2000.00,梁进慧(442383),,暑假,暑假,正常,2026-08-18,2026-08-18,已审核,"走读,在线","常规面授,在线录播",在线录播,智慧学习机,24,2026-02-27,每天08:30-10:30(上5休1）,"有教材,开课前领取",2026-08-28,16,学习机托管(智学),井湾子04自习室,井湾子04自习室,班级刷卡,20人,学习机托管,井湾子智慧空间,2026-08-28,12,12,五年级英语
"素养智学部",英语,英语,英语,YYZH6A0707,双语智慧6A（暑）,六年级英语暑假A2服务（默认A）,通用,10,10,1200,1200,120.0,"	0.00",TG,TG,常规体系,常规体系,六年级英语暑假A2服务,六年级英语A暑假智慧学习空间,否,,连季续,六年级(小学),六年级,六年级,2000.00,梁进慧(442383),,暑假,暑假,正常,2026-08-18,2026-08-18,已审核,"走读,在线","常规面授,在线录播",在线录播,智慧学习机,24,2026-02-27,每天10:40-12:40(上5休1）,"有教材,开课前领取",2026-08-28,21,学习机托管(智学),井湾子04自习室,井湾子04自习室,班级刷卡,20人,学习机托管,井湾子智慧空间,2026-08-28,12,12,六年级英语
"素养智学部",英语,英语,英语,YYZH4A0448,双语智慧4B（暑）,四年级英语暑假B1服务（默认B）,通用,10,10,1200,1200,120.0,"	0.00",TG,TG,常规体系,常规体系,四年级英语暑假B1服务,四年级英语A暑假智慧学习空间,否,,连季续,四年级,四年级,四年级,2000.00,陈学凤(420679),,暑假,暑假,正常,2026-08-18,2026-08-18,已审核,"走读,在线","常规面授,在线录播",在线录播,智慧学习机,22,2026-02-27,每天13:50-15:50(上5休1）,"有教材,开课前领取",2026-08-28,18,学习机托管(智学),井湾子08自习室,井湾子08自习室,班级刷卡,20人,学习机托管,井湾子智慧空间,2026-08-28,12,12,四年级英语
"素养智学部",英语,英语,英语,YYZH4A0487,双语智慧4A（暑）,四年级英语暑假B1服务（默认A）,通用,10,10,1200,1200,120.0,"	0.00",TG,TG,常规体系,常规体系,四年级英语暑假B1服务,四年级英语A暑假智慧学习空间,否,,连季续,四年级,四年级,四年级,2000.00,陈学凤(420679),,暑假,暑假,正常,2026-08-18,2026-08-18,已审核,"走读,在线","常规面授,在线录播",在线录播,智慧学习机,22,2026-04-30,每天16:00-18:00(上5休1）,"有教材,开课前领取",2026-08-28,16,学习机托管(智学),井湾子08自习室,井湾子08自习室,班级刷卡,20人,学习机托管,井湾子智慧空间,2026-08-28,12,12,四年级英语
"素养智学部",科创,科创,机器人编程,SZ27AJQ181,机器人L1（暑）,机器人编程S3-4段暑假班,通用,10,10,900,900,90.0,"	0.00",S3,S3,常规体系,常规体系,科创S3-4段暑假班,S3机器人编程暑假S3班,否,,连季续,S3,S3,S3,1800.00,张智博(411871),,暑假,暑假,正常,2026-08-18,2026-08-18,已审核,"走读,在线","常规面授,在线直播",在线直播,云教室小班（25人以下）,12,2026-08-04,每天10:40-12:10（上5休1）,"有教材,开课前领取",2026-08-28,5,素养素质(智学),梅岭国际211教室,梅岭国际211教室,班级刷卡,12人,素质,梅岭国际教学区,2026-08-28,8,10,机器人编程S3
"国外考试部",全科,"阅读,写作,听力,口语",,GYSY2007B,Global Primary外语2B,Global Primary外语2A 下（FY26）,Global Primary 英语,16,16,1920,1920,120.0,120.00,国际教育,国际教育,常规体系,常规体系,Global Primary外语2A 下,Global Primary外语2A 下,否,,可续,,,,6600.00,唐瑄紫(655281),,春季,,正常,2026-05-24,2026-05-24,已审核,"走读,在线","常规面授,在线直播",在线直播,云教室小班（25人以下）,10,2025-03-19,春秋季每周日10:30-12:30，寒暑假集中上课,"有教材,开课前领取",2026-08-22,6,国际教育青少部,芙蓉广场,芙蓉广场5-05教室,班级刷卡,6人,国外考试部,芙蓉广场教学区,2026-08-22,3,4,
"素养智学部",双语故事表演,双语故事表演,双语故事表演,PM527A0004,双语绘本5C+领航班（暑）,双语故事表演L5暑假C1班（C+）,通用,10,10,1100,1100,110.0,"	0.00",L5,L5,常规体系,常规体系,双语故事表演L5暑假C1班,五年级双语故事表演暑假L5班,否,,连季续,五年级,五年级,五年级,2600.00,马慧玲(234909),,暑假,暑假,正常,2026-08-18,2026-08-18,已审核,走读,常规面授,常规面授,,19,2026-02-26,每天08:30-10:20(上5休1),"有教材,开课前领取",2026-08-28,17,素养素质(智学),东塘203教室,东塘203教室,班级刷卡,15人,素养,东塘教学区,2026-08-28,10,12,故事会5
"国外考试部",全科,"阅读,写作,听力,口语",,FBQ2703,雅思大学生6.5分封闭营,雅思大学生6.5分封闭营（25人）,IELTS进阶班,68,90,8160,8160,120.0,436.00,IELTS,IELTS,常规体系,常规体系,雅思大学生6.5分封闭营,雅思大学生6.5分封闭营,否,,可续,,,,23800.00,李婷婷(122952),,暑假,,正常,2026-07-15,2026-07-15,已审核,"走读,在线","常规面授,在线直播",在线直播,云教室小班（25人以下）,24,2025-12-22,周一至周六08:00-18:00上课，19:00-21:00晚自习,"有教材,开课前领取",2026-08-04,18,国外考试部,天马教学区,天马V230教室,班级刷卡,25人,国外考试部,天马教学区,2026-08-04,20,21,
"国外考试部",全科,"阅读,写作,听力,口语",,YSC2702,雅思大学生冲分班（长郡）,雅思大学生冲分班（组班二）,IELTS直通车,22,34,2640,2640,120.0,"	0.00",IELTS,IELTS,常规体系,常规体系,雅思大学生冲分班,雅思大学生冲分班,否,,可续,,,,4400.00,彭玉莹(452128),,暑假,,正常,2026-07-25,2026-07-25,已审核,"走读,在线","常规面授,在线直播",在线直播,云教室小班（25人以下）,20,2026-06-27,"周一至周六10:10-12:10,13:30-15:30,15:40-17:40","有教材,开课前领取",2026-08-06,14,国外考试部,芙蓉广场教学区,芙蓉广场22-5-New York,班级刷卡,12人,国外考试部,芙蓉广场教学区,2026-08-06,6,7,
"素养智学部",英语,英语,英语,YYZH3A270322,SY双语智慧3A（暑）,三年级英语暑假A1服务（创新默认A）,通用,10,10,1200,1200,120.0,"	0.00",TG,TG,常规体系,常规体系,三年级英语暑假A1服务,三年级英语A暑假智慧学习空间,否,,连季续,三年级,三年级,三年级,1800.00,谢嘉炜(121372),,暑假,暑假,正常,2026-08-18,2026-08-18,已审核,"走读,在线","常规面授,在线录播",在线录播,智慧学习机,20,2026-07-03,每天10:40-12:40,"有教材,开课前领取",2026-08-28,20,学习机托管(智学),湘潭东方名苑206自习室,湘潭东方名苑206自习室,班级刷卡,20人,学习机托管,湘潭东方名苑教学区,2026-08-28,12,14,三年级英语
"智慧学习部",英语,英语,英语,YYZH9A270129,SYYY暑假智慧学习空间9B,学习机托管九年级英语暑假B1服务（创新默认B）,通用,10,10,1200,1200,120.0,"	0.00",B1,B1,B体系,B体系,学习机托管九年级英语暑假B1服务,YY暑假智慧学习空间9B,否,,连季续,中考,九年级,九年级,1800.00,谢攀(099186),,暑假,暑假,正常,2026-08-18,2026-08-18,已审核,"走读,在线","常规面授,在线录播",在线录播,智慧学习机,24,2026-04-05,每天10:40-12:40,"有教材,开课前领取",2026-08-28,16,学习机托管(智慧),金湘潭自习室2,金湘潭自习室2,班级刷卡,20人,学习机托管,金湘潭教学区,2026-08-28,8,12,中考英语
"素养智学部",英语,英语,英语,YYZH3A270321,SY双语智慧3A（暑）,三年级英语暑假A1服务（创新默认A）,通用,10,10,1200,1200,120.0,"	0.00",TG,TG,常规体系,常规体系,三年级英语暑假A1服务,三年级英语A暑假智慧学习空间,否,,连季续,三年级,三年级,三年级,1800.00,熊朗(702291),,暑假,暑假,正常,2026-08-18,2026-08-18,已审核,"走读,在线","常规面授,在线录播",在线录播,智慧学习机,22,2026-06-09,每天10:40-12:40,"有教材,开课前领取",2026-08-28,22,学习机托管(智学),金湘潭自习室1,金湘潭自习室1,班级刷卡,20人,学习机托管,金湘潭教学区,2026-08-28,12,14,三年级英语
"素养智学部",双语故事表演,双语故事表演,双语故事表演,PM427A0159,双语绘本4C+领航班（暑）,双语故事表演L4暑假C1班（C+）,通用,10,10,1100,1100,110.0,"	0.00",L4,L4,常规体系,常规体系,双语故事表演L4暑假C1班,四年级双语故事表演暑假L4班,否,,连季续,四年级,四年级,四年级,2600.00,高何易(675558),,暑假,暑假,正常,2026-08-18,2026-08-18,已审核,走读,常规面授,常规面授,,19,2026-02-26,每天13:50-15:40(上5休1),"有教材,开课前领取",2026-08-28,19,素养素质(智学),二十四品309教室,二十四品309教室,班级刷卡,15人,素养,二十四品教学区,2026-08-28,10,12,分级阅读4
"素养智学部",脑力与思维,脑力与思维,脑力与思维,SW327A0001,脑力思维3A（暑）,脑力与思维L3暑假A2班,通用,10,10,1100,1100,110.0,"	0.00",L3,L3,常规体系,常规体系,脑力与思维L3暑假A2班,三年级脑力与思维暑假L3班,否,,连季续,三年级,三年级,三年级,2000.00,李美玲(175205),,暑假,暑假,正常,2026-08-18,2026-08-18,已审核,走读,常规面授,常规面授,,16,2026-02-26,每天13:50-15:40(上5休1),"有教材,开课前领取",2026-08-28,6,素养素质(智学),洋湖新城302教室,洋湖新城302教室,班级刷卡,15人,素养,洋湖新城教学区,2026-08-28,10,12,思维3
"素养智学部",博文妙笔,博文妙笔,博文妙笔,BW327A0043,取消博文口才 3（暑）,取消博文妙笔L3暑假B1班,通用,10,0,1100,1100,110.0,"	0.00",L3,L3,常规体系,常规体系,博文妙笔L3暑假B1班,三年级博文妙笔暑假L3班,否,,连季续,三年级,三年级,三年级,2000.00,谭若雨(706971),,暑假,暑假,取消班,2026-08-18,,已审核,走读,常规面授,常规面授,,0,2026-03-10,每天08:30-10:20(上5休1),"有教材,开课前领取",,1,素养素质(智学),钰龙天下302教室,钰龙天下302教室,班级刷卡,15人,素养,钰龙天下教学区,2026-08-27,10,12,语商表达3
"素养智学部",双语故事表演,双语故事表演,双语故事表演,PMS327A0053,双语绘本K（暑）,双语故事表演S3暑假B1班,通用,10,10,900,900,90.0,"	0.00",S3,S3,常规体系,常规体系,双语故事表演S3暑假B1班,S3双语故事表演暑假S3班,否,,连季续,S3,S3,S3,1575.00,周梓玉(634367),,暑假,暑假,正常,2026-08-18,2026-08-18,已审核,走读,常规面授,常规面授,,15,2026-08-12,每天16:00-17:30,"有教材,开课前领取",2026-08-28,10,素养素质(智学),时光汇202教室,时光汇202教室,班级刷卡,15人,素养,时光汇教学区,2026-08-28,10,12,分级阅读K
"国外考试部",全科,"阅读,写作,听力,口语",,MKY262,英联邦非标课程,英联邦非标课程（雅思模考赠送）,非标班型（英联邦）,5,8,660,660,132.0,"	0.00",非标项目,非标项目,专项体系,专项体系,英联邦非标课程,英联邦非标课程,否,,可续,,,,100.00,,,暑假,,正常,2026-07-30,2026-07-30,已审核,走读,常规面授,常规面授,,25,2026-06-12,7.31上午笔试，口试时间见课表,无教材,2026-08-02,1,国外考试部,芙蓉广场,芙蓉广场虚拟教室（16楼大会议室）,班级刷卡,25人,国外考试部,芙蓉广场教学区,2026-08-01,13,14,
"国外考试部",英语,英语,,GYSY01009D,Global Primary 英语 Prep 1B（春）,Global Primary 英语 Prep 1B（Prep 1B（春/秋））,Global Primary 英语,16,16,1920,1920,120.0,120.00,国际教育,国际教育,常规体系,常规体系,Global Primary 英语 Prep 1B,Global Primary 英语 Prep 1B,否,,可续,,,,6600.00,童瑛(589073),,春季,,正常,2026-05-17,2026-05-17,已审核,"走读,在线","常规面授,在线直播",在线直播,云教室小班（25人以下）,10,2025-04-27,春秋季周日16:00-18:00，寒暑集中上课,"有教材,开课前领取",2026-08-23,7,国际教育青少部,芙蓉广场,芙蓉广场5-07教室,班级刷卡,6人,国外考试部,芙蓉广场教学区,2026-08-23,3,4,
"素养智学部",英语,英语,英语,ZMZH27A012,取消字母书写,取消学习机托管三年级英语暑假ZT1服务,通用,10,0,1200,1200,120.0,"	0.00",ZT1,ZT1,专项体系,专项体系,学习机托管三年级英语暑假ZT1服务,三年级英语暑假专题班,否,,不可续,三年级,三年级,三年级,2000.00,焦广城(332958),,暑假,暑假,取消班,2026-08-18,,已审核,走读,常规面授,常规面授,,0,2026-07-17,每天16:00-18:00(上5休1）,"有教材,开课前领取",,0,学习机托管(智学),星沙筑梦204教室,星沙筑梦204教室,班级刷卡,20人,学习机托管,星沙筑梦教学区,2026-08-28,12,14,专项拼读
"素养智学部",英语,英语,英语,YYZH6A0723,取消双语智慧6A（暑）,取消六年级英语暑假A2服务（默认A）,通用,10,0,1200,1200,120.0,"	0.00",TG,TG,常规体系,常规体系,六年级英语暑假A2服务,六年级英语A暑假智慧学习空间,否,,连季续,六年级(小学),六年级,六年级,2000.00,符寒惠(443718),,暑假,暑假,取消班,2026-08-18,,已审核,"走读,在线","常规面授,在线录播",在线录播,智慧学习机,0,2026-07-13,每天13:50-15:50(上5休1）,"有教材,开课前领取",,0,学习机托管(智学),湘江世纪城206教室,湘江世纪城206教室,班级刷卡,20人,学习机托管,湘江世纪城教学区,2026-08-28,8,12,六年级英语
"素养智学部",英语,英语,英语,ZMZH27A004,取消字母书写,取消学习机托管三年级英语暑假ZT1服务,通用,10,0,1200,1200,120.0,"	0.00",ZT1,ZT1,专项体系,专项体系,学习机托管三年级英语暑假ZT1服务,三年级英语暑假专题班,否,,不可续,三年级,三年级,三年级,2000.00,王亭力(706969),,暑假,暑假,取消班,2026-08-18,,已审核,走读,常规面授,常规面授,,0,2026-07-07,每天08:30-10:30(上5休1）,"有教材,开课前领取",,0,学习机托管(智学),洋湖新城313教室,洋湖新城313教室,班级刷卡,20人,学习机托管,洋湖新城教学区,2026-08-28,12,14,专项拼读
"素养智学部",英语,英语,英语,ZMZH27A003,取消字母书写,取消学习机托管三年级英语暑假ZT1服务,通用,10,0,1200,1200,120.0,"	0.00",ZT1,ZT1,专项体系,专项体系,学习机托管三年级英语暑假ZT1服务,三年级英语暑假专题班,否,,不可续,三年级,三年级,三年级,2000.00,周敏(661636),,暑假,暑假,取消班,2026-08-18,,已审核,走读,常规面授,常规面授,,0,2026-07-07,每天16:00-18:00(上5休1）,"有教材,开课前领取",,0,学习机托管(智学),美林银谷303教室,美林银谷303教室,班级刷卡,20人,学习机托管,美林银谷教学区,2026-08-28,12,14,专项拼读
"素养智学部",英语,英语,英语,GJZH27A026,取消国际语音,取消学习机托管三年级英语暑假ZT1服务,通用,10,0,1200,1200,120.0,"	0.00",ZT1,ZT1,专项体系,专项体系,学习机托管三年级英语暑假ZT1服务,三年级英语暑假专题班,否,,不可续,三年级,三年级,三年级,2000.00,胡钰(694156),,暑假,暑假,取消班,2026-08-18,,已审核,走读,常规面授,常规面授,,0,2026-07-07,每天13:50-15:50(上5休1),"有教材,开课前领取",,0,学习机托管(智学),洋湖卓伯根203教室,洋湖卓伯根203教室,班级刷卡,20人,学习机托管,洋湖卓伯根教学区,2026-08-28,12,14,专项音标
"素养智学部",英语,英语,英语,GJZH27A023,取消国际语音,取消学习机托管三年级英语暑假ZT1服务,通用,10,0,1200,1200,120.0,"	0.00",ZT1,ZT1,专项体系,专项体系,学习机托管三年级英语暑假ZT1服务,三年级英语暑假专题班,否,,不可续,三年级,三年级,三年级,2000.00,杨晴(707014),,暑假,暑假,取消班,2026-08-18,,已审核,走读,常规面授,常规面授,,0,2026-07-07,每天16:00-18:00(上5休1）,"有教材,开课前领取",,0,学习机托管(智学),钰龙天下303教室,钰龙天下303教室,班级刷卡,20人,学习机托管,钰龙天下教学区,2026-08-28,12,14,专项音标
"素养智学部",英语,英语,英语,ZMZH27A021,取消字母书写,取消学习机托管三年级英语暑假ZT1服务,通用,10,0,1200,1200,120.0,"	0.00",ZT1,ZT1,专项体系,专项体系,学习机托管三年级英语暑假ZT1服务,三年级英语暑假专题班,否,,不可续,三年级,三年级,三年级,2000.00,王子墨(708706),,暑假,暑假,取消班,2026-08-18,,已审核,走读,常规面授,常规面授,,0,2026-07-21,每天13:50-15:50（上5休1）,"有教材,开课前领取",,0,学习机托管(智学),洋湖新城302教室,洋湖新城302教室,班级刷卡,20人,学习机托管,洋湖新城教学区,2026-08-27,12,14,专项拼读
"素养智学部",英语,英语,英语,GJZH27A013,取消国际语音,取消学习机托管三年级英语暑假ZT1服务,通用,10,0,1200,1200,120.0,"	0.00",ZT1,ZT1,专项体系,专项体系,学习机托管三年级英语暑假ZT1服务,三年级英语暑假专题班,否,,不可续,三年级,三年级,三年级,2000.00,李紫青(254227),,暑假,暑假,取消班,2026-08-18,,已审核,走读,常规面授,常规面授,,0,2026-07-07,每天10:40-12:40(上5休1）,"有教材,开课前领取",,0,学习机托管(智学),湘江世纪城205教室,湘江世纪城205教室,班级刷卡,20人,学习机托管,湘江世纪城教学区,2026-08-28,12,14,专项音标
"素养智学部",英语,英语,英语,YYZH3A0340,取消双语智慧3A（暑）,取消三年级英语暑假A1服务（默认A）,通用,10,0,1200,1200,120.0,"	0.00",TG,TG,常规体系,常规体系,三年级英语暑假A1服务,三年级英语A暑假智慧学习空间,否,,连季续,三年级,三年级,三年级,2000.00,邹文宇(404993),,暑假,暑假,取消班,2026-08-18,,已审核,"走读,在线","常规面授,在线录播",在线录播,智慧学习机,0,2026-02-27,每天08:30-10:30(上5休1）,"有教材,开课前领取",,0,学习机托管(智学),晚报旗舰店103教室,晚报旗舰店103教室,班级刷卡,20人,学习机托管,晚报旗舰店教学区,2026-08-28,12,12,三年级英语
"素养智学部",英语,英语,英语,YYZH5A0389,取消双语智慧5A（暑）,取消五年级英语暑假B1服务（默认A）,通用,10,0,1200,1200,120.0,"	0.00",TG,TG,常规体系,常规体系,五年级英语暑假B1服务,五年级英语A暑假智慧学习空间,否,,连季续,五年级,五年级,五年级,2000.00,贺昕垚(668082),,暑假,暑假,取消班,2026-08-18,,已审核,"走读,在线","常规面授,在线录播",在线录播,智慧学习机,0,2026-02-27,每天16:00-18:00(上5休1）,"有教材,开课前领取",,0,学习机托管(智学),梅溪湖南自习室5,梅溪湖南自习室5,班级刷卡,20人,学习机托管,梅溪湖南教学区,2026-08-28,12,12,五年级英语
"素养智学部",英语,英语,英语,YYZH5A0324,取消双语智慧5B（暑）,取消五年级英语暑假B1服务（默认B）,通用,10,0,1200,1200,120.0,"	0.00",TG,TG,常规体系,常规体系,五年级英语暑假B1服务,五年级英语A暑假智慧学习空间,否,,连季续,五年级,五年级,五年级,2000.00,曾徐徐(638570),,暑假,暑假,取消班,2026-08-18,,已审核,"走读,在线","常规面授,在线录播",在线录播,智慧学习机,0,2026-02-27,每天13:50-15:50（上5休1）,"有教材,开课前领取",,0,学习机托管(智学),洋湖新城301自习室,洋湖新城301自习室,班级刷卡,20人,学习机托管,洋湖新城智慧空间,2026-08-28,12,12,五年级英语
"素养智学部",英语,英语,英语,YYZH4A0722,取消双语智慧4A（暑）,取消四年级英语暑假B1服务（默认A）,通用,10,0,1200,1200,120.0,"	0.00",TG,TG,常规体系,常规体系,四年级英语暑假B1服务,四年级英语A暑假智慧学习空间,否,,连季续,四年级,四年级,四年级,2000.00,彭念慈(612650),,暑假,暑假,取消班,2026-08-18,,已审核,"走读,在线","常规面授,在线录播",在线录播,智慧学习机,0,2026-07-07,每天13:50-15:50(上5休1）,"有教材,开课前领取",,0,学习机托管(智学),二十四品03自习室,二十四品03自习室,班级刷卡,20人,学习机托管,二十四品教学区,2026-08-28,8,12,四年级英语
"素养智学部",科创,科创,机器人编程,SZ27AJQ178,取消机器人L1（暑）,取消机器人编程S3-4段暑假班,通用,10,0,900,900,90.0,"	0.00",S3,S3,常规体系,常规体系,科创S3-4段暑假班,S3机器人编程暑假S3班,否,,连季续,S3,S3,S3,1800.00,孙乐(707693),,暑假,暑假,取消班,2026-08-18,,已审核,"走读,在线","常规面授,在线直播",在线直播,云教室小班（25人以下）,0,2026-07-07,每天16:00-17:30（上5休1）,"有教材,开课前领取",,0,素养素质(智学),雨花家园301A教室,雨花家园301A教室,班级刷卡,12人,素质,雨花家园教学区,2026-08-28,8,10,机器人编程S3
"素养智学部",英语,英语,英语,GJZH27A014,取消国际语音,取消学习机托管三年级英语暑假ZT1服务,通用,10,0,1200,1200,120.0,"	0.00",ZT1,ZT1,专项体系,专项体系,学习机托管三年级英语暑假ZT1服务,三年级英语暑假专题班,否,,不可续,三年级,三年级,三年级,2000.00,凌芝(706979),,暑假,暑假,取消班,2026-08-18,,已审核,走读,常规面授,常规面授,,0,2026-07-07,每天16:00-18:00(上5休1）,"有教材,开课前领取",,0,学习机托管(智学),听香水榭308教室,听香水榭308教室,班级刷卡,20人,学习机托管,听香水榭教学区,2026-08-28,12,14,专项音标
"素养智学部",围棋,围棋,围棋,SZWQ27A112A,取消围棋N4-1段班,取消围棋L2-3段暑假班（暑10次课100）,通用,10,0,900,900,90.0,"	0.00",L2,L2,常规体系,常规体系,围棋L2-3段暑假班,围棋L2-3段暑假班,否,,连季续,二年级,二年级,二年级,1500.00,潘志(444580),,暑假,暑假,取消班,2026-08-18,,已审核,走读,常规面授,常规面授,,0,2026-04-16,每天09:00-10:30（上5休1）,"有教材,开课前领取",,0,素养素质(智学),洋湖新城304教室,洋湖新城304教室,班级刷卡,12人,素质,洋湖新城教学区,2026-08-28,8,10,围棋L2
"素养智学部",科创,科创,机器人编程,SZ27AJQ128,取消机器人S3（暑）,取消机器人编程S2-4段暑假班,通用,10,0,900,900,90.0,"	0.00",S2,S2,常规体系,常规体系,机器人编程S2-4段暑假班,S2机器人编程暑假S2班,否,,连季续,S2,S2,S2,1800.00,颜俊敏(416482),,暑假,暑假,取消班,2026-08-18,,已审核,"走读,在线","常规面授,在线直播",在线直播,云教室小班（25人以下）,0,2026-02-28,每天10:40-12:10（上5休1）,"有教材,开课前领取",,0,素养素质(智学),洋湖新城309教室,洋湖新城309教室,班级刷卡,12人,素质,洋湖新城教学区,2026-08-28,8,10,机器人编程S2
"素养智学部",科创,科创,机器人编程,SZ27ABC038,取消Python L4-1段班,取消机器人编程L4-1段暑假班,通用,10,0,1200,1200,120.0,"	0.00",L4,L4,常规体系,常规体系,机器人编程L4-1段暑假班,四年级机器人编程暑假L4班,否,,连季续,四年级,四年级,四年级,2400.00,霍润东(445609),,暑假,暑假,取消班,2026-08-18,,已审核,"走读,在线","常规面授,在线直播",在线直播,云教室小班（25人以下）,0,2025-07-31,每天10:40-12:40（上5休1）,"有教材,开课前领取",,0,素养素质(智学),洋湖新城315教室,洋湖新城315教室,班级刷卡,12人,素质,洋湖新城教学区,2026-08-27,8,10,机器人编程L4
"素养智学部",脑力与思维,脑力与思维,脑力与思维,SW527A0021,取消脑力思维5A（暑）,取消脑力与思维L5暑假A2班,通用,10,0,1100,1100,110.0,"	0.00",L5,L5,常规体系,常规体系,脑力与思维L5暑假A2班,五年级脑力与思维暑假L5班,否,,连季续,五年级,五年级,五年级,2000.00,杨智博(706987),,暑假,暑假,取消班,2026-08-18,,已审核,走读,常规面授,常规面授,,0,2026-07-08,每天13:50-15:40(上5休1),"有教材,开课前领取",,1,素养素质(智学),洋湖新城313教室,洋湖新城313教室,班级刷卡,15人,素养,洋湖新城教学区,2026-08-28,10,12,思维5
"素养智学部",博文妙笔,博文妙笔,博文妙笔,BW327A0044,取消博文口才 3（暑）,取消博文妙笔L3暑假B1班,通用,10,0,1100,1100,110.0,"	0.00",L3,L3,常规体系,常规体系,博文妙笔L3暑假B1班,三年级博文妙笔暑假L3班,否,,连季续,三年级,三年级,三年级,2000.00,李雪晴(707039),,暑假,暑假,取消班,2026-08-18,,已审核,走读,常规面授,常规面授,,0,2026-03-10,每天 16:00~17:50（上5休1）,"有教材,开课前领取",,1,素养素质(智学),吉联mall306教室,吉联mall306教室,班级刷卡,15人,素养,吉联mall教学区,2026-08-28,10,12,语商表达3
"素养智学部",双语故事表演,双语故事表演,双语故事表演,PM227A0232,取消双语绘本2C（暑）,取消双语故事表演L2暑假B2班,通用,10,0,1100,1100,110.0,"	0.00",L2,L2,常规体系,常规体系,双语故事表演L2暑假B2班,二年级双语故事表演暑假L2班,否,,连季续,二年级,二年级,二年级,2100.00,杨晴(707014),,暑假,暑假,取消班,2026-08-18,,已审核,走读,常规面授,常规面授,,0,2026-03-10,每天13:50-15:40(上5休1),"有教材,开课前领取",,0,素养素质(智学),钰龙天下303教室,钰龙天下303教室,班级刷卡,15人,素养,钰龙天下教学区,2026-08-27,10,12,分级阅读2
"素养智学部",双语故事表演,双语故事表演,双语故事表演,PM127A0150,取消双语绘本1C（暑）,取消双语故事表演L1暑假B2班,通用,10,0,1100,1100,110.0,"	0.00",L1,L1,常规体系,常规体系,双语故事表演L1暑假B2班,一年级双语故事表演暑假L1班,否,,连季续,一年级,一年级,一年级,2100.00,李林(580732),,暑假,暑假,取消班,2026-08-18,,已审核,走读,常规面授,常规面授,,0,2026-02-26,每天10:40-12:30(上5休1),"有教材,开课前领取",,0,素养素质(智学),中信310教室,中信310教室,班级刷卡,15人,素养,中信教学区,2026-08-28,10,12,分级阅读1
"素养智学部",双语故事表演,双语故事表演,双语故事表演,PM127A0115,取消双语绘本1C（暑）,取消双语故事表演L1暑假B2班,通用,10,0,1100,1100,110.0,"	0.00",L1,L1,常规体系,常规体系,双语故事表演L1暑假B2班,一年级双语故事表演暑假L1班,否,,连季续,一年级,一年级,一年级,2100.00,唐芷怡(667001),,暑假,暑假,取消班,2026-08-18,,已审核,走读,常规面授,常规面授,,0,2026-02-26,每天13:50-15:40(上5休1),"有教材,开课前领取",,0,素养素质(智学),八方小区206教室,八方小区206教室,班级刷卡,15人,素养,八方小区教学区,2026-08-28,10,12,分级阅读1
"素养智学部",双语故事表演,双语故事表演,双语故事表演,PM127A0030,取消双语绘本1C（暑）,取消双语故事表演L1暑假B2班,通用,10,0,1100,1100,110.0,"	0.00",L1,L1,常规体系,常规体系,双语故事表演L1暑假B2班,一年级双语故事表演暑假L1班,否,,连季续,一年级,一年级,一年级,2100.00,张亮(438808),,暑假,暑假,取消班,2026-08-18,,已审核,走读,常规面授,常规面授,,0,2026-02-26,每天16:00-17:50(上5休1),"有教材,开课前领取",,0,素养素质(智学),浏城桥508教室（新）,浏城桥508教室（新）,班级刷卡,15人,素养,浏城桥教学区,2026-08-28,10,12,分级阅读1
"素养智学部",博文妙笔,博文妙笔,博文妙笔,BWZX127A0015,取消1级博文,取消一年级博文妙笔暑假YL（入口）班（默认1）,通用,10,0,900,900,90.0,"	0.00",YL（入口）,YL（入口）,专项体系,专项体系,一年级博文妙笔暑假YL（入口）班,一年级博文妙笔暑假引流班,否,,不可续,一年级,一年级,一年级,990.00,李雪晴(707039),,暑假,暑假,取消班,2026-08-18,,已审核,走读,常规面授,常规面授,,0,2026-06-30,每天18:40-20:10(上5休1),"有教材,开课前领取",,0,素养素质(智学),吉联mall310教室,吉联mall310教室,班级刷卡,15人,素养,吉联mall教学区,2026-08-28,10,12,语商表达1
"素养智学部",双语故事表演,双语故事表演,双语故事表演,PMS227A0016,取消双语绘本PK（暑）,取消双语故事表演预备级S2暑假B2班,通用,10,0,900,900,90.0,"	0.00",S2,S2,常规体系,常规体系,双语故事表演预备级S2暑假B2班,S2双语故事表演暑假S2班,否,,连季续,S2,S2,S2,2250.00,瞿玉娟(707009),,暑假,暑假,取消班,2026-08-18,,已审核,走读,常规面授,常规面授,,0,2026-06-23,每天16:00-17:30,"有教材,开课前领取",,0,素养素质(智学),西子花苑旗舰店212教室,西子花苑旗舰店212教室,班级刷卡,10人,素养,西子花苑旗舰店教学区,2026-08-27,7,7,分级阅读K
"素养智学部",双语故事表演,双语故事表演,双语故事表演,PM227A0267,双语绘本2B（暑）,双语故事表演L2暑假B2班,通用,10,10,1100,1100,110.0,"	0.00",L2,L2,常规体系,常规体系,双语故事表演L2暑假B2班,二年级双语故事表演暑假L2班,否,,连季续,二年级,二年级,二年级,2100.00,王梓奇(707013),,暑假,暑假,正常,2026-08-18,2026-08-18,已审核,走读,常规面授,常规面授,,15,2026-07-01,每天08:30-10:20(上5休1),"有教材,开课前领取",2026-08-28,9,素养素质(智学),中信310教室,中信310教室,班级刷卡,15人,素养,中信教学区,2026-08-28,10,12,分级阅读2
"素养智学部",博文妙笔,博文妙笔,博文妙笔,BW427A0024,博文口才 4（暑）,博文妙笔L4暑假B1班,通用,10,10,1100,1100,110.0,"	0.00",L4,L4,常规体系,常规体系,博文妙笔L4暑假B1班,四年级博文妙笔暑假L4班,否,,连季续,四年级,四年级,四年级,2000.00,游湘(706973),,暑假,暑假,正常,2026-08-18,2026-08-18,已审核,走读,常规面授,常规面授,,21,2026-02-26,每天16:00-17:50(上5休1),"有教材,开课前领取",2026-08-28,20,素养素质(智学),梅溪湖南208教室,梅溪湖南208教室,班级刷卡,15人,素养,梅溪湖南教学区,2026-08-28,10,12,语商表达4
"素养智学部",脑力与思维,脑力与思维,脑力与思维,SW627A0008,脑力思维6B（暑）,脑力与思维L6暑假B1班,通用,10,10,1100,1100,110.0,"	0.00",L6,L6,常规体系,常规体系,脑力与思维L6暑假B1班,六年级脑力与思维暑假L6班,否,,连季续,六年级(小学),六年级,六年级,2000.00,张丽晖(226352),,暑假,暑假,正常,2026-08-18,2026-08-18,已审核,走读,常规面授,常规面授,,18,2026-02-26,每天16:00-17:50(上5休1),"有教材,开课前领取",2026-08-28,15,素养素质(智学),梅岭国际206教室,梅岭国际206教室,班级刷卡,15人,素养,梅岭国际教学区,2026-08-28,10,12,思维6
"素养智学部",双语故事表演,双语故事表演,双语故事表演,PM227A0181,双语绘本2C（暑）,双语故事表演L2暑假B2班,通用,10,10,1100,1100,110.0,"	0.00",L2,L2,常规体系,常规体系,双语故事表演L2暑假B2班,二年级双语故事表演暑假L2班,否,,连季续,二年级,二年级,二年级,2100.00,王星星(117102),,暑假,暑假,正常,2026-08-18,2026-08-18,已审核,走读,常规面授,常规面授,,15,2026-02-26,每天16:00-17:50(上5休1),"有教材,开课前领取",2026-08-28,15,素养素质(智学),梅岭国际208教室,梅岭国际208教室,班级刷卡,15人,素养,梅岭国际教学区,2026-08-28,10,12,分级阅读2
"素养智学部",脑力与思维,脑力与思维,脑力与思维,SW527A0015,脑力思维5B（暑）,脑力与思维L5暑假B1班,通用,10,10,1100,1100,110.0,"	0.00",L5,L5,常规体系,常规体系,脑力与思维L5暑假B1班,五年级脑力与思维暑假L5班,否,,连季续,五年级,五年级,五年级,2000.00,张丽晖(226352),,暑假,暑假,正常,2026-08-18,2026-08-18,已审核,走读,常规面授,常规面授,,19,2026-02-26,每天10:40-12:30(上5休1),"有教材,开课前领取",2026-08-28,19,素养素质(智学),梅岭国际206教室,梅岭国际206教室,班级刷卡,15人,素养,梅岭国际教学区,2026-08-28,10,12,思维5
"素养智学部",博文妙笔,博文妙笔,博文妙笔,BW427A0040,博文口才 4（暑）,博文妙笔L4暑假B1班,通用,10,10,1100,1100,110.0,"	0.00",L4,L4,常规体系,常规体系,博文妙笔L4暑假B1班,四年级博文妙笔暑假L4班,否,,连季续,四年级,四年级,四年级,2000.00,朱嘉怡(727514),,暑假,暑假,正常,2026-08-18,2026-08-18,已审核,走读,常规面授,常规面授,,18,2026-02-26,每天10:40-12:30(上5休1),"有教材,开课前领取",2026-08-28,11,素养素质(智学),梅岭国际208教室,梅岭国际208教室,班级刷卡,15人,素养,梅岭国际教学区,2026-08-28,10,12,语商表达4
"素养智学部",双语故事表演,双语故事表演,双语故事表演,PM227A0107,双语绘本2C（暑）,双语故事表演L2暑假B2班,通用,10,10,1100,1100,110.0,"	0.00",L2,L2,常规体系,常规体系,双语故事表演L2暑假B2班,二年级双语故事表演暑假L2班,否,,连季续,二年级,二年级,二年级,2100.00,王星星(117102),,暑假,暑假,正常,2026-08-18,2026-08-18,已审核,走读,常规面授,常规面授,,18,2026-02-26,每天08:30-10:20(上5休1),"有教材,开课前领取",2026-08-28,18,素养素质(智学),梅岭国际208教室,梅岭国际208教室,班级刷卡,15人,素养,梅岭国际教学区,2026-08-28,10,12,分级阅读2
"素养智学部",博文妙笔,博文妙笔,博文妙笔,BW527A0041,博文口才 5（暑）,博文妙笔L5暑假B1班,通用,10,10,1100,1100,110.0,"	0.00",L5,L5,常规体系,常规体系,博文妙笔L5暑假B1班,五年级博文妙笔暑假L5班,否,,连季续,五年级,五年级,五年级,2000.00,李雪晴(707039),,暑假,暑假,正常,2026-08-18,2026-08-18,已审核,走读,常规面授,常规面授,,20,2026-02-26,每天08:30-10:20(上5休1),"有教材,开课前领取",2026-08-28,16,素养素质(智学),梅岭国际206教室,梅岭国际206教室,班级刷卡,15人,素养,梅岭国际教学区,2026-08-28,10,12,语商表达5
"素养智学部",双语故事表演,双语故事表演,双语故事表演,PM427A0183,双语绘本4C+领航班（暑）,双语故事表演L4暑假C1班（C+）,通用,10,10,1100,1100,110.0,"	0.00",L4,L4,常规体系,常规体系,双语故事表演L4暑假C1班,四年级双语故事表演暑假L4班,否,,连季续,四年级,四年级,四年级,2600.00,夏才典(661616),,暑假,暑假,正常,2026-08-18,2026-08-18,已审核,走读,常规面授,常规面授,,18,2026-06-30,每天16:00-17:50(上5休1),"有教材,开课前领取",2026-08-28,16,素养素质(智学),梅岭国际202教室,梅岭国际202教室,班级刷卡,15人,素养,梅岭国际教学区,2026-08-28,10,12,分级阅读4
"素养智学部",双语故事表演,双语故事表演,双语故事表演,PM227A0008,双语绘本2B（暑）,双语故事表演L2暑假B2班,通用,10,10,1100,1100,110.0,"	0.00",L2,L2,常规体系,常规体系,双语故事表演L2暑假B2班,二年级双语故事表演暑假L2班,否,,连季续,二年级,二年级,二年级,2100.00,章婕妤(206373),,暑假,暑假,正常,2026-08-18,2026-08-18,已审核,走读,常规面授,常规面授,,15,2026-02-26,每天16:00-17:50(上5休1),"有教材,开课前领取",2026-08-28,11,素养素质(智学),梅岭国际205教室,梅岭国际205教室,班级刷卡,15人,素养,梅岭国际教学区,2026-08-28,10,12,分级阅读2
"素养智学部",双语故事表演,双语故事表演,双语故事表演,PM227A0242,双语绘本2C（暑）,双语故事表演L2暑假B2班,通用,10,10,1100,1100,110.0,"	0.00",L2,L2,常规体系,常规体系,双语故事表演L2暑假B2班,二年级双语故事表演暑假L2班,否,,连季续,二年级,二年级,二年级,2100.00,张涵(652450),,暑假,暑假,正常,2026-08-18,2026-08-18,已审核,走读,常规面授,常规面授,,16,2026-04-02,每天16:00-17:50(上5休1),"有教材,开课前领取",2026-08-28,14,素养素质(智学),梅岭国际215教室,梅岭国际215教室,班级刷卡,15人,素养,梅岭国际教学区,2026-08-28,10,12,分级阅读2
"素养智学部",双语故事表演,双语故事表演,双语故事表演,PM327A0013,双语绘本3B（暑）,双语故事表演L3暑假B2班,通用,10,10,1100,1100,110.0,"	0.00",L3,L3,常规体系,常规体系,双语故事表演L3暑假B2班,三年级双语故事表演暑假L3班,否,,连季续,三年级,三年级,三年级,2000.00,张涵(652450),,暑假,暑假,正常,2026-08-18,2026-08-18,已审核,走读,常规面授,常规面授,,18,2026-02-26,每天13:50-15:40(上5休1),"有教材,开课前领取",2026-08-28,10,素养素质(智学),梅岭国际215教室,梅岭国际215教室,班级刷卡,15人,素养,梅岭国际教学区,2026-08-28,10,12,分级阅读3
"素养智学部",数学,数学,数学,SXZH6A0163,思维智慧6B（暑）,六年级数学暑假B1服务（默认B）,通用,10,10,1200,1200,120.0,"	0.00",TG,TG,常规体系,常规体系,六年级数学暑假B1服务,六年级数学B暑假智慧学习空间,否,,连季续,六年级(小学),六年级,六年级,2000.00,唐冰(255789),,暑假,暑假,正常,2026-08-18,2026-08-18,已审核,"走读,在线","常规面授,在线录播",在线录播,智慧学习机,24,2026-02-27,每天13:50-15:50(上5休1）,"有教材,开课前领取",2026-08-28,19,学习机托管(智学),星沙筑梦自习室7,星沙筑梦自习室7,班级刷卡,20人,学习机托管,星沙筑梦教学区,2026-08-28,12,12,六年级数学
"素养智学部",数学,数学,数学,SXZH5A0167,思维智慧5B+（暑）,五年级数学暑假B1服务（默认B）,通用,10,10,1200,1200,120.0,"	0.00",TG,TG,常规体系,常规体系,五年级数学暑假B1服务,五年级数学B暑假智慧学习空间,否,,连季续,五年级,五年级,五年级,2000.00,唐冰(255789),,暑假,暑假,正常,2026-08-18,2026-08-18,已审核,"走读,在线","常规面授,在线录播",在线录播,智慧学习机,24,2026-02-27,每天08:30-10:30(上5休1）,"有教材,开课前领取",2026-08-28,23,学习机托管(智学),星沙筑梦自习室7,星沙筑梦自习室7,班级刷卡,20人,学习机托管,星沙筑梦教学区,2026-08-28,12,12,五年级数学
"素养智学部",数学,数学,数学,SXZH5A0128,思维智慧5B（暑）,五年级数学暑假B1服务（默认B）,通用,10,10,1200,1200,120.0,"	0.00",TG,TG,常规体系,常规体系,五年级数学暑假B1服务,五年级数学B暑假智慧学习空间,否,,连季续,五年级,五年级,五年级,2000.00,唐冰(255789),,暑假,暑假,正常,2026-08-18,2026-08-18,已审核,"走读,在线","常规面授,在线录播",在线录播,智慧学习机,24,2026-02-27,每天10:40-12:40(上5休1）,"有教材,开课前领取",2026-08-28,21,学习机托管(智学),星沙筑梦自习室7,星沙筑梦自习室7,班级刷卡,20人,学习机托管,星沙筑梦教学区,2026-08-28,12,12,五年级数学
"素养智学部",双语故事表演,双语故事表演,双语故事表演,PM327A0072,双语绘本3C（暑）,双语故事表演L3暑假B2班,通用,10,10,1100,1100,110.0,"	0.00",L3,L3,常规体系,常规体系,双语故事表演L3暑假B2班,三年级双语故事表演暑假L3班,否,,连季续,三年级,三年级,三年级,2000.00,庹芯瑷(438752),,暑假,暑假,正常,2026-08-18,2026-08-18,已审核,走读,常规面授,常规面授,,19,2026-02-26,每天10:40-12:30(上5休1),"有教材,开课前领取",2026-08-28,18,素养素质(智学),雨花家园205教室,雨花家园205教室,班级刷卡,15人,素养,雨花家园教学区,2026-08-28,10,12,分级阅读3
"素养智学部",双语故事表演,双语故事表演,双语故事表演,PM227A0151,双语绘本2C（暑）,双语故事表演L2暑假B2班,通用,10,10,1100,1100,110.0,"	0.00",L2,L2,常规体系,常规体系,双语故事表演L2暑假B2班,二年级双语故事表演暑假L2班,否,,连季续,二年级,二年级,二年级,2100.00,庹芯瑷(438752),,暑假,暑假,正常,2026-08-18,2026-08-18,已审核,走读,常规面授,常规面授,,16,2026-02-26,每天08:30-10:20(上5休1),"有教材,开课前领取",2026-08-28,15,素养素质(智学),雨花家园205教室,雨花家园205教室,班级刷卡,15人,素养,雨花家园教学区,2026-08-28,10,12,分级阅读2
"素养智学部",双语故事表演,双语故事表演,双语故事表演,PM127A0064,双语绘本1C（暑）,双语故事表演L1暑假B2班,通用,10,10,1100,1100,110.0,"	0.00",L1,L1,常规体系,常规体系,双语故事表演L1暑假B2班,一年级双语故事表演暑假L1班,否,,连季续,一年级,一年级,一年级,2100.00,何欣怡(672480),,暑假,暑假,正常,2026-08-18,2026-08-18,已审核,走读,常规面授,常规面授,,15,2026-02-26,每天10:40-12:30(上5休1),"有教材,开课前领取",2026-08-28,10,素养素质(智学),月亮岛304教室,月亮岛304教室,班级刷卡,15人,素养,月亮岛教学区,2026-08-28,10,12,分级阅读1
"素养智学部",博文妙笔,博文妙笔,博文妙笔,BW427A0029,博文口才 4（暑）,博文妙笔L4暑假B1班,通用,10,10,1100,1100,110.0,"	0.00",L4,L4,常规体系,常规体系,博文妙笔L4暑假B1班,四年级博文妙笔暑假L4班,否,,连季续,四年级,四年级,四年级,2000.00,张欣(444772),,暑假,暑假,正常,2026-08-18,2026-08-18,已审核,走读,常规面授,常规面授,,18,2026-02-26,每天13:50-15:40(上5休1),"有教材,开课前领取",2026-08-28,11,素养素质(智学),北辰110教室,北辰110教室,班级刷卡,15人,素养,北辰教学区,2026-08-28,10,12,语商表达4
"素养智学部",脑力与思维,脑力与思维,脑力与思维,SW127A0034,脑力思维1B（暑）,脑力与思维L1暑假B1班,通用,10,10,1100,1100,110.0,"	0.00",L1,L1,常规体系,常规体系,脑力与思维L1暑假B1班,一年级脑力与思维暑假L1班,否,,连季续,一年级,一年级,一年级,2100.00,王若轩(209661),,暑假,暑假,正常,2026-08-18,2026-08-18,已审核,走读,常规面授,常规面授,,15,2026-03-31,每天13:50-15:40(上5休1),"有教材,开课前领取",2026-08-28,7,素养素质(智学),梅溪湖南211教室,梅溪湖南211教室,班级刷卡,15人,素养,梅溪湖南教学区,2026-08-28,10,12,思维1
"素养智学部",脑力与思维,脑力与思维,脑力与思维,SW327A0067,脑力思维3B（暑）,脑力与思维L3暑假B1班,通用,10,10,1100,1100,110.0,"	0.00",L3,L3,常规体系,常规体系,脑力与思维L3暑假B1班,三年级脑力与思维暑假L3班,否,,连季续,三年级,三年级,三年级,2000.00,王若轩(209661),,暑假,暑假,正常,2026-08-18,2026-08-18,已审核,走读,常规面授,常规面授,,18,2026-04-30,每天16:00-17:50(上5休1),"有教材,开课前领取",2026-08-28,10,素养素质(智学),梅溪湖南211教室,梅溪湖南211教室,班级刷卡,15人,素养,梅溪湖南教学区,2026-08-28,10,12,思维3
"素养智学部",双语故事表演,双语故事表演,双语故事表演,PM427A0148,双语绘本4C（暑）,双语故事表演L4暑假B2班,通用,10,10,1100,1100,110.0,"	0.00",L4,L4,常规体系,常规体系,双语故事表演L4暑假B2班,四年级双语故事表演暑假L4班,否,,连季续,四年级,四年级,四年级,2000.00,张甜(174931),,暑假,暑假,正常,2026-08-18,2026-08-18,已审核,走读,常规面授,常规面授,,18,2026-02-26,每天13:50-15:40(上5休1),"有教材,开课前领取",2026-08-28,15,素养素质(智学),西子花苑旗舰店301教室,西子花苑旗舰店301教室,班级刷卡,15人,素养,西子花苑旗舰店教学区,2026-08-28,10,12,分级阅读4
"素养智学部",博文妙笔,博文妙笔,博文妙笔,BW527A0045,博文口才 5（暑）,博文妙笔L5暑假B1班,通用,10,10,1100,1100,110.0,"	0.00",L5,L5,常规体系,常规体系,博文妙笔L5暑假B1班,五年级博文妙笔暑假L5班,否,,连季续,五年级,五年级,五年级,2000.00,游湘(706973),,暑假,暑假,正常,2026-08-18,2026-08-18,已审核,走读,常规面授,常规面授,,16,2026-02-26,每天13:50-15:40(上5休1),"有教材,开课前领取",2026-08-28,13,素养素质(智学),梅溪湖南208教室,梅溪湖南208教室,班级刷卡,15人,素养,梅溪湖南教学区,2026-08-28,10,12,语商表达5
"素养智学部",脑力与思维,脑力与思维,脑力与思维,SW427A0040,脑力思维4B（暑）,脑力与思维L4暑假B1班,通用,10,10,1100,1100,110.0,"	0.00",L4,L4,常规体系,常规体系,脑力与思维L4暑假B1班,四年级脑力与思维暑假L4班,否,,连季续,四年级,四年级,四年级,2000.00,方琳(104859),,暑假,暑假,正常,2026-08-18,2026-08-18,已审核,走读,常规面授,常规面授,,18,2026-04-13,每天16:10-18:00(上5休1),"有教材,开课前领取",2026-08-28,15,素养素质(智学),西子花苑旗舰店301教室,西子花苑旗舰店301教室,班级刷卡,15人,素养,西子花苑旗舰店教学区,2026-08-28,10,12,思维4
"素养智学部",双语故事表演,双语故事表演,双语故事表演,PM227A0098,双语绘本2C（暑）,双语故事表演L2暑假B2班,通用,10,10,1100,1100,110.0,"	0.00",L2,L2,常规体系,常规体系,双语故事表演L2暑假B2班,二年级双语故事表演暑假L2班,否,,连季续,二年级,二年级,二年级,2100.00,张甜(174931),,暑假,暑假,正常,2026-08-18,2026-08-18,已审核,走读,常规面授,常规面授,,15,2026-02-26,每天08:30-10:20(上5休1),"有教材,开课前领取",2026-08-28,14,素养素质(智学),西子花苑旗舰店301教室,西子花苑旗舰店301教室,班级刷卡,15人,素养,西子花苑旗舰店教学区,2026-08-28,10,12,分级阅读2
"素养智学部",脑力与思维,脑力与思维,脑力与思维,SW627A0010,脑力思维6B（暑）,脑力与思维L6暑假B1班,通用,10,10,1100,1100,110.0,"	0.00",L6,L6,常规体系,常规体系,脑力与思维L6暑假B1班,六年级脑力与思维暑假L6班,否,,连季续,六年级(小学),六年级,六年级,2000.00,欧阳忆希(417573),,暑假,暑假,正常,2026-08-18,2026-08-18,已审核,走读,常规面授,常规面授,,25,2026-02-26,每天08:30-10:20(上5休1),"有教材,开课前领取",2026-08-28,25,素养素质(智学),西子花苑旗舰店214教室,西子花苑旗舰店214教室,班级刷卡,15人,素养,西子花苑旗舰店教学区,2026-08-28,10,12,思维6
"素养智学部",脑力与思维,脑力与思维,脑力与思维,SW227A0022,脑力思维2B（暑）,脑力与思维L2暑假B1班,通用,10,10,1100,1100,110.0,"	0.00",L2,L2,常规体系,常规体系,脑力与思维L2暑假B1班,二年级脑力与思维暑假L2班,否,,连季续,二年级,二年级,二年级,2100.00,欧阳忆希(417573),,暑假,暑假,正常,2026-08-18,2026-08-18,已审核,走读,常规面授,常规面授,,15,2026-02-26,每天10:40-12:30(上5休1),"有教材,开课前领取",2026-08-28,7,素养素质(智学),西子花苑旗舰店214教室,西子花苑旗舰店214教室,班级刷卡,15人,素养,西子花苑旗舰店教学区,2026-08-28,10,12,思维2
"素养智学部",双语故事表演,双语故事表演,双语故事表演,PM327A0039,双语绘本3C（暑）,双语故事表演L3暑假B2班,通用,10,10,1100,1100,110.0,"	0.00",L3,L3,常规体系,常规体系,双语故事表演L3暑假B2班,三年级双语故事表演暑假L3班,否,,连季续,三年级,三年级,三年级,2000.00,刘廷(368042),,暑假,暑假,正常,2026-08-18,2026-08-18,已审核,走读,常规面授,常规面授,,22,2026-02-26,每天 16:00~17:50（上5休1),"有教材,开课前领取",2026-08-28,18,素养素质(智学),星沙筑梦202教室,星沙筑梦202教室,班级刷卡,15人,素养,星沙筑梦教学区,2026-08-28,10,12,分级阅读3
"素养智学部",双语故事表演,双语故事表演,双语故事表演,PM127A0042,双语绘本1C（暑）,双语故事表演L1暑假B2班,通用,10,10,1100,1100,110.0,"	0.00",L1,L1,常规体系,常规体系,双语故事表演L1暑假B2班,一年级双语故事表演暑假L1班,否,,连季续,一年级,一年级,一年级,2100.00,胡晓洁(443728),,暑假,暑假,正常,2026-08-18,2026-08-18,已审核,走读,常规面授,常规面授,,16,2026-02-26,每天08:30-10:20(上5休1),"有教材,开课前领取",2026-08-28,13,素养素质(智学),西子花苑旗舰店203教室,西子花苑旗舰店203教室,班级刷卡,15人,素养,西子花苑旗舰店教学区,2026-08-28,10,12,分级阅读1
"素养智学部",脑力与思维,脑力与思维,脑力与思维,SW427A0015,脑力思维4B（暑）,脑力与思维L4暑假B1班,通用,10,10,1100,1100,110.0,"	0.00",L4,L4,常规体系,常规体系,脑力与思维L4暑假B1班,四年级脑力与思维暑假L4班,否,,连季续,四年级,四年级,四年级,2000.00,牛子琪(176608),,暑假,暑假,正常,2026-08-18,2026-08-18,已审核,走读,常规面授,常规面授,,18,2026-02-26,每天16:00-17:50(上5休1),"有教材,开课前领取",2026-08-28,16,素养素质(智学),月亮岛202教室,月亮岛202教室,班级刷卡,15人,素养,月亮岛教学区,2026-08-28,10,12,思维4
"素养智学部",英语,英语,英语,YYZH6A270258,SY双语智慧6A（暑）,六年级英语暑假A2服务（创新默认A）,通用,10,10,1200,1200,120.0,"	0.00",TG,TG,常规体系,常规体系,六年级英语暑假A2服务,六年级英语A暑假智慧学习空间,否,,连季续,六年级(小学),六年级,六年级,1800.00,王思远(063684),,暑假,暑假,正常,2026-08-18,2026-08-18,已审核,"走读,在线","常规面授,在线录播",在线录播,智慧学习机,20,2026-06-25,每天13:50-15:50,"有教材,开课前领取",2026-08-28,13,学习机托管(智学),株洲华人街自习室02,株洲华人街自习室02,班级刷卡,20人,学习机托管,株洲华人街教学区,2026-08-28,8,12,六年级英语
"素养智学部",英语,英语,英语,YYZH3A2703332,SY双语智慧3A（暑）,三年级英语暑假A1服务（创新默认A）,通用,10,10,1200,1200,120.0,"	0.00",TG,TG,常规体系,常规体系,三年级英语暑假A1服务,三年级英语A暑假智慧学习空间,否,,连季续,三年级,三年级,三年级,1800.00,王雅娟(307764),,暑假,暑假,正常,2026-08-18,2026-08-18,已审核,"走读,在线","常规面授,在线录播",在线录播,智慧学习机,20,2026-06-24,每天13:50-15:50,"有教材,开课前领取",2026-08-28,7,学习机托管(智学),株洲华人街自习室04,株洲华人街自习室04,班级刷卡,20人,学习机托管,株洲华人街教学区,2026-08-28,12,14,三年级英语
"素养智学部",双语故事表演,双语故事表演,双语故事表演,PM227A00303,SY双语绘本2B（暑）,双语故事表演L2暑假B2班（创新B2(走读)）,通用,10,10,1100,1100,110.0,"	0.00",L2,L2,常规体系,常规体系,双语故事表演L2暑假B2班,二年级双语故事表演暑假L2班,否,,连季续,二年级,二年级,二年级,1890.00,王思远(063684),,暑假,暑假,正常,2026-08-18,2026-08-18,已审核,走读,常规面授,常规面授,,15,2026-04-05,每天10:40-12:30,"有教材,开课前领取",2026-08-28,6,素养素质(智学),株洲华人街203教室,株洲华人街203教室,班级刷卡,15人,素养,株洲华人街教学区,2026-08-28,10,12,分级阅读2
"智慧学习部",英语,英语,英语,YYZH8A270367,SYYY暑假智慧学习空间8A,学习机托管八年级英语暑假A2服务（创新默认A）,通用,10,10,1200,1200,120.0,"	0.00",A2,A2,A体系,A体系,学习机托管八年级英语暑假A2服务,YY暑假智慧学习空间8A,否,,连季续,初二,八年级,八年级,1800.00,欧阳霁云(266834),,暑假,暑假,正常,2026-08-18,2026-08-18,已审核,"走读,在线","常规面授,在线录播",在线录播,智慧学习机,20,2026-05-22,每天10:40-12:40,"有教材,开课前领取",2026-08-28,10,学习机托管(智慧),株洲华人街201教室,株洲华人街201教室,班级刷卡,20人,学习机托管,株洲华人街教学区,2026-08-28,8,12,初二英语
"智慧学习部",英语,英语,英语,YYZH9A270134,SYYY暑假智慧学习空间9A,学习机托管九年级英语暑假A2服务（创新默认A）,通用,10,10,1200,1200,120.0,"	0.00",A2,A2,A体系,A体系,学习机托管九年级英语暑假A2服务,YY暑假智慧学习空间9A,否,,连季续,中考,九年级,九年级,1800.00,欧阳霁云(266834),,暑假,暑假,正常,2026-08-18,2026-08-18,已审核,"走读,在线","常规面授,在线录播",在线录播,智慧学习机,24,2026-04-05,每天13:50-15:50,"有教材,开课前领取",2026-08-28,4,学习机托管(智慧),株洲华人街201教室,株洲华人街201教室,班级刷卡,20人,学习机托管,株洲华人街教学区,2026-08-28,8,12,中考英语
"智慧学习部",数学,数学,数学,SXZH8A270364,SYSX暑假智慧学习空间8A,学习机托管八年级数学暑假A2服务（创新默认A）,通用,10,10,1200,1200,120.0,"	0.00",A2,A2,A体系,A体系,学习机托管八年级数学暑假A2服务,SX暑假智慧学习空间8A,否,,连季续,初二,八年级,八年级,1800.00,张标达(248558),,暑假,暑假,正常,2026-08-18,2026-08-18,已审核,"走读,在线","常规面授,在线录播",在线录播,智慧学习机,24,2026-04-05,每天08:30-10:30,"有教材,开课前领取",2026-08-28,5,学习机托管(智慧),株洲华人街自习室04,株洲华人街自习室04,班级刷卡,20人,学习机托管,株洲华人街教学区,2026-08-28,8,12,初二数学
"素养智学部",英语,英语,英语,YYZH6A270218,SY双语智慧6A（暑）,六年级英语暑假A2服务（创新默认A）,通用,10,10,1200,1200,120.0,"	0.00",TG,TG,常规体系,常规体系,六年级英语暑假A2服务,六年级英语A暑假智慧学习空间,否,,连季续,六年级(小学),六年级,六年级,1800.00,王思远(063684),,暑假,暑假,正常,2026-08-18,2026-08-18,已审核,"走读,在线","常规面授,在线录播",在线录播,智慧学习机,24,2026-04-05,每天08:30-10:30,"有教材,开课前领取",2026-08-28,19,学习机托管(智学),株洲华人街自习室02,株洲华人街自习室02,班级刷卡,20人,学习机托管,株洲华人街教学区,2026-08-28,12,12,六年级英语
"素养智学部",数学,数学,数学,SXZH6A270064,SY思维智慧6B（暑）,六年级数学暑假B1服务（创新默认B）,通用,10,10,1200,1200,120.0,"	0.00",TG,TG,常规体系,常规体系,六年级数学暑假B1服务,六年级数学B暑假智慧学习空间,否,,连季续,六年级(小学),六年级,六年级,1800.00,张标达(248558),,暑假,暑假,正常,2026-08-18,2026-08-18,已审核,"走读,在线","常规面授,在线录播",在线录播,智慧学习机,24,2026-04-05,每天10:40-12:40,"有教材,开课前领取",2026-08-28,11,学习机托管(智学),株洲华人街自习室04,株洲华人街自习室04,班级刷卡,20人,学习机托管,株洲华人街教学区,2026-08-28,12,14,六年级数学
"智慧学习部",英语,英语,英语,YYZH7A27080,YY暑假智慧学习空间7C,学习机托管七年级英语暑假B2服务（C+）,通用,12,12,1440,1440,120.0,"	0.00",B2,B2,B体系,B体系,学习机托管七年级英语暑假B2服务,YY暑假智慧学习空间7C,否,,连季续,初一,七年级,七年级,2880.00,顾奕(291508),,暑假,暑假,正常,2026-07-30,2026-07-30,已审核,"走读,在线","常规面授,在线录播",在线录播,智慧学习机,20,2026-03-25,每天10:40-12:40,"有教材,开课前领取",2026-08-10,24,学习机托管(智慧),雨花家园407自习室,雨花家园407自习室,班级刷卡,20人,学习机托管,雨花家园智慧空间,2026-08-10,8,12,初一英语
"智慧学习部",数学,数学,数学,SXZH7A2700059,SX暑假智慧学习空间7B,学习机托管七年级数学暑假B1服务,通用,12,12,1440,1440,120.0,"	0.00",B1,B1,B体系,B体系,学习机托管七年级数学暑假B1服务,SX暑假智慧学习空间7B,否,,连季续,初一,七年级,七年级,2400.00,屈文隽(422968),,暑假,暑假,正常,2026-07-30,2026-07-30,已审核,"走读,在线","常规面授,在线录播",在线录播,智慧学习机,20,2025-12-19,每天13:50-15:50,"有教材,开课前领取",2026-08-10,21,学习机托管(智慧),洋湖新城303自习室,洋湖新城303自习室,班级刷卡,20人,学习机托管,洋湖新城智慧空间,2026-08-10,8,12,初一数学
"智慧学习部",语文,语文,语文,YWZH7A27000155,YW暑假智慧学习空间7B,学习机托管七年级语文暑假B1服务,通用,12,12,1440,1440,120.0,"	0.00",B1,B1,B体系,B体系,学习机托管七年级语文暑假B1服务,YW暑假智慧学习空间7B,否,,连季续,初一,七年级,七年级,2400.00,汪薇(703463),,暑假,暑假,正常,2026-07-30,2026-07-30,已审核,"走读,在线","常规面授,在线录播",在线录播,智慧学习机,20,2025-12-19,每天16:00-18:00,"有教材,开课前领取",2026-08-10,24,学习机托管(智慧),雨花家园401自习室,雨花家园401自习室,班级刷卡,20人,学习机托管,雨花家园智慧空间,2026-08-10,8,12,初一语文
"智慧学习部",英语,英语,英语,YYZH7A2700067,YY暑假智慧学习空间7B,学习机托管七年级英语暑假B1服务,通用,12,12,1440,1440,120.0,"	0.00",B1,B1,B体系,B体系,学习机托管七年级英语暑假B1服务,YY暑假智慧学习空间7B,否,,连季续,初一,七年级,七年级,2400.00,覃美林(442716),,暑假,暑假,正常,2026-07-30,2026-07-30,已审核,"走读,在线","常规面授,在线录播",在线录播,智慧学习机,20,2025-12-19,每天13:50-15:50,"有教材,开课前领取",2026-08-10,23,学习机托管(智慧),雨花家园406自习室,雨花家园406自习室,班级刷卡,20人,学习机托管,雨花家园智慧空间,2026-08-10,8,12,初一英语
"智慧学习部",英语,英语,英语,YYZH7A2700040,YY暑假智慧学习空间7B,学习机托管七年级英语暑假B1服务,通用,12,12,1440,1440,120.0,"	0.00",B1,B1,B体系,B体系,学习机托管七年级英语暑假B1服务,YY暑假智慧学习空间7B,否,,连季续,初一,七年级,七年级,2400.00,雷小琴(457389),,暑假,暑假,正常,2026-07-30,2026-07-30,已审核,"走读,在线","常规面授,在线录播",在线录播,智慧学习机,20,2025-12-19,每天08:30-10:30,"有教材,开课前领取",2026-08-10,23,学习机托管(智慧),大润发303教室,大润发303教室,班级刷卡,20人,学习机托管,大润发教学区,2026-08-10,8,12,初一英语
"素养智学部",科创,科创,科创,SZ27AWRC001,WRC国赛竞赛班,WRC-Robot Dream（总决赛）赛事班,通用,4,4,480,480,120.0,"	0.00",SK,SK,专项体系,专项体系,WRC-Robot Dream（总决赛）赛事班,WRC-Robot Dream（总决赛）赛事班,否,,不可续,小学,"一年级,二年级,三年级,四年级,五年级,六年级",小学,960.00,颜俊敏(416482),,暑假,暑假,正常,2026-08-13,2026-08-13,已审核,"走读,在线","常规面授,在线直播",在线直播,云教室小班（25人以下）,12,2026-08-10,每天10:00-12:00,,2026-08-16,8,素养素质(智学),洋湖新城314教室,洋湖新城314教室,班级刷卡,12人,素质,洋湖新城教学区,2026-08-16,8,10,机器人赛事集训
"素养智学部",数学,数学,数学,SXZH3A270291,SY思维智慧3B（暑）,三年级数学暑假B1服务（创新默认B+）,通用,10,10,1200,1200,120.0,"	0.00",TG,TG,常规体系,常规体系,三年级数学暑假B1服务,三年级数学B暑假智慧学习空间,否,,连季续,三年级,三年级,三年级,1800.00,杨丽芳(378884),,暑假,暑假,正常,2026-08-18,2026-08-18,已审核,"走读,在线","常规面授,在线录播",在线录播,智慧学习机,20,2026-07-02,每天16:00-18:00,"有教材,开课前领取",2026-08-28,8,学习机托管(智学),金湘潭202教室,金湘潭202教室,班级刷卡,20人,学习机托管,金湘潭教学区,2026-08-28,12,14,三年级数学
"素养智学部",数学,数学,数学,SXZH3A270281,SY思维智慧3B（暑）,三年级数学暑假B1服务（创新默认B+）,通用,10,10,1200,1200,120.0,"	0.00",TG,TG,常规体系,常规体系,三年级数学暑假B1服务,三年级数学B暑假智慧学习空间,否,,连季续,三年级,三年级,三年级,1800.00,魏琳芝(698151),,暑假,暑假,正常,2026-08-18,2026-08-18,已审核,"走读,在线","常规面授,在线录播",在线录播,智慧学习机,20,2026-07-03,每天08:30-10:30,"有教材,开课前领取",2026-08-28,8,学习机托管(智学),湘潭东方名苑205自习室,湘潭东方名苑205自习室,班级刷卡,20人,学习机托管,湘潭东方名苑教学区,2026-08-28,12,14,三年级数学
"素养智学部",数学,数学,数学,SXZH3A270288,SY思维智慧3B（暑）,三年级数学暑假B1服务（创新默认B+）,通用,10,10,1200,1200,120.0,"	0.00",TG,TG,常规体系,常规体系,三年级数学暑假B1服务,三年级数学B暑假智慧学习空间,否,,连季续,三年级,三年级,三年级,1800.00,陈露茜(253234),,暑假,暑假,正常,2026-08-18,2026-08-18,已审核,"走读,在线","常规面授,在线录播",在线录播,智慧学习机,20,2026-06-23,每天10:40-12:40,"有教材,开课前领取",2026-08-28,15,学习机托管(智学),湘潭东方名苑204自习室,湘潭东方名苑204自习室,班级刷卡,20人,学习机托管,湘潭东方名苑教学区,2026-08-28,12,14,三年级数学
"素养智学部",英语,英语,英语,YYZH3A270325,SY双语智慧3A（暑）,三年级英语暑假A1服务（创新默认A）,通用,10,10,1200,1200,120.0,"	0.00",TG,TG,常规体系,常规体系,三年级英语暑假A1服务,三年级英语A暑假智慧学习空间,否,,连季续,三年级,三年级,三年级,1800.00,裴辉(702290),,暑假,暑假,正常,2026-08-18,2026-08-18,已审核,"走读,在线","常规面授,在线录播",在线录播,智慧学习机,20,2026-06-12,每天13:50-15:50,"有教材,开课前领取",2026-08-28,18,学习机托管(智学),金湘潭201教室,金湘潭201教室,班级刷卡,20人,学习机托管,金湘潭教学区,2026-08-28,12,14,三年级英语
"素养智学部",数学,数学,数学,SXZH6A270601,SY思维智慧6A（暑）,六年级数学暑假A1服务（创新默认A）,通用,10,10,1200,1200,120.0,"	0.00",TG,TG,常规体系,常规体系,六年级数学暑假A1服务,六年级数学A暑假智慧学习空间,否,,连季续,六年级(小学),六年级,六年级,1800.00,刘欣言(674548),,暑假,暑假,正常,2026-08-18,2026-08-18,已审核,"走读,在线","常规面授,在线录播",在线录播,智慧学习机,20,2026-04-30,每天13:50-15:50,"有教材,开课前领取",2026-08-28,9,学习机托管(智学),湘潭东方名苑205自习室,湘潭东方名苑205自习室,班级刷卡,20人,学习机托管,湘潭东方名苑教学区,2026-08-28,12,14,六年级数学
"素养智学部",数学,数学,数学,SXZH5A270233,SY思维智慧5A（暑）,五年级数学暑假A1服务（创新默认A）,通用,10,10,1200,1200,120.0,"	0.00",TG,TG,常规体系,常规体系,五年级数学暑假A1服务,五年级数学A暑假智慧学习空间,否,,连季续,五年级,五年级,五年级,1800.00,魏琳芝(698151),,暑假,暑假,正常,2026-08-18,2026-08-18,已审核,"走读,在线","常规面授,在线录播",在线录播,智慧学习机,20,2026-05-18,每天10:40-12:40,"有教材,开课前领取",2026-08-28,6,学习机托管(智学),湘潭东方名苑205自习室,湘潭东方名苑205自习室,班级刷卡,20人,学习机托管,湘潭东方名苑教学区,2026-08-28,12,14,五年级数学
"素养智学部",双语故事表演,双语故事表演,双语故事表演,PM127A00302,SY双语绘本1B（暑）,双语故事表演L1暑假B2班（创新B2(走读)）,通用,10,10,1100,1100,110.0,"	0.00",L1,L1,常规体系,常规体系,双语故事表演L1暑假B2班,一年级双语故事表演暑假L1班,否,,连季续,一年级,一年级,一年级,1890.00,裴辉(702290),,暑假,暑假,正常,2026-08-18,2026-08-18,已审核,走读,常规面授,常规面授,,15,2026-04-05,每天16:00-17:50,"有教材,开课前领取",2026-08-28,7,素养素质(智学),金湘潭201教室,金湘潭201教室,班级刷卡,15人,素养,金湘潭教学区,2026-08-28,10,12,分级阅读1
"素养智学部",英语,英语,英语,YYZH6A270256,SY双语智慧6B（暑）,六年级英语暑假B1服务（创新默认B）,通用,10,10,1200,1200,120.0,"	0.00",TG,TG,常规体系,常规体系,六年级英语暑假B1服务,六年级英语B暑假智慧学习空间,否,,连季续,六年级(小学),六年级,六年级,1800.00,赵洁(399648),,暑假,暑假,正常,2026-08-18,2026-08-18,已审核,"走读,在线","常规面授,在线录播",在线录播,智慧学习机,24,2026-04-05,每天13:50-15:50,"有教材,开课前领取",2026-08-28,18,学习机托管(智学),金湘潭自习室2,金湘潭自习室2,班级刷卡,20人,学习机托管,金湘潭教学区,2026-08-28,12,14,六年级英语
"素养智学部",英语,英语,英语,YYZH6A270221,SY双语智慧6A（暑）,六年级英语暑假A2服务（创新默认A）,通用,10,10,1200,1200,120.0,"	0.00",TG,TG,常规体系,常规体系,六年级英语暑假A2服务,六年级英语A暑假智慧学习空间,否,,连季续,六年级(小学),六年级,六年级,1800.00,赵洁(399648),,暑假,暑假,正常,2026-08-18,2026-08-18,已审核,"走读,在线","常规面授,在线录播",在线录播,智慧学习机,24,2026-04-05,每天16:00-18:00,"有教材,开课前领取",2026-08-28,22,学习机托管(智学),金湘潭自习室2,金湘潭自习室2,班级刷卡,20人,学习机托管,金湘潭教学区,2026-08-28,12,12,六年级英语
"素养智学部",英语,英语,英语,YYZH6A270219,SY双语智慧6A（暑）,六年级英语暑假A2服务（创新默认A）,通用,10,10,1200,1200,120.0,"	0.00",TG,TG,常规体系,常规体系,六年级英语暑假A2服务,六年级英语A暑假智慧学习空间,否,,连季续,六年级(小学),六年级,六年级,1800.00,赵洁(399648),,暑假,暑假,正常,2026-08-18,2026-08-18,已审核,"走读,在线","常规面授,在线录播",在线录播,智慧学习机,24,2026-04-05,每天10:40-12:40,"有教材,开课前领取",2026-08-28,24,学习机托管(智学),湘潭东方名苑201自习室,湘潭东方名苑201自习室,班级刷卡,20人,学习机托管,湘潭东方名苑教学区,2026-08-28,12,12,六年级英语
"素养智学部",英语,英语,英语,YYZH5A270336,SY双语智慧5A（暑）,五年级英语暑假B1服务（创新默认A）,通用,10,10,1200,1200,120.0,"	0.00",TG,TG,常规体系,常规体系,五年级英语暑假B1服务,五年级英语A暑假智慧学习空间,否,,连季续,五年级,五年级,五年级,1800.00,赵洁(399648),,暑假,暑假,正常,2026-08-18,2026-08-18,已审核,"走读,在线","常规面授,在线录播",在线录播,智慧学习机,24,2026-04-05,每天08:30-10:30,"有教材,开课前领取",2026-08-28,23,学习机托管(智学),湘潭东方名苑201自习室,湘潭东方名苑201自习室,班级刷卡,20人,学习机托管,湘潭东方名苑教学区,2026-08-28,12,14,五年级英语
"素养智学部",英语,英语,英语,YYZH5A270252,SY双语智慧5A（暑）,五年级英语暑假B1服务（创新默认A）,通用,10,10,1200,1200,120.0,"	0.00",TG,TG,常规体系,常规体系,五年级英语暑假B1服务,五年级英语A暑假智慧学习空间,否,,连季续,五年级,五年级,五年级,1800.00,王明鸣(148844),,暑假,暑假,正常,2026-08-18,2026-08-18,已审核,"走读,在线","常规面授,在线录播",在线录播,智慧学习机,24,2026-04-05,每天13:50-15:50,"有教材,开课前领取",2026-08-28,22,学习机托管(智学),金湘潭自习室1,金湘潭自习室1,班级刷卡,20人,学习机托管,金湘潭教学区,2026-08-28,12,14,五年级英语
"素养智学部",英语,英语,英语,YYZH5A270231,SY双语智慧5B（暑）,五年级英语暑假B1服务（创新默认B）,通用,10,10,1200,1200,120.0,"	0.00",TG,TG,常规体系,常规体系,五年级英语暑假B1服务,五年级英语A暑假智慧学习空间,否,,连季续,五年级,五年级,五年级,1800.00,谢攀(099186),,暑假,暑假,正常,2026-08-18,2026-08-18,已审核,"走读,在线","常规面授,在线录播",在线录播,智慧学习机,25,2026-04-05,每天13:50-15:50,"有教材,开课前领取",2026-08-28,25,学习机托管(智学),湘潭东方名苑201自习室,湘潭东方名苑201自习室,班级刷卡,20人,学习机托管,湘潭东方名苑教学区,2026-08-28,12,12,五年级英语
"素养智学部",英语,英语,英语,YYZH4A270268,SY双语智慧4A（暑）,四年级英语暑假B1服务（创新默认A）,通用,10,10,1200,1200,120.0,"	0.00",TG,TG,常规体系,常规体系,四年级英语暑假B1服务,四年级英语A暑假智慧学习空间,否,,连季续,四年级,四年级,四年级,1800.00,熊朗(702291),,暑假,暑假,正常,2026-08-18,2026-08-18,已审核,"走读,在线","常规面授,在线录播",在线录播,智慧学习机,24,2026-04-05,每天16:00-18:00,"有教材,开课前领取",2026-08-28,22,学习机托管(智学),湘潭东方名苑205自习室,湘潭东方名苑205自习室,班级刷卡,20人,学习机托管,湘潭东方名苑教学区,2026-08-28,12,14,四年级英语
"素养智学部",英语,英语,英语,YYZH4A270233,SY双语智慧4A（暑）,四年级英语暑假B1服务（创新默认A）,通用,10,10,1200,1200,120.0,"	0.00",TG,TG,常规体系,常规体系,四年级英语暑假B1服务,四年级英语A暑假智慧学习空间,否,,连季续,四年级,四年级,四年级,1800.00,王明鸣(148844),,暑假,暑假,正常,2026-08-18,2026-08-18,已审核,"走读,在线","常规面授,在线录播",在线录播,智慧学习机,24,2026-04-05,每天08:30-10:30,"有教材,开课前领取",2026-08-28,23,学习机托管(智学),湘潭东方名苑203自习室,湘潭东方名苑203自习室,班级刷卡,20人,学习机托管,湘潭东方名苑教学区,2026-08-28,12,14,四年级英语
"素养智学部",英语,英语,英语,YYZH4A270228,SY双语智慧4B（暑）,四年级英语暑假B1服务（创新默认B）,通用,10,10,1200,1200,120.0,"	0.00",TG,TG,常规体系,常规体系,四年级英语暑假B1服务,四年级英语A暑假智慧学习空间,否,,连季续,四年级,四年级,四年级,1800.00,王明鸣(148844),,暑假,暑假,正常,2026-08-18,2026-08-18,已审核,"走读,在线","常规面授,在线录播",在线录播,智慧学习机,24,2026-04-05,每天10:40-12:40,"有教材,开课前领取",2026-08-28,22,学习机托管(智学),湘潭东方名苑203自习室,湘潭东方名苑203自习室,班级刷卡,20人,学习机托管,湘潭东方名苑教学区,2026-08-28,12,12,四年级英语
"智慧学习部",数学,数学,数学,SXZH9A270093,SYSX暑假智慧学习空间9B,学习机托管九年级数学暑假B1服务（创新默认B）,通用,10,10,1200,1200,120.0,"	0.00",B1,B1,B体系,B体系,学习机托管九年级数学暑假B1服务,SX暑假智慧学习空间9B,否,,连季续,中考,九年级,九年级,1800.00,杨丽芳(378884),,暑假,暑假,正常,2026-08-18,2026-08-18,已审核,"走读,在线","常规面授,在线录播",在线录播,智慧学习机,24,2026-04-05,每天08:30-10:30,"有教材,开课前领取",2026-08-28,12,学习机托管(智慧),金湘潭202教室,金湘潭202教室,班级刷卡,20人,学习机托管,金湘潭教学区,2026-08-28,8,12,中考数学
"素养智学部",英语,英语,英语,YYZH4A270227,SY双语智慧4A（暑）,四年级英语暑假B1服务（创新默认A）,通用,10,10,1200,1200,120.0,"	0.00",TG,TG,常规体系,常规体系,四年级英语暑假B1服务,四年级英语A暑假智慧学习空间,否,,连季续,四年级,四年级,四年级,1800.00,王明鸣(148844),,暑假,暑假,正常,2026-08-18,2026-08-18,已审核,"走读,在线","常规面授,在线录播",在线录播,智慧学习机,22,2026-04-05,每天16:00-18:00,"有教材,开课前领取",2026-08-28,14,学习机托管(智学),金湘潭自习室1,金湘潭自习室1,班级刷卡,20人,学习机托管,金湘潭教学区,2026-08-28,12,14,四年级英语
"素养智学部",数学,数学,数学,SXZH5A270182,SY思维智慧5B（暑）,五年级数学暑假B1服务（创新默认B+）,通用,10,10,1200,1200,120.0,"	0.00",TG,TG,常规体系,常规体系,五年级数学暑假B1服务,五年级数学B暑假智慧学习空间,否,,连季续,五年级,五年级,五年级,1800.00,陈露茜(253234),,暑假,暑假,正常,2026-08-18,2026-08-18,已审核,"走读,在线","常规面授,在线录播",在线录播,智慧学习机,24,2026-04-05,每天16:00-18:00,"有教材,开课前领取",2026-08-28,16,学习机托管(智学),湘潭东方名苑204自习室,湘潭东方名苑204自习室,班级刷卡,20人,学习机托管,湘潭东方名苑教学区,2026-08-28,12,14,五年级数学
"素养智学部",数学,数学,数学,SXZH4A270153,SY思维智慧4B（暑）,四年级数学暑假B1服务（创新默认B+）,通用,10,10,1200,1200,120.0,"	0.00",TG,TG,常规体系,常规体系,四年级数学暑假B1服务,四年级数学B暑假智慧学习空间,否,,连季续,四年级,四年级,四年级,1800.00,陈露茜(253234),,暑假,暑假,正常,2026-08-18,2026-08-18,已审核,"走读,在线","常规面授,在线录播",在线录播,智慧学习机,22,2026-04-05,每天13:50-15:50,"有教材,开课前领取",2026-08-28,10,学习机托管(智学),湘潭东方名苑204自习室,湘潭东方名苑204自习室,班级刷卡,20人,学习机托管,湘潭东方名苑教学区,2026-08-28,12,14,四年级数学
"素养智学部",双语故事表演,双语故事表演,双语故事表演,PM327A0360,SY双语绘本3B（暑）,双语故事表演L3暑假B2班（创新B2(走读)）,通用,10,10,1100,1100,110.0,"	0.00",L3,L3,常规体系,常规体系,双语故事表演L3暑假B2班,三年级双语故事表演暑假L3班,否,,连季续,三年级,三年级,三年级,1800.00,谢嘉炜(121372),,暑假,暑假,正常,2026-08-18,2026-08-18,已审核,走读,常规面授,常规面授,,18,2026-04-05,每天16:00-17:50,"有教材,开课前领取",2026-08-28,11,素养素质(智学),湘潭东方名苑206自习室,湘潭东方名苑206自习室,班级刷卡,15人,素养,湘潭东方名苑教学区,2026-08-28,10,12,分级阅读3
"素养智学部",数学,数学,数学,SXZH4A270152,SY思维智慧4B（暑）,四年级数学暑假B1服务（创新默认B+）,通用,10,10,1200,1200,120.0,"	0.00",TG,TG,常规体系,常规体系,四年级数学暑假B1服务,四年级数学B暑假智慧学习空间,否,,连季续,四年级,四年级,四年级,1800.00,杨丽芳(378884),,暑假,暑假,正常,2026-08-18,2026-08-18,已审核,"走读,在线","常规面授,在线录播",在线录播,智慧学习机,25,2026-04-05,每天13:50-15:50,"有教材,开课前领取",2026-08-28,11,学习机托管(智学),金湘潭202教室,金湘潭202教室,班级刷卡,20人,学习机托管,金湘潭教学区,2026-08-28,12,14,四年级数学
"素养智学部",围棋,围棋,围棋,SZWQ27A159,围棋N1-1段班,围棋L1-1段暑假班（暑10次课100）,通用,10,10,900,900,90.0,"	0.00",L1,L1,常规体系,常规体系,围棋L1-1段暑假班,围棋L1-1段暑假班,否,,连季续,一年级,一年级,一年级,1500.00,刘源清(368312),,暑假,暑假,正常,2026-08-18,2026-08-18,已审核,走读,常规面授,常规面授,,12,2026-07-22,每天10:40-12:10（上5休1）,"有教材,开课前领取",2026-08-28,4,素养素质(智学),洋湖新城314教室,洋湖新城314教室,班级刷卡,12人,素质,洋湖新城教学区,2026-08-28,8,10,围棋-L1
"智慧学习部",英语,英语,英语,YYZH8A27054,取消YY暑假智慧学习空间8B,取消学习机托管八年级英语暑假B1服务,通用,10,0,1200,1200,120.0,"	0.00",B1,B1,B体系,B体系,学习机托管八年级英语暑假B1服务,YY暑假智慧学习空间8B,否,,连季续,初二,八年级,八年级,2000.00,张译丹(411183),,暑假,暑假,取消班,2026-08-17,,已审核,"走读,在线","常规面授,在线录播",在线录播,智慧学习机,0,2026-03-24,每天13:50-15:50(上五休一）,"有教材,开课前领取",,1,学习机托管(智慧),晚报大厦204教室,晚报大厦204教室,班级刷卡,20人,学习机托管,晚报大厦教学区,2026-08-27,8,12,初二英语
"智慧学习部",数学,数学,数学,SXZH9A27010,取消SX暑假智慧学习空间9A,取消学习机托管九年级数学暑假A2服务,通用,10,0,1200,1200,120.0,"	0.00",A2,A2,A体系,A体系,学习机托管九年级数学暑假A2服务,SX暑假智慧学习空间9A,否,,连季续,中考,九年级,九年级,2000.00,周彦彤(438847),,暑假,暑假,取消班,2026-08-17,,已审核,"走读,在线","常规面授,在线录播",在线录播,智慧学习机,0,2026-03-24,每天08:30-10:30(上五休一）,"有教材,开课前领取",,0,学习机托管(智慧),方圆荟207自习室,方圆荟207自习室,班级刷卡,20人,学习机托管,方圆荟智慧空间,2026-08-27,8,12,中考数学
"智慧学习部",语文,语文,语文,YWZH8A27010,取消YW暑假智慧学习空间8A,取消学习机托管八年级语文暑假A2服务,通用,10,0,1200,1200,120.0,"	0.00",A2,A2,A体系,A体系,学习机托管八年级语文暑假A2服务,YW暑假智慧学习空间8A,否,,连季续,初二,八年级,八年级,2000.00,曹颖(425260),,暑假,暑假,取消班,2026-08-17,,已审核,"走读,在线","常规面授,在线录播",在线录播,智慧学习机,0,2026-03-24,每天10:40-12:40(上五休一）,"有教材,开课前领取",,0,学习机托管(智慧),方圆荟201自习室,方圆荟201自习室,班级刷卡,20人,学习机托管,方圆荟智慧空间,2026-08-27,8,12,初二语文
"素养智学部",数学,数学,数学,SXZH4A0649,思维智慧4C领航（暑）,四年级数学暑假C1服务（C+）,通用,10,10,1200,1200,120.0,"	0.00",TG,TG,常规体系,常规体系,四年级数学暑假C1服务,四年级数学C暑假智慧学习空间,否,,连季续,四年级,四年级,四年级,2600.00,方琳(104859),,暑假,暑假,正常,2026-08-18,2026-08-18,已审核,"走读,在线","常规面授,在线录播",在线录播,智慧学习机,22,2026-02-27,每天13:50-15:50(上5休1）,"有教材,开课前领取",2026-08-28,22,学习机托管(智学),西子花苑11自习室,西子花苑11自习室,班级刷卡,20人,学习机托管,西子花苑智慧空间,2026-08-28,12,12,四年级数学
"素养智学部",双语故事表演,双语故事表演,双语故事表演,PM427A0037,双语绘本4C（暑）,双语故事表演L4暑假B2班,通用,10,10,1100,1100,110.0,"	0.00",L4,L4,常规体系,常规体系,双语故事表演L4暑假B2班,四年级双语故事表演暑假L4班,否,,连季续,四年级,四年级,四年级,2000.00,邓佳敏(174958),,暑假,暑假,正常,2026-08-18,2026-08-18,已审核,走读,常规面授,常规面授,,19,2026-02-26,每天13:50-15:40(上5休1),"有教材,开课前领取",2026-08-28,19,素养素质(智学),井湾子教学区202教室,井湾子教学区202教室,班级刷卡,15人,素养,井湾子教学区,2026-08-28,10,12,分级阅读4
"素养智学部",双语故事表演,双语故事表演,双语故事表演,PM127A0160,双语绘本1B（暑）,双语故事表演L1暑假B2班,通用,10,10,1100,1100,110.0,"	0.00",L1,L1,常规体系,常规体系,双语故事表演L1暑假B2班,一年级双语故事表演暑假L1班,否,,连季续,一年级,一年级,一年级,2100.00,高灿(354326),,暑假,暑假,正常,2026-08-18,2026-08-18,已审核,走读,常规面授,常规面授,,15,2026-03-10,每天13:50-15:40(上5休1),"有教材,开课前领取",2026-08-28,3,素养素质(智学),吉联mall307教室,吉联mall307教室,班级刷卡,15人,素养,吉联mall教学区,2026-08-28,10,12,分级阅读1
"素养智学部",双语故事表演,双语故事表演,双语故事表演,PM227A0233,双语绘本2B（暑）,双语故事表演L2暑假B2班,通用,10,10,1100,1100,110.0,"	0.00",L2,L2,常规体系,常规体系,双语故事表演L2暑假B2班,二年级双语故事表演暑假L2班,否,,连季续,二年级,二年级,二年级,2100.00,高灿(354326),,暑假,暑假,正常,2026-08-18,2026-08-18,已审核,走读,常规面授,常规面授,,15,2026-03-10,每天16:00-17:50(上5休1),"有教材,开课前领取",2026-08-28,11,素养素质(智学),吉联mall307教室,吉联mall307教室,班级刷卡,15人,素养,吉联mall教学区,2026-08-28,10,12,分级阅读2
"素养智学部",英语,英语,英语,GJZH27A027,取消国际语音,取消学习机托管三年级英语暑假ZT1服务,通用,10,0,1200,1200,120.0,"	0.00",ZT1,ZT1,专项体系,专项体系,学习机托管三年级英语暑假ZT1服务,三年级英语暑假专题班,否,,不可续,三年级,三年级,三年级,2000.00,杨倩(425911),,暑假,暑假,取消班,2026-08-18,,已审核,走读,常规面授,常规面授,,0,2026-07-17,每天16:00-18:00(上5休1）,"有教材,开课前领取",,0,学习机托管(智学),星沙筑梦207教室,星沙筑梦207教室,班级刷卡,20人,学习机托管,星沙筑梦教学区,2026-08-28,12,14,专项音标
"素养智学部",脑力与思维,脑力与思维,脑力与思维,SW227A0008,脑力思维2B（暑）,脑力与思维L2暑假B1班,通用,10,10,1100,1100,110.0,"	0.00",L2,L2,常规体系,常规体系,脑力与思维L2暑假B1班,二年级脑力与思维暑假L2班,否,,连季续,二年级,二年级,二年级,2100.00,康瑞欣(442810),,暑假,暑假,正常,2026-08-18,2026-08-18,已审核,走读,常规面授,常规面授,,17,2026-02-26,每天10:40-12:30(上5休1),"有教材,开课前领取",2026-08-28,17,素养素质(智学),方圆荟309教室,方圆荟309教室,班级刷卡,15人,素养,方圆荟智慧空间,2026-08-28,10,12,思维2
"素养智学部",英语,英语,英语,YYZH5A0354,双语智慧5B（暑）,五年级英语暑假B1服务（默认B）,通用,10,10,1200,1200,120.0,"	0.00",TG,TG,常规体系,常规体系,五年级英语暑假B1服务,五年级英语A暑假智慧学习空间,否,,连季续,五年级,五年级,五年级,2000.00,李婉琳(642977),,暑假,暑假,正常,2026-08-18,2026-08-18,已审核,"走读,在线","常规面授,在线录播",在线录播,智慧学习机,20,2026-02-27,每天13:50-15:50(上5休1）,"有教材,开课前领取",2026-08-28,19,学习机托管(智学),北辰106教室,北辰106教室,班级刷卡,20人,学习机托管,北辰教学区,2026-08-28,12,12,五年级英语
"素养智学部",双语故事表演,双语故事表演,双语故事表演,PM627A0083,双语绘本C6（暑）,双语故事表演L6暑假B2班,通用,10,10,1100,1100,110.0,"	0.00",L6,L6,常规体系,常规体系,双语故事表演L6暑假B2班,六年级双语故事表演暑假L6班,否,,连季续,六年级(小学),六年级,六年级,2000.00,刘兰(391104),,暑假,暑假,正常,2026-08-18,2026-08-18,已审核,走读,常规面授,常规面授,,21,2026-02-26,每天16:00-17:50(上5休1),"有教材,开课前领取",2026-08-28,21,素养素质(智学),梅岭国际204教室,梅岭国际204教室,班级刷卡,15人,素养,梅岭国际教学区,2026-08-28,10,12,故事会6
"素养智学部",书法,书法,书法,XZ127A0016,素质成长营（写字1）（暑）,S3书法暑假ZT1班,通用,10,10,900,900,90.0,"	0.00",ZT1,ZT1,专项体系,专项体系,S3书法暑假ZT1班,S3书法暑假ZT1班,否,,不可续,S3,S3,S3,975.00,郭文淋(696226),,暑假,暑假,正常,2026-08-18,2026-08-18,已审核,走读,常规面授,常规面授,,14,2026-03-22,每天14:10-15:40(上5休1),"有教材,开课前领取",2026-08-28,13,素养素质(智学),北辰103教室,北辰103教室,班级刷卡,12人,素质,北辰教学区,2026-08-28,7,8,书法1
"智慧学习部",物理,物理,物理,WLZH8A27093,WL暑假智慧学习空间8C,学习机托管八年级物理暑假B2服务（C+）,通用,10,10,1200,1200,120.0,"	0.00",B2,B2,B体系,B体系,学习机托管八年级物理暑假B2服务,WL暑假智慧学习空间8C,否,,连季续,初二,八年级,八年级,2000.00,封灿(438863),,暑假,暑假,正常,2026-08-12,2026-08-12,已审核,"走读,在线","常规面授,在线录播",在线录播,智慧学习机,12,2026-04-09,每天13:50-15:50(上五休一),"有教材,开课前领取",2026-08-22,6,学习机托管(智慧),雨花家园406自习室,雨花家园406自习室,班级刷卡,20人,学习机托管,雨花家园智慧空间,2026-08-22,8,12,初二物理
"素养智学部",英语,英语,英语,YYZH3A0710,双语智慧3A（暑）,三年级英语暑假A1服务（默认A）,通用,10,10,1200,1200,120.0,"	0.00",TG,TG,常规体系,常规体系,三年级英语暑假A1服务,三年级英语A暑假智慧学习空间,否,,连季续,三年级,三年级,三年级,2000.00,蓝雨林(707018),,暑假,暑假,正常,2026-08-18,2026-08-18,已审核,"走读,在线","常规面授,在线录播",在线录播,智慧学习机,22,2026-07-17,每天13:50-15:50(上5休1）,"有教材,开课前领取",2026-08-28,21,学习机托管(智学),雨花家园302教室,雨花家园302教室,班级刷卡,20人,学习机托管,雨花家园教学区,2026-08-28,8,12,三年级英语
"素养智学部",双语故事表演,双语故事表演,双语故事表演,PM427A0005,双语绘本4C（暑）,双语故事表演L4暑假B2班,通用,10,10,1100,1100,110.0,"	0.00",L4,L4,常规体系,常规体系,双语故事表演L4暑假B2班,四年级双语故事表演暑假L4班,否,,连季续,四年级,四年级,四年级,2000.00,王裴(663449),,暑假,暑假,正常,2026-08-18,2026-08-18,已审核,走读,常规面授,常规面授,,18,2026-02-26,每天13:50-15:40(上5休1),"有教材,开课前领取",2026-08-28,14,素养素质(智学),中信301教室,中信301教室,班级刷卡,15人,素养,中信教学区,2026-08-28,10,12,分级阅读4
"素养智学部",双语故事表演,双语故事表演,双语故事表演,PM427A0067,双语绘本4C（暑）,双语故事表演L4暑假B2班,通用,10,10,1100,1100,110.0,"	0.00",L4,L4,常规体系,常规体系,双语故事表演L4暑假B2班,四年级双语故事表演暑假L4班,否,,连季续,四年级,四年级,四年级,2000.00,石郡玉(373740),,暑假,暑假,正常,2026-08-18,2026-08-18,已审核,走读,常规面授,常规面授,,19,2026-02-26,每天08:30-10:20(上5休1),"有教材,开课前领取",2026-08-28,19,素养素质(智学),洋湖新城306教室,洋湖新城306教室,班级刷卡,15人,素养,洋湖新城教学区,2026-08-28,10,12,分级阅读4
"素养智学部",脑力与思维,脑力与思维,脑力与思维,SW227A0001,脑力思维2B（暑）,脑力与思维L2暑假B1班,通用,10,10,1100,1100,110.0,"	0.00",L2,L2,常规体系,常规体系,脑力与思维L2暑假B1班,二年级脑力与思维暑假L2班,否,,连季续,二年级,二年级,二年级,2100.00,张需琴(202585),,暑假,暑假,正常,2026-08-18,2026-08-18,已审核,走读,常规面授,常规面授,,15,2026-02-26,每天10:40-12:30(上5休1),"有教材,开课前领取",2026-08-28,15,素养素质(智学),梅岭国际207教室,梅岭国际207教室,班级刷卡,15人,素养,梅岭国际教学区,2026-08-28,10,12,思维2
"素养智学部",脑力与思维,脑力与思维,脑力与思维,SW327A0018,脑力思维3B（暑）,脑力与思维L3暑假B1班,通用,10,10,1100,1100,110.0,"	0.00",L3,L3,常规体系,常规体系,脑力与思维L3暑假B1班,三年级脑力与思维暑假L3班,否,,连季续,三年级,三年级,三年级,2000.00,谢春(366872),,暑假,暑假,正常,2026-08-18,2026-08-18,已审核,走读,常规面授,常规面授,,18,2026-02-26,每天08:30-10:20(上5休1),"有教材,开课前领取",2026-08-28,18,素养素质(智学),八方小区209教室,八方小区209教室,班级刷卡,15人,素养,八方小区教学区,2026-08-28,10,12,思维3
"素养智学部",英语,英语,英语,YYZH6A0645,双语智慧6A（暑）,六年级英语暑假A2服务（默认A）,通用,10,10,1200,1200,120.0,"	0.00",TG,TG,常规体系,常规体系,六年级英语暑假A2服务,六年级英语A暑假智慧学习空间,否,,连季续,六年级(小学),六年级,六年级,2000.00,肖汝平(401698),,暑假,暑假,正常,2026-08-18,2026-08-18,已审核,"走读,在线","常规面授,在线录播",在线录播,智慧学习机,25,2026-02-27,每天08:30-10:30(上5休1）,"有教材,开课前领取",2026-08-28,21,学习机托管(智学),东塘10自习室,东塘10自习室,班级刷卡,20人,学习机托管,东塘智慧空间,2026-08-28,12,12,六年级英语
"素养智学部",双语故事表演,双语故事表演,双语故事表演,PM227A0180,双语绘本2C（暑）,双语故事表演L2暑假B2班,通用,10,10,1100,1100,110.0,"	0.00",L2,L2,常规体系,常规体系,双语故事表演L2暑假B2班,二年级双语故事表演暑假L2班,否,,连季续,二年级,二年级,二年级,2100.00,夏蓉(443731),,暑假,暑假,正常,2026-08-18,2026-08-18,已审核,走读,常规面授,常规面授,,16,2026-02-26,每天10:40-12:30(上5休1),"有教材,开课前领取",2026-08-28,14,素养素质(智学),西子花苑旗舰店208教室,西子花苑旗舰店208教室,班级刷卡,15人,素养,西子花苑旗舰店教学区,2026-08-28,10,12,分级阅读2
"素养智学部",英语,英语,英语,YYZH6A0654,双语智慧6A（暑）,六年级英语暑假A2服务（默认A）,通用,10,10,1200,1200,120.0,"	0.00",TG,TG,常规体系,常规体系,六年级英语暑假A2服务,六年级英语A暑假智慧学习空间,否,,连季续,六年级(小学),六年级,六年级,2000.00,曾徐徐(638570),,暑假,暑假,正常,2026-08-18,2026-08-18,已审核,"走读,在线","常规面授,在线录播",在线录播,智慧学习机,24,2026-02-27,每天18:30-20:30(上5休1）,"有教材,开课前领取",2026-08-28,16,学习机托管(智学),洋湖卓伯根自习室2,洋湖卓伯根自习室2,班级刷卡,20人,学习机托管,洋湖卓伯根教学区,2026-08-27,12,12,六年级英语
"素养智学部",脑力与思维,脑力与思维,脑力与思维,SW627A0002,脑力思维6B（暑）,脑力与思维L6暑假B1班,通用,10,10,1100,1100,110.0,"	0.00",L6,L6,常规体系,常规体系,脑力与思维L6暑假B1班,六年级脑力与思维暑假L6班,否,,连季续,六年级(小学),六年级,六年级,2000.00,黄玉婷(684433),,暑假,暑假,正常,2026-08-18,2026-08-18,已审核,走读,常规面授,常规面授,,18,2026-02-26,每天10:40-12:30(上5休1),"有教材,开课前领取",2026-08-28,14,素养素质(智学),八一路311教室,八一路311教室,班级刷卡,15人,素养,八一路教学区,2026-08-28,10,12,思维6
"素养智学部",脑力与思维,脑力与思维,脑力与思维,SW227A0002,脑力思维2B（暑）,脑力与思维L2暑假B1班,通用,10,10,1100,1100,110.0,"	0.00",L2,L2,常规体系,常规体系,脑力与思维L2暑假B1班,二年级脑力与思维暑假L2班,否,,连季续,二年级,二年级,二年级,2100.00,王若轩(209661),,暑假,暑假,正常,2026-08-18,2026-08-18,已审核,走读,常规面授,常规面授,,16,2026-02-26,每天10:40-12:30(上5休1),"有教材,开课前领取",2026-08-28,14,素养素质(智学),八一路309教室,八一路309教室,班级刷卡,15人,素养,八一路教学区,2026-08-28,10,12,思维2
"素养智学部",博文妙笔,博文妙笔,博文妙笔,BW627A0020,博文口才 6（暑）,博文妙笔L6暑假B1班,通用,10,10,1100,1100,110.0,"	0.00",L6,L6,常规体系,常规体系,博文妙笔L6暑假B1班,六年级博文妙笔暑假L6班,否,,连季续,六年级(小学),六年级,六年级,2000.00,方子杨(039135),,暑假,暑假,正常,2026-08-18,2026-08-18,已审核,走读,常规面授,常规面授,,26,2026-02-26,每天13:50-15:40(上5休1),"有教材,开课前领取",2026-08-28,23,素养素质(智学),八一路304教室,八一路304教室,班级刷卡,15人,素养,八一路教学区,2026-08-28,10,12,语商表达6
"素养智学部",博文妙笔,博文妙笔,博文妙笔,BW527A0021,博文口才 5（暑）,博文妙笔L5暑假B1班,通用,10,10,1100,1100,110.0,"	0.00",L5,L5,常规体系,常规体系,博文妙笔L5暑假B1班,五年级博文妙笔暑假L5班,否,,连季续,五年级,五年级,五年级,2000.00,奉婷(264312),,暑假,暑假,正常,2026-08-18,2026-08-18,已审核,走读,常规面授,常规面授,,18,2026-02-26,每天16:00-17:50(上5休1),"有教材,开课前领取",2026-08-28,9,素养素质(智学),八一路302教室,八一路302教室,班级刷卡,15人,素养,八一路教学区,2026-08-28,10,12,语商表达5
"素养智学部",博文妙笔,博文妙笔,博文妙笔,BW127A0039,博文口才 1（暑）,博文妙笔L1暑假B1班,通用,10,10,1100,1100,110.0,"	0.00",L1,L1,常规体系,常规体系,博文妙笔L1暑假B1班,一年级博文妙笔暑假L1班,否,,连季续,一年级,一年级,一年级,2100.00,方子杨(039135),,暑假,暑假,正常,2026-08-18,2026-08-18,已审核,走读,常规面授,常规面授,,16,2026-05-19,每天10:40-12:30(上5休1),"有教材,开课前领取",2026-08-28,9,素养素质(智学),八一路302教室,八一路302教室,班级刷卡,15人,素养,八一路教学区,2026-08-28,10,12,语商表达1
"素养智学部",英语,英语,英语,YYZH6A0665,双语智慧6A（暑）,六年级英语暑假A2服务（默认A）,通用,10,10,1200,1200,120.0,"	0.00",TG,TG,常规体系,常规体系,六年级英语暑假A2服务,六年级英语A暑假智慧学习空间,否,,连季续,六年级(小学),六年级,六年级,2000.00,刘海泽(612641),,暑假,暑假,正常,2026-08-18,2026-08-18,已审核,"走读,在线","常规面授,在线录播",在线录播,智慧学习机,24,2026-02-27,每天10:40-12:40(上5休1）,"有教材,开课前领取",2026-08-28,23,学习机托管(智学),八一路自习室04,八一路自习室04,班级刷卡,20人,学习机托管,八一路教学区,2026-08-28,12,12,六年级英语
"素养智学部",英语,英语,英语,YYZH5A0308,双语智慧5A（暑）,五年级英语暑假B1服务（默认A）,通用,10,10,1200,1200,120.0,"	0.00",TG,TG,常规体系,常规体系,五年级英语暑假B1服务,五年级英语A暑假智慧学习空间,否,,连季续,五年级,五年级,五年级,2000.00,刘海泽(612641),,暑假,暑假,正常,2026-08-18,2026-08-18,已审核,"走读,在线","常规面授,在线录播",在线录播,智慧学习机,24,2026-02-27,每天08:30-10:30(上5休1）,"有教材,开课前领取",2026-08-28,23,学习机托管(智学),八一路自习室04,八一路自习室04,班级刷卡,20人,学习机托管,八一路教学区,2026-08-28,12,12,五年级英语
"素养智学部",数学,数学,数学,SXZH5A0148,思维智慧5B（暑）,五年级数学暑假B1服务（默认B）,通用,10,10,1200,1200,120.0,"	0.00",TG,TG,常规体系,常规体系,五年级数学暑假B1服务,五年级数学B暑假智慧学习空间,否,,连季续,五年级,五年级,五年级,2000.00,曾飘飘(413517),,暑假,暑假,正常,2026-08-18,2026-08-18,已审核,"走读,在线","常规面授,在线录播",在线录播,智慧学习机,24,2026-02-27,每天10:40-12:40(上5休1）,"有教材,开课前领取",2026-08-28,18,学习机托管(智学),八一路自习室03,八一路自习室03,班级刷卡,20人,学习机托管,八一路教学区,2026-08-28,12,12,五年级数学
"素养智学部",数学,数学,数学,SXZH5A0180,思维智慧5A（暑）,五年级数学暑假A1服务（默认A）,通用,10,10,1200,1200,120.0,"	0.00",TG,TG,常规体系,常规体系,五年级数学暑假A1服务,五年级数学A暑假智慧学习空间,否,,连季续,五年级,五年级,五年级,2000.00,曾飘飘(413517),,暑假,暑假,正常,2026-08-18,2026-08-18,已审核,"走读,在线","常规面授,在线录播",在线录播,智慧学习机,24,2026-05-16,每天08:30-10:30(上5休1）,"有教材,开课前领取",2026-08-28,15,学习机托管(智学),八一路自习室03,八一路自习室03,班级刷卡,20人,学习机托管,八一路教学区,2026-08-28,12,12,五年级数学
"素养智学部",英语,英语,英语,YYZH4A0455,双语智慧4A（暑）,四年级英语暑假B1服务（默认A）,通用,10,10,1200,1200,120.0,"	0.00",TG,TG,常规体系,常规体系,四年级英语暑假B1服务,四年级英语A暑假智慧学习空间,否,,连季续,四年级,四年级,四年级,2000.00,赵雪莉(398742),,暑假,暑假,正常,2026-08-18,2026-08-18,已审核,"走读,在线","常规面授,在线录播",在线录播,智慧学习机,22,2026-02-27,每天16:00-18:00(上5休1）,"有教材,开课前领取",2026-08-28,17,学习机托管(智学),八一路自习室02,八一路自习室02,班级刷卡,20人,学习机托管,八一路教学区,2026-08-28,12,12,四年级英语
"素养智学部",英语,英语,英语,YYZH3A0329,双语智慧3A（暑）,三年级英语暑假A1服务（默认A）,通用,10,10,1200,1200,120.0,"	0.00",TG,TG,常规体系,常规体系,三年级英语暑假A1服务,三年级英语A暑假智慧学习空间,否,,连季续,三年级,三年级,三年级,2000.00,赵雪莉(398742),,暑假,暑假,正常,2026-08-18,2026-08-18,已审核,"走读,在线","常规面授,在线录播",在线录播,智慧学习机,22,2026-02-27,每天10:40-12:40(上5休1）,"有教材,开课前领取",2026-08-28,9,学习机托管(智学),八一路自习室02,八一路自习室02,班级刷卡,20人,学习机托管,八一路教学区,2026-08-28,12,12,三年级英语
"素养智学部",博文妙笔,博文妙笔,博文妙笔,BW227A0007,博文口才 2（暑）,博文妙笔L2暑假B1班,通用,10,10,1100,1100,110.0,"	0.00",L2,L2,常规体系,常规体系,博文妙笔L2暑假B1班,二年级博文妙笔暑假L2班,否,,连季续,二年级,二年级,二年级,2100.00,李娟(072666),,暑假,暑假,正常,2026-08-18,2026-08-18,已审核,走读,常规面授,常规面授,,15,2026-02-26,每天16:00-17:50(上5休1),"有教材,开课前领取",2026-08-28,11,素养素质(智学),八一路309教室,八一路309教室,班级刷卡,15人,素养,八一路教学区,2026-08-28,10,12,语商表达2
"素养智学部",脑力与思维,脑力与思维,脑力与思维,SW127A0005,脑力思维1B（暑）,脑力与思维L1暑假B1班,通用,10,10,1100,1100,110.0,"	0.00",L1,L1,常规体系,常规体系,脑力与思维L1暑假B1班,一年级脑力与思维暑假L1班,否,,连季续,一年级,一年级,一年级,2100.00,王若轩(209661),,暑假,暑假,正常,2026-08-18,2026-08-18,已审核,走读,常规面授,常规面授,,15,2026-02-26,每天08:30-10:20(上5休1),"有教材,开课前领取",2026-08-28,7,素养素质(智学),八一路309教室,八一路309教室,班级刷卡,15人,素养,八一路教学区,2026-08-28,10,12,思维1
"素养智学部",书法,书法,书法,XZ127A0005,素质成长营（写字1）（暑）,S3书法暑假ZT1班,通用,10,10,900,900,90.0,"	0.00",ZT1,ZT1,专项体系,专项体系,S3书法暑假ZT1班,S3书法暑假ZT1班,否,,不可续,S3,S3,S3,975.00,成都(342030),,暑假,暑假,正常,2026-08-18,2026-08-18,已审核,走读,常规面授,常规面授,,15,2026-02-26,每天16:00-17:30(上5休1),"有教材,开课前领取",2026-08-28,10,素养素质(智学),八一路307教室,八一路307教室,班级刷卡,12人,素质,八一路教学区,2026-08-28,7,8,书法1
"素养智学部",书法,书法,书法,XZ227A0003,素质成长营（写字2）（暑）,一年级书法暑假ZT1班,通用,10,10,900,900,90.0,"	0.00",ZT1,ZT1,专项体系,专项体系,一年级书法暑假ZT1班,一年级书法暑假ZT1班,否,,不可续,一年级,一年级,一年级,975.00,成都(342030),,暑假,暑假,正常,2026-08-18,2026-08-18,已审核,走读,常规面授,常规面授,,15,2026-02-26,每天10:40-12:10(上5休1),"有教材,开课前领取",2026-08-28,12,素养素质(智学),八一路307教室,八一路307教室,班级刷卡,12人,素质,八一路教学区,2026-08-28,7,8,书法2
"素养智学部",博文妙笔,博文妙笔,博文妙笔,BW627A0015,博文口才 6（暑）,博文妙笔L6暑假B1班,通用,10,10,1100,1100,110.0,"	0.00",L6,L6,常规体系,常规体系,博文妙笔L6暑假B1班,六年级博文妙笔暑假L6班,否,,连季续,六年级(小学),六年级,六年级,2000.00,贺苗(354669),,暑假,暑假,正常,2026-08-18,2026-08-18,已审核,走读,常规面授,常规面授,,19,2026-02-26,每天08:30-10:20(上5休1),"有教材,开课前领取",2026-08-28,14,素养素质(智学),八一路304教室,八一路304教室,班级刷卡,15人,素养,八一路教学区,2026-08-28,10,12,语商表达6
"素养智学部",双语故事表演,双语故事表演,双语故事表演,PM227A0088,双语绘本2C（暑）,双语故事表演L2暑假B2班,通用,10,10,1100,1100,110.0,"	0.00",L2,L2,常规体系,常规体系,双语故事表演L2暑假B2班,二年级双语故事表演暑假L2班,否,,连季续,二年级,二年级,二年级,2100.00,彭冰(423921),,暑假,暑假,正常,2026-08-18,2026-08-18,已审核,走读,常规面授,常规面授,,17,2026-02-26,每天18:40-20:30(上5休1),"有教材,开课前领取",2026-08-28,15,素养素质(智学),八一路303教室,八一路303教室,班级刷卡,15人,素养,八一路教学区,2026-08-28,10,12,分级阅读2
"素养智学部",双语故事表演,双语故事表演,双语故事表演,PM627A0079,双语绘本C6（暑）,双语故事表演L6暑假B2班,通用,10,10,1100,1100,110.0,"	0.00",L6,L6,常规体系,常规体系,双语故事表演L6暑假B2班,六年级双语故事表演暑假L6班,否,,连季续,六年级(小学),六年级,六年级,2000.00,何宇辰(427783),,暑假,暑假,正常,2026-08-18,2026-08-18,已审核,走读,常规面授,常规面授,,23,2026-02-26,每天16:00-17:50(上5休1),"有教材,开课前领取",2026-08-28,20,素养素质(智学),八一路303教室,八一路303教室,班级刷卡,15人,素养,八一路教学区,2026-08-28,10,12,故事会6
"素养智学部",双语故事表演,双语故事表演,双语故事表演,PM127A0125,双语绘本1B（暑）,双语故事表演L1暑假B2班,通用,10,10,1100,1100,110.0,"	0.00",L1,L1,常规体系,常规体系,双语故事表演L1暑假B2班,一年级双语故事表演暑假L1班,否,,连季续,一年级,一年级,一年级,2100.00,何宇辰(427783),,暑假,暑假,正常,2026-08-18,2026-08-18,已审核,走读,常规面授,常规面授,,15,2026-02-26,每天13:50-15:40(上5休1),"有教材,开课前领取",2026-08-28,11,素养素质(智学),八一路303教室,八一路303教室,班级刷卡,15人,素养,八一路教学区,2026-08-28,10,12,分级阅读1
"素养智学部",双语故事表演,双语故事表演,双语故事表演,PM227A0198,双语绘本2C（暑）,双语故事表演L2暑假B2班,通用,10,10,1100,1100,110.0,"	0.00",L2,L2,常规体系,常规体系,双语故事表演L2暑假B2班,二年级双语故事表演暑假L2班,否,,连季续,二年级,二年级,二年级,2100.00,何宇辰(427783),,暑假,暑假,正常,2026-08-18,2026-08-18,已审核,走读,常规面授,常规面授,,15,2026-02-26,每天10:40-12:30(上5休1）,"有教材,开课前领取",2026-08-28,10,素养素质(智学),八一路303教室,八一路303教室,班级刷卡,15人,素养,八一路教学区,2026-08-28,10,12,分级阅读2
"素养智学部",双语故事表演,双语故事表演,双语故事表演,PM427A0056,双语绘本4C（暑）,双语故事表演L4暑假B2班,通用,10,10,1100,1100,110.0,"	0.00",L4,L4,常规体系,常规体系,双语故事表演L4暑假B2班,四年级双语故事表演暑假L4班,否,,连季续,四年级,四年级,四年级,2000.00,何宇辰(427783),,暑假,暑假,正常,2026-08-18,2026-08-18,已审核,走读,常规面授,常规面授,,18,2026-02-26,每天08:30-10:20(上5休1),"有教材,开课前领取",2026-08-28,11,素养素质(智学),八一路303教室,八一路303教室,班级刷卡,15人,素养,八一路教学区,2026-08-28,10,12,分级阅读4
"素养智学部",英语,英语,英语,YYZH5A0400,双语智慧5A（暑）,五年级英语暑假B1服务（默认A）,通用,10,10,1200,1200,120.0,"	0.00",TG,TG,常规体系,常规体系,五年级英语暑假B1服务,五年级英语A暑假智慧学习空间,否,,连季续,五年级,五年级,五年级,2000.00,谭祥涛(288547),,暑假,暑假,正常,2026-08-18,2026-08-18,已审核,"走读,在线","常规面授,在线录播",在线录播,智慧学习机,24,2026-07-07,每天10:40-12:40(上5休1）,"有教材,开课前领取",2026-08-28,7,学习机托管(智学),八一路301教室,八一路301教室,班级刷卡,20人,学习机托管,八一路教学区,2026-08-28,8,12,五年级英语
"智慧学习部",物理,物理,物理,WLZH8A27046,取消WL暑假智慧学习空间8A,取消学习机托管八年级物理暑假A2服务,通用,10,0,1200,1200,120.0,"	0.00",A2,A2,A体系,A体系,学习机托管八年级物理暑假A2服务,WL暑假智慧学习空间8A,否,,连季续,初二,八年级,八年级,2000.00,罗群(703578),,暑假,暑假,取消班,2026-08-12,,已审核,"走读,在线","常规面授,在线录播",在线录播,智慧学习机,0,2026-03-24,每天16:00-18:00(上五休一）,"有教材,开课前领取",,0,学习机托管(智慧),大润发305教室,大润发305教室,班级刷卡,20人,学习机托管,大润发教学区,2026-08-22,8,12,初二物理
"素养智学部",双语故事表演,双语故事表演,双语故事表演,PM227A0022,双语绘本2C（暑）,双语故事表演L2暑假B2班,通用,10,10,1100,1100,110.0,"	0.00",L2,L2,常规体系,常规体系,双语故事表演L2暑假B2班,二年级双语故事表演暑假L2班,否,,连季续,二年级,二年级,二年级,2100.00,焦广城(332958),,暑假,暑假,正常,2026-08-18,2026-08-18,已审核,走读,常规面授,常规面授,,16,2026-02-26,每天08:30-10:20(上5休1),"有教材,开课前领取",2026-08-28,15,素养素质(智学),星沙筑梦204教室,星沙筑梦204教室,班级刷卡,15人,素养,星沙筑梦教学区,2026-08-28,10,12,分级阅读2
"素养智学部",双语故事表演,双语故事表演,双语故事表演,PM127A0111,双语绘本1B（暑）,双语故事表演L1暑假B2班,通用,10,10,1100,1100,110.0,"	0.00",L1,L1,常规体系,常规体系,双语故事表演L1暑假B2班,一年级双语故事表演暑假L1班,否,,连季续,一年级,一年级,一年级,2100.00,张甜(174931),,暑假,暑假,正常,2026-08-18,2026-08-18,已审核,走读,常规面授,常规面授,,16,2026-02-26,每天10:40-12:30(上5休1),"有教材,开课前领取",2026-08-28,16,素养素质(智学),西子花苑旗舰店301教室,西子花苑旗舰店301教室,班级刷卡,15人,素养,西子花苑旗舰店教学区,2026-08-28,10,12,分级阅读1
"素养智学部",英语,英语,英语,YYZH3A0317,双语智慧3A（暑）,三年级英语暑假A1服务（默认A）,通用,10,10,1200,1200,120.0,"	0.00",TG,TG,常规体系,常规体系,三年级英语暑假A1服务,三年级英语A暑假智慧学习空间,否,,连季续,三年级,三年级,三年级,2000.00,刘天琦(411178),,暑假,暑假,正常,2026-08-18,2026-08-18,已审核,"走读,在线","常规面授,在线录播",在线录播,智慧学习机,22,2026-02-27,每天08:30-10:30(上5休1）,"有教材,开课前领取",2026-08-28,12,学习机托管(智学),西子花苑旗舰店308教室,西子花苑旗舰店308教室,班级刷卡,20人,学习机托管,西子花苑旗舰店教学区,2026-08-28,12,12,三年级英语
"素养智学部",脑力与思维,脑力与思维,脑力与思维,SW327A0004,脑力思维3A（暑）,脑力与思维L3暑假A2班,通用,10,10,1100,1100,110.0,"	0.00",L3,L3,常规体系,常规体系,脑力与思维L3暑假A2班,三年级脑力与思维暑假L3班,否,,连季续,三年级,三年级,三年级,2000.00,马玟(438755),,暑假,暑假,正常,2026-08-18,2026-08-18,已审核,走读,常规面授,常规面授,,18,2026-02-26,每天16:00-17:50(上5休1),"有教材,开课前领取",2026-08-28,6,素养素质(智学),西子花苑旗舰店308教室,西子花苑旗舰店308教室,班级刷卡,15人,素养,西子花苑旗舰店教学区,2026-08-28,10,12,思维3
"素养智学部",双语故事表演,双语故事表演,双语故事表演,PM427A0112,双语绘本4C（暑）,双语故事表演L4暑假B2班,通用,10,10,1100,1100,110.0,"	0.00",L4,L4,常规体系,常规体系,双语故事表演L4暑假B2班,四年级双语故事表演暑假L4班,否,,连季续,四年级,四年级,四年级,2000.00,周思乐(360956),,暑假,暑假,正常,2026-08-18,2026-08-18,已审核,走读,常规面授,常规面授,,18,2026-02-26,每天08:30-10:20(上5休1),"有教材,开课前领取",2026-08-28,17,素养素质(智学),西子花苑旗舰店311教室,西子花苑旗舰店311教室,班级刷卡,15人,素养,西子花苑旗舰店教学区,2026-08-28,10,12,分级阅读4
"素养智学部",双语故事表演,双语故事表演,双语故事表演,PM527A0071,双语绘本C5（暑）,双语故事表演L5暑假B2班,通用,10,10,1100,1100,110.0,"	0.00",L5,L5,常规体系,常规体系,双语故事表演L5暑假B2班,五年级双语故事表演暑假L5班,否,,连季续,五年级,五年级,五年级,2000.00,周思乐(360956),,暑假,暑假,正常,2026-08-18,2026-08-18,已审核,走读,常规面授,常规面授,,18,2026-02-26,每天10:40-12:30(上5休1),"有教材,开课前领取",2026-08-28,16,素养素质(智学),西子花苑旗舰店311教室,西子花苑旗舰店311教室,班级刷卡,15人,素养,西子花苑旗舰店教学区,2026-08-28,10,12,故事会5
"素养智学部",双语故事表演,双语故事表演,双语故事表演,PM527A0032,双语绘本C5（暑）,双语故事表演L5暑假B2班,通用,10,10,1100,1100,110.0,"	0.00",L5,L5,常规体系,常规体系,双语故事表演L5暑假B2班,五年级双语故事表演暑假L5班,否,,连季续,五年级,五年级,五年级,2000.00,周思乐(360956),,暑假,暑假,正常,2026-08-18,2026-08-18,已审核,走读,常规面授,常规面授,,20,2026-02-26,每天13:50-15:40(上5休1),"有教材,开课前领取",2026-08-28,17,素养素质(智学),西子花苑旗舰店311教室,西子花苑旗舰店311教室,班级刷卡,15人,素养,西子花苑旗舰店教学区,2026-08-28,10,12,故事会5
"素养智学部",双语故事表演,双语故事表演,双语故事表演,PM527A0027,双语绘本C5（暑）,双语故事表演L5暑假B2班,通用,10,10,1100,1100,110.0,"	0.00",L5,L5,常规体系,常规体系,双语故事表演L5暑假B2班,五年级双语故事表演暑假L5班,否,,连季续,五年级,五年级,五年级,2000.00,周思乐(360956),,暑假,暑假,正常,2026-08-18,2026-08-18,已审核,走读,常规面授,常规面授,,20,2026-02-26,每天16:00-17:50(上5休1),"有教材,开课前领取",2026-08-28,18,素养素质(智学),西子花苑旗舰店311教室,西子花苑旗舰店311教室,班级刷卡,15人,素养,西子花苑旗舰店教学区,2026-08-28,10,12,故事会5
"素养智学部",英语,英语,英语,YYZH3A0319,双语智慧3A（暑）,三年级英语暑假A1服务（默认A）,通用,10,10,1200,1200,120.0,"	0.00",TG,TG,常规体系,常规体系,三年级英语暑假A1服务,三年级英语A暑假智慧学习空间,否,,连季续,三年级,三年级,三年级,2000.00,李勤(666065),,暑假,暑假,正常,2026-08-18,2026-08-18,已审核,"走读,在线","常规面授,在线录播",在线录播,智慧学习机,22,2026-02-27,每天13:50-15:50(上5休1）,"有教材,开课前领取",2026-08-28,19,学习机托管(智学),西子花苑旗舰店310教室,西子花苑旗舰店310教室,班级刷卡,20人,学习机托管,西子花苑旗舰店教学区,2026-08-28,12,12,三年级英语
"素养智学部",双语故事表演,双语故事表演,双语故事表演,PM127A0083,双语绘本1B（暑）,双语故事表演L1暑假B2班,通用,10,10,1100,1100,110.0,"	0.00",L1,L1,常规体系,常规体系,双语故事表演L1暑假B2班,一年级双语故事表演暑假L1班,否,,连季续,一年级,一年级,一年级,2100.00,龙治义(383134),,暑假,暑假,正常,2026-08-18,2026-08-18,已审核,走读,常规面授,常规面授,,15,2026-02-26,每天08:30-10:20(上5休1),"有教材,开课前领取",2026-08-28,11,素养素质(智学),西子花苑旗舰店304教室,西子花苑旗舰店304教室,班级刷卡,15人,素养,西子花苑旗舰店教学区,2026-08-28,10,12,分级阅读1
"素养智学部",双语故事表演,双语故事表演,双语故事表演,PM627A0041,双语绘本C6（暑）,双语故事表演L6暑假B2班,通用,10,10,1100,1100,110.0,"	0.00",L6,L6,常规体系,常规体系,双语故事表演L6暑假B2班,六年级双语故事表演暑假L6班,否,,连季续,六年级(小学),六年级,六年级,2000.00,龙治义(383134),,暑假,暑假,正常,2026-08-18,2026-08-18,已审核,走读,常规面授,常规面授,,20,2026-02-26,每天10:40-12:30(上5休1),"有教材,开课前领取",2026-08-28,19,素养素质(智学),西子花苑旗舰店304教室,西子花苑旗舰店304教室,班级刷卡,15人,素养,西子花苑旗舰店教学区,2026-08-28,10,12,故事会6
"素养智学部",双语故事表演,双语故事表演,双语故事表演,PM427A0142,双语绘本4C（暑）,双语故事表演L4暑假B2班,通用,10,10,1100,1100,110.0,"	0.00",L4,L4,常规体系,常规体系,双语故事表演L4暑假B2班,四年级双语故事表演暑假L4班,否,,连季续,四年级,四年级,四年级,2000.00,龙治义(383134),,暑假,暑假,正常,2026-08-18,2026-08-18,已审核,走读,常规面授,常规面授,,19,2026-02-26,每天16:00-17:50(上5休1),"有教材,开课前领取",2026-08-28,18,素养素质(智学),西子花苑旗舰店304教室,西子花苑旗舰店304教室,班级刷卡,15人,素养,西子花苑旗舰店教学区,2026-08-28,10,12,分级阅读4
"素养智学部",双语故事表演,双语故事表演,双语故事表演,PM427A0059,双语绘本4C（暑）,双语故事表演L4暑假B2班,通用,10,10,1100,1100,110.0,"	0.00",L4,L4,常规体系,常规体系,双语故事表演L4暑假B2班,四年级双语故事表演暑假L4班,否,,连季续,四年级,四年级,四年级,2000.00,瞿玉娟(707009),,暑假,暑假,正常,2026-08-18,2026-08-18,已审核,走读,常规面授,常规面授,,18,2026-02-26,每天10:40-12:30(上5休1),"有教材,开课前领取",2026-08-28,10,素养素质(智学),西子花苑旗舰店209教室,西子花苑旗舰店209教室,班级刷卡,15人,素养,西子花苑旗舰店教学区,2026-08-28,10,12,分级阅读4
"素养智学部",脑力与思维,脑力与思维,脑力与思维,SW127A0026,脑力思维1B（暑）,脑力与思维L1暑假B1班,通用,10,10,1100,1100,110.0,"	0.00",L1,L1,常规体系,常规体系,脑力与思维L1暑假B1班,一年级脑力与思维暑假L1班,否,,连季续,一年级,一年级,一年级,2100.00,陶杜昀(364487),,暑假,暑假,正常,2026-08-18,2026-08-18,已审核,走读,常规面授,常规面授,,15,2026-02-26,每天08:30-10:20(上5休1),"有教材,开课前领取",2026-08-28,9,素养素质(智学),西子花苑旗舰店210教室,西子花苑旗舰店210教室,班级刷卡,15人,素养,西子花苑旗舰店教学区,2026-08-28,10,12,思维1
"素养智学部",脑力与思维,脑力与思维,脑力与思维,SW327A0011,脑力思维3B（暑）,脑力与思维L3暑假B1班,通用,10,10,1100,1100,110.0,"	0.00",L3,L3,常规体系,常规体系,脑力与思维L3暑假B1班,三年级脑力与思维暑假L3班,否,,连季续,三年级,三年级,三年级,2000.00,陶杜昀(364487),,暑假,暑假,正常,2026-08-18,2026-08-18,已审核,走读,常规面授,常规面授,,20,2026-02-26,每天10:40-12:30(上5休1),"有教材,开课前领取",2026-08-28,20,素养素质(智学),西子花苑旗舰店210教室,西子花苑旗舰店210教室,班级刷卡,15人,素养,西子花苑旗舰店教学区,2026-08-28,10,12,思维3
"素养智学部",博文妙笔,博文妙笔,博文妙笔,BW127A0041,博文口才 1（暑）,博文妙笔L1暑假B1班,通用,10,10,1100,1100,110.0,"	0.00",L1,L1,常规体系,常规体系,博文妙笔L1暑假B1班,一年级博文妙笔暑假L1班,否,,连季续,一年级,一年级,一年级,2100.00,张幸(184160),,暑假,暑假,正常,2026-08-18,2026-08-18,已审核,走读,常规面授,常规面授,,15,2026-05-23,每天13:50-15:40(上5休1),"有教材,开课前领取",2026-08-28,8,素养素质(智学),西子花苑旗舰店307教室,西子花苑旗舰店307教室,班级刷卡,15人,素养,西子花苑旗舰店教学区,2026-08-28,10,12,语商表达1
"素养智学部",博文妙笔,博文妙笔,博文妙笔,BW627A0012,博文口才 6（暑）,博文妙笔L6暑假B1班,通用,10,10,1100,1100,110.0,"	0.00",L6,L6,常规体系,常规体系,博文妙笔L6暑假B1班,六年级博文妙笔暑假L6班,否,,连季续,六年级(小学),六年级,六年级,2000.00,张幸(184160),,暑假,暑假,正常,2026-08-18,2026-08-18,已审核,走读,常规面授,常规面授,,23,2026-02-26,每天10:40-12:30(上5休1),"有教材,开课前领取",2026-08-28,22,素养素质(智学),西子花苑旗舰店307教室,西子花苑旗舰店307教室,班级刷卡,15人,素养,西子花苑旗舰店教学区,2026-08-28,10,12,语商表达6
"素养智学部",博文妙笔,博文妙笔,博文妙笔,BW427A0041,博文口才 4（暑）,博文妙笔L4暑假B1班,通用,10,10,1100,1100,110.0,"	0.00",L4,L4,常规体系,常规体系,博文妙笔L4暑假B1班,四年级博文妙笔暑假L4班,否,,连季续,四年级,四年级,四年级,2000.00,张幸(184160),,暑假,暑假,正常,2026-08-18,2026-08-18,已审核,走读,常规面授,常规面授,,18,2026-02-26,每天16:00-17:50(上5休1),"有教材,开课前领取",2026-08-28,7,素养素质(智学),西子花苑旗舰店307教室,西子花苑旗舰店307教室,班级刷卡,15人,素养,西子花苑旗舰店教学区,2026-08-28,10,12,语商表达4
"素养智学部",博文妙笔,博文妙笔,博文妙笔,BW227A0015,博文口才 2（暑）,博文妙笔L2暑假B1班,通用,10,10,1100,1100,110.0,"	0.00",L2,L2,常规体系,常规体系,博文妙笔L2暑假B1班,二年级博文妙笔暑假L2班,否,,连季续,二年级,二年级,二年级,2100.00,奉婷(264312),,暑假,暑假,正常,2026-08-18,2026-08-18,已审核,走读,常规面授,常规面授,,15,2026-02-26,每天08:30-10:20(上5休1),"有教材,开课前领取",2026-08-28,10,素养素质(智学),西子花苑旗舰店306教室,西子花苑旗舰店306教室,班级刷卡,15人,素养,西子花苑旗舰店教学区,2026-08-28,10,12,语商表达2
"素养智学部",双语故事表演,双语故事表演,双语故事表演,PM527A0008,双语绘本5C+领航班（暑）,双语故事表演L5暑假C1班（C+）,通用,10,10,1100,1100,110.0,"	0.00",L5,L5,常规体系,常规体系,双语故事表演L5暑假C1班,五年级双语故事表演暑假L5班,否,,连季续,五年级,五年级,五年级,2600.00,唐慧(142001),,暑假,暑假,正常,2026-08-18,2026-08-18,已审核,走读,常规面授,常规面授,,23,2026-02-26,每天08:30-10:20(上5休1),"有教材,开课前领取",2026-08-28,23,素养素质(智学),西子花苑旗舰店310教室,西子花苑旗舰店310教室,班级刷卡,15人,素养,西子花苑旗舰店教学区,2026-08-28,10,12,故事会5
"素养智学部",双语故事表演,双语故事表演,双语故事表演,PM627A0013,双语绘本6C+领航班（暑）,双语故事表演L6暑假C1班（C+）,通用,10,10,1100,1100,110.0,"	0.00",L6,L6,常规体系,常规体系,双语故事表演L6暑假C1班,六年级双语故事表演暑假L6班,否,,连季续,六年级(小学),六年级,六年级,2600.00,唐慧(142001),,暑假,暑假,正常,2026-08-18,2026-08-18,已审核,走读,常规面授,常规面授,,20,2026-02-26,每天10:40-12:30(上5休1),"有教材,开课前领取",2026-08-28,20,素养素质(智学),西子花苑旗舰店310教室,西子花苑旗舰店310教室,班级刷卡,15人,素养,西子花苑旗舰店教学区,2026-08-28,10,12,故事会6
"素养智学部",科创,科创,机器人编程,SZ27AJQ033,Python L3-1段班（暑）,机器人编程L3-1段暑假班,通用,10,10,1200,1200,120.0,"	0.00",L3,L3,常规体系,常规体系,机器人编程L3-1段暑假班,三年级机器人编程暑假L3班,否,,连季续,三年级,三年级,三年级,2400.00,陈煜(434109),,暑假,暑假,正常,2026-08-18,2026-08-18,已审核,"走读,在线","常规面授,在线直播",在线直播,云教室小班（25人以下）,12,2025-07-31,每天18:30-20:30（上5休1）,"有教材,开课前领取",2026-08-28,6,素养素质(智学),西子花苑旗舰店211教室,西子花苑旗舰店211教室,班级刷卡,12人,素质,西子花苑旗舰店教学区,2026-08-28,8,10,机器人编程L3
"素养智学部",双语故事表演,双语故事表演,双语故事表演,PM427A0127,双语绘本4C（暑）,双语故事表演L4暑假B2班,通用,10,10,1100,1100,110.0,"	0.00",L4,L4,常规体系,常规体系,双语故事表演L4暑假B2班,四年级双语故事表演暑假L4班,否,,连季续,四年级,四年级,四年级,2000.00,刘莉芝(416599),,暑假,暑假,正常,2026-08-18,2026-08-18,已审核,走读,常规面授,常规面授,,18,2026-02-26,每天18:40-20:30(上5休1),"有教材,开课前领取",2026-08-28,14,素养素质(智学),西子花苑旗舰店209教室,西子花苑旗舰店209教室,班级刷卡,15人,素养,西子花苑旗舰店教学区,2026-08-28,10,12,分级阅读4
"素养智学部",双语故事表演,双语故事表演,双语故事表演,PMS327A0005,双语绘本K（暑）,双语故事表演S3暑假B1班,通用,10,10,900,900,90.0,"	0.00",S3,S3,常规体系,常规体系,双语故事表演S3暑假B1班,S3双语故事表演暑假S3班,否,,连季续,S3,S3,S3,1575.00,胡晓洁(443728),,暑假,暑假,正常,2026-08-18,2026-08-18,已审核,走读,常规面授,常规面授,,16,2026-02-26,每天10:40-12:10(上5休1),"有教材,开课前领取",2026-08-28,15,素养素质(智学),西子花苑旗舰店203教室,西子花苑旗舰店203教室,班级刷卡,15人,素养,西子花苑旗舰店教学区,2026-08-28,10,12,分级阅读K
"素养智学部",博文妙笔,博文妙笔,博文妙笔,BWZX127A0721,1级博文,一年级博文妙笔暑假YL（入口）班（默认1）,通用,10,10,900,900,90.0,"	0.00",YL（入口）,YL（入口）,专项体系,专项体系,一年级博文妙笔暑假YL（入口）班,一年级博文妙笔暑假引流班,否,,不可续,一年级,一年级,一年级,990.00,游湘(706973),,暑假,暑假,正常,2026-08-05,2026-08-05,已审核,走读,常规面授,常规面授,,15,2026-07-17,每天14:30-16:00(上5休1),"有教材,开课前领取",2026-08-15,10,素养素质(智学),听香水榭306教室,听香水榭306教室,班级刷卡,15人,素养,听香水榭教学区,2026-08-15,10,12,语商表达1
"素养智学部",英语,英语,英语,YYZH3A0346,双语智慧3A（暑）,三年级英语暑假A1服务（默认A）,通用,10,10,1200,1200,120.0,"	0.00",TG,TG,常规体系,常规体系,三年级英语暑假A1服务,三年级英语A暑假智慧学习空间,否,,连季续,三年级,三年级,三年级,2000.00,易超(374616),,暑假,暑假,正常,2026-08-18,2026-08-18,已审核,"走读,在线","常规面授,在线录播",在线录播,智慧学习机,19,2026-02-27,每天10:40-12:40(上5休1）,"有教材,开课前领取",2026-08-28,18,学习机托管(智学),星沙筑梦自习室4,星沙筑梦自习室4,班级刷卡,20人,学习机托管,星沙筑梦教学区,2026-08-28,12,12,三年级英语
"智慧学习部",英语,英语,英语,YYZH7A270102,YY暑假智慧学习空间7C,学习机托管七年级英语暑假B2服务（C+）,通用,12,12,1440,1440,120.0,"	0.00",B2,B2,B体系,B体系,学习机托管七年级英语暑假B2服务,YY暑假智慧学习空间7C,否,,连季续,初一,七年级,七年级,2880.00,袁思颖(703448),,暑假,暑假,正常,2026-07-30,2026-07-30,已审核,"走读,在线","常规面授,在线录播",在线录播,智慧学习机,20,2026-03-27,每天13:50-15:50,"有教材,开课前领取",2026-08-10,18,学习机托管(智慧),星沙筑梦自习室2,星沙筑梦自习室2,班级刷卡,20人,学习机托管,星沙筑梦教学区,2026-08-10,8,12,初一英语
"素养智学部",双语故事表演,双语故事表演,双语故事表演,PM127A0013,双语绘本1C（暑）,双语故事表演L1暑假B2班,通用,10,10,1100,1100,110.0,"	0.00",L1,L1,常规体系,常规体系,双语故事表演L1暑假B2班,一年级双语故事表演暑假L1班,否,,连季续,一年级,一年级,一年级,2100.00,肖薇(613301),,暑假,暑假,正常,2026-08-18,2026-08-18,已审核,走读,常规面授,常规面授,,15,2026-02-26,每天10:40-12:30(上5休1),"有教材,开课前领取",2026-08-28,13,素养素质(智学),东塘03自习室,东塘03自习室,班级刷卡,15人,素养,东塘智慧空间,2026-08-28,10,12,分级阅读1
"国外考试部",全科,"阅读,写作,听力,口语",,YZG2703B,雅思大学生直通车高级班（B）,雅思大学生直通车高级班（FY26-B）,IELTS直通车,32,48,3840,3840,120.0,"	0.00",IELTS,IELTS,常规体系,常规体系,雅思大学生直通车高级班,雅思大学生直通车高级班,否,,可续,,,,12800.00,罗婷(132283),,暑假,,正常,2026-07-27,2026-07-27,已审核,"走读,在线","常规面授,在线直播",在线直播,云教室小班（25人以下）,10,2025-12-23,"周一至周六10:10-12:10,13:30-15:30,15:40-17:40","有教材,开课前领取",2026-08-13,10,国外考试部,天马教学区,天马虚拟教室3（407教室）,班级刷卡,6人,国外考试部,天马教学区,2026-08-13,4,5,
"国外考试部",全科,"阅读,写作,听力,口语",,YZG2709A,雅思大学生直通车高级班（A）,雅思大学生直通车高级班（FY26-A）,IELTS直通车,32,48,3840,3840,120.0,"	0.00",IELTS,IELTS,常规体系,常规体系,雅思大学生直通车高级班,雅思大学生直通车高级班,否,,可续,,,,12800.00,,,暑假,,正常,2026-07-27,2026-07-27,已审核,"走读,在线","常规面授,在线直播",在线直播,云教室小班（25人以下）,10,2025-12-23,"周一至周六08:00-10:00,10:10-12:10,13:30-15:30","有教材,开课前领取",2026-08-13,10,国外考试部,芙蓉广场教学区,芙蓉广场虚拟教室（16楼大会议室）,班级刷卡,6人,国外考试部,芙蓉广场教学区,2026-08-13,4,5,
"高中班级部",化学,化学,化学,GYHXZT073,取消高一化学暑假诊断班,取消十年级化学暑假ZT1班（面授）,通用,7,0,840,840,120.0,"	0.00",ZT1,ZT1,专项体系,专项体系,十年级化学暑假ZT1班,高一化学暑假诊断班,否,,不可续,高一,十年级,高一,1001.00,耿瑞(675565),,暑假,暑假,取消班,2026-08-06,,已审核,走读,常规面授,常规面授,,0,2025-12-15,13:40-15:40,"有教材,开课前领取",,0,高中部,东塘211教室,东塘211教室,班级刷卡,25人,本地班课,东塘教学区,2026-08-12,10,15,高一化学
"高中班级部",数学,数学,数学,GRSXA764,取消高二数学暑假精进班,取消十一年级数学暑假A2班（面授）,通用,14,0,1680,1680,120.0,"	0.00",A2,A2,A体系,A体系,十一年级数学暑假A2班,高二数学暑假精进班,否,,连季续,高二,十一年级,高二,2660.00,陈洁仪(384277),,暑假,暑假,取消班,2026-08-06,,已审核,走读,常规面授,常规面授,,0,2025-12-15,16:00-18:00,"有教材,开课前领取",,0,高中部,湘江世纪城301教室,湘江世纪城301教室,班级刷卡,25人,本地班课,湘江世纪城教学区,2026-08-20,10,15,高二数学
"素养智学部",双语故事表演,双语故事表演,双语故事表演,PM227A0097,双语绘本2C（暑）,双语故事表演L2暑假B2班,通用,10,10,1100,1100,110.0,"	0.00",L2,L2,常规体系,常规体系,双语故事表演L2暑假B2班,二年级双语故事表演暑假L2班,否,,连季续,二年级,二年级,二年级,2100.00,刘月平(619574),,暑假,暑假,正常,2026-08-18,2026-08-18,已审核,走读,常规面授,常规面授,,16,2026-02-26,每天13:50-15:40(上5休1),"有教材,开课前领取",2026-08-28,15,素养素质(智学),方圆荟307教室,方圆荟307教室,班级刷卡,15人,素养,方圆荟智慧空间,2026-08-28,10,12,分级阅读2
"素养智学部",双语故事表演,双语故事表演,双语故事表演,PM327A0172,双语绘本3C（暑）,双语故事表演L3暑假B2班,通用,10,10,1100,1100,110.0,"	0.00",L3,L3,常规体系,常规体系,双语故事表演L3暑假B2班,三年级双语故事表演暑假L3班,否,,连季续,三年级,三年级,三年级,2000.00,段佳慧(432282),,暑假,暑假,正常,2026-08-18,2026-08-18,已审核,走读,常规面授,常规面授,,21,2026-02-26,每天13:50-15:40(上5休1),"有教材,开课前领取",2026-08-28,20,素养素质(智学),井湾子教学区210教室,井湾子教学区210教室,班级刷卡,15人,素养,井湾子教学区,2026-08-28,10,12,分级阅读3
"素养智学部",英语,英语,英语,YYZH5A0392,双语智慧5A（暑）,五年级英语暑假B1服务（默认A）,通用,10,10,1200,1200,120.0,"	0.00",TG,TG,常规体系,常规体系,五年级英语暑假B1服务,五年级英语A暑假智慧学习空间,否,,连季续,五年级,五年级,五年级,2000.00,蓝雨林(707018),,暑假,暑假,正常,2026-08-18,2026-08-18,已审核,"走读,在线","常规面授,在线录播",在线录播,智慧学习机,24,2026-03-09,每天10:40-12:40(上5休1）,"有教材,开课前领取",2026-08-28,12,学习机托管(智学),吉联mall302自习室,吉联mall302自习室,班级刷卡,20人,学习机托管,吉联mall教学区,2026-08-28,12,12,五年级英语
"智慧学习部",物理,物理,物理,WLZH7A27004,WL暑假智慧学习空间7C,学习机托管七年级（五四制）物理暑假B2服务（C+）,通用,10,10,1200,1200,120.0,"	0.00",B2,B2,B体系,B体系,学习机托管七年级（五四制）物理暑假B2服务,初一物理暑假WL暑假智慧学习空间7班,否,,连季续,初一,七年级,初一,2000.00,李宗源(298105),,暑假,暑假,正常,2026-07-30,2026-07-30,已审核,"走读,在线","常规面授,在线录播",在线录播,智慧学习机,20,2026-04-13,每天16:00-18:00（上五休一）,"有教材,开课前领取",2026-08-09,18,学习机托管(智慧),梅溪湖旗舰店209教室,梅溪湖旗舰店209教室,班级刷卡,20人,学习机托管,梅溪湖旗舰店教学区,2026-08-09,8,12,初一物理
"智慧学习部",英语,英语,英语,OYYZH7A2703,YY暑假智慧学习小组7A,学习机线上七年级英语暑假A2服务,通用,12,12,1440,1440,120.0,"	0.00",A2,A2,A体系,A体系,学习机线上七年级英语暑假A2服务,YY暑假智慧学习小组7A,否,,连季续,初一,七年级,七年级,1980.00,金志红(345591),,暑假,暑假,正常,2026-07-30,2026-07-30,已审核,在线,在线录播,在线录播,智慧学习机,20,2026-03-25,每天08:30-10:30,"有教材,快递配送",2026-08-10,16,学习机线上(智慧),长沙线上课,初中网络虚拟教室2,班级刷卡,24人,学习机线上,网络教学区,2026-08-10,3,3,初一英语
"智慧学习部",语文,语文,语文,OYWZH7A2703,YW暑假智慧学习小组7B,学习机线上七年级语文暑假B1服务,通用,12,12,1440,1440,120.0,"	0.00",B1,B1,B体系,B体系,学习机线上七年级语文暑假B1服务,YW暑假智慧学习小组7B,否,,连季续,初一,七年级,七年级,1980.00,郑雅雯(354670),,暑假,暑假,正常,2026-07-30,2026-07-30,已审核,在线,在线录播,在线录播,智慧学习机,20,2026-03-25,每天13:50-15:50,"有教材,快递配送",2026-08-10,11,学习机线上(智慧),长沙线上课,初中网络虚拟教室2,班级刷卡,24人,学习机线上,网络教学区,2026-08-10,3,3,初一语文
"智慧学习部",数学,数学,数学,OSXZH7A2703,SX暑假智慧学习小组7A,学习机线上七年级数学暑假A2服务,通用,12,12,1440,1440,120.0,"	0.00",A2,A2,A体系,A体系,学习机线上七年级数学暑假A2服务,SX暑假智慧学习小组7A,否,,连季续,初一,七年级,七年级,1980.00,张桂林(358976),,暑假,暑假,正常,2026-07-30,2026-07-30,已审核,在线,在线录播,在线录播,智慧学习机,20,2026-03-25,每天10:40-12:40,"有教材,快递配送",2026-08-10,7,学习机线上(智慧),长沙线上课,初中网络虚拟教室2,班级刷卡,24人,学习机线上,网络教学区,2026-08-10,3,3,初一数学
"智慧学习部",数学,数学,数学,SXZH7A2700050,SX暑假智慧学习空间7A,学习机托管七年级数学暑假A2服务,通用,12,12,1440,1440,120.0,"	0.00",A2,A2,A体系,A体系,学习机托管七年级数学暑假A2服务,SX暑假智慧学习空间7A,否,,连季续,初一,七年级,七年级,2400.00,谢顺意(703455),,暑假,暑假,正常,2026-07-30,2026-07-30,已审核,"走读,在线","常规面授,在线录播",在线录播,智慧学习机,20,2025-12-19,每天08:30-10:30,"有教材,开课前领取",2026-08-10,14,学习机托管(智慧),星沙筑梦自习室6,星沙筑梦自习室6,班级刷卡,20人,学习机托管,星沙筑梦教学区,2026-08-10,8,12,初一数学
"智慧学习部",数学,数学,数学,SXZH7A2700036,SX暑假智慧学习空间7B,学习机托管七年级数学暑假B1服务,通用,12,12,1440,1440,120.0,"	0.00",B1,B1,B体系,B体系,学习机托管七年级数学暑假B1服务,SX暑假智慧学习空间7B,否,,连季续,初一,七年级,七年级,2400.00,李治慧(612629),,暑假,暑假,正常,2026-07-30,2026-07-30,已审核,"走读,在线","常规面授,在线录播",在线录播,智慧学习机,20,2025-12-19,每天08:30-10:30,"有教材,开课前领取",2026-08-10,16,学习机托管(智慧),晚报大厦205教室,晚报大厦205教室,班级刷卡,20人,学习机托管,晚报大厦教学区,2026-08-10,8,12,初一数学
"智慧学习部",英语,英语,英语,YYZH7A27081,YY暑假智慧学习空间7C,学习机托管七年级英语暑假B2服务（C+）,通用,12,12,1440,1440,120.0,"	0.00",B2,B2,B体系,B体系,学习机托管七年级英语暑假B2服务,YY暑假智慧学习空间7C,否,,连季续,初一,七年级,七年级,2880.00,邓莹(703450),,暑假,暑假,正常,2026-07-30,2026-07-30,已审核,"走读,在线","常规面授,在线录播",在线录播,智慧学习机,20,2026-03-25,每天10:40-12:40,"有教材,开课前领取",2026-08-10,12,学习机托管(智慧),梅溪湖旗舰店201教室,梅溪湖旗舰店201教室,班级刷卡,20人,学习机托管,梅溪湖旗舰店教学区,2026-08-10,8,12,初一英语
"智慧学习部",语文,语文,语文,YWZH7A27008,YW暑假智慧学习空间7B,学习机托管七年级语文暑假B1服务,通用,12,12,1440,1440,120.0,"	0.00",B1,B1,B体系,B体系,学习机托管七年级语文暑假B1服务,YW暑假智慧学习空间7B,否,,连季续,初一,七年级,七年级,2400.00,何敏(386010),,暑假,暑假,正常,2026-07-30,2026-07-30,已审核,"走读,在线","常规面授,在线录播",在线录播,智慧学习机,20,2026-03-24,每天10:40-12:40,"有教材,开课前领取",2026-08-10,14,学习机托管(智慧),美林银谷404自习室,美林银谷404自习室,班级刷卡,20人,学习机托管,美林银谷智慧空间,2026-08-10,8,12,初一语文
"智慧学习部",数学,数学,数学,SXZH7A270004,SX暑假智慧学习空间7B,学习机托管七年级数学暑假B1服务,通用,12,12,1440,1440,120.0,"	0.00",B1,B1,B体系,B体系,学习机托管七年级数学暑假B1服务,SX暑假智慧学习空间7B,否,,连季续,初一,七年级,七年级,2400.00,罗畅(441059),,暑假,暑假,正常,2026-07-30,2026-07-30,已审核,"走读,在线","常规面授,在线录播",在线录播,智慧学习机,20,2025-12-19,每天13:50-15:50,"有教材,开课前领取",2026-08-10,16,学习机托管(智慧),井湾子07自习室,井湾子07自习室,班级刷卡,20人,学习机托管,井湾子智慧空间,2026-08-10,8,12,初一数学
"智慧学习部",数学,数学,数学,SXZH7A2700081,SX暑假智慧学习空间7B,学习机托管七年级数学暑假B1服务,通用,12,12,1440,1440,120.0,"	0.00",B1,B1,B体系,B体系,学习机托管七年级数学暑假B1服务,SX暑假智慧学习空间7B,否,,连季续,初一,七年级,七年级,2400.00,李璐骏(431369),,暑假,暑假,正常,2026-07-30,2026-07-30,已审核,"走读,在线","常规面授,在线录播",在线录播,智慧学习机,20,2025-12-19,每天13:50-15:50,"有教材,开课前领取",2026-08-10,15,学习机托管(智慧),美林银谷406自习室,美林银谷406自习室,班级刷卡,20人,学习机托管,美林银谷智慧空间,2026-08-10,8,12,初一数学
"智慧学习部",数学,数学,数学,SXZH7A2700023,SX暑假智慧学习空间7B,学习机托管七年级数学暑假B1服务,通用,12,12,1440,1440,120.0,"	0.00",B1,B1,B体系,B体系,学习机托管七年级数学暑假B1服务,SX暑假智慧学习空间7B,否,,连季续,初一,七年级,七年级,2400.00,许晨(691969),,暑假,暑假,正常,2026-07-30,2026-07-30,已审核,"走读,在线","常规面授,在线录播",在线录播,智慧学习机,20,2025-12-19,每天16:00-18:00,"有教材,开课前领取",2026-08-10,17,学习机托管(智慧),梅溪湖旗舰店206教室,梅溪湖旗舰店206教室,班级刷卡,20人,学习机托管,梅溪湖旗舰店教学区,2026-08-10,8,12,初一数学
"智慧学习部",数学,数学,数学,SXZH7A2700013,SX暑假智慧学习空间7B,学习机托管七年级数学暑假B1服务,通用,12,12,1440,1440,120.0,"	0.00",B1,B1,B体系,B体系,学习机托管七年级数学暑假B1服务,SX暑假智慧学习空间7B,否,,连季续,初一,七年级,七年级,2400.00,莫富虹(441056),,暑假,暑假,正常,2026-07-30,2026-07-30,已审核,"走读,在线","常规面授,在线录播",在线录播,智慧学习机,20,2025-12-19,每天10:40-12:40,"有教材,开课前领取",2026-08-10,20,学习机托管(智慧),梅溪湖旗舰店202教室,梅溪湖旗舰店202教室,班级刷卡,20人,学习机托管,梅溪湖旗舰店教学区,2026-08-10,8,12,初一数学
"智慧学习部",语文,语文,语文,YWZH7A27000169,YW暑假智慧学习空间7B,学习机托管七年级语文暑假B1服务,通用,12,12,1440,1440,120.0,"	0.00",B1,B1,B体系,B体系,学习机托管七年级语文暑假B1服务,YW暑假智慧学习空间7B,否,,连季续,初一,七年级,七年级,2400.00,何敏(386010),,暑假,暑假,正常,2026-07-30,2026-07-30,已审核,"走读,在线","常规面授,在线录播",在线录播,智慧学习机,20,2025-12-19,每天08:30-10:30,"有教材,开课前领取",2026-08-10,22,学习机托管(智慧),美林银谷404自习室,美林银谷404自习室,班级刷卡,20人,学习机托管,美林银谷智慧空间,2026-08-10,8,12,初一语文
"智慧学习部",语文,语文,语文,YWZH7A27000160,YW暑假智慧学习空间7B,学习机托管七年级语文暑假B1服务,通用,12,12,1440,1440,120.0,"	0.00",B1,B1,B体系,B体系,学习机托管七年级语文暑假B1服务,YW暑假智慧学习空间7B,否,,连季续,初一,七年级,七年级,2400.00,冯慧林(291485),,暑假,暑假,正常,2026-07-30,2026-07-30,已审核,"走读,在线","常规面授,在线录播",在线录播,智慧学习机,20,2025-12-19,每天13:50-15:50,"有教材,开课前领取",2026-08-10,11,学习机托管(智慧),东塘02自习室,东塘02自习室,班级刷卡,20人,学习机托管,东塘智慧空间,2026-08-10,8,12,初一语文
"智慧学习部",语文,语文,语文,YWZH7A27000141,YW暑假智慧学习空间7B,学习机托管七年级语文暑假B1服务,通用,12,12,1440,1440,120.0,"	0.00",B1,B1,B体系,B体系,学习机托管七年级语文暑假B1服务,YW暑假智慧学习空间7B,否,,连季续,初一,七年级,七年级,2400.00,陈舒颖(703443),,暑假,暑假,正常,2026-07-30,2026-07-30,已审核,"走读,在线","常规面授,在线录播",在线录播,智慧学习机,20,2025-12-19,每天08:30-10:30,"有教材,开课前领取",2026-08-10,23,学习机托管(智慧),大润发301教室,大润发301教室,班级刷卡,20人,学习机托管,大润发教学区,2026-08-10,8,12,初一语文
"智慧学习部",语文,语文,语文,YWZH7A27000121,YW暑假智慧学习空间7B,学习机托管七年级语文暑假B1服务,通用,12,12,1440,1440,120.0,"	0.00",B1,B1,B体系,B体系,学习机托管七年级语文暑假B1服务,YW暑假智慧学习空间7B,否,,连季续,初一,七年级,七年级,2400.00,陈锴丰(612610),,暑假,暑假,正常,2026-07-30,2026-07-30,已审核,"走读,在线","常规面授,在线录播",在线录播,智慧学习机,20,2025-12-19,每天13:50-15:50,"有教材,开课前领取",2026-08-10,12,学习机托管(智慧),梅溪湖旗舰店208教室,梅溪湖旗舰店208教室,班级刷卡,20人,学习机托管,梅溪湖旗舰店教学区,2026-08-10,8,12,初一语文
"智慧学习部",数学,数学,数学,SXZH7A27093,SX暑假智慧学习空间7B,学习机托管七年级数学暑假B1服务,通用,12,12,1440,1440,120.0,"	0.00",B1,B1,B体系,B体系,学习机托管七年级数学暑假B1服务,SX暑假智慧学习空间7B,否,,连季续,初一,七年级,七年级,2400.00,刘航基(409435),,暑假,暑假,正常,2026-07-30,2026-07-30,已审核,"走读,在线","常规面授,在线录播",在线录播,智慧学习机,20,2026-03-27,每天13:50-15:50,"有教材,开课前领取",2026-08-10,14,学习机托管(智慧),星沙筑梦自习室8,星沙筑梦自习室8,班级刷卡,20人,学习机托管,星沙筑梦教学区,2026-08-10,8,12,初一数学
"智慧学习部",英语,英语,英语,YYZH7A270100,YY暑假智慧学习空间7C,学习机托管七年级英语暑假B2服务（C+）,通用,12,12,1440,1440,120.0,"	0.00",B2,B2,B体系,B体系,学习机托管七年级英语暑假B2服务,YY暑假智慧学习空间7C,否,,连季续,初一,七年级,七年级,2880.00,王翔(097481),,暑假,暑假,正常,2026-07-30,2026-07-30,已审核,"走读,在线","常规面授,在线录播",在线录播,智慧学习机,20,2026-03-27,每天10:40-12:40,"有教材,开课前领取",2026-08-10,9,学习机托管(智慧),美林银谷403自习室,美林银谷403自习室,班级刷卡,20人,学习机托管,美林银谷智慧空间,2026-08-10,8,12,初一英语
"智慧学习部",英语,英语,英语,YYZH7A27028,YY暑假智慧学习空间7C,学习机托管七年级英语暑假B2服务（C+）,通用,12,12,1440,1440,120.0,"	0.00",B2,B2,B体系,B体系,学习机托管七年级英语暑假B2服务,YY暑假智慧学习空间7C,否,,连季续,初一,七年级,七年级,2880.00,李飞燕(353896),,暑假,暑假,正常,2026-07-30,2026-07-30,已审核,"走读,在线","常规面授,在线录播",在线录播,智慧学习机,20,2026-03-24,每天08:30-10:30,"有教材,开课前领取",2026-08-10,11,学习机托管(智慧),北辰自习室03,北辰自习室03,班级刷卡,20人,学习机托管,北辰智慧空间,2026-08-10,8,12,初一英语
"智慧学习部",数学,数学,数学,SXZH7A27006,SX暑假智慧学习空间7B,学习机托管七年级数学暑假B1服务,通用,12,12,1440,1440,120.0,"	0.00",B1,B1,B体系,B体系,学习机托管七年级数学暑假B1服务,SX暑假智慧学习空间7B,否,,连季续,初一,七年级,七年级,2400.00,彭超群(359941),,暑假,暑假,正常,2026-07-30,2026-07-30,已审核,"走读,在线","常规面授,在线录播",在线录播,智慧学习机,20,2026-03-24,每天10:40-12:40,"有教材,开课前领取",2026-08-10,9,学习机托管(智慧),当代滨江203自习室,当代滨江203自习室,班级刷卡,20人,学习机托管,当代滨江智慧空间,2026-08-10,8,12,初一数学
"智慧学习部",数学,数学,数学,SXZH7A2700051,SX暑假智慧学习空间7B,学习机托管七年级数学暑假B1服务,通用,12,12,1440,1440,120.0,"	0.00",B1,B1,B体系,B体系,学习机托管七年级数学暑假B1服务,SX暑假智慧学习空间7B,否,,连季续,初一,七年级,七年级,2400.00,刘航基(409435),,暑假,暑假,正常,2026-07-30,2026-07-30,已审核,"走读,在线","常规面授,在线录播",在线录播,智慧学习机,20,2025-12-19,每天08:30-10:30,"有教材,开课前领取",2026-08-10,18,学习机托管(智慧),星沙筑梦自习室8,星沙筑梦自习室8,班级刷卡,20人,学习机托管,星沙筑梦教学区,2026-08-10,8,12,初一数学
"智慧学习部",数学,数学,数学,SXZH7A2700049,SX暑假智慧学习空间7A,学习机托管七年级数学暑假A2服务,通用,12,12,1440,1440,120.0,"	0.00",A2,A2,A体系,A体系,学习机托管七年级数学暑假A2服务,SX暑假智慧学习空间7A,否,,连季续,初一,七年级,七年级,2400.00,李治慧(612629),,暑假,暑假,正常,2026-07-30,2026-07-30,已审核,"走读,在线","常规面授,在线录播",在线录播,智慧学习机,20,2025-12-19,每天10:40-12:40,"有教材,开课前领取",2026-08-10,19,学习机托管(智慧),晚报大厦205教室,晚报大厦205教室,班级刷卡,20人,学习机托管,晚报大厦教学区,2026-08-10,8,12,初一数学
"智慧学习部",数学,数学,数学,SXZH7A2700041,SX暑假智慧学习空间7A,学习机托管七年级数学暑假A2服务,通用,12,12,1440,1440,120.0,"	0.00",A2,A2,A体系,A体系,学习机托管七年级数学暑假A2服务,SX暑假智慧学习空间7A,否,,连季续,初一,七年级,七年级,2400.00,王哲禹(201112),,暑假,暑假,正常,2026-07-30,2026-07-30,已审核,"走读,在线","常规面授,在线录播",在线录播,智慧学习机,20,2025-12-19,每天16:00-18:00,"有教材,开课前领取",2026-08-10,12,学习机托管(智慧),大润发310教室,大润发310教室,班级刷卡,20人,学习机托管,大润发教学区,2026-08-10,8,12,初一数学
"智慧学习部",数学,数学,数学,SXZH7A2700015,SX暑假智慧学习空间7B,学习机托管七年级数学暑假B1服务,通用,12,12,1440,1440,120.0,"	0.00",B1,B1,B体系,B体系,学习机托管七年级数学暑假B1服务,SX暑假智慧学习空间7B,否,,连季续,初一,七年级,七年级,2400.00,隆元铜(441060),,暑假,暑假,正常,2026-07-30,2026-07-30,已审核,"走读,在线","常规面授,在线录播",在线录播,智慧学习机,20,2025-12-19,每天13:50-15:50,"有教材,开课前领取",2026-08-10,21,学习机托管(智慧),梅溪湖旗舰店207教室,梅溪湖旗舰店207教室,班级刷卡,20人,学习机托管,梅溪湖旗舰店教学区,2026-08-10,8,12,初一数学
"智慧学习部",语文,语文,语文,YWZH7A27000140,YW暑假智慧学习空间7B,学习机托管七年级语文暑假B1服务,通用,12,12,1440,1440,120.0,"	0.00",B1,B1,B体系,B体系,学习机托管七年级语文暑假B1服务,YW暑假智慧学习空间7B,否,,连季续,初一,七年级,七年级,2400.00,陈舒颖(703443),,暑假,暑假,正常,2026-07-30,2026-07-30,已审核,"走读,在线","常规面授,在线录播",在线录播,智慧学习机,20,2025-12-19,每天13:50-15:50,"有教材,开课前领取",2026-08-10,16,学习机托管(智慧),大润发301教室,大润发301教室,班级刷卡,20人,学习机托管,大润发教学区,2026-08-10,8,12,初一语文
"智慧学习部",英语,英语,英语,YYZH7A2700061,YY暑假智慧学习空间7B,学习机托管七年级英语暑假B1服务,通用,12,12,1440,1440,120.0,"	0.00",B1,B1,B体系,B体系,学习机托管七年级英语暑假B1服务,YY暑假智慧学习空间7B,否,,连季续,初一,七年级,七年级,2400.00,刘丽君(612602),,暑假,暑假,正常,2026-07-30,2026-07-30,已审核,"走读,在线","常规面授,在线录播",在线录播,智慧学习机,20,2025-12-19,每天13:50-15:50,"有教材,开课前领取",2026-08-10,13,学习机托管(智慧),洋湖新城306自习室,洋湖新城306自习室,班级刷卡,20人,学习机托管,洋湖新城智慧空间,2026-08-10,8,12,初一英语
"智慧学习部",数学,数学,数学,SXZH7A2700091,SX暑假智慧学习空间7A,学习机托管七年级数学暑假A2服务,通用,12,12,1440,1440,120.0,"	0.00",A2,A2,A体系,A体系,学习机托管七年级数学暑假A2服务,SX暑假智慧学习空间7A,否,,连季续,初一,七年级,七年级,2400.00,朱志超(703457),,暑假,暑假,正常,2026-07-30,2026-07-30,已审核,"走读,在线","常规面授,在线录播",在线录播,智慧学习机,20,2025-12-19,每天10:40-12:40,"有教材,开课前领取",2026-08-10,12,学习机托管(智慧),中信05自习室,中信05自习室,班级刷卡,20人,学习机托管,中信教学区,2026-08-10,8,12,初一数学
"智慧学习部",英语,英语,英语,YYZH7A27021,YY暑假智慧学习空间7A,学习机托管七年级英语暑假A2服务,通用,12,12,1440,1440,120.0,"	0.00",A2,A2,A体系,A体系,学习机托管七年级英语暑假A2服务,YY暑假智慧学习空间7A,否,,连季续,初一,七年级,七年级,2400.00,张丹(164519),,暑假,暑假,正常,2026-07-30,2026-07-30,已审核,"走读,在线","常规面授,在线录播",在线录播,智慧学习机,20,2026-03-24,每天13:50-15:50,"有教材,开课前领取",2026-08-10,23,学习机托管(智慧),洋湖卓伯根自习室4,洋湖卓伯根自习室4,班级刷卡,20人,学习机托管,洋湖卓伯根教学区,2026-08-10,8,12,初一英语
"智慧学习部",语文,语文,语文,YWZH7A27044,YW暑假智慧学习空间7B,学习机托管七年级语文暑假B1服务,通用,12,12,1440,1440,120.0,"	0.00",B1,B1,B体系,B体系,学习机托管七年级语文暑假B1服务,YW暑假智慧学习空间7B,否,,连季续,初一,七年级,七年级,2400.00,冯慧林(291485),,暑假,暑假,正常,2026-07-30,2026-07-30,已审核,"走读,在线","常规面授,在线录播",在线录播,智慧学习机,20,2026-03-24,每天16:00-18:00,"有教材,开课前领取",2026-08-10,12,学习机托管(智慧),东塘07自习室,东塘07自习室,班级刷卡,20人,学习机托管,东塘智慧空间,2026-08-10,8,12,初一语文
"智慧学习部",英语,英语,英语,YYZH7A27003,YY暑假智慧学习空间7A,学习机托管七年级英语暑假A2服务,通用,12,12,1440,1440,120.0,"	0.00",A2,A2,A体系,A体系,学习机托管七年级英语暑假A2服务,YY暑假智慧学习空间7A,否,,连季续,初一,七年级,七年级,2400.00,张浩(411180),,暑假,暑假,正常,2026-07-30,2026-07-30,已审核,"走读,在线","常规面授,在线录播",在线录播,智慧学习机,20,2026-03-24,每天13:50-15:50,"有教材,开课前领取",2026-08-10,23,学习机托管(智慧),梅溪湖旗舰店204教室,梅溪湖旗舰店204教室,班级刷卡,20人,学习机托管,梅溪湖旗舰店教学区,2026-08-10,8,12,初一英语
"智慧学习部",数学,数学,数学,SXZH7A270001,SX暑假智慧学习空间7B,学习机托管七年级数学暑假B1服务,通用,12,12,1440,1440,120.0,"	0.00",B1,B1,B体系,B体系,学习机托管七年级数学暑假B1服务,SX暑假智慧学习空间7B,否,,连季续,初一,七年级,七年级,2400.00,张浩然(703458),,暑假,暑假,正常,2026-07-30,2026-07-30,已审核,"走读,在线","常规面授,在线录播",在线录播,智慧学习机,20,2025-12-19,每天16:00-18:00,"有教材,开课前领取",2026-08-10,12,学习机托管(智慧),浏城桥507教室（新）,浏城桥507教室（新）,班级刷卡,20人,学习机托管,浏城桥教学区,2026-08-10,8,12,初一数学
"智慧学习部",数学,数学,数学,SXZH7A2700077,SX暑假智慧学习空间7A,学习机托管七年级数学暑假A2服务,通用,12,12,1440,1440,120.0,"	0.00",A2,A2,A体系,A体系,学习机托管七年级数学暑假A2服务,SX暑假智慧学习空间7A,否,,连季续,初一,七年级,七年级,2400.00,刘景荣(345593),,暑假,暑假,正常,2026-07-30,2026-07-30,已审核,"走读,在线","常规面授,在线录播",在线录播,智慧学习机,20,2025-12-19,每天08:30-10:30,"有教材,开课前领取",2026-08-10,13,学习机托管(智慧),东塘04自习室,东塘04自习室,班级刷卡,20人,学习机托管,东塘智慧空间,2026-08-10,8,12,初一数学
"智慧学习部",语文,语文,语文,YWZH7A27000134,YW暑假智慧学习空间7B,学习机托管七年级语文暑假B1服务,通用,12,12,1440,1440,120.0,"	0.00",B1,B1,B体系,B体系,学习机托管七年级语文暑假B1服务,YW暑假智慧学习空间7B,否,,连季续,初一,七年级,七年级,2400.00,陈舒颖(703443),,暑假,暑假,正常,2026-07-30,2026-07-30,已审核,"走读,在线","常规面授,在线录播",在线录播,智慧学习机,20,2025-12-19,每天10:40-12:40,"有教材,开课前领取",2026-08-10,23,学习机托管(智慧),大润发301教室,大润发301教室,班级刷卡,20人,学习机托管,大润发教学区,2026-08-10,8,12,初一语文
"智慧学习部",英语,英语,英语,YYZH7A27000104,YY暑假智慧学习空间7B,学习机托管七年级英语暑假B1服务,通用,12,12,1440,1440,120.0,"	0.00",B1,B1,B体系,B体系,学习机托管七年级英语暑假B1服务,YY暑假智慧学习空间7B,否,,连季续,初一,七年级,七年级,2400.00,段薇薇(612595),,暑假,暑假,正常,2026-07-30,2026-07-30,已审核,"走读,在线","常规面授,在线录播",在线录播,智慧学习机,20,2025-12-19,每天13:50-15:50,"有教材,开课前领取",2026-08-10,18,学习机托管(智慧),浏城桥507教室（新）,浏城桥507教室（新）,班级刷卡,20人,学习机托管,浏城桥教学区,2026-08-10,8,12,初一英语
"智慧学习部",英语,英语,英语,YYZH7A2700073,YY暑假智慧学习空间7A,学习机托管七年级英语暑假A2服务,通用,12,12,1440,1440,120.0,"	0.00",A2,A2,A体系,A体系,学习机托管七年级英语暑假A2服务,YY暑假智慧学习空间7A,否,,连季续,初一,七年级,七年级,2400.00,尚巾滟(703442),,暑假,暑假,正常,2026-07-30,2026-07-30,已审核,"走读,在线","常规面授,在线录播",在线录播,智慧学习机,20,2025-12-19,每天16:00-18:00,"有教材,开课前领取",2026-08-10,14,学习机托管(智慧),雨花家园405自习室,雨花家园405自习室,班级刷卡,20人,学习机托管,雨花家园智慧空间,2026-08-10,8,12,初一英语
"智慧学习部",英语,英语,英语,YYZH7A2700059,YY暑假智慧学习空间7B,学习机托管七年级英语暑假B1服务,通用,12,12,1440,1440,120.0,"	0.00",B1,B1,B体系,B体系,学习机托管七年级英语暑假B1服务,YY暑假智慧学习空间7B,否,,连季续,初一,七年级,七年级,2400.00,刘丽君(612602),,暑假,暑假,正常,2026-07-30,2026-07-30,已审核,"走读,在线","常规面授,在线录播",在线录播,智慧学习机,20,2025-12-19,每天16:00-18:00,"有教材,开课前领取",2026-08-10,14,学习机托管(智慧),洋湖新城306自习室,洋湖新城306自习室,班级刷卡,20人,学习机托管,洋湖新城智慧空间,2026-08-10,8,12,初一英语
"智慧学习部",数学,数学,数学,SXZH7A2700018,SX暑假智慧学习空间7C,学习机托管七年级数学暑假B2服务（C+）,通用,12,12,1440,1440,120.0,"	0.00",B2,B2,B体系,B体系,学习机托管七年级数学暑假B2服务,SX暑假智慧学习空间7C,否,,连季续,初一,七年级,七年级,2880.00,许晨(691969),,暑假,暑假,正常,2026-07-30,2026-07-30,已审核,"走读,在线","常规面授,在线录播",在线录播,智慧学习机,20,2025-12-19,每天13:50-15:50,"有教材,开课前领取",2026-08-10,11,学习机托管(智慧),梅溪湖旗舰店206教室,梅溪湖旗舰店206教室,班级刷卡,20人,学习机托管,梅溪湖旗舰店教学区,2026-08-10,8,12,初一数学
"智慧学习部",英语,英语,英语,YYZH7A270101,YY暑假智慧学习空间7C,学习机托管七年级英语暑假B2服务（C+）,通用,12,12,1440,1440,120.0,"	0.00",B2,B2,B体系,B体系,学习机托管七年级英语暑假B2服务,YY暑假智慧学习空间7C,否,,连季续,初一,七年级,七年级,2880.00,邓莹(703450),,暑假,暑假,正常,2026-07-30,2026-07-30,已审核,"走读,在线","常规面授,在线录播",在线录播,智慧学习机,20,2026-03-27,每天13:50-15:50,"有教材,开课前领取",2026-08-10,10,学习机托管(智慧),梅溪湖旗舰店201教室,梅溪湖旗舰店201教室,班级刷卡,20人,学习机托管,梅溪湖旗舰店教学区,2026-08-10,8,12,初一英语
"智慧学习部",数学,数学,数学,SXZH7A27018,SX暑假智慧学习空间7B,学习机托管七年级数学暑假B1服务,通用,12,12,1440,1440,120.0,"	0.00",B1,B1,B体系,B体系,学习机托管七年级数学暑假B1服务,SX暑假智慧学习空间7B,否,,连季续,初一,七年级,七年级,2400.00,韩晓颖(612622),,暑假,暑假,正常,2026-07-30,2026-07-30,已审核,"走读,在线","常规面授,在线录播",在线录播,智慧学习机,20,2026-03-24,每天13:50-15:50,"有教材,开课前领取",2026-08-10,9,学习机托管(智慧),洋湖卓伯根自习室3,洋湖卓伯根自习室3,班级刷卡,20人,学习机托管,洋湖卓伯根教学区,2026-08-10,8,12,初一数学
"智慧学习部",语文,语文,语文,YWZH7A27023,YW暑假智慧学习空间7B,学习机托管七年级语文暑假B1服务,通用,12,12,1440,1440,120.0,"	0.00",B1,B1,B体系,B体系,学习机托管七年级语文暑假B1服务,YW暑假智慧学习空间7B,否,,连季续,初一,七年级,七年级,2400.00,施石莲(612601),,暑假,暑假,正常,2026-07-30,2026-07-30,已审核,"走读,在线","常规面授,在线录播",在线录播,智慧学习机,20,2026-03-24,每天10:40-12:40,"有教材,开课前领取",2026-08-10,25,学习机托管(智慧),大润发305教室,大润发305教室,班级刷卡,20人,学习机托管,大润发教学区,2026-08-10,8,12,初一语文
"智慧学习部",数学,数学,数学,SXZH7A270008,SX暑假智慧学习空间7A,学习机托管七年级数学暑假A2服务,通用,12,12,1440,1440,120.0,"	0.00",A2,A2,A体系,A体系,学习机托管七年级数学暑假A2服务,SX暑假智慧学习空间7A,否,,连季续,初一,七年级,七年级,2400.00,罗畅(441059),,暑假,暑假,正常,2026-07-30,2026-07-30,已审核,"走读,在线","常规面授,在线录播",在线录播,智慧学习机,20,2025-12-19,每天10:40-12:40,"有教材,开课前领取",2026-08-10,18,学习机托管(智慧),井湾子07自习室,井湾子07自习室,班级刷卡,20人,学习机托管,井湾子智慧空间,2026-08-10,8,12,初一数学
"智慧学习部",数学,数学,数学,SXZH7A2700086,SX暑假智慧学习空间7B,学习机托管七年级数学暑假B1服务,通用,12,12,1440,1440,120.0,"	0.00",B1,B1,B体系,B体系,学习机托管七年级数学暑假B1服务,SX暑假智慧学习空间7B,否,,连季续,初一,七年级,七年级,2400.00,彭超群(359941),,暑假,暑假,正常,2026-07-30,2026-07-30,已审核,"走读,在线","常规面授,在线录播",在线录播,智慧学习机,20,2025-12-19,每天16:00-18:00,"有教材,开课前领取",2026-08-10,13,学习机托管(智慧),当代滨江203自习室,当代滨江203自习室,班级刷卡,20人,学习机托管,当代滨江智慧空间,2026-08-10,8,12,初一数学
"智慧学习部",数学,数学,数学,SXZH7A2700014,SX暑假智慧学习空间7A,学习机托管七年级数学暑假A2服务,通用,12,12,1440,1440,120.0,"	0.00",A2,A2,A体系,A体系,学习机托管七年级数学暑假A2服务,SX暑假智慧学习空间7A,否,,连季续,初一,七年级,七年级,2400.00,莫富虹(441056),,暑假,暑假,正常,2026-07-30,2026-07-30,已审核,"走读,在线","常规面授,在线录播",在线录播,智慧学习机,20,2025-12-19,每天13:50-15:50,"有教材,开课前领取",2026-08-10,14,学习机托管(智慧),梅溪湖旗舰店202教室,梅溪湖旗舰店202教室,班级刷卡,20人,学习机托管,梅溪湖旗舰店教学区,2026-08-10,8,12,初一数学
"智慧学习部",语文,语文,语文,YWZH7A27000164,YW暑假智慧学习空间7B,学习机托管七年级语文暑假B1服务,通用,12,12,1440,1440,120.0,"	0.00",B1,B1,B体系,B体系,学习机托管七年级语文暑假B1服务,YW暑假智慧学习空间7B,否,,连季续,初一,七年级,七年级,2400.00,卢湘林(358181),,暑假,暑假,正常,2026-07-30,2026-07-30,已审核,"走读,在线","常规面授,在线录播",在线录播,智慧学习机,20,2025-12-19,每天16:00-18:00,"有教材,开课前领取",2026-08-10,20,学习机托管(智慧),当代滨江208自习室,当代滨江208自习室,班级刷卡,20人,学习机托管,当代滨江智慧空间,2026-08-10,8,12,初一语文
"智慧学习部",语文,语文,语文,YWZH7A27000163,YW暑假智慧学习空间7B,学习机托管七年级语文暑假B1服务,通用,12,12,1440,1440,120.0,"	0.00",B1,B1,B体系,B体系,学习机托管七年级语文暑假B1服务,YW暑假智慧学习空间7B,否,,连季续,初一,七年级,七年级,2400.00,卢湘林(358181),,暑假,暑假,正常,2026-07-30,2026-07-30,已审核,"走读,在线","常规面授,在线录播",在线录播,智慧学习机,20,2025-12-19,每天10:40-12:40,"有教材,开课前领取",2026-08-10,15,学习机托管(智慧),当代滨江208自习室,当代滨江208自习室,班级刷卡,20人,学习机托管,当代滨江智慧空间,2026-08-10,8,12,初一语文
"智慧学习部",语文,语文,语文,YWZH7A27000135,YW暑假智慧学习空间7B,学习机托管七年级语文暑假B1服务,通用,12,12,1440,1440,120.0,"	0.00",B1,B1,B体系,B体系,学习机托管七年级语文暑假B1服务,YW暑假智慧学习空间7B,否,,连季续,初一,七年级,七年级,2400.00,施石莲(612601),,暑假,暑假,正常,2026-07-30,2026-07-30,已审核,"走读,在线","常规面授,在线录播",在线录播,智慧学习机,20,2025-12-19,每天16:00-18:00,"有教材,开课前领取",2026-08-10,15,学习机托管(智慧),大润发305教室,大润发305教室,班级刷卡,20人,学习机托管,大润发教学区,2026-08-10,8,12,初一语文
"智慧学习部",数学,数学,数学,SXZH7A27001,SX暑假智慧学习空间7A,学习机托管七年级数学暑假A2服务,通用,12,12,1440,1440,120.0,"	0.00",A2,A2,A体系,A体系,学习机托管七年级数学暑假A2服务,SX暑假智慧学习空间7A,否,,连季续,初一,七年级,七年级,2400.00,隆元铜(441060),,暑假,暑假,正常,2026-07-30,2026-07-30,已审核,"走读,在线","常规面授,在线录播",在线录播,智慧学习机,20,2025-12-18,每天10:40-12:40,"有教材,开课前领取",2026-08-10,17,学习机托管(智慧),梅溪湖旗舰店207教室,梅溪湖旗舰店207教室,班级刷卡,20人,学习机托管,梅溪湖旗舰店教学区,2026-08-10,8,12,初一数学
"智慧学习部",英语,英语,英语,YYZH7A270120,YY暑假智慧学习空间7B,学习机托管七年级英语暑假B1服务,通用,12,12,1440,1440,120.0,"	0.00",B1,B1,B体系,B体系,学习机托管七年级英语暑假B1服务,YY暑假智慧学习空间7B,否,,连季续,初一,七年级,七年级,2400.00,曾心如(714101),,暑假,暑假,正常,2026-07-30,2026-07-30,已审核,"走读,在线","常规面授,在线录播",在线录播,智慧学习机,20,2026-06-08,每天08:30-10:30,"有教材,开课前领取",2026-08-10,12,学习机托管(智慧),美林银谷402自习室,美林银谷402自习室,班级刷卡,20人,学习机托管,美林银谷智慧空间,2026-08-10,8,12,初一英语
"智慧学习部",英语,英语,英语,YYZH7A27024,YY暑假智慧学习空间7B,学习机托管七年级英语暑假B1服务,通用,12,12,1440,1440,120.0,"	0.00",B1,B1,B体系,B体系,学习机托管七年级英语暑假B1服务,YY暑假智慧学习空间7B,否,,连季续,初一,七年级,七年级,2400.00,杨立婧(714077),,暑假,暑假,正常,2026-07-30,2026-07-30,已审核,"走读,在线","常规面授,在线录播",在线录播,智慧学习机,20,2026-03-24,每天08:30-10:30,"有教材,开课前领取",2026-08-10,16,学习机托管(智慧),梅溪湖南自习室4,梅溪湖南自习室4,班级刷卡,20人,学习机托管,梅溪湖南教学区,2026-08-10,8,12,初一英语
"智慧学习部",英语,英语,英语,YYZH7A27022,YY暑假智慧学习空间7C,学习机托管七年级英语暑假B2服务（C+）,通用,12,12,1440,1440,120.0,"	0.00",B2,B2,B体系,B体系,学习机托管七年级英语暑假B2服务,YY暑假智慧学习空间7C,否,,连季续,初一,七年级,七年级,2880.00,杨立婧(714077),,暑假,暑假,正常,2026-07-30,2026-07-30,已审核,"走读,在线","常规面授,在线录播",在线录播,智慧学习机,20,2026-03-24,每天13:50-15:50,"有教材,开课前领取",2026-08-10,9,学习机托管(智慧),梅溪湖南自习室4,梅溪湖南自习室4,班级刷卡,20人,学习机托管,梅溪湖南教学区,2026-08-10,8,12,初一英语
"智慧学习部",英语,英语,英语,YYZH7A27062,YY暑假智慧学习空间7C,学习机托管七年级英语暑假B2服务（C+）,通用,12,12,1440,1440,120.0,"	0.00",B2,B2,B体系,B体系,学习机托管七年级英语暑假B2服务,YY暑假智慧学习空间7C,否,,连季续,初一,七年级,七年级,2880.00,钱宇亮(438747),,暑假,暑假,正常,2026-07-30,2026-07-30,已审核,"走读,在线","常规面授,在线录播",在线录播,智慧学习机,20,2026-03-25,每天08:30-10:30,"有教材,开课前领取",2026-08-10,10,学习机托管(智慧),方圆荟210自习室,方圆荟210自习室,班级刷卡,20人,学习机托管,方圆荟智慧空间,2026-08-10,8,12,初一英语
"智慧学习部",数学,数学,数学,SXZH7A2700027,SX暑假智慧学习空间7B,学习机托管七年级数学暑假B1服务,通用,12,12,1440,1440,120.0,"	0.00",B1,B1,B体系,B体系,学习机托管七年级数学暑假B1服务,SX暑假智慧学习空间7B,否,,连季续,初一,七年级,七年级,2400.00,李享(612621),,暑假,暑假,正常,2026-07-30,2026-07-30,已审核,"走读,在线","常规面授,在线录播",在线录播,智慧学习机,20,2025-12-19,每天13:50-15:50,"有教材,开课前领取",2026-08-10,18,学习机托管(智慧),方圆荟206自习室,方圆荟206自习室,班级刷卡,20人,学习机托管,方圆荟智慧空间,2026-08-10,8,12,初一数学
"智慧学习部",语文,语文,语文,YWZH7A27000125,YW暑假智慧学习空间7B,学习机托管七年级语文暑假B1服务,通用,12,12,1440,1440,120.0,"	0.00",B1,B1,B体系,B体系,学习机托管七年级语文暑假B1服务,YW暑假智慧学习空间7B,否,,连季续,初一,七年级,七年级,2400.00,曹颖(425260),,暑假,暑假,正常,2026-07-30,2026-07-30,已审核,"走读,在线","常规面授,在线录播",在线录播,智慧学习机,20,2025-12-19,每天08:30-10:30,"有教材,开课前领取",2026-08-10,19,学习机托管(智慧),方圆荟201自习室,方圆荟201自习室,班级刷卡,20人,学习机托管,方圆荟智慧空间,2026-08-10,8,12,初一语文
"智慧学习部",英语,英语,英语,YYZH7A2700032,YY暑假智慧学习空间7C,学习机托管七年级英语暑假B2服务（C+）,通用,12,12,1440,1440,120.0,"	0.00",B2,B2,B体系,B体系,学习机托管七年级英语暑假B2服务,YY暑假智慧学习空间7C,否,,连季续,初一,七年级,七年级,2880.00,曹安祁(714078),,暑假,暑假,正常,2026-07-30,2026-07-30,已审核,"走读,在线","常规面授,在线录播",在线录播,智慧学习机,20,2025-12-19,每天08:30-10:30,"有教材,开课前领取",2026-08-10,20,学习机托管(智慧),大润发302教室,大润发302教室,班级刷卡,20人,学习机托管,大润发教学区,2026-08-10,8,12,初一英语
"智慧学习部",英语,英语,英语,YYZH7A2700031,YY暑假智慧学习空间7C,学习机托管七年级英语暑假B2服务（C+）,通用,12,12,1440,1440,120.0,"	0.00",B2,B2,B体系,B体系,学习机托管七年级英语暑假B2服务,YY暑假智慧学习空间7C,否,,连季续,初一,七年级,七年级,2880.00,曹安祁(714078),,暑假,暑假,正常,2026-07-30,2026-07-30,已审核,"走读,在线","常规面授,在线录播",在线录播,智慧学习机,20,2025-12-19,每天10:40-12:40,"有教材,开课前领取",2026-08-10,20,学习机托管(智慧),大润发302教室,大润发302教室,班级刷卡,20人,学习机托管,大润发教学区,2026-08-10,8,12,初一英语
"智慧学习部",英语,英语,英语,YYZH7A2700026,YY暑假智慧学习空间7A,学习机托管七年级英语暑假A2服务,通用,12,12,1440,1440,120.0,"	0.00",A2,A2,A体系,A体系,学习机托管七年级英语暑假A2服务,YY暑假智慧学习空间7A,否,,连季续,初一,七年级,七年级,2400.00,李轶(705851),,暑假,暑假,正常,2026-07-30,2026-07-30,已审核,"走读,在线","常规面授,在线录播",在线录播,智慧学习机,20,2025-12-19,每天08:30-10:30,"有教材,开课前领取",2026-08-10,17,学习机托管(智慧),方圆荟203自习室,方圆荟203自习室,班级刷卡,20人,学习机托管,方圆荟智慧空间,2026-08-10,8,12,初一英语
"智慧学习部",英语,英语,英语,YYZH7A2700019,YY暑假智慧学习空间7C,学习机托管七年级英语暑假B2服务（C+）,通用,12,12,1440,1440,120.0,"	0.00",B2,B2,B体系,B体系,学习机托管七年级英语暑假B2服务,YY暑假智慧学习空间7C,否,,连季续,初一,七年级,七年级,2880.00,龙露曼(130380),,暑假,暑假,正常,2026-07-30,2026-07-30,已审核,"走读,在线","常规面授,在线录播",在线录播,智慧学习机,20,2025-12-19,每天13:50-15:50,"有教材,开课前领取",2026-08-10,16,学习机托管(智慧),方圆荟211自习室,方圆荟211自习室,班级刷卡,20人,学习机托管,方圆荟智慧空间,2026-08-10,8,12,初一英语
"智慧学习部",英语,英语,英语,YYZH7A270004,YY暑假智慧学习空间7B,学习机托管七年级英语暑假B1服务,通用,12,12,1440,1440,120.0,"	0.00",B1,B1,B体系,B体系,学习机托管七年级英语暑假B1服务,YY暑假智慧学习空间7B,否,,连季续,初一,七年级,七年级,2400.00,张浩(411180),,暑假,暑假,正常,2026-07-30,2026-07-30,已审核,"走读,在线","常规面授,在线录播",在线录播,智慧学习机,20,2025-12-19,每天10:40-12:40,"有教材,开课前领取",2026-08-10,20,学习机托管(智慧),梅溪湖旗舰店204教室,梅溪湖旗舰店204教室,班级刷卡,20人,学习机托管,梅溪湖旗舰店教学区,2026-08-10,8,12,初一英语
"智慧学习部",英语,英语,英语,YYZH7A27083,YY暑假智慧学习空间7A,学习机托管七年级英语暑假A2服务,通用,12,12,1440,1440,120.0,"	0.00",A2,A2,A体系,A体系,学习机托管七年级英语暑假A2服务,YY暑假智慧学习空间7A,否,,连季续,初一,七年级,七年级,2400.00,杨立婧(714077),,暑假,暑假,正常,2026-07-30,2026-07-30,已审核,"走读,在线","常规面授,在线录播",在线录播,智慧学习机,20,2026-04-20,每天10:40-12:40,"有教材,开课前领取",2026-08-10,6,学习机托管(智慧),梅溪湖南自习室4,梅溪湖南自习室4,班级刷卡,20人,学习机托管,梅溪湖南教学区,2026-08-10,8,12,初一英语
"智慧学习部",英语,英语,英语,YYZH7A27063,YY暑假智慧学习空间7C,学习机托管七年级英语暑假B2服务（C+）,通用,12,12,1440,1440,120.0,"	0.00",B2,B2,B体系,B体系,学习机托管七年级英语暑假B2服务,YY暑假智慧学习空间7C,否,,连季续,初一,七年级,七年级,2880.00,龙露曼(130380),,暑假,暑假,正常,2026-07-30,2026-07-30,已审核,"走读,在线","常规面授,在线录播",在线录播,智慧学习机,20,2026-03-25,每天16:00-18:00,"有教材,开课前领取",2026-08-10,19,学习机托管(智慧),方圆荟211自习室,方圆荟211自习室,班级刷卡,20人,学习机托管,方圆荟智慧空间,2026-08-10,8,12,初一英语
"智慧学习部",英语,英语,英语,YYZH7A27035,YY暑假智慧学习空间7A,学习机托管七年级英语暑假A2服务,通用,12,12,1440,1440,120.0,"	0.00",A2,A2,A体系,A体系,学习机托管七年级英语暑假A2服务,YY暑假智慧学习空间7A,否,,连季续,初一,七年级,七年级,2400.00,罗彩玉(698506),,暑假,暑假,正常,2026-07-30,2026-07-30,已审核,"走读,在线","常规面授,在线录播",在线录播,智慧学习机,20,2026-03-24,每天08:30-10:30,"有教材,开课前领取",2026-08-10,19,学习机托管(智慧),钰龙天下自习室02,钰龙天下自习室02,班级刷卡,20人,学习机托管,钰龙天下教学区,2026-08-10,8,12,初一英语
"智慧学习部",数学,数学,数学,SXZH7A2700011,SX暑假智慧学习空间7A,学习机托管七年级数学暑假A2服务,通用,12,12,1440,1440,120.0,"	0.00",A2,A2,A体系,A体系,学习机托管七年级数学暑假A2服务,SX暑假智慧学习空间7A,否,,连季续,初一,七年级,七年级,2400.00,朱志超(703457),,暑假,暑假,正常,2026-07-30,2026-07-30,已审核,"走读,在线","常规面授,在线录播",在线录播,智慧学习机,20,2025-12-19,每天08:30-10:30,"有教材,开课前领取",2026-08-10,12,学习机托管(智慧),中信05自习室,中信05自习室,班级刷卡,20人,学习机托管,中信教学区,2026-08-10,8,12,初一数学
"智慧学习部",数学,数学,数学,SXZH7A2700033,SX暑假智慧学习空间7A,学习机托管七年级数学暑假A2服务,通用,12,12,1440,1440,120.0,"	0.00",A2,A2,A体系,A体系,学习机托管七年级数学暑假A2服务,SX暑假智慧学习空间7A,否,,连季续,初一,七年级,七年级,2400.00,李享(612621),,暑假,暑假,正常,2026-07-30,2026-07-30,已审核,"走读,在线","常规面授,在线录播",在线录播,智慧学习机,20,2025-12-19,每天16:00-18:00,"有教材,开课前领取",2026-08-10,7,学习机托管(智慧),方圆荟206自习室,方圆荟206自习室,班级刷卡,20人,学习机托管,方圆荟智慧空间,2026-08-10,8,12,初一数学
"智慧学习部",语文,语文,语文,YWZH7A27000124,YW暑假智慧学习空间7B,学习机托管七年级语文暑假B1服务,通用,12,12,1440,1440,120.0,"	0.00",B1,B1,B体系,B体系,学习机托管七年级语文暑假B1服务,YW暑假智慧学习空间7B,否,,连季续,初一,七年级,七年级,2400.00,曹颖(425260),,暑假,暑假,正常,2026-07-30,2026-07-30,已审核,"走读,在线","常规面授,在线录播",在线录播,智慧学习机,20,2025-12-19,每天16:00-18:00,"有教材,开课前领取",2026-08-10,16,学习机托管(智慧),方圆荟201自习室,方圆荟201自习室,班级刷卡,20人,学习机托管,方圆荟智慧空间,2026-08-10,8,12,初一语文
"智慧学习部",英语,英语,英语,YYZH7A2700025,YY暑假智慧学习空间7A,学习机托管七年级英语暑假A2服务,通用,12,12,1440,1440,120.0,"	0.00",A2,A2,A体系,A体系,学习机托管七年级英语暑假A2服务,YY暑假智慧学习空间7A,否,,连季续,初一,七年级,七年级,2400.00,李轶(705851),,暑假,暑假,正常,2026-07-30,2026-07-30,已审核,"走读,在线","常规面授,在线录播",在线录播,智慧学习机,20,2025-12-19,每天16:00-18:00,"有教材,开课前领取",2026-08-10,15,学习机托管(智慧),方圆荟203自习室,方圆荟203自习室,班级刷卡,20人,学习机托管,方圆荟智慧空间,2026-08-10,8,12,初一英语
"智慧学习部",英语,英语,英语,YYZH7A2700021,YY暑假智慧学习空间7B,学习机托管七年级英语暑假B1服务,通用,12,12,1440,1440,120.0,"	0.00",B1,B1,B体系,B体系,学习机托管七年级英语暑假B1服务,YY暑假智慧学习空间7B,否,,连季续,初一,七年级,七年级,2400.00,李轶(705851),,暑假,暑假,正常,2026-07-30,2026-07-30,已审核,"走读,在线","常规面授,在线录播",在线录播,智慧学习机,20,2025-12-19,每天13:50-15:50,"有教材,开课前领取",2026-08-10,13,学习机托管(智慧),方圆荟203自习室,方圆荟203自习室,班级刷卡,20人,学习机托管,方圆荟智慧空间,2026-08-10,8,12,初一英语
"智慧学习部",英语,英语,英语,YYZH7A2700020,YY暑假智慧学习空间7B,学习机托管七年级英语暑假B1服务,通用,12,12,1440,1440,120.0,"	0.00",B1,B1,B体系,B体系,学习机托管七年级英语暑假B1服务,YY暑假智慧学习空间7B,否,,连季续,初一,七年级,七年级,2400.00,龙丽建(352029),,暑假,暑假,正常,2026-07-30,2026-07-30,已审核,"走读,在线","常规面授,在线录播",在线录播,智慧学习机,20,2025-12-19,每天16:00-18:00,"有教材,开课前领取",2026-08-10,16,学习机托管(智慧),方圆荟208自习室,方圆荟208自习室,班级刷卡,20人,学习机托管,方圆荟智慧空间,2026-08-10,8,12,初一英语
"智慧学习部",英语,英语,英语,YYZH7A2700119,YY暑假智慧学习空间7B,学习机托管七年级英语暑假B1服务,通用,12,12,1440,1440,120.0,"	0.00",B1,B1,B体系,B体系,学习机托管七年级英语暑假B1服务,YY暑假智慧学习空间7B,否,,连季续,初一,七年级,七年级,2400.00,刘茂林(416614),,暑假,暑假,正常,2026-07-30,2026-07-30,已审核,"走读,在线","常规面授,在线录播",在线录播,智慧学习机,20,2026-07-01,每天13:50-15:50,"有教材,开课前领取",2026-08-10,9,学习机托管(智慧),梅溪湖旗舰店205教室,梅溪湖旗舰店205教室,班级刷卡,20人,学习机托管,梅溪湖旗舰店教学区,2026-08-10,8,12,初一英语
"智慧学习部",数学,数学,数学,SXZH7A27098,SX暑假智慧学习空间7B,学习机托管七年级数学暑假B1服务,通用,12,12,1440,1440,120.0,"	0.00",B1,B1,B体系,B体系,学习机托管七年级数学暑假B1服务,SX暑假智慧学习空间7B,否,,连季续,初一,七年级,七年级,2400.00,屈文隽(422968),,暑假,暑假,正常,2026-07-30,2026-07-30,已审核,"走读,在线","常规面授,在线录播",在线录播,智慧学习机,20,2026-07-01,每天16:00-18:00,"有教材,开课前领取",2026-08-10,9,学习机托管(智慧),洋湖新城303自习室,洋湖新城303自习室,班级刷卡,20人,学习机托管,洋湖新城智慧空间,2026-08-10,8,12,初一数学
"智慧学习部",语文,语文,语文,YWZH7A27002,YW暑假智慧学习空间7B,学习机托管七年级语文暑假B1服务,通用,12,12,1440,1440,120.0,"	0.00",B1,B1,B体系,B体系,学习机托管七年级语文暑假B1服务,YW暑假智慧学习空间7B,否,,连季续,初一,七年级,七年级,2400.00,陈锴丰(612610),,暑假,暑假,正常,2026-07-30,2026-07-30,已审核,"走读,在线","常规面授,在线录播",在线录播,智慧学习机,20,2026-03-24,每天10:40-12:40,"有教材,开课前领取",2026-08-10,21,学习机托管(智慧),梅溪湖旗舰店208教室,梅溪湖旗舰店208教室,班级刷卡,20人,学习机托管,梅溪湖旗舰店教学区,2026-08-10,8,12,初一语文
"智慧学习部",英语,英语,英语,YYZH7A27012,YY暑假智慧学习空间7A,学习机托管七年级英语暑假A2服务,通用,12,12,1440,1440,120.0,"	0.00",A2,A2,A体系,A体系,学习机托管七年级英语暑假A2服务,YY暑假智慧学习空间7A,否,,连季续,初一,七年级,七年级,2400.00,吴雨翾(434114),,暑假,暑假,正常,2026-07-30,2026-07-30,已审核,"走读,在线","常规面授,在线录播",在线录播,智慧学习机,20,2026-03-24,每天16:00-18:00,"有教材,开课前领取",2026-08-10,9,学习机托管(智慧),美林银谷401自习室,美林银谷401自习室,班级刷卡,20人,学习机托管,美林银谷智慧空间,2026-08-10,8,12,初一英语
"智慧学习部",语文,语文,语文,YWZH7A27033,YW暑假智慧学习空间7B,学习机托管七年级语文暑假B1服务,通用,12,12,1440,1440,120.0,"	0.00",B1,B1,B体系,B体系,学习机托管七年级语文暑假B1服务,YW暑假智慧学习空间7B,否,,连季续,初一,七年级,七年级,2400.00,刘蕊(703456),,暑假,暑假,正常,2026-07-30,2026-07-30,已审核,"走读,在线","常规面授,在线录播",在线录播,智慧学习机,20,2026-03-24,每天13:50-15:50,"有教材,开课前领取",2026-08-10,16,学习机托管(智慧),钰龙天下自习室01,钰龙天下自习室01,班级刷卡,20人,学习机托管,钰龙天下教学区,2026-08-10,8,12,初一语文
"智慧学习部",英语,英语,英语,YYZH7A27036,YY暑假智慧学习空间7B,学习机托管七年级英语暑假B1服务,通用,12,12,1440,1440,120.0,"	0.00",B1,B1,B体系,B体系,学习机托管七年级英语暑假B1服务,YY暑假智慧学习空间7B,否,,连季续,初一,七年级,七年级,2400.00,罗彩玉(698506),,暑假,暑假,正常,2026-07-30,2026-07-30,已审核,"走读,在线","常规面授,在线录播",在线录播,智慧学习机,20,2026-03-24,每天13:50-15:50,"有教材,开课前领取",2026-08-10,12,学习机托管(智慧),钰龙天下自习室02,钰龙天下自习室02,班级刷卡,20人,学习机托管,钰龙天下教学区,2026-08-10,8,12,初一英语
"智慧学习部",语文,语文,语文,YWZH7A27000143,YW暑假智慧学习空间7B,学习机托管七年级语文暑假B1服务,通用,12,12,1440,1440,120.0,"	0.00",B1,B1,B体系,B体系,学习机托管七年级语文暑假B1服务,YW暑假智慧学习空间7B,否,,连季续,初一,七年级,七年级,2400.00,蒋莹(703444),,暑假,暑假,正常,2026-07-30,2026-07-30,已审核,"走读,在线","常规面授,在线录播",在线录播,智慧学习机,20,2025-12-19,每天08:30-10:30,"有教材,开课前领取",2026-08-10,12,学习机托管(智慧),晚报大厦206教室,晚报大厦206教室,班级刷卡,20人,学习机托管,晚报大厦教学区,2026-08-10,8,12,初一语文
"智慧学习部",英语,英语,英语,YYZH7A2700095,YY暑假智慧学习空间7A,学习机托管七年级英语暑假A2服务,通用,12,12,1440,1440,120.0,"	0.00",A2,A2,A体系,A体系,学习机托管七年级英语暑假A2服务,YY暑假智慧学习空间7A,否,,连季续,初一,七年级,七年级,2400.00,杨圆圆(612613),,暑假,暑假,正常,2026-07-30,2026-07-30,已审核,"走读,在线","常规面授,在线录播",在线录播,智慧学习机,20,2025-12-19,每天10:40-12:40,"有教材,开课前领取",2026-08-10,6,学习机托管(智慧),当代滨江201自习室,当代滨江201自习室,班级刷卡,20人,学习机托管,当代滨江智慧空间,2026-08-10,8,12,初一英语
"智慧学习部",英语,英语,英语,YYZH7A2700068,YY暑假智慧学习空间7B,学习机托管七年级英语暑假B1服务,通用,12,12,1440,1440,120.0,"	0.00",B1,B1,B体系,B体系,学习机托管七年级英语暑假B1服务,YY暑假智慧学习空间7B,否,,连季续,初一,七年级,七年级,2400.00,尚巾滟(703442),,暑假,暑假,正常,2026-07-30,2026-07-30,已审核,"走读,在线","常规面授,在线录播",在线录播,智慧学习机,20,2025-12-19,每天10:40-12:40,"有教材,开课前领取",2026-08-10,18,学习机托管(智慧),雨花家园405自习室,雨花家园405自习室,班级刷卡,20人,学习机托管,雨花家园智慧空间,2026-08-10,8,12,初一英语
"智慧学习部",英语,英语,英语,YYZH7A2700024,YY暑假智慧学习空间7A,学习机托管七年级英语暑假A2服务,通用,12,12,1440,1440,120.0,"	0.00",A2,A2,A体系,A体系,学习机托管七年级英语暑假A2服务,YY暑假智慧学习空间7A,否,,连季续,初一,七年级,七年级,2400.00,龙丽建(352029),,暑假,暑假,正常,2026-07-30,2026-07-30,已审核,"走读,在线","常规面授,在线录播",在线录播,智慧学习机,20,2025-12-19,每天13:50-15:50,"有教材,开课前领取",2026-08-10,19,学习机托管(智慧),方圆荟208自习室,方圆荟208自习室,班级刷卡,20人,学习机托管,方圆荟智慧空间,2026-08-10,8,12,初一英语
"智慧学习部",英语,英语,英语,YYZH7A270006,YY暑假智慧学习空间7B,学习机托管七年级英语暑假B1服务,通用,12,12,1440,1440,120.0,"	0.00",B1,B1,B体系,B体系,学习机托管七年级英语暑假B1服务,YY暑假智慧学习空间7B,否,,连季续,初一,七年级,七年级,2400.00,张浩(411180),,暑假,暑假,正常,2026-07-30,2026-07-30,已审核,"走读,在线","常规面授,在线录播",在线录播,智慧学习机,20,2025-12-19,每天16:00-18:00,"有教材,开课前领取",2026-08-10,18,学习机托管(智慧),梅溪湖旗舰店204教室,梅溪湖旗舰店204教室,班级刷卡,20人,学习机托管,梅溪湖旗舰店教学区,2026-08-10,8,12,初一英语
"智慧学习部",英语,英语,英语,YYZH7A27085,YY暑假智慧学习空间7A,学习机托管七年级英语暑假A2服务,通用,12,12,1440,1440,120.0,"	0.00",A2,A2,A体系,A体系,学习机托管七年级英语暑假A2服务,YY暑假智慧学习空间7A,否,,连季续,初一,七年级,七年级,2400.00,刘丽君(612602),,暑假,暑假,正常,2026-07-30,2026-07-30,已审核,"走读,在线","常规面授,在线录播",在线录播,智慧学习机,20,2026-07-15,每天08:30-10:30,"有教材,开课前领取",2026-08-10,10,学习机托管(智慧),洋湖新城308自习室,洋湖新城308自习室,班级刷卡,20人,学习机托管,洋湖新城智慧空间,2026-08-10,8,12,初一英语
"智慧学习部",数学,数学,数学,SXZH7A27048,SX暑假智慧学习空间7B,学习机托管七年级数学暑假B1服务,通用,12,12,1440,1440,120.0,"	0.00",B1,B1,B体系,B体系,学习机托管七年级数学暑假B1服务,SX暑假智慧学习空间7B,否,,连季续,初一,七年级,七年级,2400.00,刘景荣(345593),,暑假,暑假,正常,2026-07-30,2026-07-30,已审核,"走读,在线","常规面授,在线录播",在线录播,智慧学习机,20,2026-03-24,每天13:50-15:50,"有教材,开课前领取",2026-08-10,16,学习机托管(智慧),东塘05自习室,东塘05自习室,班级刷卡,20人,学习机托管,东塘智慧空间,2026-08-10,8,12,初一数学
"智慧学习部",数学,数学,数学,SXZH7A27040,SX暑假智慧学习空间7A,学习机托管七年级数学暑假A2服务,通用,12,12,1440,1440,120.0,"	0.00",A2,A2,A体系,A体系,学习机托管七年级数学暑假A2服务,SX暑假智慧学习空间7A,否,,连季续,初一,七年级,七年级,2400.00,谢顺意(703455),,暑假,暑假,正常,2026-07-30,2026-07-30,已审核,"走读,在线","常规面授,在线录播",在线录播,智慧学习机,20,2026-03-24,每天13:50-15:50,"有教材,开课前领取",2026-08-10,18,学习机托管(智慧),星沙筑梦自习室6,星沙筑梦自习室6,班级刷卡,20人,学习机托管,星沙筑梦教学区,2026-08-10,8,12,初一数学
"智慧学习部",英语,英语,英语,YYZH7A27070,YY暑假智慧学习空间7C,学习机托管七年级英语暑假B2服务（C+）,通用,12,12,1440,1440,120.0,"	0.00",B2,B2,B体系,B体系,学习机托管七年级英语暑假B2服务,YY暑假智慧学习空间7C,否,,连季续,初一,七年级,七年级,2880.00,韩若萱(612599),,暑假,暑假,正常,2026-07-30,2026-07-30,已审核,"走读,在线","常规面授,在线录播",在线录播,智慧学习机,20,2026-03-24,每天08:30-10:30,"有教材,开课前领取",2026-08-10,22,学习机托管(智慧),中信04自习室,中信04自习室,班级刷卡,20人,学习机托管,中信教学区,2026-08-10,8,12,初一英语
"智慧学习部",英语,英语,英语,YYZH7A27040,YY暑假智慧学习空间7A,学习机托管七年级英语暑假A2服务,通用,12,12,1440,1440,120.0,"	0.00",A2,A2,A体系,A体系,学习机托管七年级英语暑假A2服务,YY暑假智慧学习空间7A,否,,连季续,初一,七年级,七年级,2400.00,李玉姣(615263),,暑假,暑假,正常,2026-07-30,2026-07-30,已审核,"走读,在线","常规面授,在线录播",在线录播,智慧学习机,20,2026-03-24,每天08:30-10:30,"有教材,开课前领取",2026-08-10,14,学习机托管(智慧),星沙筑梦自习室4,星沙筑梦自习室4,班级刷卡,20人,学习机托管,星沙筑梦教学区,2026-08-10,8,12,初一英语
"智慧学习部",数学,数学,数学,SXZH7A27057,SX暑假智慧学习空间7C,学习机托管七年级数学暑假B2服务（C+）,通用,12,12,1440,1440,120.0,"	0.00",B2,B2,B体系,B体系,学习机托管七年级数学暑假B2服务,SX暑假智慧学习空间7C,否,,连季续,初一,七年级,七年级,2880.00,雷姣(680299),,暑假,暑假,正常,2026-07-30,2026-07-30,已审核,"走读,在线","常规面授,在线录播",在线录播,智慧学习机,20,2026-03-25,每天13:50-15:50,"有教材,开课前领取",2026-08-10,21,学习机托管(智慧),梅溪湖旗舰店209教室,梅溪湖旗舰店209教室,班级刷卡,20人,学习机托管,梅溪湖旗舰店教学区,2026-08-10,8,12,初一数学
"智慧学习部",语文,语文,语文,YWZH7A2700010,YW暑假智慧学习空间7B,学习机托管七年级语文暑假B1服务,通用,12,12,1440,1440,120.0,"	0.00",B1,B1,B体系,B体系,学习机托管七年级语文暑假B1服务,YW暑假智慧学习空间7B,否,,连季续,初一,七年级,七年级,2400.00,谢赛(703453),,暑假,暑假,正常,2026-07-30,2026-07-30,已审核,"走读,在线","常规面授,在线录播",在线录播,智慧学习机,20,2025-12-19,每天13:50-15:50,"有教材,开课前领取",2026-08-10,17,学习机托管(智慧),中信05自习室,中信05自习室,班级刷卡,20人,学习机托管,中信教学区,2026-08-10,8,12,初一语文
"智慧学习部",英语,英语,英语,YYZH7A27000105,YY暑假智慧学习空间7C,学习机托管七年级英语暑假B2服务（C+）,通用,12,12,1440,1440,120.0,"	0.00",B2,B2,B体系,B体系,学习机托管七年级英语暑假B2服务,YY暑假智慧学习空间7C,否,,连季续,初一,七年级,七年级,2880.00,肖佳丽(248540),,暑假,暑假,正常,2026-07-30,2026-07-30,已审核,"走读,在线","常规面授,在线录播",在线录播,智慧学习机,20,2025-12-19,每天13:50-15:50,"有教材,开课前领取",2026-08-10,18,学习机托管(智慧),浏城桥515教室（新）,浏城桥515教室（新）,班级刷卡,20人,学习机托管,浏城桥教学区,2026-08-10,8,12,初一英语
"智慧学习部",英语,英语,英语,YYZH7A2700077,YY暑假智慧学习空间7C,学习机托管七年级英语暑假B2服务（C+）,通用,12,12,1440,1440,120.0,"	0.00",B2,B2,B体系,B体系,学习机托管七年级英语暑假B2服务,YY暑假智慧学习空间7C,否,,连季续,初一,七年级,七年级,2880.00,李琴(703452),,暑假,暑假,正常,2026-07-30,2026-07-30,已审核,"走读,在线","常规面授,在线录播",在线录播,智慧学习机,20,2025-12-19,每天10:40-12:40,"有教材,开课前领取",2026-08-10,19,学习机托管(智慧),东塘04自习室,东塘04自习室,班级刷卡,20人,学习机托管,东塘智慧空间,2026-08-10,8,12,初一英语
"智慧学习部",英语,英语,英语,YYZH7A2700010,YY暑假智慧学习空间7A,学习机托管七年级英语暑假A2服务,通用,12,12,1440,1440,120.0,"	0.00",A2,A2,A体系,A体系,学习机托管七年级英语暑假A2服务,YY暑假智慧学习空间7A,否,,连季续,初一,七年级,七年级,2400.00,刘茂林(416614),,暑假,暑假,正常,2026-07-30,2026-07-30,已审核,"走读,在线","常规面授,在线录播",在线录播,智慧学习机,20,2025-12-19,每天10:40-12:40,"有教材,开课前领取",2026-08-10,24,学习机托管(智慧),梅溪湖旗舰店206教室,梅溪湖旗舰店206教室,班级刷卡,20人,学习机托管,梅溪湖旗舰店教学区,2026-08-10,8,12,初一英语
"智慧学习部",数学,数学,数学,SXZH7A27032,SX暑假智慧学习空间7B,学习机托管七年级数学暑假B1服务,通用,12,12,1440,1440,120.0,"	0.00",B1,B1,B体系,B体系,学习机托管七年级数学暑假B1服务,SX暑假智慧学习空间7B,否,,连季续,初一,七年级,七年级,2400.00,吴晗(105568),,暑假,暑假,正常,2026-07-30,2026-07-30,已审核,"走读,在线","常规面授,在线录播",在线录播,智慧学习机,20,2026-03-24,每天16:00-18:00,"有教材,开课前领取",2026-08-10,19,学习机托管(智慧),方圆荟202自习室,方圆荟202自习室,班级刷卡,20人,学习机托管,方圆荟智慧空间,2026-08-10,8,12,初一数学
"智慧学习部",英语,英语,英语,YYZH7A27051,YY暑假智慧学习空间7B,学习机托管七年级英语暑假B1服务,通用,12,12,1440,1440,120.0,"	0.00",B1,B1,B体系,B体系,学习机托管七年级英语暑假B1服务,YY暑假智慧学习空间7B,否,,连季续,初一,七年级,七年级,2400.00,李琴(703452),,暑假,暑假,正常,2026-07-30,2026-07-30,已审核,"走读,在线","常规面授,在线录播",在线录播,智慧学习机,20,2026-03-24,每天08:30-10:30,"有教材,开课前领取",2026-08-10,19,学习机托管(智慧),东塘05自习室,东塘05自习室,班级刷卡,20人,学习机托管,东塘智慧空间,2026-08-10,8,12,初一英语
"智慧学习部",语文,语文,语文,YWZH7A27047,YW暑假智慧学习空间7B,学习机托管七年级语文暑假B1服务,通用,12,12,1440,1440,120.0,"	0.00",B1,B1,B体系,B体系,学习机托管七年级语文暑假B1服务,YW暑假智慧学习空间7B,否,,连季续,初一,七年级,七年级,2400.00,冯慧林(291485),,暑假,暑假,正常,2026-07-30,2026-07-30,已审核,"走读,在线","常规面授,在线录播",在线录播,智慧学习机,20,2026-03-24,每天10:40-12:40,"有教材,开课前领取",2026-08-10,10,学习机托管(智慧),吉联mall03自习室,吉联mall303自习室,班级刷卡,20人,学习机托管,吉联mall教学区,2026-08-10,8,12,初一语文
"智慧学习部",数学,数学,数学,SXZH7A2700064,SX暑假智慧学习空间7B,学习机托管七年级数学暑假B1服务,通用,12,12,1440,1440,120.0,"	0.00",B1,B1,B体系,B体系,学习机托管七年级数学暑假B1服务,SX暑假智慧学习空间7B,否,,连季续,初一,七年级,七年级,2400.00,肖璇(384358),,暑假,暑假,正常,2026-07-30,2026-07-30,已审核,"走读,在线","常规面授,在线录播",在线录播,智慧学习机,20,2025-12-19,每天16:00-18:00,"有教材,开课前领取",2026-08-10,20,学习机托管(智慧),雨花家园408自习室,雨花家园408自习室,班级刷卡,20人,学习机托管,雨花家园智慧空间,2026-08-10,8,12,初一数学
"智慧学习部",数学,数学,数学,SXZH7A2700062,SX暑假智慧学习空间7A,学习机托管七年级数学暑假A2服务,通用,12,12,1440,1440,120.0,"	0.00",A2,A2,A体系,A体系,学习机托管七年级数学暑假A2服务,SX暑假智慧学习空间7A,否,,连季续,初一,七年级,七年级,2400.00,韩晓颖(612622),,暑假,暑假,正常,2026-07-30,2026-07-30,已审核,"走读,在线","常规面授,在线录播",在线录播,智慧学习机,20,2025-12-19,每天08:30-10:30,"有教材,开课前领取",2026-08-10,19,学习机托管(智慧),洋湖新城301自习室,洋湖新城301自习室,班级刷卡,20人,学习机托管,洋湖新城智慧空间,2026-08-10,8,12,初一数学
"智慧学习部",语文,语文,语文,YWZH7A27000157,YW暑假智慧学习空间7B,学习机托管七年级语文暑假B1服务,通用,12,12,1440,1440,120.0,"	0.00",B1,B1,B体系,B体系,学习机托管七年级语文暑假B1服务,YW暑假智慧学习空间7B,否,,连季续,初一,七年级,七年级,2400.00,汪薇(703463),,暑假,暑假,正常,2026-07-30,2026-07-30,已审核,"走读,在线","常规面授,在线录播",在线录播,智慧学习机,20,2025-12-19,每天13:50-15:50,"有教材,开课前领取",2026-08-10,24,学习机托管(智慧),雨花家园401自习室,雨花家园401自习室,班级刷卡,20人,学习机托管,雨花家园智慧空间,2026-08-10,8,12,初一语文
"智慧学习部",英语,英语,英语,YYZH7A2700090,YY暑假智慧学习空间7C,学习机托管七年级英语暑假B2服务（C+）,通用,12,12,1440,1440,120.0,"	0.00",B2,B2,B体系,B体系,学习机托管七年级英语暑假B2服务,YY暑假智慧学习空间7C,否,,连季续,初一,七年级,七年级,2880.00,王翔(097481),,暑假,暑假,正常,2026-07-30,2026-07-30,已审核,"走读,在线","常规面授,在线录播",在线录播,智慧学习机,20,2025-12-19,每天08:30-10:30,"有教材,开课前领取",2026-08-10,23,学习机托管(智慧),美林银谷403自习室,美林银谷403自习室,班级刷卡,20人,学习机托管,美林银谷智慧空间,2026-08-10,8,12,初一英语
"智慧学习部",英语,英语,英语,YYZH7A2700084,YY暑假智慧学习空间7C,学习机托管七年级英语暑假B2服务（C+）,通用,12,12,1440,1440,120.0,"	0.00",B2,B2,B体系,B体系,学习机托管七年级英语暑假B2服务,YY暑假智慧学习空间7C,否,,连季续,初一,七年级,七年级,2880.00,刘叶丛(037939),,暑假,暑假,正常,2026-07-30,2026-07-30,已审核,"走读,在线","常规面授,在线录播",在线录播,智慧学习机,20,2025-12-19,每天13:50-15:50,"有教材,开课前领取",2026-08-10,14,学习机托管(智慧),当代滨江206自习室,当代滨江206自习室,班级刷卡,20人,学习机托管,当代滨江智慧空间,2026-08-10,8,12,初一英语
"智慧学习部",英语,英语,英语,YYZH7A2700060,YY暑假智慧学习空间7A,学习机托管七年级英语暑假A2服务,通用,12,12,1440,1440,120.0,"	0.00",A2,A2,A体系,A体系,学习机托管七年级英语暑假A2服务,YY暑假智慧学习空间7A,否,,连季续,初一,七年级,七年级,2400.00,刘丽君(612602),,暑假,暑假,正常,2026-07-30,2026-07-30,已审核,"走读,在线","常规面授,在线录播",在线录播,智慧学习机,20,2025-12-19,每天10:40-12:40,"有教材,开课前领取",2026-08-10,21,学习机托管(智慧),洋湖新城306自习室,洋湖新城306自习室,班级刷卡,20人,学习机托管,洋湖新城智慧空间,2026-08-10,8,12,初一英语
"智慧学习部",英语,英语,英语,YYZH7A270005,YY暑假智慧学习空间7C,学习机托管七年级英语暑假B2服务（C+）,通用,12,12,1440,1440,120.0,"	0.00",B2,B2,B体系,B体系,学习机托管七年级英语暑假B2服务,YY暑假智慧学习空间7C,否,,连季续,初一,七年级,七年级,2880.00,王翔(097481),,暑假,暑假,正常,2026-07-30,2026-07-30,已审核,"走读,在线","常规面授,在线录播",在线录播,智慧学习机,20,2025-12-19,每天13:50-15:50,"有教材,开课前领取",2026-08-10,20,学习机托管(智慧),梅溪湖旗舰店203教室,梅溪湖旗舰店203教室,班级刷卡,20人,学习机托管,梅溪湖旗舰店教学区,2026-08-10,8,12,初一英语
"智慧学习部",英语,英语,英语,YYZH7A27088,YY暑假智慧学习空间7A,学习机托管七年级英语暑假A2服务,通用,12,12,1440,1440,120.0,"	0.00",A2,A2,A体系,A体系,学习机托管七年级英语暑假A2服务,YY暑假智慧学习空间7A,否,,连季续,初一,七年级,七年级,2400.00,金志红(345591),,暑假,暑假,正常,2026-07-30,2026-07-30,已审核,"走读,在线","常规面授,在线录播",在线录播,智慧学习机,20,2026-07-26,每天16:00-18:00,"有教材,开课前领取",2026-08-10,12,学习机托管(智慧),吉联mall301自习室,吉联mall301自习室,班级刷卡,20人,学习机托管,吉联mall教学区,2026-08-10,8,12,初一英语
"智慧学习部",语文,语文,语文,YWZH7A27015,YW暑假智慧学习空间7B,学习机托管七年级语文暑假B1服务,通用,12,12,1440,1440,120.0,"	0.00",B1,B1,B体系,B体系,学习机托管七年级语文暑假B1服务,YW暑假智慧学习空间7B,否,,连季续,初一,七年级,七年级,2400.00,刘宇彤(703447),,暑假,暑假,正常,2026-07-30,2026-07-30,已审核,"走读,在线","常规面授,在线录播",在线录播,智慧学习机,20,2026-03-24,每天13:50-15:50,"有教材,开课前领取",2026-08-10,20,学习机托管(智慧),洋湖新城308自习室,洋湖新城308自习室,班级刷卡,20人,学习机托管,洋湖新城智慧空间,2026-08-10,8,12,初一语文
"智慧学习部",数学,数学,数学,SXZH7A2700082,SX暑假智慧学习空间7A,学习机托管七年级数学暑假A2服务,通用,12,12,1440,1440,120.0,"	0.00",A2,A2,A体系,A体系,学习机托管七年级数学暑假A2服务,SX暑假智慧学习空间7A,否,,连季续,初一,七年级,七年级,2400.00,唐倩倩(352031),,暑假,暑假,正常,2026-07-30,2026-07-30,已审核,"走读,在线","常规面授,在线录播",在线录播,智慧学习机,20,2025-12-19,每天13:50-15:50,"有教材,开课前领取",2026-08-10,18,学习机托管(智慧),美林银谷402自习室,美林银谷402自习室,班级刷卡,20人,学习机托管,美林银谷智慧空间,2026-08-10,8,12,初一数学
"智慧学习部",数学,数学,数学,SXZH7A2700032,SX暑假智慧学习空间7A,学习机托管七年级数学暑假A2服务,通用,12,12,1440,1440,120.0,"	0.00",A2,A2,A体系,A体系,学习机托管七年级数学暑假A2服务,SX暑假智慧学习空间7A,否,,连季续,初一,七年级,七年级,2400.00,周彦彤(438847),,暑假,暑假,正常,2026-07-30,2026-07-30,已审核,"走读,在线","常规面授,在线录播",在线录播,智慧学习机,20,2025-12-19,每天10:40-12:40,"有教材,开课前领取",2026-08-10,8,学习机托管(智慧),方圆荟206自习室,方圆荟206自习室,班级刷卡,20人,学习机托管,方圆荟智慧空间,2026-08-10,8,12,初一数学
"智慧学习部",语文,语文,语文,YWZH7A27000130,YW暑假智慧学习空间7B,学习机托管七年级语文暑假B1服务,通用,12,12,1440,1440,120.0,"	0.00",B1,B1,B体系,B体系,学习机托管七年级语文暑假B1服务,YW暑假智慧学习空间7B,否,,连季续,初一,七年级,七年级,2400.00,曹颖(425260),,暑假,暑假,正常,2026-07-30,2026-07-30,已审核,"走读,在线","常规面授,在线录播",在线录播,智慧学习机,20,2025-12-19,每天10:40-12:40,"有教材,开课前领取",2026-08-10,21,学习机托管(智慧),方圆荟201自习室,方圆荟201自习室,班级刷卡,20人,学习机托管,方圆荟智慧空间,2026-08-10,8,12,初一语文
"智慧学习部",英语,英语,英语,YYZH7A27000103,YY暑假智慧学习空间7A,学习机托管七年级英语暑假A2服务,通用,12,12,1440,1440,120.0,"	0.00",A2,A2,A体系,A体系,学习机托管七年级英语暑假A2服务,YY暑假智慧学习空间7A,否,,连季续,初一,七年级,七年级,2400.00,段薇薇(612595),,暑假,暑假,正常,2026-07-30,2026-07-30,已审核,"走读,在线","常规面授,在线录播",在线录播,智慧学习机,20,2025-12-19,每天08:30-10:30,"有教材,开课前领取",2026-08-10,21,学习机托管(智慧),浏城桥515教室（新）,浏城桥515教室（新）,班级刷卡,20人,学习机托管,浏城桥教学区,2026-08-10,8,12,初一英语
"智慧学习部",英语,英语,英语,YYZH7A2700099,YY暑假智慧学习空间7A,学习机托管七年级英语暑假A2服务,通用,12,12,1440,1440,120.0,"	0.00",A2,A2,A体系,A体系,学习机托管七年级英语暑假A2服务,YY暑假智慧学习空间7A,否,,连季续,初一,七年级,七年级,2400.00,吴雨翾(434114),,暑假,暑假,正常,2026-07-30,2026-07-30,已审核,"走读,在线","常规面授,在线录播",在线录播,智慧学习机,20,2025-12-19,每天10:40-12:40,"有教材,开课前领取",2026-08-10,14,学习机托管(智慧),美林银谷401自习室,美林银谷401自习室,班级刷卡,20人,学习机托管,美林银谷智慧空间,2026-08-10,8,12,初一英语
"智慧学习部",英语,英语,英语,YYZH7A2700091,YY暑假智慧学习空间7B,学习机托管七年级英语暑假B1服务,通用,12,12,1440,1440,120.0,"	0.00",B1,B1,B体系,B体系,学习机托管七年级英语暑假B1服务,YY暑假智慧学习空间7B,否,,连季续,初一,七年级,七年级,2400.00,曾心如(714101),,暑假,暑假,正常,2026-07-30,2026-07-30,已审核,"走读,在线","常规面授,在线录播",在线录播,智慧学习机,20,2025-12-19,每天16:00-18:00,"有教材,开课前领取",2026-08-10,15,学习机托管(智慧),美林银谷402自习室,美林银谷402自习室,班级刷卡,20人,学习机托管,美林银谷智慧空间,2026-08-10,8,12,初一英语
"智慧学习部",英语,英语,英语,YYZH7A2700089,YY暑假智慧学习空间7B,学习机托管七年级英语暑假B1服务,通用,12,12,1440,1440,120.0,"	0.00",B1,B1,B体系,B体系,学习机托管七年级英语暑假B1服务,YY暑假智慧学习空间7B,否,,连季续,初一,七年级,七年级,2400.00,刘叶丛(037939),,暑假,暑假,正常,2026-07-30,2026-07-30,已审核,"走读,在线","常规面授,在线录播",在线录播,智慧学习机,20,2025-12-19,每天08:30-10:30,"有教材,开课前领取",2026-08-10,24,学习机托管(智慧),当代滨江206自习室,当代滨江206自习室,班级刷卡,20人,学习机托管,当代滨江智慧空间,2026-08-10,8,12,初一英语
"智慧学习部",数学,数学,数学,SXZH7A27099,SX暑假智慧学习空间7A,学习机托管七年级数学暑假A2服务,通用,12,12,1440,1440,120.0,"	0.00",A2,A2,A体系,A体系,学习机托管七年级数学暑假A2服务,SX暑假智慧学习空间7A,否,,连季续,初一,七年级,七年级,2400.00,张桂林(358976),,暑假,暑假,正常,2026-07-30,2026-07-30,已审核,"走读,在线","常规面授,在线录播",在线录播,智慧学习机,20,2026-07-27,每天13:50-15:50,"有教材,开课前领取",2026-08-10,11,学习机托管(智慧),吉联mall303自习室,吉联mall303自习室,班级刷卡,20人,学习机托管,吉联mall教学区,2026-08-10,8,12,初一数学
"智慧学习部",语文,语文,语文,YWZH7A27026,YW暑假智慧学习空间7B,学习机托管七年级语文暑假B1服务,通用,12,12,1440,1440,120.0,"	0.00",B1,B1,B体系,B体系,学习机托管七年级语文暑假B1服务,YW暑假智慧学习空间7B,否,,连季续,初一,七年级,七年级,2400.00,王秋(703460),,暑假,暑假,正常,2026-07-30,2026-07-30,已审核,"走读,在线","常规面授,在线录播",在线录播,智慧学习机,20,2026-03-24,每天10:40-12:40,"有教材,开课前领取",2026-08-10,10,学习机托管(智慧),北辰自习室04,北辰自习室04,班级刷卡,20人,学习机托管,北辰智慧空间,2026-08-10,8,12,初一语文
"智慧学习部",语文,语文,语文,YWZH7A27025,YW暑假智慧学习空间7B,学习机托管七年级语文暑假B1服务,通用,12,12,1440,1440,120.0,"	0.00",B1,B1,B体系,B体系,学习机托管七年级语文暑假B1服务,YW暑假智慧学习空间7B,否,,连季续,初一,七年级,七年级,2400.00,王秋(703460),,暑假,暑假,正常,2026-07-30,2026-07-30,已审核,"走读,在线","常规面授,在线录播",在线录播,智慧学习机,20,2026-03-24,每天13:50-15:50,"有教材,开课前领取",2026-08-10,18,学习机托管(智慧),北辰自习室04,北辰自习室04,班级刷卡,20人,学习机托管,北辰智慧空间,2026-08-10,8,12,初一语文
"智慧学习部",英语,英语,英语,YYZH7A27029,YY暑假智慧学习空间7B,学习机托管七年级英语暑假B1服务,通用,12,12,1440,1440,120.0,"	0.00",B1,B1,B体系,B体系,学习机托管七年级英语暑假B1服务,YY暑假智慧学习空间7B,否,,连季续,初一,七年级,七年级,2400.00,李飞燕(353896),,暑假,暑假,正常,2026-07-30,2026-07-30,已审核,"走读,在线","常规面授,在线录播",在线录播,智慧学习机,20,2026-03-24,每天13:50-15:50,"有教材,开课前领取",2026-08-10,13,学习机托管(智慧),北辰106教室,北辰106教室,班级刷卡,20人,学习机托管,北辰教学区,2026-08-10,8,12,初一英语
"智慧学习部",英语,英语,英语,YYZH7A27045,YY暑假智慧学习空间7C,学习机托管七年级英语暑假B2服务（C+）,通用,12,12,1440,1440,120.0,"	0.00",B2,B2,B体系,B体系,学习机托管七年级英语暑假B2服务,YY暑假智慧学习空间7C,否,,连季续,初一,七年级,七年级,2880.00,张乙(724169),,暑假,暑假,正常,2026-07-30,2026-07-30,已审核,"走读,在线","常规面授,在线录播",在线录播,智慧学习机,20,2026-03-24,每天08:30-10:30,"有教材,开课前领取",2026-08-10,22,学习机托管(智慧),井湾子06自习室,井湾子06自习室,班级刷卡,20人,学习机托管,井湾子智慧空间,2026-08-10,8,12,初一英语
"智慧学习部",数学,数学,数学,SXZH7A27028,SX暑假智慧学习空间7B,学习机托管七年级数学暑假B1服务,通用,12,12,1440,1440,120.0,"	0.00",B1,B1,B体系,B体系,学习机托管七年级数学暑假B1服务,SX暑假智慧学习空间7B,否,,连季续,初一,七年级,七年级,2400.00,颜宇泽(259003),,暑假,暑假,正常,2026-07-30,2026-07-30,已审核,"走读,在线","常规面授,在线录播",在线录播,智慧学习机,20,2026-03-24,每天16:00-18:00,"有教材,开课前领取",2026-08-10,16,学习机托管(智慧),北辰自习室02,北辰自习室02,班级刷卡,20人,学习机托管,北辰智慧空间,2026-08-10,8,12,初一数学
"智慧学习部",数学,数学,数学,SXZH7A27027,SX暑假智慧学习空间7B,学习机托管七年级数学暑假B1服务,通用,12,12,1440,1440,120.0,"	0.00",B1,B1,B体系,B体系,学习机托管七年级数学暑假B1服务,SX暑假智慧学习空间7B,否,,连季续,初一,七年级,七年级,2400.00,颜宇泽(259003),,暑假,暑假,正常,2026-07-30,2026-07-30,已审核,"走读,在线","常规面授,在线录播",在线录播,智慧学习机,20,2026-03-24,每天08:30-10:30,"有教材,开课前领取",2026-08-10,12,学习机托管(智慧),北辰自习室02,北辰自习室02,班级刷卡,20人,学习机托管,北辰智慧空间,2026-08-10,8,12,初一数学
"智慧学习部",数学,数学,数学,SXZH7A27026,SX暑假智慧学习空间7A,学习机托管七年级数学暑假A2服务,通用,12,12,1440,1440,120.0,"	0.00",A2,A2,A体系,A体系,学习机托管七年级数学暑假A2服务,SX暑假智慧学习空间7A,否,,连季续,初一,七年级,七年级,2400.00,杨苗(250201),,暑假,暑假,正常,2026-07-30,2026-07-30,已审核,"走读,在线","常规面授,在线录播",在线录播,智慧学习机,20,2026-03-24,每天08:30-10:30,"有教材,开课前领取",2026-08-10,12,学习机托管(智慧),北辰自习室04,北辰自习室04,班级刷卡,20人,学习机托管,北辰智慧空间,2026-08-10,8,12,初一数学
"智慧学习部",数学,数学,数学,SXZH7A2700046,SX暑假智慧学习空间7A,学习机托管七年级数学暑假A2服务,通用,12,12,1440,1440,120.0,"	0.00",A2,A2,A体系,A体系,学习机托管七年级数学暑假A2服务,SX暑假智慧学习空间7A,否,,连季续,初一,七年级,七年级,2400.00,王哲禹(201112),,暑假,暑假,正常,2026-07-30,2026-07-30,已审核,"走读,在线","常规面授,在线录播",在线录播,智慧学习机,20,2025-12-19,每天13:50-15:50,"有教材,开课前领取",2026-08-10,25,学习机托管(智慧),大润发310教室,大润发310教室,班级刷卡,20人,学习机托管,大润发教学区,2026-08-10,8,12,初一数学
"智慧学习部",英语,英语,英语,YYZH7A27000108,YY暑假智慧学习空间7A,学习机托管七年级英语暑假A2服务,通用,12,12,1440,1440,120.0,"	0.00",A2,A2,A体系,A体系,学习机托管七年级英语暑假A2服务,YY暑假智慧学习空间7A,否,,连季续,初一,七年级,七年级,2400.00,张乙(724169),,暑假,暑假,正常,2026-07-30,2026-07-30,已审核,"走读,在线","常规面授,在线录播",在线录播,智慧学习机,20,2025-12-19,每天13:50-15:50,"有教材,开课前领取",2026-08-10,14,学习机托管(智慧),井湾子06自习室,井湾子06自习室,班级刷卡,20人,学习机托管,井湾子智慧空间,2026-08-10,8,12,初一英语
"智慧学习部",英语,英语,英语,YYZH7A27000107,YY暑假智慧学习空间7C,学习机托管七年级英语暑假B2服务（C+）,通用,12,12,1440,1440,120.0,"	0.00",B2,B2,B体系,B体系,学习机托管七年级英语暑假B2服务,YY暑假智慧学习空间7C,否,,连季续,初一,七年级,七年级,2880.00,张乙(724169),,暑假,暑假,正常,2026-07-30,2026-07-30,已审核,"走读,在线","常规面授,在线录播",在线录播,智慧学习机,20,2025-12-19,每天16:00-18:00,"有教材,开课前领取",2026-08-10,15,学习机托管(智慧),井湾子06自习室,井湾子06自习室,班级刷卡,20人,学习机托管,井湾子智慧空间,2026-08-10,8,12,初一英语
"智慧学习部",数学,数学,数学,SXZH7A2700071,SX暑假智慧学习空间7A,学习机托管七年级数学暑假A2服务,通用,12,12,1440,1440,120.0,"	0.00",A2,A2,A体系,A体系,学习机托管七年级数学暑假A2服务,SX暑假智慧学习空间7A,否,,连季续,初一,七年级,七年级,2400.00,邓雅妮(703461),,暑假,暑假,正常,2026-07-30,2026-07-30,已审核,"走读,在线","常规面授,在线录播",在线录播,智慧学习机,20,2025-12-19,每天13:50-15:50,"有教材,开课前领取",2026-08-10,20,学习机托管(智慧),雨花家园403自习室,雨花家园403自习室,班级刷卡,20人,学习机托管,雨花家园智慧空间,2026-08-10,8,12,初一数学
"智慧学习部",数学,数学,数学,SXZH7A2700044,SX暑假智慧学习空间7B,学习机托管七年级数学暑假B1服务,通用,12,12,1440,1440,120.0,"	0.00",B1,B1,B体系,B体系,学习机托管七年级数学暑假B1服务,SX暑假智慧学习空间7B,否,,连季续,初一,七年级,七年级,2400.00,肖绚(408382),,暑假,暑假,正常,2026-07-30,2026-07-30,已审核,"走读,在线","常规面授,在线录播",在线录播,智慧学习机,20,2025-12-19,每天13:50-15:50,"有教材,开课前领取",2026-08-10,18,学习机托管(智慧),大润发306教室,大润发306教室,班级刷卡,20人,学习机托管,大润发教学区,2026-08-10,8,12,初一数学
"智慧学习部",数学,数学,数学,SXZH7A2700039,SX暑假智慧学习空间7B,学习机托管七年级数学暑假B1服务,通用,12,12,1440,1440,120.0,"	0.00",B1,B1,B体系,B体系,学习机托管七年级数学暑假B1服务,SX暑假智慧学习空间7B,否,,连季续,初一,七年级,七年级,2400.00,肖绚(408382),,暑假,暑假,正常,2026-07-30,2026-07-30,已审核,"走读,在线","常规面授,在线录播",在线录播,智慧学习机,20,2025-12-19,每天10:40-12:40,"有教材,开课前领取",2026-08-10,16,学习机托管(智慧),大润发306教室,大润发306教室,班级刷卡,20人,学习机托管,大润发教学区,2026-08-10,8,12,初一数学
"智慧学习部",英语,英语,英语,YYZH7A2700076,YY暑假智慧学习空间7B,学习机托管七年级英语暑假B1服务,通用,12,12,1440,1440,120.0,"	0.00",B1,B1,B体系,B体系,学习机托管七年级英语暑假B1服务,YY暑假智慧学习空间7B,否,,连季续,初一,七年级,七年级,2400.00,尚巾滟(703442),,暑假,暑假,正常,2026-07-30,2026-07-30,已审核,"走读,在线","常规面授,在线录播",在线录播,智慧学习机,20,2025-12-19,每天13:50-15:50,"有教材,开课前领取",2026-08-10,7,学习机托管(智慧),雨花家园405自习室,雨花家园405自习室,班级刷卡,20人,学习机托管,雨花家园智慧空间,2026-08-10,8,12,初一英语
"智慧学习部",英语,英语,英语,YYZH7A2700064,YY暑假智慧学习空间7C,学习机托管七年级英语暑假B2服务（C+）,通用,12,12,1440,1440,120.0,"	0.00",B2,B2,B体系,B体系,学习机托管七年级英语暑假B2服务,YY暑假智慧学习空间7C,否,,连季续,初一,七年级,七年级,2880.00,董美伶(651839),,暑假,暑假,正常,2026-07-30,2026-07-30,已审核,"走读,在线","常规面授,在线录播",在线录播,智慧学习机,20,2025-12-19,每天13:50-15:50,"有教材,开课前领取",2026-08-10,17,学习机托管(智慧),雨花家园409自习室,雨花家园409自习室,班级刷卡,20人,学习机托管,雨花家园智慧空间,2026-08-10,8,12,初一英语
"智慧学习部",英语,英语,英语,YYZH7A2700043,YY暑假智慧学习空间7A,学习机托管七年级英语暑假A2服务,通用,12,12,1440,1440,120.0,"	0.00",A2,A2,A体系,A体系,学习机托管七年级英语暑假A2服务,YY暑假智慧学习空间7A,否,,连季续,初一,七年级,七年级,2400.00,雷小琴(457389),,暑假,暑假,正常,2026-07-30,2026-07-30,已审核,"走读,在线","常规面授,在线录播",在线录播,智慧学习机,20,2025-12-19,每天10:40-12:40,"有教材,开课前领取",2026-08-10,26,学习机托管(智慧),大润发303教室,大润发303教室,班级刷卡,20人,学习机托管,大润发教学区,2026-08-10,8,12,初一英语
"智慧学习部",英语,英语,英语,YYZH7A2700042,YY暑假智慧学习空间7B,学习机托管七年级英语暑假B1服务,通用,12,12,1440,1440,120.0,"	0.00",B1,B1,B体系,B体系,学习机托管七年级英语暑假B1服务,YY暑假智慧学习空间7B,否,,连季续,初一,七年级,七年级,2400.00,肖泽楠(441058),,暑假,暑假,正常,2026-07-30,2026-07-30,已审核,"走读,在线","常规面授,在线录播",在线录播,智慧学习机,20,2025-12-19,每天16:00-18:00,"有教材,开课前领取",2026-08-10,20,学习机托管(智慧),大润发302教室,大润发302教室,班级刷卡,20人,学习机托管,大润发教学区,2026-08-10,8,12,初一英语
"智慧学习部",英语,英语,英语,YYZH7A2700037,YY暑假智慧学习空间7B,学习机托管七年级英语暑假B1服务,通用,12,12,1440,1440,120.0,"	0.00",B1,B1,B体系,B体系,学习机托管七年级英语暑假B1服务,YY暑假智慧学习空间7B,否,,连季续,初一,七年级,七年级,2400.00,周凯文(248308),,暑假,暑假,正常,2026-07-30,2026-07-30,已审核,"走读,在线","常规面授,在线录播",在线录播,智慧学习机,20,2025-12-19,每天08:30-10:30,"有教材,开课前领取",2026-08-10,24,学习机托管(智慧),大润发309教室,大润发309教室,班级刷卡,20人,学习机托管,大润发教学区,2026-08-10,8,12,初一英语
"智慧学习部",英语,英语,英语,YYZH7A2700036,YY暑假智慧学习空间7A,学习机托管七年级英语暑假A2服务,通用,12,12,1440,1440,120.0,"	0.00",A2,A2,A体系,A体系,学习机托管七年级英语暑假A2服务,YY暑假智慧学习空间7A,否,,连季续,初一,七年级,七年级,2400.00,雷小琴(457389),,暑假,暑假,正常,2026-07-30,2026-07-30,已审核,"走读,在线","常规面授,在线录播",在线录播,智慧学习机,20,2025-12-19,每天16:00-18:00,"有教材,开课前领取",2026-08-10,22,学习机托管(智慧),大润发303教室,大润发303教室,班级刷卡,20人,学习机托管,大润发教学区,2026-08-10,8,12,初一英语
"智慧学习部",数学,数学,数学,SXZH7A27022,SX暑假智慧学习空间7A,学习机托管七年级数学暑假A2服务,通用,12,12,1440,1440,120.0,"	0.00",A2,A2,A体系,A体系,学习机托管七年级数学暑假A2服务,SX暑假智慧学习空间7A,否,,连季续,初一,七年级,七年级,2400.00,田分(441061),,暑假,暑假,正常,2026-07-30,2026-07-30,已审核,"走读,在线","常规面授,在线录播",在线录播,智慧学习机,20,2026-03-24,每天08:30-10:30,"有教材,开课前领取",2026-08-10,10,学习机托管(智慧),大润发310教室,大润发310教室,班级刷卡,20人,学习机托管,大润发教学区,2026-08-10,8,12,初一数学
"智慧学习部",英语,英语,英语,YYZH7A270103,YY暑假智慧学习空间7C,学习机托管七年级英语暑假B2服务（C+）,通用,12,12,1440,1440,120.0,"	0.00",B2,B2,B体系,B体系,学习机托管七年级英语暑假B2服务,YY暑假智慧学习空间7C,否,,连季续,初一,七年级,七年级,2880.00,顾奕(291508),,暑假,暑假,正常,2026-07-30,2026-07-30,已审核,"走读,在线","常规面授,在线录播",在线录播,智慧学习机,20,2026-03-27,每天16:00-18:00,"有教材,开课前领取",2026-08-10,19,学习机托管(智慧),雨花家园407自习室,雨花家园407自习室,班级刷卡,20人,学习机托管,雨花家园智慧空间,2026-08-10,8,12,初一英语
"智慧学习部",数学,数学,数学,SXZH7A270003,SX暑假智慧学习空间7A,学习机托管七年级数学暑假A2服务,通用,12,12,1440,1440,120.0,"	0.00",A2,A2,A体系,A体系,学习机托管七年级数学暑假A2服务,SX暑假智慧学习空间7A,否,,连季续,初一,七年级,七年级,2400.00,张浩然(703458),,暑假,暑假,正常,2026-07-30,2026-07-30,已审核,"走读,在线","常规面授,在线录播",在线录播,智慧学习机,20,2025-12-19,每天10:40-12:40,"有教材,开课前领取",2026-08-10,13,学习机托管(智慧),浏城桥515教室,浏城桥515教室（新）,班级刷卡,20人,学习机托管,浏城桥教学区,2026-08-10,8,12,初一数学
"智慧学习部",数学,数学,数学,SXZH7A2700070,SX暑假智慧学习空间7A,学习机托管七年级数学暑假A2服务,通用,12,12,1440,1440,120.0,"	0.00",A2,A2,A体系,A体系,学习机托管七年级数学暑假A2服务,SX暑假智慧学习空间7A,否,,连季续,初一,七年级,七年级,2400.00,邓雅妮(703461),,暑假,暑假,正常,2026-07-30,2026-07-30,已审核,"走读,在线","常规面授,在线录播",在线录播,智慧学习机,20,2025-12-19,每天08:30-10:30,"有教材,开课前领取",2026-08-10,7,学习机托管(智慧),雨花家园403自习室,雨花家园403自习室,班级刷卡,20人,学习机托管,雨花家园智慧空间,2026-08-10,8,12,初一数学
"智慧学习部",数学,数学,数学,SXZH7A2700063,SX暑假智慧学习空间7B,学习机托管七年级数学暑假B1服务,通用,12,12,1440,1440,120.0,"	0.00",B1,B1,B体系,B体系,学习机托管七年级数学暑假B1服务,SX暑假智慧学习空间7B,否,,连季续,初一,七年级,七年级,2400.00,肖璇(384358),,暑假,暑假,正常,2026-07-30,2026-07-30,已审核,"走读,在线","常规面授,在线录播",在线录播,智慧学习机,20,2025-12-19,每天08:30-10:30,"有教材,开课前领取",2026-08-10,24,学习机托管(智慧),雨花家园408自习室,雨花家园408自习室,班级刷卡,20人,学习机托管,雨花家园智慧空间,2026-08-10,8,12,初一数学
"智慧学习部",语文,语文,语文,YWZH7A270001,YW暑假智慧学习空间7B,学习机托管七年级语文暑假B1服务,通用,12,12,1440,1440,120.0,"	0.00",B1,B1,B体系,B体系,学习机托管七年级语文暑假B1服务,YW暑假智慧学习空间7B,否,,连季续,初一,七年级,七年级,2400.00,尹孜浩(588116),,暑假,暑假,正常,2026-07-30,2026-07-30,已审核,"走读,在线","常规面授,在线录播",在线录播,智慧学习机,20,2025-12-19,每天10:40-12:40,"有教材,开课前领取",2026-08-10,11,学习机托管(智慧),浏城桥507教室,浏城桥507教室（新）,班级刷卡,20人,学习机托管,浏城桥教学区,2026-08-10,8,12,初一语文
"智慧学习部",语文,语文,语文,YWZH7A27000154,YW暑假智慧学习空间7B,学习机托管七年级语文暑假B1服务,通用,12,12,1440,1440,120.0,"	0.00",B1,B1,B体系,B体系,学习机托管七年级语文暑假B1服务,YW暑假智慧学习空间7B,否,,连季续,初一,七年级,七年级,2400.00,汪薇(703463),,暑假,暑假,正常,2026-07-30,2026-07-30,已审核,"走读,在线","常规面授,在线录播",在线录播,智慧学习机,20,2025-12-19,每天08:30-10:30,"有教材,开课前领取",2026-08-10,24,学习机托管(智慧),雨花家园401自习室,雨花家园401自习室,班级刷卡,20人,学习机托管,雨花家园智慧空间,2026-08-10,8,12,初一语文
"智慧学习部",语文,语文,语文,YWZH7A27000133,YW暑假智慧学习空间7B,学习机托管七年级语文暑假B1服务,通用,12,12,1440,1440,120.0,"	0.00",B1,B1,B体系,B体系,学习机托管七年级语文暑假B1服务,YW暑假智慧学习空间7B,否,,连季续,初一,七年级,七年级,2400.00,蒋莹(703444),,暑假,暑假,正常,2026-07-30,2026-07-30,已审核,"走读,在线","常规面授,在线录播",在线录播,智慧学习机,20,2025-12-19,每天10:40-12:40,"有教材,开课前领取",2026-08-10,24,学习机托管(智慧),晚报大厦206教室,晚报大厦206教室,班级刷卡,20人,学习机托管,晚报大厦教学区,2026-08-10,8,12,初一语文
"智慧学习部",英语,英语,英语,YYZH7A27020,YY暑假智慧学习空间7B,学习机托管七年级英语暑假B1服务,通用,12,12,1440,1440,120.0,"	0.00",B1,B1,B体系,B体系,学习机托管七年级英语暑假B1服务,YY暑假智慧学习空间7B,否,,连季续,初一,七年级,七年级,2400.00,张丹(164519),,暑假,暑假,正常,2026-07-30,2026-07-30,已审核,"走读,在线","常规面授,在线录播",在线录播,智慧学习机,20,2026-03-24,每天16:00-18:00,"有教材,开课前领取",2026-08-10,13,学习机托管(智慧),洋湖卓伯根自习室3,洋湖卓伯根自习室3,班级刷卡,20人,学习机托管,洋湖卓伯根教学区,2026-08-10,8,12,初一英语
"智慧学习部",数学,数学,数学,SXZH7A27037,SX暑假智慧学习空间7B,学习机托管七年级数学暑假B1服务,通用,12,12,1440,1440,120.0,"	0.00",B1,B1,B体系,B体系,学习机托管七年级数学暑假B1服务,SX暑假智慧学习空间7B,否,,连季续,初一,七年级,七年级,2400.00,邓凡(202682),,暑假,暑假,正常,2026-07-30,2026-07-30,已审核,"走读,在线","常规面授,在线录播",在线录播,智慧学习机,20,2026-03-24,每天10:40-12:40,"有教材,开课前领取",2026-08-10,14,学习机托管(智慧),钰龙天下自习室03,钰龙天下自习室03,班级刷卡,20人,学习机托管,钰龙天下教学区,2026-08-10,8,12,初一数学
"智慧学习部",数学,数学,数学,SXZH7A27017,SX暑假智慧学习空间7A,学习机托管七年级数学暑假A2服务,通用,12,12,1440,1440,120.0,"	0.00",A2,A2,A体系,A体系,学习机托管七年级数学暑假A2服务,SX暑假智慧学习空间7A,否,,连季续,初一,七年级,七年级,2400.00,韩晓颖(612622),,暑假,暑假,正常,2026-07-30,2026-07-30,已审核,"走读,在线","常规面授,在线录播",在线录播,智慧学习机,20,2026-03-24,每天16:00-18:00,"有教材,开课前领取",2026-08-10,19,学习机托管(智慧),洋湖卓伯根自习室4,洋湖卓伯根自习室4,班级刷卡,20人,学习机托管,洋湖卓伯根教学区,2026-08-10,8,12,初一数学
"智慧学习部",英语,英语,英语,YYZH7A27050,YY暑假智慧学习空间7B,学习机托管七年级英语暑假B1服务,通用,12,12,1440,1440,120.0,"	0.00",B1,B1,B体系,B体系,学习机托管七年级英语暑假B1服务,YY暑假智慧学习空间7B,否,,连季续,初一,七年级,七年级,2400.00,刘佳怡(457085),,暑假,暑假,正常,2026-07-30,2026-07-30,已审核,"走读,在线","常规面授,在线录播",在线录播,智慧学习机,20,2026-03-24,每天16:00-18:00,"有教材,开课前领取",2026-08-10,15,学习机托管(智慧),东塘05自习室,东塘05自习室,班级刷卡,20人,学习机托管,东塘智慧空间,2026-08-10,8,12,初一英语
"智慧学习部",数学,数学,数学,SXZH7A27036,SX暑假智慧学习空间7A,学习机托管七年级数学暑假A2服务,通用,12,12,1440,1440,120.0,"	0.00",A2,A2,A体系,A体系,学习机托管七年级数学暑假A2服务,SX暑假智慧学习空间7A,否,,连季续,初一,七年级,七年级,2400.00,邓凡(202682),,暑假,暑假,正常,2026-07-30,2026-07-30,已审核,"走读,在线","常规面授,在线录播",在线录播,智慧学习机,20,2026-03-24,每天16:00-18:00,"有教材,开课前领取",2026-08-10,10,学习机托管(智慧),钰龙天下自习室03,钰龙天下自习室03,班级刷卡,20人,学习机托管,钰龙天下教学区,2026-08-10,8,12,初一数学
"智慧学习部",数学,数学,数学,SXZH7A2700080,SX暑假智慧学习空间7A,学习机托管七年级数学暑假A2服务,通用,12,12,1440,1440,120.0,"	0.00",A2,A2,A体系,A体系,学习机托管七年级数学暑假A2服务,SX暑假智慧学习空间7A,否,,连季续,初一,七年级,七年级,2400.00,欧阳静仪(612625),,暑假,暑假,正常,2026-07-30,2026-07-30,已审核,"走读,在线","常规面授,在线录播",在线录播,智慧学习机,20,2025-12-19,每天10:40-12:40,"有教材,开课前领取",2026-08-10,17,学习机托管(智慧),当代滨江202自习室,当代滨江202自习室,班级刷卡,20人,学习机托管,当代滨江智慧空间,2026-08-10,8,12,初一数学
"智慧学习部",语文,语文,语文,YWZH7A27000150,YW暑假智慧学习空间7B,学习机托管七年级语文暑假B1服务,通用,12,12,1440,1440,120.0,"	0.00",B1,B1,B体系,B体系,学习机托管七年级语文暑假B1服务,YW暑假智慧学习空间7B,否,,连季续,初一,七年级,七年级,2400.00,刘宇彤(703447),,暑假,暑假,正常,2026-07-30,2026-07-30,已审核,"走读,在线","常规面授,在线录播",在线录播,智慧学习机,20,2025-12-19,每天10:40-12:40,"有教材,开课前领取",2026-08-10,24,学习机托管(智慧),洋湖新城303自习室,洋湖新城303自习室,班级刷卡,20人,学习机托管,洋湖新城智慧空间,2026-08-10,8,12,初一语文
"智慧学习部",英语,英语,英语,YYZH7A2700058,YY暑假智慧学习空间7C,学习机托管七年级英语暑假B2服务（C+）,通用,12,12,1440,1440,120.0,"	0.00",B2,B2,B体系,B体系,学习机托管七年级英语暑假B2服务,YY暑假智慧学习空间7C,否,,连季续,初一,七年级,七年级,2880.00,张丹(164519),,暑假,暑假,正常,2026-07-30,2026-07-30,已审核,"走读,在线","常规面授,在线录播",在线录播,智慧学习机,20,2025-12-19,每天08:30-10:30,"有教材,开课前领取",2026-08-10,25,学习机托管(智慧),洋湖新城303自习室,洋湖新城303自习室,班级刷卡,20人,学习机托管,洋湖新城智慧空间,2026-08-10,8,12,初一英语
"智慧学习部",英语,英语,英语,YYZH7A2700045,YY暑假智慧学习空间7B,学习机托管七年级英语暑假B1服务,通用,12,12,1440,1440,120.0,"	0.00",B1,B1,B体系,B体系,学习机托管七年级英语暑假B1服务,YY暑假智慧学习空间7B,否,,连季续,初一,七年级,七年级,2400.00,陈晓玉(441042),,暑假,暑假,正常,2026-07-30,2026-07-30,已审核,"走读,在线","常规面授,在线录播",在线录播,智慧学习机,20,2025-12-19,每天08:30-10:30,"有教材,开课前领取",2026-08-10,21,学习机托管(智慧),晚报大厦204教室,晚报大厦204教室,班级刷卡,20人,学习机托管,晚报大厦教学区,2026-08-10,8,12,初一英语
"智慧学习部",英语,英语,英语,YYZH7A2700028,YY暑假智慧学习空间7C,学习机托管七年级英语暑假B2服务（C+）,通用,12,12,1440,1440,120.0,"	0.00",B2,B2,B体系,B体系,学习机托管七年级英语暑假B2服务,YY暑假智慧学习空间7C,否,,连季续,初一,七年级,七年级,2880.00,陈晓玉(441042),,暑假,暑假,正常,2026-07-30,2026-07-30,已审核,"走读,在线","常规面授,在线录播",在线录播,智慧学习机,20,2025-12-19,每天10:40-12:40,"有教材,开课前领取",2026-08-10,21,学习机托管(智慧),晚报大厦204教室,晚报大厦204教室,班级刷卡,20人,学习机托管,晚报大厦教学区,2026-08-10,8,12,初一英语
"智慧学习部",语文,语文,语文,YWZH7A27020,YW暑假智慧学习空间7B,学习机托管七年级语文暑假B1服务,通用,12,12,1440,1440,120.0,"	0.00",B1,B1,B体系,B体系,学习机托管七年级语文暑假B1服务,YW暑假智慧学习空间7B,否,,连季续,初一,七年级,七年级,2400.00,刘怡(262415),,暑假,暑假,正常,2026-07-30,2026-07-30,已审核,"走读,在线","常规面授,在线录播",在线录播,智慧学习机,20,2026-03-24,每天13:50-15:50,"有教材,开课前领取",2026-08-10,11,学习机托管(智慧),梅溪湖南自习室3,梅溪湖南自习室3,班级刷卡,20人,学习机托管,梅溪湖南教学区,2026-08-10,8,12,初一语文
"智慧学习部",数学,数学,数学,SXZH7A27021,SX暑假智慧学习空间7B,学习机托管七年级数学暑假B1服务,通用,12,12,1440,1440,120.0,"	0.00",B1,B1,B体系,B体系,学习机托管七年级数学暑假B1服务,SX暑假智慧学习空间7B,否,,连季续,初一,七年级,七年级,2400.00,许晨(691969),,暑假,暑假,正常,2026-07-30,2026-07-30,已审核,"走读,在线","常规面授,在线录播",在线录播,智慧学习机,20,2026-03-24,每天10:40-12:40,"有教材,开课前领取",2026-08-10,11,学习机托管(智慧),梅溪湖南自习室3,梅溪湖南自习室3,班级刷卡,20人,学习机托管,梅溪湖南教学区,2026-08-10,8,12,初一数学
"智慧学习部",语文,语文,语文,YWZH7A270005,YW暑假智慧学习空间7B,学习机托管七年级语文暑假B1服务,通用,12,12,1440,1440,120.0,"	0.00",B1,B1,B体系,B体系,学习机托管七年级语文暑假B1服务,YW暑假智慧学习空间7B,否,,连季续,初一,七年级,七年级,2400.00,罗丹(701209),,暑假,暑假,正常,2026-07-30,2026-07-30,已审核,"走读,在线","常规面授,在线录播",在线录播,智慧学习机,20,2025-12-19,每天13:50-15:50,"有教材,开课前领取",2026-08-10,11,学习机托管(智慧),井湾子09自习室,井湾子09自习室,班级刷卡,20人,学习机托管,井湾子智慧空间,2026-08-10,8,12,初一语文
"智慧学习部",语文,语文,语文,YWZH7A270004,YW暑假智慧学习空间7B,学习机托管七年级语文暑假B1服务,通用,12,12,1440,1440,120.0,"	0.00",B1,B1,B体系,B体系,学习机托管七年级语文暑假B1服务,YW暑假智慧学习空间7B,否,,连季续,初一,七年级,七年级,2400.00,罗丹(701209),,暑假,暑假,正常,2026-07-30,2026-07-30,已审核,"走读,在线","常规面授,在线录播",在线录播,智慧学习机,20,2025-12-19,每天08:30-10:30,"有教材,开课前领取",2026-08-10,26,学习机托管(智慧),井湾子09自习室,井湾子09自习室,班级刷卡,20人,学习机托管,井湾子智慧空间,2026-08-10,8,12,初一语文
"智慧学习部",语文,语文,语文,YWZH7A27000145,YW暑假智慧学习空间7B,学习机托管七年级语文暑假B1服务,通用,12,12,1440,1440,120.0,"	0.00",B1,B1,B体系,B体系,学习机托管七年级语文暑假B1服务,YW暑假智慧学习空间7B,否,,连季续,初一,七年级,七年级,2400.00,李天亮(345590),,暑假,暑假,正常,2026-07-30,2026-07-30,已审核,"走读,在线","常规面授,在线录播",在线录播,智慧学习机,20,2025-12-19,每天08:30-10:30,"有教材,开课前领取",2026-08-10,14,学习机托管(智慧),星沙筑梦自习室9,星沙筑梦自习室9,班级刷卡,20人,学习机托管,星沙筑梦教学区,2026-08-10,8,12,初一语文
"智慧学习部",语文,语文,语文,YWZH7A27000118,YW暑假智慧学习空间7B,学习机托管七年级语文暑假B1服务,通用,12,12,1440,1440,120.0,"	0.00",B1,B1,B体系,B体系,学习机托管七年级语文暑假B1服务,YW暑假智慧学习空间7B,否,,连季续,初一,七年级,七年级,2400.00,陈锴丰(612610),,暑假,暑假,正常,2026-07-30,2026-07-30,已审核,"走读,在线","常规面授,在线录播",在线录播,智慧学习机,20,2025-12-19,每天08:30-10:30,"有教材,开课前领取",2026-08-10,25,学习机托管(智慧),梅溪湖旗舰店208教室,梅溪湖旗舰店208教室,班级刷卡,20人,学习机托管,梅溪湖旗舰店教学区,2026-08-10,8,12,初一语文
"智慧学习部",英语,英语,英语,YYZH7A27000113,YY暑假智慧学习空间7B,学习机托管七年级英语暑假B1服务,通用,12,12,1440,1440,120.0,"	0.00",B1,B1,B体系,B体系,学习机托管七年级英语暑假B1服务,YY暑假智慧学习空间7B,否,,连季续,初一,七年级,七年级,2400.00,袁怡敏(441051),,暑假,暑假,正常,2026-07-30,2026-07-30,已审核,"走读,在线","常规面授,在线录播",在线录播,智慧学习机,20,2025-12-19,每天16:00-18:00,"有教材,开课前领取",2026-08-10,16,学习机托管(智慧),井湾子08自习室,井湾子08自习室,班级刷卡,20人,学习机托管,井湾子智慧空间,2026-08-10,8,12,初一英语
"智慧学习部",英语,英语,英语,YYZH7A2700098,YY暑假智慧学习空间7A,学习机托管七年级英语暑假A2服务,通用,12,12,1440,1440,120.0,"	0.00",A2,A2,A体系,A体系,学习机托管七年级英语暑假A2服务,YY暑假智慧学习空间7A,否,,连季续,初一,七年级,七年级,2400.00,杨圆圆(612613),,暑假,暑假,正常,2026-07-30,2026-07-30,已审核,"走读,在线","常规面授,在线录播",在线录播,智慧学习机,20,2025-12-19,每天08:30-10:30,"有教材,开课前领取",2026-08-10,23,学习机托管(智慧),当代滨江201自习室,当代滨江201自习室,班级刷卡,20人,学习机托管,当代滨江智慧空间,2026-08-10,8,12,初一英语
"智慧学习部",英语,英语,英语,YYZH7A2700029,YY暑假智慧学习空间7B,学习机托管七年级英语暑假B1服务,通用,12,12,1440,1440,120.0,"	0.00",B1,B1,B体系,B体系,学习机托管七年级英语暑假B1服务,YY暑假智慧学习空间7B,否,,连季续,初一,七年级,七年级,2400.00,陈晓玉(441042),,暑假,暑假,正常,2026-07-30,2026-07-30,已审核,"走读,在线","常规面授,在线录播",在线录播,智慧学习机,20,2025-12-19,每天13:50-15:50,"有教材,开课前领取",2026-08-10,24,学习机托管(智慧),晚报大厦204教室,晚报大厦204教室,班级刷卡,20人,学习机托管,晚报大厦教学区,2026-08-10,8,12,初一英语
"智慧学习部",英语,英语,英语,YYZH7A2700015,YY暑假智慧学习空间7C,学习机托管七年级英语暑假B2服务（C+）,通用,12,12,1440,1440,120.0,"	0.00",B2,B2,B体系,B体系,学习机托管七年级英语暑假B2服务,YY暑假智慧学习空间7C,否,,连季续,初一,七年级,七年级,2880.00,龙露曼(130380),,暑假,暑假,正常,2026-07-30,2026-07-30,已审核,"走读,在线","常规面授,在线录播",在线录播,智慧学习机,20,2025-12-19,每天10:40-12:40,"有教材,开课前领取",2026-08-10,25,学习机托管(智慧),方圆荟211自习室,方圆荟211自习室,班级刷卡,20人,学习机托管,方圆荟智慧空间,2026-08-10,8,12,初一英语
"智慧学习部",语文,语文,语文,YWZH7A27062,YW暑假智慧学习空间7B,学习机托管七年级语文暑假B1服务,通用,12,12,1440,1440,120.0,"	0.00",B1,B1,B体系,B体系,学习机托管七年级语文暑假B1服务,YW暑假智慧学习空间7B,否,,连季续,初一,七年级,七年级,2400.00,李天亮(345590),,暑假,暑假,正常,2026-07-30,2026-07-30,已审核,"走读,在线","常规面授,在线录播",在线录播,智慧学习机,20,2026-05-28,每天10:40-12:40,"有教材,开课前领取",2026-08-10,24,学习机托管(智慧),星沙筑梦自习室9,星沙筑梦自习室9,班级刷卡,20人,学习机托管,星沙筑梦教学区,2026-08-10,8,12,初一语文
"智慧学习部",英语,英语,英语,YYZH7A27027,YY暑假智慧学习空间7A,学习机托管七年级英语暑假A2服务,通用,12,12,1440,1440,120.0,"	0.00",A2,A2,A体系,A体系,学习机托管七年级英语暑假A2服务,YY暑假智慧学习空间7A,否,,连季续,初一,七年级,七年级,2400.00,李飞燕(353896),,暑假,暑假,正常,2026-07-30,2026-07-30,已审核,"走读,在线","常规面授,在线录播",在线录播,智慧学习机,20,2026-03-24,每天10:40-12:40,"有教材,开课前领取",2026-08-10,24,学习机托管(智慧),北辰自习室03,北辰自习室03,班级刷卡,20人,学习机托管,北辰智慧空间,2026-08-10,8,12,初一英语
"智慧学习部",数学,数学,数学,SXZH7A2700048,SX暑假智慧学习空间7A,学习机托管七年级数学暑假A2服务,通用,12,12,1440,1440,120.0,"	0.00",A2,A2,A体系,A体系,学习机托管七年级数学暑假A2服务,SX暑假智慧学习空间7A,否,,连季续,初一,七年级,七年级,2400.00,李治慧(612629),,暑假,暑假,正常,2026-07-30,2026-07-30,已审核,"走读,在线","常规面授,在线录播",在线录播,智慧学习机,20,2025-12-19,每天16:00-18:00,"有教材,开课前领取",2026-08-10,12,学习机托管(智慧),晚报大厦205教室,晚报大厦205教室,班级刷卡,20人,学习机托管,晚报大厦教学区,2026-08-10,8,12,初一数学
"智慧学习部",语文,语文,语文,YWZH7A27000144,YW暑假智慧学习空间7B,学习机托管七年级语文暑假B1服务,通用,12,12,1440,1440,120.0,"	0.00",B1,B1,B体系,B体系,学习机托管七年级语文暑假B1服务,YW暑假智慧学习空间7B,否,,连季续,初一,七年级,七年级,2400.00,李天亮(345590),,暑假,暑假,正常,2026-07-30,2026-07-30,已审核,"走读,在线","常规面授,在线录播",在线录播,智慧学习机,20,2025-12-19,每天13:50-15:50,"有教材,开课前领取",2026-08-10,18,学习机托管(智慧),星沙筑梦自习室9,星沙筑梦自习室9,班级刷卡,20人,学习机托管,星沙筑梦教学区,2026-08-10,8,12,初一语文
"智慧学习部",语文,语文,语文,YWZH7A27000132,YW暑假智慧学习空间7B,学习机托管七年级语文暑假B1服务,通用,12,12,1440,1440,120.0,"	0.00",B1,B1,B体系,B体系,学习机托管七年级语文暑假B1服务,YW暑假智慧学习空间7B,否,,连季续,初一,七年级,七年级,2400.00,蒋莹(703444),,暑假,暑假,正常,2026-07-30,2026-07-30,已审核,"走读,在线","常规面授,在线录播",在线录播,智慧学习机,20,2025-12-19,每天13:50-15:50,"有教材,开课前领取",2026-08-10,12,学习机托管(智慧),晚报大厦206教室,晚报大厦206教室,班级刷卡,20人,学习机托管,晚报大厦教学区,2026-08-10,8,12,初一语文
"智慧学习部",英语,英语,英语,YYZH7A2700046,YY暑假智慧学习空间7C,学习机托管七年级英语暑假B2服务（C+）,通用,12,12,1440,1440,120.0,"	0.00",B2,B2,B体系,B体系,学习机托管七年级英语暑假B2服务,YY暑假智慧学习空间7C,否,,连季续,初一,七年级,七年级,2880.00,袁思颖(703448),,暑假,暑假,正常,2026-07-30,2026-07-30,已审核,"走读,在线","常规面授,在线录播",在线录播,智慧学习机,20,2025-12-19,每天10:40-12:40,"有教材,开课前领取",2026-08-10,22,学习机托管(智慧),星沙筑梦自习室2,星沙筑梦自习室2,班级刷卡,20人,学习机托管,星沙筑梦教学区,2026-08-10,8,12,初一英语
"智慧学习部",英语,英语,英语,YYZH7A2700030,YY暑假智慧学习空间7A,学习机托管七年级英语暑假A2服务,通用,12,12,1440,1440,120.0,"	0.00",A2,A2,A体系,A体系,学习机托管七年级英语暑假A2服务,YY暑假智慧学习空间7A,否,,连季续,初一,七年级,七年级,2400.00,陈晓玉(441042),,暑假,暑假,正常,2026-07-30,2026-07-30,已审核,"走读,在线","常规面授,在线录播",在线录播,智慧学习机,20,2025-12-19,每天16:00-18:00,"有教材,开课前领取",2026-08-10,22,学习机托管(智慧),晚报大厦204教室,晚报大厦204教室,班级刷卡,20人,学习机托管,晚报大厦教学区,2026-08-10,8,12,初一英语
"智慧学习部",英语,英语,英语,YYZH7A2700049,YY暑假智慧学习空间7B,学习机托管七年级英语暑假B1服务,通用,12,12,1440,1440,120.0,"	0.00",B1,B1,B体系,B体系,学习机托管七年级英语暑假B1服务,YY暑假智慧学习空间7B,否,,连季续,初一,七年级,七年级,2400.00,袁思颖(703448),,暑假,暑假,正常,2026-07-30,2026-07-30,已审核,"走读,在线","常规面授,在线录播",在线录播,智慧学习机,20,2025-12-19,每天08:30-10:30,"有教材,开课前领取",2026-08-10,20,学习机托管(智慧),星沙筑梦自习室2,星沙筑梦自习室2,班级刷卡,20人,学习机托管,星沙筑梦教学区,2026-08-10,8,12,初一英语
"智慧学习部",英语,英语,英语,YYZH7A27084,YY暑假智慧学习空间7B,学习机托管七年级英语暑假B1服务,通用,12,12,1440,1440,120.0,"	0.00",B1,B1,B体系,B体系,学习机托管七年级英语暑假B1服务,YY暑假智慧学习空间7B,否,,连季续,初一,七年级,七年级,2400.00,李玉姣(615263),,暑假,暑假,正常,2026-07-30,2026-07-30,已审核,"走读,在线","常规面授,在线录播",在线录播,智慧学习机,20,2026-05-28,每天16:00-18:00,"有教材,开课前领取",2026-08-10,16,学习机托管(智慧),星沙筑梦自习室4,星沙筑梦自习室4,班级刷卡,20人,学习机托管,星沙筑梦教学区,2026-08-10,8,12,初一英语
"智慧学习部",数学,数学,数学,SXZH7A27095,SX暑假智慧学习空间7B,学习机托管七年级数学暑假B1服务,通用,12,12,1440,1440,120.0,"	0.00",B1,B1,B体系,B体系,学习机托管七年级数学暑假B1服务,SX暑假智慧学习空间7B,否,,连季续,初一,七年级,七年级,2400.00,谢顺意(703455),,暑假,暑假,正常,2026-07-30,2026-07-30,已审核,"走读,在线","常规面授,在线录播",在线录播,智慧学习机,20,2026-05-28,每天16:00-18:00,"有教材,开课前领取",2026-08-10,9,学习机托管(智慧),星沙筑梦自习室6,星沙筑梦自习室6,班级刷卡,20人,学习机托管,星沙筑梦教学区,2026-08-10,8,12,初一数学
"智慧学习部",语文,语文,语文,YWZH7A27036,YW暑假智慧学习空间7B,学习机托管七年级语文暑假B1服务,通用,12,12,1440,1440,120.0,"	0.00",B1,B1,B体系,B体系,学习机托管七年级语文暑假B1服务,YW暑假智慧学习空间7B,否,,连季续,初一,七年级,七年级,2400.00,李天亮(345590),,暑假,暑假,正常,2026-07-30,2026-07-30,已审核,"走读,在线","常规面授,在线录播",在线录播,智慧学习机,20,2026-03-24,每天16:00-18:00,"有教材,开课前领取",2026-08-10,10,学习机托管(智慧),星沙筑梦自习室9,星沙筑梦自习室9,班级刷卡,20人,学习机托管,星沙筑梦教学区,2026-08-10,8,12,初一语文
"智慧学习部",语文,语文,语文,YWZH7A27016,YW暑假智慧学习空间7B,学习机托管七年级语文暑假B1服务,通用,12,12,1440,1440,120.0,"	0.00",B1,B1,B体系,B体系,学习机托管七年级语文暑假B1服务,YW暑假智慧学习空间7B,否,,连季续,初一,七年级,七年级,2400.00,刘蕊(703456),,暑假,暑假,正常,2026-07-30,2026-07-30,已审核,"走读,在线","常规面授,在线录播",在线录播,智慧学习机,20,2026-03-24,每天10:40-12:40,"有教材,开课前领取",2026-08-10,25,学习机托管(智慧),洋湖卓伯根自习室4,洋湖卓伯根自习室4,班级刷卡,20人,学习机托管,洋湖卓伯根教学区,2026-08-10,8,12,初一语文
"智慧学习部",数学,数学,数学,SXZH7A2700052,SX暑假智慧学习空间7A,学习机托管七年级数学暑假A2服务,通用,12,12,1440,1440,120.0,"	0.00",A2,A2,A体系,A体系,学习机托管七年级数学暑假A2服务,SX暑假智慧学习空间7A,否,,连季续,初一,七年级,七年级,2400.00,刘航基(409435),,暑假,暑假,正常,2026-07-30,2026-07-30,已审核,"走读,在线","常规面授,在线录播",在线录播,智慧学习机,20,2025-12-19,每天10:40-12:40,"有教材,开课前领取",2026-08-10,22,学习机托管(智慧),星沙筑梦自习室8,星沙筑梦自习室8,班级刷卡,20人,学习机托管,星沙筑梦教学区,2026-08-10,8,12,初一数学
"智慧学习部",英语,英语,英语,YYZH7A2700074,YY暑假智慧学习空间7A,学习机托管七年级英语暑假A2服务,通用,12,12,1440,1440,120.0,"	0.00",A2,A2,A体系,A体系,学习机托管七年级英语暑假A2服务,YY暑假智慧学习空间7A,否,,连季续,初一,七年级,七年级,2400.00,周锦(441032),,暑假,暑假,正常,2026-07-30,2026-07-30,已审核,"走读,在线","常规面授,在线录播",在线录播,智慧学习机,20,2025-12-19,每天10:40-12:40,"有教材,开课前领取",2026-08-10,25,学习机托管(智慧),雨花家园401自习室,雨花家园401自习室,班级刷卡,20人,学习机托管,雨花家园智慧空间,2026-08-10,8,12,初一英语
"智慧学习部",英语,英语,英语,YYZH7A2700048,YY暑假智慧学习空间7A,学习机托管七年级英语暑假A2服务,通用,12,12,1440,1440,120.0,"	0.00",A2,A2,A体系,A体系,学习机托管七年级英语暑假A2服务,YY暑假智慧学习空间7A,否,,连季续,初一,七年级,七年级,2400.00,李玉姣(615263),,暑假,暑假,正常,2026-07-30,2026-07-30,已审核,"走读,在线","常规面授,在线录播",在线录播,智慧学习机,20,2025-12-19,每天10:40-12:40,"有教材,开课前领取",2026-08-10,17,学习机托管(智慧),星沙筑梦自习室4,星沙筑梦自习室4,班级刷卡,20人,学习机托管,星沙筑梦教学区,2026-08-10,8,12,初一英语
"智慧学习部",英语,英语,英语,YYZH7A27000116,YY暑假智慧学习空间7A,学习机托管七年级英语暑假A2服务,通用,12,12,1440,1440,120.0,"	0.00",A2,A2,A体系,A体系,学习机托管七年级英语暑假A2服务,YY暑假智慧学习空间7A,否,,连季续,初一,七年级,七年级,2400.00,韩若萱(612599),,暑假,暑假,正常,2026-07-30,2026-07-30,已审核,"走读,在线","常规面授,在线录播",在线录播,智慧学习机,20,2025-12-19,每天10:40-12:40,"有教材,开课前领取",2026-08-10,24,学习机托管(智慧),中信04自习室,中信04自习室,班级刷卡,20人,学习机托管,中信教学区,2026-08-10,8,12,初一英语
"素养智学部",英语,英语,英语,YYZH4A0431,双语智慧4A（暑）,四年级英语暑假B1服务（默认A）,通用,10,10,1200,1200,120.0,"	0.00",TG,TG,常规体系,常规体系,四年级英语暑假B1服务,四年级英语A暑假智慧学习空间,否,,连季续,四年级,四年级,四年级,2000.00,刘天琦(411178),,暑假,暑假,正常,2026-08-18,2026-08-18,已审核,"走读,在线","常规面授,在线录播",在线录播,智慧学习机,22,2026-02-27,每天10:40-12:40(上5休1）,"有教材,开课前领取",2026-08-28,21,学习机托管(智学),西子花苑13自习室,西子花苑13自习室,班级刷卡,20人,学习机托管,西子花苑智慧空间,2026-08-28,12,12,四年级英语
"素养智学部",英语,英语,英语,YYZH6A0650,双语智慧6A（暑）,六年级英语暑假A2服务（默认A）,通用,10,10,1200,1200,120.0,"	0.00",TG,TG,常规体系,常规体系,六年级英语暑假A2服务,六年级英语A暑假智慧学习空间,否,,连季续,六年级(小学),六年级,六年级,2000.00,刘天琦(411178),,暑假,暑假,正常,2026-08-18,2026-08-18,已审核,"走读,在线","常规面授,在线录播",在线录播,智慧学习机,24,2026-02-27,每天16:00-18:00(上5休1）,"有教材,开课前领取",2026-08-28,21,学习机托管(智学),西子花苑13自习室,西子花苑13自习室,班级刷卡,20人,学习机托管,西子花苑智慧空间,2026-08-28,12,12,六年级英语
"素养智学部",英语,英语,英语,YYZH4A0465,双语智慧4A（暑）,四年级英语暑假B1服务（默认A）,通用,10,10,1200,1200,120.0,"	0.00",TG,TG,常规体系,常规体系,四年级英语暑假B1服务,四年级英语A暑假智慧学习空间,否,,连季续,四年级,四年级,四年级,2000.00,王德波(349391),,暑假,暑假,正常,2026-08-18,2026-08-18,已审核,"走读,在线","常规面授,在线录播",在线录播,智慧学习机,22,2026-02-27,每天08:30-10:30(上5休1）,"有教材,开课前领取",2026-08-28,11,学习机托管(智学),西子花苑12自习室,西子花苑12自习室,班级刷卡,20人,学习机托管,西子花苑智慧空间,2026-08-28,12,12,四年级英语
"素养智学部",数学,数学,数学,SXZH6A0146,思维智慧6C领航（暑）,六年级数学暑假C1服务（C+）,通用,10,10,1200,1200,120.0,"	0.00",TG,TG,常规体系,常规体系,六年级数学暑假C1服务,六年级数学C暑假智慧学习空间,否,,连季续,六年级(小学),六年级,六年级,2600.00,方琳(104859),,暑假,暑假,正常,2026-08-18,2026-08-18,已审核,"走读,在线","常规面授,在线录播",在线录播,智慧学习机,24,2026-02-27,每天08:30-10:30(上5休1）,"有教材,开课前领取",2026-08-28,11,学习机托管(智学),西子花苑11自习室,西子花苑11自习室,班级刷卡,20人,学习机托管,西子花苑智慧空间,2026-08-28,12,12,六年级数学
"素养智学部",数学,数学,数学,SXZH5A0144,思维智慧5C领航（暑）,五年级数学暑假C1服务（C+）,通用,10,10,1200,1200,120.0,"	0.00",TG,TG,常规体系,常规体系,五年级数学暑假C1服务,五年级数学C暑假智慧学习空间,否,,连季续,五年级,五年级,五年级,2600.00,方琳(104859),,暑假,暑假,正常,2026-08-18,2026-08-18,已审核,"走读,在线","常规面授,在线录播",在线录播,智慧学习机,24,2026-02-27,每天10:40-12:40(上5休1）,"有教材,开课前领取",2026-08-28,24,学习机托管(智学),西子花苑11自习室,西子花苑11自习室,班级刷卡,20人,学习机托管,西子花苑智慧空间,2026-08-28,12,12,五年级数学
"素养智学部",英语,英语,英语,YYZH5A0317,双语智慧5A（暑）,五年级英语暑假B1服务（默认A）,通用,10,10,1200,1200,120.0,"	0.00",TG,TG,常规体系,常规体系,五年级英语暑假B1服务,五年级英语A暑假智慧学习空间,否,,连季续,五年级,五年级,五年级,2000.00,李勤(666065),,暑假,暑假,正常,2026-08-18,2026-08-18,已审核,"走读,在线","常规面授,在线录播",在线录播,智慧学习机,24,2026-02-27,每天08:30-10:30(上5休1）,"有教材,开课前领取",2026-08-28,22,学习机托管(智学),西子花苑10自习室,西子花苑10自习室,班级刷卡,20人,学习机托管,西子花苑智慧空间,2026-08-28,12,12,五年级英语
"素养智学部",英语,英语,英语,YYZH5A0396,双语智慧5A（暑）,五年级英语暑假B1服务（默认A）,通用,10,10,1200,1200,120.0,"	0.00",TG,TG,常规体系,常规体系,五年级英语暑假B1服务,五年级英语A暑假智慧学习空间,否,,连季续,五年级,五年级,五年级,2000.00,李勤(666065),,暑假,暑假,正常,2026-08-18,2026-08-18,已审核,"走读,在线","常规面授,在线录播",在线录播,智慧学习机,24,2026-04-14,每天10:40-12:40(上5休1）,"有教材,开课前领取",2026-08-28,22,学习机托管(智学),西子花苑10自习室,西子花苑10自习室,班级刷卡,20人,学习机托管,西子花苑智慧空间,2026-08-28,12,12,五年级英语
"素养智学部",英语,英语,英语,YYZH5A0294,双语智慧5A（暑）,五年级英语暑假B1服务（默认A）,通用,10,10,1200,1200,120.0,"	0.00",TG,TG,常规体系,常规体系,五年级英语暑假B1服务,五年级英语A暑假智慧学习空间,否,,连季续,五年级,五年级,五年级,2000.00,李勤(666065),,暑假,暑假,正常,2026-08-18,2026-08-18,已审核,"走读,在线","常规面授,在线录播",在线录播,智慧学习机,24,2026-02-27,每天16:00-18:00(上5休1）,"有教材,开课前领取",2026-08-28,22,学习机托管(智学),西子花苑10自习室,西子花苑10自习室,班级刷卡,20人,学习机托管,西子花苑智慧空间,2026-08-28,12,12,五年级英语
"素养智学部",英语,英语,英语,YYZH6A0657,双语智慧6A（暑）,六年级英语暑假A2服务（默认A）,通用,10,10,1200,1200,120.0,"	0.00",TG,TG,常规体系,常规体系,六年级英语暑假A2服务,六年级英语A暑假智慧学习空间,否,,连季续,六年级(小学),六年级,六年级,2000.00,唐慧(142001),,暑假,暑假,正常,2026-08-18,2026-08-18,已审核,"走读,在线","常规面授,在线录播",在线录播,智慧学习机,24,2026-02-27,每天16:00-18:00(上5休1）,"有教材,开课前领取",2026-08-28,24,学习机托管(智学),西子花苑08自习室,西子花苑08自习室,班级刷卡,20人,学习机托管,西子花苑智慧空间,2026-08-28,12,12,六年级英语
"素养智学部",数学,数学,数学,SXZH5A0178,思维智慧5A（暑）,五年级数学暑假A1服务（默认A）,通用,10,10,1200,1200,120.0,"	0.00",TG,TG,常规体系,常规体系,五年级数学暑假A1服务,五年级数学A暑假智慧学习空间,否,,连季续,五年级,五年级,五年级,2000.00,樊珂华(612648),,暑假,暑假,正常,2026-08-18,2026-08-18,已审核,"走读,在线","常规面授,在线录播",在线录播,智慧学习机,24,2026-04-14,每天10:40-12:40(上5休1）,"有教材,开课前领取",2026-08-28,18,学习机托管(智学),西子花苑08自习室,西子花苑08自习室,班级刷卡,20人,学习机托管,西子花苑智慧空间,2026-08-28,12,12,五年级数学
"素养智学部",数学,数学,数学,SXZH4A0638,思维智慧4B+（暑）,四年级数学暑假B1服务（默认B）,通用,10,10,1200,1200,120.0,"	0.00",TG,TG,常规体系,常规体系,四年级数学暑假B1服务,四年级数学B暑假智慧学习空间,否,,连季续,四年级,四年级,四年级,2000.00,马玟(438755),,暑假,暑假,正常,2026-08-18,2026-08-18,已审核,"走读,在线","常规面授,在线录播",在线录播,智慧学习机,22,2026-02-27,每天08:30-10:30(上5休1）,"有教材,开课前领取",2026-08-28,19,学习机托管(智学),西子花苑07自习室,西子花苑07自习室,班级刷卡,20人,学习机托管,西子花苑智慧空间,2026-08-28,12,12,四年级数学
"素养智学部",数学,数学,数学,SXZH6A0148,思维智慧6A（暑）,六年级数学暑假A1服务（默认A）,通用,10,10,1200,1200,120.0,"	0.00",TG,TG,常规体系,常规体系,六年级数学暑假A1服务,六年级数学A暑假智慧学习空间,否,,连季续,六年级(小学),六年级,六年级,2000.00,马玟(438755),,暑假,暑假,正常,2026-08-18,2026-08-18,已审核,"走读,在线","常规面授,在线录播",在线录播,智慧学习机,24,2026-02-27,每天10:40-12:40(上5休1）,"有教材,开课前领取",2026-08-28,23,学习机托管(智学),西子花苑07自习室,西子花苑07自习室,班级刷卡,20人,学习机托管,西子花苑智慧空间,2026-08-28,12,12,六年级数学
"素养智学部",数学,数学,数学,SXZH5A0125,思维智慧5B+（暑）,五年级数学暑假B1服务（默认B）,通用,10,10,1200,1200,120.0,"	0.00",TG,TG,常规体系,常规体系,五年级数学暑假B1服务,五年级数学B暑假智慧学习空间,否,,连季续,五年级,五年级,五年级,2000.00,马玟(438755),,暑假,暑假,正常,2026-08-18,2026-08-18,已审核,"走读,在线","常规面授,在线录播",在线录播,智慧学习机,24,2026-02-27,每天13:50-15:50(上5休1）,"有教材,开课前领取",2026-08-28,24,学习机托管(智学),西子花苑07自习室,西子花苑07自习室,班级刷卡,20人,学习机托管,西子花苑智慧空间,2026-08-28,12,12,五年级数学
"素养智学部",英语,英语,英语,YYZH6A0655,双语智慧6A（暑）,六年级英语暑假A2服务（默认A）,通用,10,10,1200,1200,120.0,"	0.00",TG,TG,常规体系,常规体系,六年级英语暑假A2服务,六年级英语A暑假智慧学习空间,否,,连季续,六年级(小学),六年级,六年级,2000.00,申紫怡(438837),,暑假,暑假,正常,2026-08-18,2026-08-18,已审核,"走读,在线","常规面授,在线录播",在线录播,智慧学习机,25,2026-02-27,每天10:40-12:40(上5休1）,"有教材,开课前领取",2026-08-28,25,学习机托管(智学),西子花苑04自习室,西子花苑04自习室,班级刷卡,20人,学习机托管,西子花苑智慧空间,2026-08-28,12,12,六年级英语
"素养智学部",英语,英语,英语,YYZH5A0300,双语智慧5A（暑）,五年级英语暑假B1服务（默认A）,通用,10,10,1200,1200,120.0,"	0.00",TG,TG,常规体系,常规体系,五年级英语暑假B1服务,五年级英语A暑假智慧学习空间,否,,连季续,五年级,五年级,五年级,2000.00,申紫怡(438837),,暑假,暑假,正常,2026-08-18,2026-08-18,已审核,"走读,在线","常规面授,在线录播",在线录播,智慧学习机,24,2026-02-27,每天13:50-15:50(上5休1）,"有教材,开课前领取",2026-08-28,21,学习机托管(智学),西子花苑04自习室,西子花苑04自习室,班级刷卡,20人,学习机托管,西子花苑智慧空间,2026-08-28,12,12,五年级英语
"素养智学部",双语故事表演,双语故事表演,双语故事表演,PM127A0110,双语绘本1B（暑）,双语故事表演L1暑假B2班,通用,10,10,1100,1100,110.0,"	0.00",L1,L1,常规体系,常规体系,双语故事表演L1暑假B2班,一年级双语故事表演暑假L1班,否,,连季续,一年级,一年级,一年级,2100.00,童斌(694181),,暑假,暑假,正常,2026-08-18,2026-08-18,已审核,走读,常规面授,常规面授,,17,2026-02-26,每天16:00-17:50(上5休1),"有教材,开课前领取",2026-08-28,16,素养素质(智学),中信302教室,中信302教室,班级刷卡,15人,素养,中信教学区,2026-08-28,10,12,分级阅读1
"素养智学部",双语故事表演,双语故事表演,双语故事表演,PM327A0106,双语绘本3C（暑）,双语故事表演L3暑假B2班,通用,10,10,1100,1100,110.0,"	0.00",L3,L3,常规体系,常规体系,双语故事表演L3暑假B2班,三年级双语故事表演暑假L3班,否,,连季续,三年级,三年级,三年级,2000.00,段佳慧(432282),,暑假,暑假,正常,2026-08-18,2026-08-18,已审核,走读,常规面授,常规面授,,19,2026-02-26,每天08:30-10:20(上5休1),"有教材,开课前领取",2026-08-28,17,素养素质(智学),井湾子教学区210教室,井湾子教学区210教室,班级刷卡,15人,素养,井湾子教学区,2026-08-28,10,12,分级阅读3
"素养智学部",博文妙笔,博文妙笔,博文妙笔,BW627A0013,博文口才 6（暑）,博文妙笔L6暑假B1班,通用,10,10,1100,1100,110.0,"	0.00",L6,L6,常规体系,常规体系,博文妙笔L6暑假B1班,六年级博文妙笔暑假L6班,否,,连季续,六年级(小学),六年级,六年级,2000.00,付丹(119114),,暑假,暑假,正常,2026-08-18,2026-08-18,已审核,走读,常规面授,常规面授,,25,2026-02-26,每天10:40-12:30(上5休1),"有教材,开课前领取",2026-08-28,24,素养素质(智学),晚报旗舰店103教室,晚报旗舰店103教室,班级刷卡,15人,素养,晚报旗舰店教学区,2026-08-28,10,12,语商表达6
"素养智学部",双语故事表演,双语故事表演,双语故事表演,PM227A0102,双语绘本2C（暑）,双语故事表演L2暑假B2班,通用,10,10,1100,1100,110.0,"	0.00",L2,L2,常规体系,常规体系,双语故事表演L2暑假B2班,二年级双语故事表演暑假L2班,否,,连季续,二年级,二年级,二年级,2100.00,刘廷(368042),,暑假,暑假,正常,2026-08-18,2026-08-18,已审核,走读,常规面授,常规面授,,17,2026-02-26,每天08:30-10:20(上5休1),"有教材,开课前领取",2026-08-28,16,素养素质(智学),星沙筑梦202教室,星沙筑梦202教室,班级刷卡,15人,素养,星沙筑梦教学区,2026-08-28,10,12,分级阅读2
"高中班级部",化学,化学,化学,GRHXA524,高二化学暑假志高班,十一年级化学暑假B1班（面授）,通用,14,14,1680,1680,120.0,"	0.00",B1,B1,B体系,B体系,十一年级化学暑假B1班,高二化学暑假志高班,否,,连季续,高二,十一年级,高二,2660.00,潘奇(271539),,暑假,暑假,正常,2026-07-21,2026-07-21,已审核,走读,常规面授,常规面授,,39,2025-12-15,10:20-12:20,"有教材,开课前领取",2026-08-04,44,高中部,沁园春304教室,沁园春304教室,班级刷卡,25人,本地班课,沁园春教学区,2026-08-04,10,15,高二化学
"高中班级部",物理,物理,物理,GRWLA599,高二物理暑假精进班,十一年级物理暑假A2班（面授）,通用,14,14,1680,1680,120.0,"	0.00",A2,A2,A体系,A体系,十一年级物理暑假A2班,高二物理暑假精进班,否,,连季续,高二,十一年级,高二,2660.00,桂林(457816),,暑假,暑假,正常,2026-07-21,2026-07-21,已审核,走读,常规面授,常规面授,,35,2025-12-15,13:40-15:40,"有教材,开课前领取",2026-08-04,40,高中部,沁园春306教室,沁园春306教室,班级刷卡,25人,本地班课,沁园春教学区,2026-08-04,10,15,高二物理
"高中班级部",数学,数学,数学,GRSXA770,高二数学暑假志高班,十一年级数学暑假B1班（面授）,通用,14,14,1680,1680,120.0,"	0.00",B1,B1,B体系,B体系,十一年级数学暑假B1班,高二数学暑假志高班,否,,连季续,高二,十一年级,高二,2660.00,丁曼琪(174898),,暑假,暑假,正常,2026-07-21,2026-07-21,已审核,走读,常规面授,常规面授,,40,2025-12-15,16:00-18:00,"有教材,开课前领取",2026-08-04,44,高中部,沁园春304教室,沁园春304教室,班级刷卡,25人,本地班课,沁园春教学区,2026-08-04,10,15,高二数学
"高中班级部",物理,物理,物理,GYWLA3513,高一物理暑假精进班,十年级物理暑假A2班（面授）,通用,14,14,1680,1680,120.0,"	0.00",A2,A2,A体系,A体系,十年级物理暑假A2班,高一物理暑假精进班,否,,连季续,高一,十年级,高一,2660.00,廖俊豪(694062),,暑假,暑假,正常,2026-07-21,2026-07-21,已审核,走读,常规面授,常规面授,,32,2025-12-15,10:20-12:20,"有教材,开课前领取",2026-08-04,35,高中部,梅溪湖204教室,梅溪湖204教室,班级刷卡,25人,本地班课,梅溪湖教学区,2026-08-04,10,15,高一物理
"高中班级部",数学,数学,数学,GYSXA3828,高一数学暑假精进班,十年级数学暑假A2班（面授）,通用,14,14,1680,1680,120.0,"	0.00",A2,A2,A体系,A体系,十年级数学暑假A2班,高一数学暑假精进班,否,,连季续,高一,十年级,高一,2660.00,吴晓旭(317481),,暑假,暑假,正常,2026-07-21,2026-07-21,已审核,走读,常规面授,常规面授,,30,2025-12-15,"	08:00-10:00","有教材,开课前领取",2026-08-04,35,高中部,梅溪湖204教室,梅溪湖204教室,班级刷卡,25人,本地班课,梅溪湖教学区,2026-08-04,10,15,高一数学
"高中班级部",数学,数学,数学,GRSXA756,高二数学暑假精进班,十一年级数学暑假A2班（面授）,通用,14,14,1680,1680,120.0,"	0.00",A2,A2,A体系,A体系,十一年级数学暑假A2班,高二数学暑假精进班,否,,连季续,高二,十一年级,高二,2660.00,颜钟铭(620579),,暑假,暑假,正常,2026-07-21,2026-07-21,已审核,走读,常规面授,常规面授,,45,2025-12-15,10:20-12:20,"有教材,开课前领取",2026-08-04,51,高中部,东塘302教室,东塘302教室,班级刷卡,25人,本地班课,东塘教学区,2026-08-04,10,15,高二数学
"高中班级部",化学,化学,化学,GRHXA526,高二化学暑假志高班,十一年级化学暑假B1班（面授）,通用,14,14,1680,1680,120.0,"	0.00",B1,B1,B体系,B体系,十一年级化学暑假B1班,高二化学暑假志高班,否,,连季续,高二,十一年级,高二,2660.00,许富康(108924),,暑假,暑假,正常,2026-07-21,2026-07-21,已审核,走读,常规面授,常规面授,,45,2025-12-15,13:40-15:40,"有教材,开课前领取",2026-08-04,51,高中部,东塘217教室,东塘217教室,班级刷卡,25人,本地班课,东塘教学区,2026-08-04,10,15,高二化学
"高中班级部",数学,数学,数学,GKSXA422,高考数学暑假精进班,十二年级数学暑假A2班（面授）,通用,14,14,1680,1680,120.0,"	0.00",A2,A2,A体系,A体系,十二年级数学暑假A2班,高考数学暑假精进班,否,,连季续,高考,十二年级,高考,2800.00,叶小飞(008984),,暑假,暑假,正常,2026-07-21,2026-07-21,已审核,走读,常规面授,常规面授,,37,2026-03-27,10:20-12:20,"有教材,开课前领取",2026-08-04,43,高中部,东塘中设402教室,东塘中设402教室,班级刷卡,25人,本地班课,东塘中设教学区,2026-08-04,10,15,高考数学
"高中班级部",数学,数学,数学,GYSXA3780,高一数学暑假志高班,十年级数学暑假B1班（面授）,通用,14,14,1680,1680,120.0,"	0.00",B1,B1,B体系,B体系,十年级数学暑假B1班,高一数学暑假志高班,否,,连季续,高一,十年级,高一,2660.00,叶小飞(008984),,暑假,暑假,正常,2026-07-21,2026-07-21,已审核,走读,常规面授,常规面授,,30,2025-12-15,"	08:00-10:00","有教材,开课前领取",2026-08-04,35,高中部,东塘中设402教室,东塘中设402教室,班级刷卡,25人,本地班课,东塘中设教学区,2026-08-04,10,15,高一数学
"高中班级部",英语,英语,英语,GYA3735,高一英语暑假志高班,十年级英语暑假B1班（面授）,通用,14,14,1680,1680,120.0,"	0.00",B1,B1,B体系,B体系,十年级英语暑假B1班,高一英语暑假志高班,否,,连季续,高一,十年级,高一,2660.00,方瑞(037833),,暑假,暑假,正常,2026-07-21,2026-07-21,已审核,走读,常规面授,常规面授,,43,2025-12-15,10:20-12:20,"有教材,开课前领取",2026-08-04,48,高中部,东塘中设401教室,东塘中设401教室,班级刷卡,25人,本地班课,东塘中设教学区,2026-08-04,10,15,高一英语
"高中班级部",英语,英语,英语,GRA1035,高二英语暑假志高班,十一年级英语暑假B1班（面授）,通用,14,14,1680,1680,120.0,"	0.00",B1,B1,B体系,B体系,十一年级英语暑假B1班,高二英语暑假志高班,否,,连季续,高二,十一年级,高二,2660.00,方瑞(037833),,暑假,暑假,正常,2026-07-21,2026-07-21,已审核,走读,常规面授,常规面授,,75,2026-03-27,16:00-18:00,"有教材,开课前领取",2026-08-04,81,高中部,东塘中设401教室,东塘中设401教室,班级刷卡,25人,本地班课,东塘中设教学区,2026-08-04,10,15,高二英语
"高中班级部",英语,英语,英语,GRA1023,高二英语暑假精进班,十一年级英语暑假A2班（面授）,通用,14,14,1680,1680,120.0,"	0.00",A2,A2,A体系,A体系,十一年级英语暑假A2班,高二英语暑假精进班,否,,连季续,高二,十一年级,高二,2660.00,曾雅洁(054040),,暑假,暑假,正常,2026-07-21,2026-07-21,已审核,走读,常规面授,常规面授,,30,2025-12-15,16:00-18:00,"有教材,开课前领取",2026-08-04,36,高中部,晚报大厦305教室,晚报大厦305教室,班级刷卡,25人,本地班课,晚报大厦教学区,2026-08-04,10,15,高二英语
"高中班级部",英语,英语,英语,GYA3786,高一英语暑假志高班,十年级英语暑假B1班（面授）,通用,14,14,1680,1680,120.0,"	0.00",B1,B1,B体系,B体系,十年级英语暑假B1班,高一英语暑假志高班,否,,连季续,高一,十年级,高一,2660.00,曾雅洁(054040),,暑假,暑假,正常,2026-07-21,2026-07-21,已审核,走读,常规面授,常规面授,,27,2025-12-15,"	08:00-10:00","有教材,开课前领取",2026-08-04,32,高中部,晚报大厦303教室,晚报大厦303教室,班级刷卡,25人,本地班课,晚报大厦教学区,2026-08-04,10,15,高一英语
"高中班级部",英语,英语,英语,GYA3774,高一英语暑假精进班,十年级英语暑假A2班（面授）,通用,14,14,1680,1680,120.0,"	0.00",A2,A2,A体系,A体系,十年级英语暑假A2班,高一英语暑假精进班,否,,连季续,高一,十年级,高一,2660.00,张春阳(144617),,暑假,暑假,正常,2026-07-21,2026-07-21,已审核,走读,常规面授,常规面授,,30,2025-12-15,13:40-15:40,"有教材,开课前领取",2026-08-04,35,高中部,梅溪湖207教室,梅溪湖207教室,班级刷卡,25人,本地班课,梅溪湖教学区,2026-08-04,10,15,高一英语
"高中班级部",数学,数学,数学,GKSXA413,高考数学暑假精进班,十二年级数学暑假A2班（面授）,通用,14,14,1680,1680,120.0,"	0.00",A2,A2,A体系,A体系,十二年级数学暑假A2班,高考数学暑假精进班,否,,连季续,高考,十二年级,高考,2800.00,王嘉盛(264065),,暑假,暑假,正常,2026-07-21,2026-07-21,已审核,走读,常规面授,常规面授,,35,2025-12-15,16:00-18:00,"有教材,开课前领取",2026-08-04,40,高中部,晚报大厦203教室,晚报大厦203教室,班级刷卡,25人,本地班课,晚报大厦教学区,2026-08-04,10,15,高考数学
"高中班级部",物理,物理,物理,GKWLA418,高考物理暑假精进班,十二年级物理暑假A2班（面授）,通用,14,14,1680,1680,120.0,"	0.00",A2,A2,A体系,A体系,十二年级物理暑假A2班,高考物理暑假精进班,否,,连季续,高考,十二年级,高考,2800.00,徐浪(438298),,暑假,暑假,正常,2026-07-21,2026-07-21,已审核,走读,常规面授,常规面授,,36,2025-12-15,13:40-15:40,"有教材,开课前领取",2026-08-04,42,高中部,晚报大厦203教室,晚报大厦203教室,班级刷卡,25人,本地班课,晚报大厦教学区,2026-08-04,10,15,高考物理
"高中班级部",数学,数学,数学,GYSXA3863,高一数学暑假志高班,十年级数学暑假B1班（面授）,通用,14,14,1680,1680,120.0,"	0.00",B1,B1,B体系,B体系,十年级数学暑假B1班,高一数学暑假志高班,否,,连季续,高一,十年级,高一,2660.00,陈洁仪(384277),,暑假,暑假,正常,2026-07-21,2026-07-21,已审核,走读,常规面授,常规面授,,29,2026-07-06,"	08:00-10:00","有教材,开课前领取",2026-08-04,34,高中部,湘江世纪城307教室,湘江世纪城307教室,班级刷卡,25人,本地班课,湘江世纪城教学区,2026-08-04,10,15,高一数学
"高中班级部",数学,数学,数学,GKSXA412,高考数学暑假精进班,十二年级数学暑假A2班（面授）,通用,14,14,1680,1680,120.0,"	0.00",A2,A2,A体系,A体系,十二年级数学暑假A2班,高考数学暑假精进班,否,,连季续,高考,十二年级,高考,2800.00,丁曼琪(174898),,暑假,暑假,正常,2026-07-21,2026-07-21,已审核,走读,常规面授,常规面授,,28,2025-12-15,"	08:00-10:00","有教材,开课前领取",2026-08-04,31,高中部,沁园春305教室,沁园春305教室,班级刷卡,25人,本地班课,沁园春教学区,2026-08-04,10,15,高考数学
"高中班级部",化学,化学,化学,GKHXA394,高考化学暑假精进班,十二年级化学暑假A2班（面授）,通用,14,14,1680,1680,120.0,"	0.00",A2,A2,A体系,A体系,十二年级化学暑假A2班,高考化学暑假精进班,否,,连季续,高考,十二年级,高考,2800.00,潘奇(271539),,暑假,暑假,正常,2026-07-21,2026-07-21,已审核,走读,常规面授,常规面授,,35,2025-12-15,16:00-18:00,"有教材,开课前领取",2026-08-04,39,高中部,沁园春305教室,沁园春305教室,班级刷卡,25人,本地班课,沁园春教学区,2026-08-04,10,15,高考化学
"高中班级部",英语,英语,英语,GRA1031,高二英语暑假志高班,十一年级英语暑假B1班（面授）,通用,14,14,1680,1680,120.0,"	0.00",B1,B1,B体系,B体系,十一年级英语暑假B1班,高二英语暑假志高班,否,,连季续,高二,十一年级,高二,2660.00,贺伊静(090330),,暑假,暑假,正常,2026-07-21,2026-07-21,已审核,走读,常规面授,常规面授,,35,2025-12-15,"	08:00-10:00","有教材,开课前领取",2026-08-04,41,高中部,东塘301教室,东塘301教室,班级刷卡,25人,本地班课,东塘教学区,2026-08-04,10,15,高二英语
"高中班级部",数学,数学,数学,GRSXA773,高二数学暑假志高班,十一年级数学暑假B1班（面授）,通用,14,14,1680,1680,120.0,"	0.00",B1,B1,B体系,B体系,十一年级数学暑假B1班,高二数学暑假志高班,否,,连季续,高二,十一年级,高二,2660.00,王嘉盛(264065),,暑假,暑假,正常,2026-07-21,2026-07-21,已审核,走读,常规面授,常规面授,,45,2025-12-15,13:40-15:40,"有教材,开课前领取",2026-08-04,51,高中部,晚报大厦303教室,晚报大厦303教室,班级刷卡,25人,本地班课,晚报大厦教学区,2026-08-04,10,15,高二数学
"高中班级部",数学,数学,数学,GRSXA758,高二数学暑假精进班,十一年级数学暑假A2班（面授）,通用,14,14,1680,1680,120.0,"	0.00",A2,A2,A体系,A体系,十一年级数学暑假A2班,高二数学暑假精进班,否,,连季续,高二,十一年级,高二,2660.00,史航(176464),,暑假,暑假,正常,2026-07-21,2026-07-21,已审核,走读,常规面授,常规面授,,32,2025-12-15,13:40-15:40,"有教材,开课前领取",2026-08-04,37,高中部,井湾子220教室,井湾子220教室,班级刷卡,25人,本地班课,井湾子教学区,2026-08-04,10,15,高二数学
"高中班级部",英语,英语,英语,GYA3736,高一英语暑假精进班,十年级英语暑假A2班（面授）,通用,14,14,1680,1680,120.0,"	0.00",A2,A2,A体系,A体系,十年级英语暑假A2班,高一英语暑假精进班,否,,连季续,高一,十年级,高一,2660.00,彭婷(365056),,暑假,暑假,正常,2026-07-21,2026-07-21,已审核,走读,常规面授,常规面授,,26,2025-12-15,"	08:00-10:00","有教材,开课前领取",2026-08-04,31,高中部,湘江世纪城219教室,湘江世纪城219教室,班级刷卡,25人,本地班课,湘江世纪城教学区,2026-08-04,10,15,高一英语
"高中班级部",化学,化学,化学,GYHXA3697,高一化学暑假精进班,十年级化学暑假A2班（面授）,通用,14,14,1680,1680,120.0,"	0.00",A2,A2,A体系,A体系,十年级化学暑假A2班,高一化学暑假精进班,否,,连季续,高一,十年级,高一,2660.00,杨盛(704633),,暑假,暑假,正常,2026-07-21,2026-07-21,已审核,走读,常规面授,常规面授,,27,2025-12-15,10:20-12:20,"有教材,开课前领取",2026-08-04,32,高中部,湘江世纪城219教室,湘江世纪城219教室,班级刷卡,25人,本地班课,湘江世纪城教学区,2026-08-04,10,15,高一化学
"高中班级部",英语,英语,英语,GYA3753,高一英语暑假精进班,十年级英语暑假A2班（面授）,通用,14,14,1680,1680,120.0,"	0.00",A2,A2,A体系,A体系,十年级英语暑假A2班,高一英语暑假精进班,否,,连季续,高一,十年级,高一,2660.00,杨令(381520),,暑假,暑假,正常,2026-07-21,2026-07-21,已审核,走读,常规面授,常规面授,,30,2025-12-15,16:00-18:00,"有教材,开课前领取",2026-08-04,35,高中部,雨花家园507教室,雨花家园507教室,班级刷卡,25人,本地班课,雨花家园教学区,2026-08-04,10,15,高一英语
"高中班级部",英语,英语,英语,GYA3739,高一英语暑假志高班,十年级英语暑假B1班（面授）,通用,14,14,1680,1680,120.0,"	0.00",B1,B1,B体系,B体系,十年级英语暑假B1班,高一英语暑假志高班,否,,连季续,高一,十年级,高一,2660.00,贺伊静(090330),,暑假,暑假,正常,2026-07-21,2026-07-21,已审核,走读,常规面授,常规面授,,40,2025-12-15,10:20-12:20,"有教材,开课前领取",2026-08-04,44,高中部,东塘301教室,东塘301教室,班级刷卡,25人,本地班课,东塘教学区,2026-08-04,10,15,高一英语
"高中班级部",化学,化学,化学,GYHXA3716,高一化学暑假志高班,十年级化学暑假B1班（面授）,通用,14,14,1680,1680,120.0,"	0.00",B1,B1,B体系,B体系,十年级化学暑假B1班,高一化学暑假志高班,否,,连季续,高一,十年级,高一,2660.00,许富康(108924),,暑假,暑假,正常,2026-07-21,2026-07-21,已审核,走读,常规面授,常规面授,,26,2025-12-15,"	08:00-10:00","有教材,开课前领取",2026-08-04,31,高中部,东塘217教室,东塘217教室,班级刷卡,25人,本地班课,东塘教学区,2026-08-04,10,15,高一化学
"高中班级部",物理,物理,物理,GRWLA604,高二物理暑假志高班,十一年级物理暑假B1班（面授）,通用,14,14,1680,1680,120.0,"	0.00",B1,B1,B体系,B体系,十一年级物理暑假B1班,高二物理暑假志高班,否,,连季续,高二,十一年级,高二,2660.00,王鹏(331943),,暑假,暑假,正常,2026-07-21,2026-07-21,已审核,走读,常规面授,常规面授,,30,2025-12-15,16:00-18:00,"有教材,开课前领取",2026-08-04,35,高中部,东塘213教室,东塘213教室,班级刷卡,25人,本地班课,东塘教学区,2026-08-04,10,15,高二物理
"高中班级部",数学,数学,数学,GKSXA408,高考数学暑假精进班,十二年级数学暑假A2班（面授）,通用,14,14,1680,1680,120.0,"	0.00",A2,A2,A体系,A体系,十二年级数学暑假A2班,高考数学暑假精进班,否,,连季续,高考,十二年级,高考,2800.00,史航(176464),,暑假,暑假,正常,2026-07-21,2026-07-21,已审核,走读,常规面授,常规面授,,37,2025-12-15,16:00-18:00,"有教材,开课前领取",2026-08-04,42,高中部,井湾子220教室,井湾子220教室,班级刷卡,25人,本地班课,井湾子教学区,2026-08-04,10,15,高考数学
"高中班级部",物理,物理,物理,GRWLA605,高二物理暑假志高班,十一年级物理暑假B1班（面授）,通用,14,14,1680,1680,120.0,"	0.00",B1,B1,B体系,B体系,十一年级物理暑假B1班,高二物理暑假志高班,否,,连季续,高二,十一年级,高二,2660.00,徐浪(438298),,暑假,暑假,正常,2026-07-21,2026-07-21,已审核,走读,常规面授,常规面授,,31,2025-12-15,10:20-12:20,"有教材,开课前领取",2026-08-04,36,高中部,晚报大厦305教室,晚报大厦305教室,班级刷卡,25人,本地班课,晚报大厦教学区,2026-08-04,10,15,高二物理
"高中班级部",数学,数学,数学,GRSXA753,高二数学暑假精进班,十一年级数学暑假A2班（面授）,通用,14,14,1680,1680,120.0,"	0.00",A2,A2,A体系,A体系,十一年级数学暑假A2班,高二数学暑假精进班,否,,连季续,高二,十一年级,高二,2660.00,张美娜(334661),,暑假,暑假,正常,2026-07-21,2026-07-21,已审核,走读,常规面授,常规面授,,33,2025-12-15,10:20-12:20,"有教材,开课前领取",2026-08-04,38,高中部,梅溪湖210教室,梅溪湖210教室,班级刷卡,25人,本地班课,梅溪湖教学区,2026-08-04,10,15,高二数学
"高中班级部",数学,数学,数学,GYSXA3827,高一数学暑假精进班,十年级数学暑假A2班（面授）,通用,14,14,1680,1680,120.0,"	0.00",A2,A2,A体系,A体系,十年级数学暑假A2班,高一数学暑假精进班,否,,连季续,高一,十年级,高一,2660.00,张美娜(334661),,暑假,暑假,正常,2026-07-21,2026-07-21,已审核,走读,常规面授,常规面授,,27,2025-12-15,16:00-18:00,"有教材,开课前领取",2026-08-04,33,高中部,梅溪湖207教室,梅溪湖207教室,班级刷卡,25人,本地班课,梅溪湖教学区,2026-08-04,10,15,高一数学
"高中班级部",数学,数学,数学,GRSXA752,高二数学暑假精进班,十一年级数学暑假A2班（面授）,通用,14,14,1680,1680,120.0,"	0.00",A2,A2,A体系,A体系,十一年级数学暑假A2班,高二数学暑假精进班,否,,连季续,高二,十一年级,高二,2660.00,吴晓旭(317481),,暑假,暑假,正常,2026-07-21,2026-07-21,已审核,走读,常规面授,常规面授,,30,2025-12-15,10:20-12:20,"有教材,开课前领取",2026-08-04,36,高中部,梅溪湖205教室,梅溪湖205教室,班级刷卡,25人,本地班课,梅溪湖教学区,2026-08-04,10,15,高二数学
"高中班级部",物理,物理,物理,GRWLA602,高二物理暑假志高班,十一年级物理暑假B1班（面授）,通用,14,14,1680,1680,120.0,"	0.00",B1,B1,B体系,B体系,十一年级物理暑假B1班,高二物理暑假志高班,否,,连季续,高二,十一年级,高二,2660.00,桂林(457816),,暑假,暑假,正常,2026-07-21,2026-07-21,已审核,走读,常规面授,常规面授,,30,2025-12-15,"	08:00-10:00","有教材,开课前领取",2026-08-04,36,高中部,沁园春304教室,沁园春304教室,班级刷卡,25人,本地班课,沁园春教学区,2026-08-04,10,15,高二物理
"高中班级部",数学,数学,数学,GYSXA3803,高一数学暑假精进班,十年级数学暑假A2班（面授）,通用,14,14,1680,1680,120.0,"	0.00",A2,A2,A体系,A体系,十年级数学暑假A2班,高一数学暑假精进班,否,,连季续,高一,十年级,高一,2660.00,颜钟铭(620579),,暑假,暑假,正常,2026-07-21,2026-07-21,已审核,走读,常规面授,常规面授,,42,2025-12-15,"	08:00-10:00","有教材,开课前领取",2026-08-04,47,高中部,东塘216教室,东塘216教室,班级刷卡,25人,本地班课,东塘教学区,2026-08-04,10,15,高一数学
"高中班级部",英语,英语,英语,GRA1032,高二英语暑假志高班,十一年级英语暑假B1班（面授）,通用,14,14,1680,1680,120.0,"	0.00",B1,B1,B体系,B体系,十一年级英语暑假B1班,高二英语暑假志高班,否,,连季续,高二,十一年级,高二,2660.00,贺伊静(090330),,暑假,暑假,正常,2026-07-21,2026-07-21,已审核,走读,常规面授,常规面授,,29,2025-12-15,16:00-18:00,"有教材,开课前领取",2026-08-04,34,高中部,东塘301教室,东塘301教室,班级刷卡,25人,本地班课,东塘教学区,2026-08-04,10,15,高二英语
"高中班级部",数学,数学,数学,GRSXA771,高二数学暑假志高班,十一年级数学暑假B1班（面授）,通用,14,14,1680,1680,120.0,"	0.00",B1,B1,B体系,B体系,十一年级数学暑假B1班,高二数学暑假志高班,否,,连季续,高二,十一年级,高二,2660.00,毛雄志(248525),,暑假,暑假,正常,2026-07-21,2026-07-21,已审核,走读,常规面授,常规面授,,39,2025-12-15,"	08:00-10:00","有教材,开课前领取",2026-08-04,44,高中部,东塘210教室,东塘210教室,班级刷卡,25人,本地班课,东塘教学区,2026-08-04,10,15,高二数学
"高中班级部",物理,物理,物理,GRWLA592,高二物理暑假精进班,十一年级物理暑假A2班（面授）,通用,14,14,1680,1680,120.0,"	0.00",A2,A2,A体系,A体系,十一年级物理暑假A2班,高二物理暑假精进班,否,,连季续,高二,十一年级,高二,2660.00,任翌芃(198678),,暑假,暑假,正常,2026-07-21,2026-07-21,已审核,走读,常规面授,常规面授,,32,2025-12-15,16:00-18:00,"有教材,开课前领取",2026-08-04,37,高中部,雨花家园501教室,雨花家园501教室,班级刷卡,25人,本地班课,雨花家园教学区,2026-08-04,10,15,高二物理
"高中班级部",数学,数学,数学,GYSXA3829,高一数学暑假精进班,十年级数学暑假A2班（面授）,通用,14,14,1680,1680,120.0,"	0.00",A2,A2,A体系,A体系,十年级数学暑假A2班,高一数学暑假精进班,否,,连季续,高一,十年级,高一,2660.00,吴晓旭(317481),,暑假,暑假,正常,2026-07-21,2026-07-21,已审核,走读,常规面授,常规面授,,26,2025-12-15,16:00-18:00,"有教材,开课前领取",2026-08-04,31,高中部,梅溪湖211教室,梅溪湖211教室,班级刷卡,25人,本地班课,梅溪湖教学区,2026-08-04,10,15,高一数学
"高中班级部",化学,化学,化学,GYHXA3733,高一化学暑假精进班,十年级化学暑假A2班（面授）,通用,14,14,1680,1680,120.0,"	0.00",A2,A2,A体系,A体系,十年级化学暑假A2班,高一化学暑假精进班,否,,连季续,高一,十年级,高一,2660.00,宁诗港(367904),,暑假,暑假,正常,2026-07-21,2026-07-21,已审核,走读,常规面授,常规面授,,27,2025-12-15,10:20-12:20,"有教材,开课前领取",2026-08-04,33,高中部,梅溪湖207教室,梅溪湖207教室,班级刷卡,25人,本地班课,梅溪湖教学区,2026-08-04,10,15,高一化学
"高中班级部",数学,数学,数学,GRSXA754,高二数学暑假精进班,十一年级数学暑假A2班（面授）,通用,14,14,1680,1680,120.0,"	0.00",A2,A2,A体系,A体系,十一年级数学暑假A2班,高二数学暑假精进班,否,,连季续,高二,十一年级,高二,2660.00,陈洁仪(384277),,暑假,暑假,正常,2026-07-21,2026-07-21,已审核,走读,常规面授,常规面授,,26,2025-12-15,13:40-15:40,"有教材,开课前领取",2026-08-04,32,高中部,湘江世纪城303教室,湘江世纪城303教室,班级刷卡,25人,本地班课,湘江世纪城教学区,2026-08-04,10,15,高二数学
"高中班级部",英语,英语,英语,GRA1030,高二英语暑假志高班,十一年级英语暑假B1班（面授）,通用,14,14,1680,1680,120.0,"	0.00",B1,B1,B体系,B体系,十一年级英语暑假B1班,高二英语暑假志高班,否,,连季续,高二,十一年级,高二,2660.00,李坦(199867),,暑假,暑假,正常,2026-07-21,2026-07-21,已审核,走读,常规面授,常规面授,,25,2025-12-15,13:40-15:40,"有教材,开课前领取",2026-08-04,30,高中部,沁园春304教室,沁园春304教室,班级刷卡,25人,本地班课,沁园春教学区,2026-08-04,10,15,高二英语
"高中班级部",数学,数学,数学,GYSXA3794,高一数学暑假精进班,十年级数学暑假A2班（面授）,通用,14,14,1680,1680,120.0,"	0.00",A2,A2,A体系,A体系,十年级数学暑假A2班,高一数学暑假精进班,否,,连季续,高一,十年级,高一,2660.00,杨盼(128090),,暑假,暑假,正常,2026-07-21,2026-07-21,已审核,走读,常规面授,常规面授,,25,2025-12-15,13:40-15:40,"有教材,开课前领取",2026-08-04,31,高中部,沁园春309教室,沁园春309教室,班级刷卡,25人,本地班课,沁园春教学区,2026-08-04,10,15,高一数学
"高中班级部",化学,化学,化学,GKHXA393,高考化学暑假精进班,十二年级化学暑假A2班（面授）,通用,14,14,1680,1680,120.0,"	0.00",A2,A2,A体系,A体系,十二年级化学暑假A2班,高考化学暑假精进班,否,,连季续,高考,十二年级,高考,2800.00,黄婷(384386),,暑假,暑假,正常,2026-07-21,2026-07-21,已审核,走读,常规面授,常规面授,,25,2025-12-15,13:40-15:40,"有教材,开课前领取",2026-08-04,30,高中部,梅溪湖209教室,梅溪湖209教室,班级刷卡,25人,本地班课,梅溪湖教学区,2026-08-04,10,15,高考化学
"高中班级部",物理,物理,物理,GRWLA603,高二物理暑假志高班,十一年级物理暑假B1班（面授）,通用,14,14,1680,1680,120.0,"	0.00",B1,B1,B体系,B体系,十一年级物理暑假B1班,高二物理暑假志高班,否,,连季续,高二,十一年级,高二,2660.00,王鹏(331943),,暑假,暑假,正常,2026-07-21,2026-07-21,已审核,走读,常规面授,常规面授,,45,2025-12-15,10:20-12:20,"有教材,开课前领取",2026-08-04,49,高中部,东塘209教室,东塘209教室,班级刷卡,25人,本地班课,东塘教学区,2026-08-04,10,15,高二物理
"高中班级部",物理,物理,物理,GYWLA3467,高一物理暑假精进班,十年级物理暑假A2班（面授）,通用,14,14,1680,1680,120.0,"	0.00",A2,A2,A体系,A体系,十年级物理暑假A2班,高一物理暑假精进班,否,,连季续,高一,十年级,高一,2660.00,熊科胜(365846),,暑假,暑假,正常,2026-07-21,2026-07-21,已审核,走读,常规面授,常规面授,,30,2025-12-15,"	08:00-10:00","有教材,开课前领取",2026-08-04,36,高中部,井湾子220教室,井湾子220教室,班级刷卡,25人,本地班课,井湾子教学区,2026-08-04,10,15,高一物理
"高中班级部",化学,化学,化学,GRHXA511,高二化学暑假精进班,十一年级化学暑假A2班（面授）,通用,14,14,1680,1680,120.0,"	0.00",A2,A2,A体系,A体系,十一年级化学暑假A2班,高二化学暑假精进班,否,,连季续,高二,十一年级,高二,2660.00,黄婷(384386),,暑假,暑假,正常,2026-07-21,2026-07-21,已审核,走读,常规面授,常规面授,,30,2025-12-15,"	08:00-10:00","有教材,开课前领取",2026-08-04,37,高中部,梅溪湖210教室,梅溪湖210教室,班级刷卡,25人,本地班课,梅溪湖教学区,2026-08-04,10,15,高二化学
"高中班级部",数学,数学,数学,GYSXA3857,高一数学暑假志高班,十年级数学暑假B1班（面授）,通用,14,14,1680,1680,120.0,"	0.00",B1,B1,B体系,B体系,十年级数学暑假B1班,高一数学暑假志高班,否,,连季续,高一,十年级,高一,2660.00,杨盼(128090),,暑假,暑假,正常,2026-07-21,2026-07-21,已审核,走读,常规面授,常规面授,,27,2026-06-10,16:00-18:00,"有教材,开课前领取",2026-08-04,33,高中部,沁园春308教室,沁园春308教室,班级刷卡,25人,本地班课,沁园春教学区,2026-08-04,10,15,高一数学
"高中班级部",物理,物理,物理,GYWLA3526,高一物理暑假志高班,十年级物理暑假B1班（面授）,通用,14,14,1680,1680,120.0,"	0.00",B1,B1,B体系,B体系,十年级物理暑假B1班,高一物理暑假志高班,否,,连季续,高一,十年级,高一,2660.00,徐浪(438298),,暑假,暑假,正常,2026-07-21,2026-07-21,已审核,走读,常规面授,常规面授,,40,2025-12-15,16:00-18:00,"有教材,开课前领取",2026-08-04,46,高中部,晚报大厦303教室,晚报大厦303教室,班级刷卡,25人,本地班课,晚报大厦教学区,2026-08-04,10,15,高一物理
"高中班级部",化学,化学,化学,GYHXA3745,高一化学暑假志高班,十年级化学暑假B1班（面授）,通用,14,14,1680,1680,120.0,"	0.00",B1,B1,B体系,B体系,十年级化学暑假B1班,高一化学暑假志高班,否,,连季续,高一,十年级,高一,2660.00,冯思佳(169535),,暑假,暑假,正常,2026-07-21,2026-07-21,已审核,走读,常规面授,常规面授,,32,2025-12-15,13:40-15:40,"有教材,开课前领取",2026-08-04,37,高中部,晚报大厦305教室,晚报大厦305教室,班级刷卡,25人,本地班课,晚报大厦教学区,2026-08-04,10,15,高一化学
"高中班级部",数学,数学,数学,GYSXA3843,高一数学暑假志高班,十年级数学暑假B1班（面授）,通用,14,14,1680,1680,120.0,"	0.00",B1,B1,B体系,B体系,十年级数学暑假B1班,高一数学暑假志高班,否,,连季续,高一,十年级,高一,2660.00,王嘉盛(264065),,暑假,暑假,正常,2026-07-21,2026-07-21,已审核,走读,常规面授,常规面授,,30,2025-12-15,10:20-12:20,"有教材,开课前领取",2026-08-04,38,高中部,晚报大厦303教室,晚报大厦303教室,班级刷卡,25人,本地班课,晚报大厦教学区,2026-08-04,10,15,高一数学
"高中班级部",数学,数学,数学,GRSXA750,高二数学暑假精进班,十一年级数学暑假A2班（面授）,通用,14,14,1680,1680,120.0,"	0.00",A2,A2,A体系,A体系,十一年级数学暑假A2班,高二数学暑假精进班,否,,连季续,高二,十一年级,高二,2660.00,杨子佳(438295),,暑假,暑假,正常,2026-07-21,2026-07-21,已审核,走读,常规面授,常规面授,,35,2025-12-15,10:20-12:20,"有教材,开课前领取",2026-08-04,40,高中部,沁园春306教室,沁园春306教室,班级刷卡,25人,本地班课,沁园春教学区,2026-08-04,10,15,高二数学
"高中班级部",化学,化学,化学,GYHXA3696,高一化学暑假志高班,十年级化学暑假B1班（面授）,通用,14,14,1680,1680,120.0,"	0.00",B1,B1,B体系,B体系,十年级化学暑假B1班,高一化学暑假志高班,否,,连季续,高一,十年级,高一,2660.00,耿瑞(675565),,暑假,暑假,正常,2026-07-21,2026-07-21,已审核,走读,常规面授,常规面授,,27,2025-12-15,13:40-15:40,"有教材,开课前领取",2026-08-04,32,高中部,东塘211教室,东塘211教室,班级刷卡,25人,本地班课,东塘教学区,2026-08-04,10,15,高一化学
"高中班级部",物理,物理,物理,GYWLA3488,高一物理暑假精进班,十年级物理暑假A2班（面授）,通用,14,14,1680,1680,120.0,"	0.00",A2,A2,A体系,A体系,十年级物理暑假A2班,高一物理暑假精进班,否,,连季续,高一,十年级,高一,2660.00,吴英泽(620416),,暑假,暑假,正常,2026-07-21,2026-07-21,已审核,走读,常规面授,常规面授,,45,2025-12-15,10:20-12:20,"有教材,开课前领取",2026-08-04,50,高中部,东塘216教室,东塘216教室,班级刷卡,25人,本地班课,东塘教学区,2026-08-04,10,15,高一物理
"高中班级部",物理,物理,物理,GYWLA3468,高一物理暑假志高班,十年级物理暑假B1班（面授）,通用,14,14,1680,1680,120.0,"	0.00",B1,B1,B体系,B体系,十年级物理暑假B1班,高一物理暑假志高班,否,,连季续,高一,十年级,高一,2660.00,吴英泽(620416),,暑假,暑假,正常,2026-07-21,2026-07-21,已审核,走读,常规面授,常规面授,,45,2025-12-15,13:40-15:40,"有教材,开课前领取",2026-08-04,49,高中部,东塘209教室,东塘209教室,班级刷卡,25人,本地班课,东塘教学区,2026-08-04,10,15,高一物理
"高中班级部",物理,物理,物理,GYWLA3512,高一物理暑假精进班,十年级物理暑假A2班（面授）,通用,14,14,1680,1680,120.0,"	0.00",A2,A2,A体系,A体系,十年级物理暑假A2班,高一物理暑假精进班,否,,连季续,高一,十年级,高一,2660.00,廖俊豪(694062),,暑假,暑假,正常,2026-07-21,2026-07-21,已审核,走读,常规面授,常规面授,,28,2025-12-15,13:40-15:40,"有教材,开课前领取",2026-08-04,33,高中部,梅溪湖211教室,梅溪湖211教室,班级刷卡,25人,本地班课,梅溪湖教学区,2026-08-04,10,15,高一物理
"高中班级部",物理,物理,物理,GYWLA3503,高一物理暑假精进班,十年级物理暑假A2班（面授）,通用,14,14,1680,1680,120.0,"	0.00",A2,A2,A体系,A体系,十年级物理暑假A2班,高一物理暑假精进班,否,,连季续,高一,十年级,高一,2660.00,熊科胜(365846),,暑假,暑假,正常,2026-07-21,2026-07-21,已审核,走读,常规面授,常规面授,,32,2025-12-15,10:20-12:20,"有教材,开课前领取",2026-08-04,37,高中部,井湾子220教室,井湾子220教室,班级刷卡,25人,本地班课,井湾子教学区,2026-08-04,10,15,高一物理
"高中班级部",物理,物理,物理,GYWLA3478,高一物理暑假志高班,十年级物理暑假B1班（面授）,通用,14,14,1680,1680,120.0,"	0.00",B1,B1,B体系,B体系,十年级物理暑假B1班,高一物理暑假志高班,否,,连季续,高一,十年级,高一,2660.00,田小东(288506),,暑假,暑假,正常,2026-07-21,2026-07-21,已审核,走读,常规面授,常规面授,,28,2025-12-15,"	08:00-10:00","有教材,开课前领取",2026-08-04,32,高中部,沁园春308教室,沁园春308教室,班级刷卡,25人,本地班课,沁园春教学区,2026-08-04,10,15,高一物理
"高中班级部",数学,数学,数学,GYSXA3784,高一数学暑假志高班,十年级数学暑假B1班（面授）,通用,14,14,1680,1680,120.0,"	0.00",B1,B1,B体系,B体系,十年级数学暑假B1班,高一数学暑假志高班,否,,连季续,高一,十年级,高一,2660.00,毛雄志(248525),,暑假,暑假,正常,2026-07-21,2026-07-21,已审核,走读,常规面授,常规面授,,45,2025-12-15,16:00-18:00,"有教材,开课前领取",2026-08-04,51,高中部,东塘210教室,东塘210教室,班级刷卡,25人,本地班课,东塘教学区,2026-08-04,10,15,高一数学
"高中班级部",物理,物理,物理,GYWLA3483,高一物理暑假志高班,十年级物理暑假B1班（面授）,通用,14,14,1680,1680,120.0,"	0.00",B1,B1,B体系,B体系,十年级物理暑假B1班,高一物理暑假志高班,否,,连季续,高一,十年级,高一,2660.00,任翌芃(198678),,暑假,暑假,正常,2026-07-21,2026-07-21,已审核,走读,常规面授,常规面授,,27,2025-12-15,10:20-12:20,"有教材,开课前领取",2026-08-04,32,高中部,雨花家园503教室,雨花家园503教室,班级刷卡,25人,本地班课,雨花家园教学区,2026-08-04,10,15,高一物理
"高中班级部",物理,物理,物理,GYWLA3465,高一物理暑假精进班,十年级物理暑假A2班（面授）,通用,14,14,1680,1680,120.0,"	0.00",A2,A2,A体系,A体系,十年级物理暑假A2班,高一物理暑假精进班,否,,连季续,高一,十年级,高一,2660.00,魏林涛(366368),,暑假,暑假,正常,2026-07-21,2026-07-21,已审核,走读,常规面授,常规面授,,28,2025-12-15,13:40-15:40,"有教材,开课前领取",2026-08-04,33,高中部,湘江世纪城219教室,湘江世纪城219教室,班级刷卡,25人,本地班课,湘江世纪城教学区,2026-08-04,10,15,高一物理
"高中班级部",数学,数学,数学,GYSXA3799,高一数学暑假志高班,十年级数学暑假B1班（面授）,通用,14,14,1680,1680,120.0,"	0.00",B1,B1,B体系,B体系,十年级数学暑假B1班,高一数学暑假志高班,否,,连季续,高一,十年级,高一,2660.00,潘涛(651176),,暑假,暑假,正常,2026-07-21,2026-07-21,已审核,走读,常规面授,常规面授,,29,2025-12-15,"	08:00-10:00","有教材,开课前领取",2026-08-04,34,高中部,雨花家园503教室,雨花家园503教室,班级刷卡,25人,本地班课,雨花家园教学区,2026-08-04,10,15,高一数学
"高中班级部",数学,数学,数学,GRSXA747,高二数学暑假精进班,十一年级数学暑假A2班（面授）,通用,14,14,1680,1680,120.0,"	0.00",A2,A2,A体系,A体系,十一年级数学暑假A2班,高二数学暑假精进班,否,,连季续,高二,十一年级,高二,2660.00,王义(037388),,暑假,暑假,正常,2026-07-21,2026-07-21,已审核,走读,常规面授,常规面授,,30,2025-12-15,13:40-15:40,"有教材,开课前领取",2026-08-04,36,高中部,雨花家园501教室,雨花家园501教室,班级刷卡,25人,本地班课,雨花家园教学区,2026-08-04,10,15,高二数学
"高中班级部",化学,化学,化学,GKHXA397,高考化学暑假精进班,十二年级化学暑假A2班（面授）,通用,14,14,1680,1680,120.0,"	0.00",A2,A2,A体系,A体系,十二年级化学暑假A2班,高考化学暑假精进班,否,,连季续,高考,十二年级,高考,2800.00,廖峻豪(402013),,暑假,暑假,正常,2026-07-21,2026-07-21,已审核,走读,常规面授,常规面授,,33,2025-12-15,"	08:00-10:00","有教材,开课前领取",2026-08-04,38,高中部,雨花家园504教室,雨花家园504教室,班级刷卡,25人,本地班课,雨花家园教学区,2026-08-04,10,15,高考化学
"高中班级部",化学,化学,化学,GYHXA3713,高一化学暑假精进班,十年级化学暑假A2班（面授）,通用,14,14,1680,1680,120.0,"	0.00",A2,A2,A体系,A体系,十年级化学暑假A2班,高一化学暑假精进班,否,,连季续,高一,十年级,高一,2660.00,廖峻豪(402013),,暑假,暑假,正常,2026-07-21,2026-07-21,已审核,走读,常规面授,常规面授,,32,2025-12-15,13:40-15:40,"有教材,开课前领取",2026-08-04,37,高中部,雨花家园507教室,雨花家园507教室,班级刷卡,25人,本地班课,雨花家园教学区,2026-08-04,10,15,高一化学
"高中班级部",数学,数学,数学,GKSXA411,高考数学暑假精进班,十二年级数学暑假A2班（面授）,通用,14,14,1680,1680,120.0,"	0.00",A2,A2,A体系,A体系,十二年级数学暑假A2班,高考数学暑假精进班,否,,连季续,高考,十二年级,高考,2800.00,张美娜(334661),,暑假,暑假,正常,2026-07-21,2026-07-21,已审核,走读,常规面授,常规面授,,33,2025-12-15,"	08:00-10:00","有教材,开课前领取",2026-08-04,37,高中部,梅溪湖209教室,梅溪湖209教室,班级刷卡,25人,本地班课,梅溪湖教学区,2026-08-04,10,15,高考数学
"高中班级部",数学,数学,数学,GYSXA3800,高一数学暑假精进班,十年级数学暑假A2班（面授）,通用,14,14,1680,1680,120.0,"	0.00",A2,A2,A体系,A体系,十年级数学暑假A2班,高一数学暑假精进班,否,,连季续,高一,十年级,高一,2660.00,王义(037388),,暑假,暑假,正常,2026-07-21,2026-07-21,已审核,走读,常规面授,常规面授,,28,2025-12-15,10:20-12:20,"有教材,开课前领取",2026-08-04,33,高中部,雨花家园504教室,雨花家园504教室,班级刷卡,25人,本地班课,雨花家园教学区,2026-08-04,10,15,高一数学
"高中班级部",物理,物理,物理,GRWLA587,高二物理暑假精进班,十一年级物理暑假A2班（面授）,通用,14,14,1680,1680,120.0,"	0.00",A2,A2,A体系,A体系,十一年级物理暑假A2班,高二物理暑假精进班,否,,连季续,高二,十一年级,高二,2660.00,金香敏(400291),,暑假,暑假,正常,2026-07-21,2026-07-21,已审核,走读,常规面授,常规面授,,32,2025-12-15,13:40-15:40,"有教材,开课前领取",2026-08-04,38,高中部,梅溪湖210教室,梅溪湖210教室,班级刷卡,25人,本地班课,梅溪湖教学区,2026-08-04,10,15,高二物理
"高中班级部",物理,物理,物理,GYWLA3547,高一物理暑假志高班,十年级物理暑假B1班（面授）,通用,14,14,1680,1680,120.0,"	0.00",B1,B1,B体系,B体系,十年级物理暑假B1班,高一物理暑假志高班,否,,连季续,高一,十年级,高一,2660.00,魏林涛(366368),,暑假,暑假,正常,2026-07-21,2026-07-21,已审核,走读,常规面授,常规面授,,28,2026-07-06,10:20-12:20,"有教材,开课前领取",2026-08-04,33,高中部,湘江世纪城307教室,湘江世纪城307教室,班级刷卡,25人,本地班课,湘江世纪城教学区,2026-08-04,10,15,高一物理
"高中班级部",物理,物理,物理,GKWLA417,高考物理暑假精进班,十二年级物理暑假A2班（面授）,通用,14,14,1680,1680,120.0,"	0.00",A2,A2,A体系,A体系,十二年级物理暑假A2班,高考物理暑假精进班,否,,连季续,高考,十二年级,高考,2800.00,任翌芃(198678),,暑假,暑假,正常,2026-07-21,2026-07-21,已审核,走读,常规面授,常规面授,,35,2025-12-15,13:40-15:40,"有教材,开课前领取",2026-08-04,39,高中部,雨花家园504教室,雨花家园504教室,班级刷卡,25人,本地班课,雨花家园教学区,2026-08-04,10,15,高考物理
"高中班级部",数学,数学,数学,GYSXA3811,高一数学暑假精进班,十年级数学暑假A2班（面授）,通用,14,14,1680,1680,120.0,"	0.00",A2,A2,A体系,A体系,十年级数学暑假A2班,高一数学暑假精进班,否,,连季续,高一,十年级,高一,2660.00,官雨萱(248524),,暑假,暑假,正常,2026-07-21,2026-07-21,已审核,走读,常规面授,常规面授,,30,2025-12-15,10:20-12:20,"有教材,开课前领取",2026-08-04,36,高中部,晚报大厦304教室,晚报大厦304教室,班级刷卡,25人,本地班课,晚报大厦教学区,2026-08-04,10,15,高一数学
"高中班级部",数学,数学,数学,GKSXA415,高考数学暑假精进班,十二年级数学暑假A2班（面授）,通用,14,14,1680,1680,120.0,"	0.00",A2,A2,A体系,A体系,十二年级数学暑假A2班,高考数学暑假精进班,否,,连季续,高考,十二年级,高考,2800.00,陈洁仪(384277),,暑假,暑假,正常,2026-07-25,2026-07-25,已审核,走读,常规面授,常规面授,,37,2025-12-15,10:20-12:20,"有教材,开课前领取",2026-08-07,42,高中部,湘江世纪城303教室,湘江世纪城303教室,班级刷卡,25人,本地班课,湘江世纪城教学区,2026-08-07,10,15,高考数学
"高中班级部",物理,物理,物理,GYWLA3479,高一物理暑假精进班,十年级物理暑假A2班（面授）,通用,14,14,1680,1680,120.0,"	0.00",A2,A2,A体系,A体系,十年级物理暑假A2班,高一物理暑假精进班,否,,连季续,高一,十年级,高一,2660.00,田小东(288506),,暑假,暑假,正常,2026-07-21,2026-07-21,已审核,走读,常规面授,常规面授,,28,2025-12-15,16:00-18:00,"有教材,开课前领取",2026-08-04,34,高中部,沁园春310教室,沁园春310教室,班级刷卡,25人,本地班课,沁园春教学区,2026-08-04,10,15,高一物理
"高中班级部",化学,化学,化学,GKHXA390,高考化学暑假精进班,十二年级化学暑假A2班（面授）,通用,14,14,1680,1680,120.0,"	0.00",A2,A2,A体系,A体系,十二年级化学暑假A2班,高考化学暑假精进班,否,,连季续,高考,十二年级,高考,2800.00,袁彩霞(325482),,暑假,暑假,正常,2026-07-21,2026-07-21,已审核,走读,常规面授,常规面授,,39,2025-12-15,16:00-18:00,"有教材,开课前领取",2026-08-04,44,高中部,东塘216教室,东塘216教室,班级刷卡,25人,本地班课,东塘教学区,2026-08-04,10,15,高考化学
"高中班级部",数学,数学,数学,GKSXA406,高考数学暑假精进班,十二年级数学暑假A2班（面授）,通用,14,14,1680,1680,120.0,"	0.00",A2,A2,A体系,A体系,十二年级数学暑假A2班,高考数学暑假精进班,否,,连季续,高考,十二年级,高考,2800.00,毛雄志(248525),,暑假,暑假,正常,2026-07-21,2026-07-21,已审核,走读,常规面授,常规面授,,45,2025-12-15,10:20-12:20,"有教材,开课前领取",2026-08-04,50,高中部,东塘210教室,东塘210教室,班级刷卡,25人,本地班课,东塘教学区,2026-08-04,10,15,高考数学
"高中班级部",物理,物理,物理,GKWLA410,高考物理暑假精进班,十二年级物理暑假A2班（面授）,通用,14,14,1680,1680,120.0,"	0.00",A2,A2,A体系,A体系,十二年级物理暑假A2班,高考物理暑假精进班,否,,连季续,高考,十二年级,高考,2800.00,王鹏(331943),,暑假,暑假,正常,2026-07-21,2026-07-21,已审核,走读,常规面授,常规面授,,45,2025-12-15,"	08:00-10:00","有教材,开课前领取",2026-08-04,49,高中部,东塘209教室,东塘209教室,班级刷卡,25人,本地班课,东塘教学区,2026-08-04,10,15,高考物理
"高中班级部",数学,数学,数学,GYSXA3782,高一数学暑假精进班,十年级数学暑假A2班（面授）,通用,14,14,1680,1680,120.0,"	0.00",A2,A2,A体系,A体系,十年级数学暑假A2班,高一数学暑假精进班,否,,连季续,高一,十年级,高一,2660.00,丁曼琪(174898),,暑假,暑假,正常,2026-07-21,2026-07-21,已审核,走读,常规面授,常规面授,,29,2025-12-15,10:20-12:20,"有教材,开课前领取",2026-08-04,34,高中部,沁园春310教室,沁园春310教室,班级刷卡,25人,本地班课,沁园春教学区,2026-08-04,10,15,高一数学
"高中班级部",英语,英语,英语,GKA551,高考英语暑假精进班,十二年级英语暑假A2班（面授）,通用,14,14,1680,1680,120.0,"	0.00",A2,A2,A体系,A体系,十二年级英语暑假A2班,高考英语暑假精进班,否,,连季续,高考,十二年级,高考,2800.00,杨令(381520),,暑假,暑假,正常,2026-07-21,2026-07-21,已审核,走读,常规面授,常规面授,,27,2026-04-27,13:40-15:40,"有教材,开课前领取",2026-08-04,32,高中部,雨花家园505教室,雨花家园505教室,班级刷卡,25人,本地班课,雨花家园教学区,2026-08-04,10,15,高考英语
"高中班级部",英语,英语,英语,GYA3738,高一英语暑假精进班,十年级英语暑假A2班（面授）,通用,14,14,1680,1680,120.0,"	0.00",A2,A2,A体系,A体系,十年级英语暑假A2班,高一英语暑假精进班,否,,连季续,高一,十年级,高一,2660.00,周帆(062781),,暑假,暑假,正常,2026-07-21,2026-07-21,已审核,走读,常规面授,常规面授,,27,2025-12-15,16:00-18:00,"有教材,开课前领取",2026-08-04,32,高中部,井湾子教学区203教室,井湾子教学区203教室,班级刷卡,25人,本地班课,井湾子教学区,2026-08-04,10,15,高一英语
"高中班级部",英语,英语,英语,GYA3799,高一英语暑假志高班,十年级英语暑假B1班（面授）,通用,14,14,1680,1680,120.0,"	0.00",B1,B1,B体系,B体系,十年级英语暑假B1班,高一英语暑假志高班,否,,连季续,高一,十年级,高一,2660.00,方瑞(037833),,暑假,暑假,正常,2026-07-21,2026-07-21,已审核,走读,常规面授,常规面授,,40,2026-03-27,13:40-15:40,"有教材,开课前领取",2026-08-04,44,高中部,东塘中设401教室,东塘中设401教室,班级刷卡,25人,本地班课,东塘中设教学区,2026-08-04,10,15,高一英语
"高中班级部",物理,物理,物理,GYWLA3464,高一物理暑假志高班,十年级物理暑假B1班（面授）,通用,14,14,1680,1680,120.0,"	0.00",B1,B1,B体系,B体系,十年级物理暑假B1班,高一物理暑假志高班,否,,连季续,高一,十年级,高一,2660.00,吴英泽(620416),,暑假,暑假,正常,2026-07-21,2026-07-21,已审核,走读,常规面授,常规面授,,27,2025-12-15,16:00-18:00,"有教材,开课前领取",2026-08-04,31,高中部,东塘209教室,东塘209教室,班级刷卡,25人,本地班课,东塘教学区,2026-08-04,10,15,高一物理
"高中班级部",英语,英语,英语,GYA3740,高一英语暑假精进班,十年级英语暑假A2班（面授）,通用,14,14,1680,1680,120.0,"	0.00",A2,A2,A体系,A体系,十年级英语暑假A2班,高一英语暑假精进班,否,,连季续,高一,十年级,高一,2660.00,曾雅洁(054040),,暑假,暑假,正常,2026-07-21,2026-07-21,已审核,走读,常规面授,常规面授,,27,2025-12-15,10:20-12:20,"有教材,开课前领取",2026-08-04,33,高中部,晚报大厦301教室,晚报大厦301教室,班级刷卡,25人,本地班课,晚报大厦教学区,2026-08-04,10,15,高一英语
"高中班级部",数学,数学,数学,GKSXA421,高考数学暑假精进班,十二年级数学暑假A2班（面授）,通用,14,14,1680,1680,120.0,"	0.00",A2,A2,A体系,A体系,十二年级数学暑假A2班,高考数学暑假精进班,否,,连季续,高考,十二年级,高考,2800.00,潘涛(651176),,暑假,暑假,正常,2026-07-21,2026-07-21,已审核,走读,常规面授,常规面授,,25,2025-12-15,16:10-18:10,"有教材,开课前领取",2026-08-04,29,高中部,雨花家园505教室,雨花家园505教室,班级刷卡,25人,本地班课,雨花家园教学区,2026-08-04,10,15,高考数学
"高中班级部",数学,数学,数学,GRSXA777,高二数学暑假志高班,十一年级数学暑假B1班（面授）,通用,14,14,1680,1680,120.0,"	0.00",B1,B1,B体系,B体系,十一年级数学暑假B1班,高二数学暑假志高班,否,,连季续,高二,十一年级,高二,2660.00,叶小飞(008984),,暑假,暑假,正常,2026-07-21,2026-07-21,已审核,走读,常规面授,常规面授,,25,2026-03-27,13:40-15:40,"有教材,开课前领取",2026-08-04,30,高中部,东塘中设402教室,东塘中设402教室,班级刷卡,25人,本地班课,东塘中设教学区,2026-08-04,10,15,高二数学
"高中班级部",数学,数学,数学,GYSXA3817,高一数学暑假精进班,十年级数学暑假A2班（面授）,通用,14,14,1680,1680,120.0,"	0.00",A2,A2,A体系,A体系,十年级数学暑假A2班,高一数学暑假精进班,否,,连季续,高一,十年级,高一,2660.00,潘涛(651176),,暑假,暑假,正常,2026-07-21,2026-07-21,已审核,走读,常规面授,常规面授,,25,2025-12-15,13:40-15:40,"有教材,开课前领取",2026-08-04,30,高中部,井湾子教学区204教室,井湾子教学区204教室,班级刷卡,25人,本地班课,井湾子教学区,2026-08-04,10,15,高一数学
"高中班级部",化学,化学,化学,GRHXA514,高二化学暑假精进班,十一年级化学暑假A2班（面授）,通用,14,14,1680,1680,120.0,"	0.00",A2,A2,A体系,A体系,十一年级化学暑假A2班,高二化学暑假精进班,否,,连季续,高二,十一年级,高二,2660.00,廖峻豪(402013),,暑假,暑假,正常,2026-07-21,2026-07-21,已审核,走读,常规面授,常规面授,,25,2025-12-15,10:20-12:20,"有教材,开课前领取",2026-08-04,30,高中部,雨花家园501教室,雨花家园501教室,班级刷卡,25人,本地班课,雨花家园教学区,2026-08-04,10,15,高二化学
"高中班级部",数学,数学,数学,GRSXA772,高二数学暑假志高班,十一年级数学暑假B1班（面授）,通用,14,14,1680,1680,120.0,"	0.00",B1,B1,B体系,B体系,十一年级数学暑假B1班,高二数学暑假志高班,否,,连季续,高二,十一年级,高二,2660.00,毛雄志(248525),,暑假,暑假,正常,2026-07-21,2026-07-21,已审核,走读,常规面授,常规面授,,25,2025-12-15,13:40-15:40,"有教材,开课前领取",2026-08-04,30,高中部,东塘210教室,东塘210教室,班级刷卡,25人,本地班课,东塘教学区,2026-08-04,10,15,高二数学
"高中班级部",化学,化学,化学,GKHXA391,高考化学暑假精进班,十二年级化学暑假A2班（面授）,通用,14,14,1680,1680,120.0,"	0.00",A2,A2,A体系,A体系,十二年级化学暑假A2班,高考化学暑假精进班,否,,连季续,高考,十二年级,高考,2800.00,袁彩霞(325482),,暑假,暑假,正常,2026-07-21,2026-07-21,已审核,走读,常规面授,常规面授,,25,2025-12-15,18:30-20:30,"有教材,开课前领取",2026-08-04,30,高中部,井湾子220教室,井湾子220教室,班级刷卡,25人,本地班课,井湾子教学区,2026-08-04,10,15,高考化学
"高中班级部",数学,数学,数学,GKSXA416,高考数学暑假精进班,十二年级数学暑假A2班（面授）,通用,14,14,1680,1680,120.0,"	0.00",A2,A2,A体系,A体系,十二年级数学暑假A2班,高考数学暑假精进班,否,,连季续,高考,十二年级,高考,2800.00,王义(037388),,暑假,暑假,正常,2026-07-21,2026-07-21,已审核,走读,常规面授,常规面授,,25,2025-12-15,16:00-18:00,"有教材,开课前领取",2026-08-04,28,高中部,雨花家园504教室,雨花家园504教室,班级刷卡,25人,本地班课,雨花家园教学区,2026-08-04,10,15,高考数学
"高中班级部",数学,数学,数学,GYSXA3785,高一数学暑假精进班,十年级数学暑假A2班（面授）,通用,14,14,1680,1680,120.0,"	0.00",A2,A2,A体系,A体系,十年级数学暑假A2班,高一数学暑假精进班,否,,连季续,高一,十年级,高一,2660.00,官雨萱(248524),,暑假,暑假,正常,2026-07-21,2026-07-21,已审核,走读,常规面授,常规面授,,25,2025-12-15,16:00-18:00,"有教材,开课前领取",2026-08-04,30,高中部,晚报大厦301教室,晚报大厦301教室,班级刷卡,25人,本地班课,晚报大厦教学区,2026-08-04,10,15,高一数学
"高中班级部",数学,数学,数学,GKSXA419,高考数学暑假精进班,十二年级数学暑假A2班（面授）,通用,14,14,1680,1680,120.0,"	0.00",A2,A2,A体系,A体系,十二年级数学暑假A2班,高考数学暑假精进班,否,,连季续,高考,十二年级,高考,2800.00,杨子佳(438295),,暑假,暑假,正常,2026-07-21,2026-07-21,已审核,走读,常规面授,常规面授,,25,2025-12-15,13:30-15:30,"有教材,开课前领取",2026-08-04,29,高中部,沁园春307教室,沁园春307教室,班级刷卡,25人,本地班课,沁园春教学区,2026-08-04,10,15,高考数学
"高中班级部",数学,数学,数学,GYSXA3866,高一数学暑假志高班,十年级数学暑假B1班（面授）,通用,14,14,1680,1680,120.0,"	0.00",B1,B1,B体系,B体系,十年级数学暑假B1班,高一数学暑假志高班,否,,连季续,高一,十年级,高一,2660.00,张美娜(334661),,暑假,暑假,正常,2026-07-21,2026-07-21,已审核,走读,常规面授,常规面授,,25,2026-07-17,13:40-15:40,"有教材,开课前领取",2026-08-04,28,高中部,梅溪湖208教室,梅溪湖208教室,班级刷卡,25人,本地班课,梅溪湖教学区,2026-08-04,10,15,高一数学
"高中班级部",物理,物理,物理,GYWLA3516,高一物理暑假志高班,十年级物理暑假B1班（面授）,通用,14,14,1680,1680,120.0,"	0.00",B1,B1,B体系,B体系,十年级物理暑假B1班,高一物理暑假志高班,否,,连季续,高一,十年级,高一,2660.00,金香敏(400291),,暑假,暑假,正常,2026-07-21,2026-07-21,已审核,走读,常规面授,常规面授,,25,2025-12-15,16:00-18:00,"有教材,开课前领取",2026-08-04,28,高中部,梅溪湖208教室,梅溪湖208教室,班级刷卡,25人,本地班课,梅溪湖教学区,2026-08-04,10,15,高一物理
"高中班级部",数学,数学,数学,GYSXA3849,高一数学暑假精进班,十年级数学暑假A2班（面授）,通用,14,14,1680,1680,120.0,"	0.00",A2,A2,A体系,A体系,十年级数学暑假A2班,高一数学暑假精进班,否,,连季续,高一,十年级,高一,2660.00,王义(037388),,暑假,暑假,正常,2026-07-21,2026-07-21,已审核,走读,常规面授,常规面授,,25,2026-03-27,"	08:00-10:00","有教材,开课前领取",2026-08-04,27,高中部,雨花家园506教室,雨花家园506教室,班级刷卡,25人,本地班课,雨花家园教学区,2026-08-04,10,15,高一数学
"高中班级部",数学,数学,数学,GYSXA3781,高一数学暑假精进班,十年级数学暑假A2班（面授）,通用,14,14,1680,1680,120.0,"	0.00",A2,A2,A体系,A体系,十年级数学暑假A2班,高一数学暑假精进班,否,,连季续,高一,十年级,高一,2660.00,杨子佳(438295),,暑假,暑假,正常,2026-07-21,2026-07-21,已审核,走读,常规面授,常规面授,,25,2025-12-15,16:10-18:10,"有教材,开课前领取",2026-08-04,29,高中部,湘江世纪城219教室,湘江世纪城219教室,班级刷卡,25人,本地班课,湘江世纪城教学区,2026-08-04,10,15,高一数学
"高中班级部",物理,物理,物理,GYWLA3549,高一物理暑假精进班,十年级物理暑假A2班（面授）,通用,14,14,1680,1680,120.0,"	0.00",A2,A2,A体系,A体系,十年级物理暑假A2班,高一物理暑假精进班,否,,连季续,高一,十年级,高一,2660.00,邹志超(248531),,暑假,暑假,正常,2026-07-21,2026-07-21,已审核,走读,常规面授,常规面授,,25,2026-07-15,10:20-12:20,"有教材,开课前领取",2026-08-04,30,高中部,晚报大厦306教室,晚报大厦306教室,班级刷卡,25人,本地班课,晚报大厦教学区,2026-08-04,10,15,高一物理
"高中班级部",物理,物理,物理,GKWLA414,高考物理暑假精进班,十二年级物理暑假A2班（面授）,通用,14,14,1680,1680,120.0,"	0.00",A2,A2,A体系,A体系,十二年级物理暑假A2班,高考物理暑假精进班,否,,连季续,高考,十二年级,高考,2800.00,金香敏(400291),,暑假,暑假,正常,2026-07-21,2026-07-21,已审核,走读,常规面授,常规面授,,25,2025-12-15,10:20-12:20,"有教材,开课前领取",2026-08-04,27,高中部,梅溪湖209教室,梅溪湖209教室,班级刷卡,25人,本地班课,梅溪湖教学区,2026-08-04,10,15,高考物理
"高中班级部",物理,物理,物理,GYWLA3533,高一物理暑假精进班,十年级物理暑假A2班（面授）,通用,14,14,1680,1680,120.0,"	0.00",A2,A2,A体系,A体系,十年级物理暑假A2班,高一物理暑假精进班,否,,连季续,高一,十年级,高一,2660.00,李奕昕(704632),,暑假,暑假,正常,2026-07-21,2026-07-21,已审核,走读,常规面授,常规面授,,25,2026-03-27,10:20-12:20,"有教材,开课前领取",2026-08-04,30,高中部,雨花家园506教室,雨花家园506教室,班级刷卡,25人,本地班课,雨花家园教学区,2026-08-04,10,15,高一物理
"高中班级部",物理,物理,物理,GKWLA412,高考物理暑假精进班,十二年级物理暑假A2班（面授）,通用,14,14,1680,1680,120.0,"	0.00",A2,A2,A体系,A体系,十二年级物理暑假A2班,高考物理暑假精进班,否,,连季续,高考,十二年级,高考,2800.00,熊科胜(365846),,暑假,暑假,正常,2026-07-21,2026-07-21,已审核,走读,常规面授,常规面授,,25,2025-12-15,13:40-15:40,"有教材,开课前领取",2026-08-04,29,高中部,井湾子教学区212教室,井湾子221教室,班级刷卡,25人,本地班课,井湾子教学区,2026-08-04,10,15,高考物理
"高中班级部",物理,物理,物理,GYWLA3496,高一物理暑假精进班,十年级物理暑假A2班（面授）,通用,14,14,1680,1680,120.0,"	0.00",A2,A2,A体系,A体系,十年级物理暑假A2班,高一物理暑假精进班,否,,连季续,高一,十年级,高一,2660.00,邹志超(248531),,暑假,暑假,正常,2026-07-21,2026-07-21,已审核,走读,常规面授,常规面授,,25,2025-12-15,"	08:00-10:00","有教材,开课前领取",2026-08-04,30,高中部,晚报大厦304教室,晚报大厦304教室,班级刷卡,25人,本地班课,晚报大厦教学区,2026-08-04,10,15,高一物理
"高中班级部",物理,物理,物理,GKWLA416,高考物理暑假精进班,十二年级物理暑假A2班（面授）,通用,14,14,1680,1680,120.0,"	0.00",A2,A2,A体系,A体系,十二年级物理暑假A2班,高考物理暑假精进班,否,,连季续,高考,十二年级,高考,2800.00,魏林涛(366368),,暑假,暑假,正常,2026-07-25,2026-07-25,已审核,走读,常规面授,常规面授,,25,2025-12-15,"	08:00-10:00","有教材,开课前领取",2026-08-07,28,高中部,湘江世纪城303教室,湘江世纪城303教室,班级刷卡,25人,本地班课,湘江世纪城教学区,2026-08-07,10,15,高考物理
"高中班级部",语文,语文,语文,GKYWA103,高考语文暑假精进班,十二年级语文暑假A2班（面授）,通用,14,14,1680,1680,120.0,"	0.00",A2,A2,A体系,A体系,十二年级语文暑假A2班,高考语文暑假精进班,否,,连季续,高考,十二年级,高考,2800.00,盘舟(054061),,暑假,暑假,正常,2026-07-21,2026-07-21,已审核,走读,常规面授,常规面授,,25,2025-12-15,"	08:00-10:00","有教材,开课前领取",2026-08-04,24,高中部,东塘211教室,东塘211教室,班级刷卡,25人,本地班课,东塘教学区,2026-08-04,10,15,高考语文
"高中班级部",语文,语文,语文,GYYWA523,高一语文暑假精进班,十年级语文暑假A2班（面授）,通用,14,14,1680,1680,120.0,"	0.00",A2,A2,A体系,A体系,十年级语文暑假A2班,高一语文暑假精进班,否,,连季续,高一,十年级,高一,2660.00,盘舟(054061),,暑假,暑假,正常,2026-07-21,2026-07-21,已审核,走读,常规面授,常规面授,,25,2025-12-15,18:30-20:30,"有教材,开课前领取",2026-08-04,27,高中部,井湾子221教室,井湾子教学区203教室,班级刷卡,25人,本地班课,井湾子教学区,2026-08-04,10,15,高一语文
"高中班级部",物理,物理,物理,GYWLA3466,高一物理暑假精进班,十年级物理暑假A2班（面授）,通用,14,14,1680,1680,120.0,"	0.00",A2,A2,A体系,A体系,十年级物理暑假A2班,高一物理暑假精进班,否,,连季续,高一,十年级,高一,2660.00,桂林(457816),,暑假,暑假,正常,2026-07-21,2026-07-21,已审核,走读,常规面授,常规面授,,25,2025-12-15,10:20-12:20,"有教材,开课前领取",2026-08-04,24,高中部,沁园春309教室,沁园春309教室,班级刷卡,25人,本地班课,沁园春教学区,2026-08-04,10,15,高一物理
"高中班级部",英语,英语,英语,GYA3761,高一英语暑假精进班,十年级英语暑假A2班（面授）,通用,14,14,1680,1680,120.0,"	0.00",A2,A2,A体系,A体系,十年级英语暑假A2班,高一英语暑假精进班,否,,连季续,高一,十年级,高一,2660.00,邸睿(704634),,暑假,暑假,正常,2026-07-21,2026-07-21,已审核,走读,常规面授,常规面授,,25,2025-12-15,13:40-15:40,"有教材,开课前领取",2026-08-04,25,高中部,晚报大厦304教室,晚报大厦304教室,班级刷卡,25人,本地班课,晚报大厦教学区,2026-08-04,10,15,高一英语
"高中班级部",物理,物理,物理,GKWLA419,高考物理暑假精进班,十二年级物理暑假A2班（面授）,通用,14,14,1680,1680,120.0,"	0.00",A2,A2,A体系,A体系,十二年级物理暑假A2班,高考物理暑假精进班,否,,连季续,高考,十二年级,高考,2800.00,田小东(288506),,暑假,暑假,正常,2026-07-21,2026-07-21,已审核,走读,常规面授,常规面授,,39,2025-12-15,10:20-12:20,"有教材,开课前领取",2026-08-04,44,高中部,沁园春305教室,沁园春305教室,班级刷卡,25人,本地班课,沁园春教学区,2026-08-04,10,15,高考物理
"高中班级部",英语,英语,英语,GKA543,高考英语暑假精进班,十二年级英语暑假A2班（面授）,通用,14,14,1680,1680,120.0,"	0.00",A2,A2,A体系,A体系,十二年级英语暑假A2班,高考英语暑假精进班,否,,连季续,高考,十二年级,高考,2800.00,李坦(199867),,暑假,暑假,正常,2026-07-21,2026-07-21,已审核,走读,常规面授,常规面授,,27,2025-12-15,10:20-12:20,"有教材,开课前领取",2026-08-04,32,高中部,沁园春307教室,沁园春307教室,班级刷卡,25人,本地班课,沁园春教学区,2026-08-04,10,15,高考英语
"高中班级部",物理,物理,物理,GKWLA415,高考物理暑假精进班,十二年级物理暑假A2班（面授）,通用,14,14,1680,1680,120.0,"	0.00",A2,A2,A体系,A体系,十二年级物理暑假A2班,高考物理暑假精进班,否,,连季续,高考,十二年级,高考,2800.00,田小东(288506),,暑假,暑假,正常,2026-07-21,2026-07-21,已审核,走读,常规面授,常规面授,,25,2025-12-15,13:40-15:40,"有教材,开课前领取",2026-08-04,29,高中部,沁园春305教室,沁园春305教室,班级刷卡,25人,本地班课,沁园春教学区,2026-08-04,10,15,高考物理
"高中班级部",英语,英语,英语,GKA547,高考英语暑假精进班,十二年级英语暑假A2班（面授）,通用,14,14,1680,1680,120.0,"	0.00",A2,A2,A体系,A体系,十二年级英语暑假A2班,高考英语暑假精进班,否,,连季续,高考,十二年级,高考,2800.00,李坦(199867),,暑假,暑假,正常,2026-07-21,2026-07-21,已审核,走读,常规面授,常规面授,,25,2025-12-15,16:00-18:00,"有教材,开课前领取",2026-08-04,14,高中部,沁园春307教室,沁园春307教室,班级刷卡,25人,本地班课,沁园春教学区,2026-08-04,10,15,高考英语
"素养智学部",英语,英语,英语,YYZH6A270257,取消SY双语智慧6A（暑）,取消六年级英语暑假A2服务（创新默认A）,通用,10,0,1200,1200,120.0,"	0.00",TG,TG,常规体系,常规体系,六年级英语暑假A2服务,六年级英语A暑假智慧学习空间,否,,连季续,六年级(小学),六年级,六年级,1800.00,周紫嫣(217809),,暑假,暑假,取消班,2026-08-18,,已审核,"走读,在线","常规面授,在线录播",在线录播,智慧学习机,0,2026-06-12,每天16:00-18:00,"有教材,开课前领取",,0,学习机托管(智学),湘潭自习室2,湘潭自习室2,班级刷卡,20人,学习机托管,金湘潭教学区,2026-08-28,8,12,六年级英语
"素养智学部",博文妙笔,博文妙笔,博文妙笔,BW327A0725,博文口才 3（暑）,博文妙笔L3暑假B1班,通用,10,10,1100,1100,110.0,"	0.00",L3,L3,常规体系,常规体系,博文妙笔L3暑假B1班,三年级博文妙笔暑假L3班,否,,连季续,三年级,三年级,三年级,2000.00,宋宇晖(361477),,暑假,暑假,正常,2026-08-18,2026-08-18,已审核,走读,常规面授,常规面授,,18,2026-08-03,每天10:40-12:30(上5休1),"有教材,开课前领取",2026-08-28,8,素养素质(智学),时光汇204教室,时光汇204教室,班级刷卡,15人,素养,时光汇教学区,2026-08-28,10,12,语商表达3
"素养智学部",双语故事表演,双语故事表演,双语故事表演,PM227A0104,取消双语绘本2C（暑）,取消双语故事表演L2暑假B2班,通用,10,0,1100,1100,110.0,"	0.00",L2,L2,常规体系,常规体系,双语故事表演L2暑假B2班,二年级双语故事表演暑假L2班,否,,连季续,二年级,二年级,二年级,2100.00,彭冰(423921),,暑假,暑假,取消班,2026-08-18,,已审核,走读,常规面授,常规面授,,0,2026-02-26,每天10:40-12:30(上5休1),"有教材,开课前领取",,0,素养素质(智学),时光汇208教室,时光汇208教室,班级刷卡,15人,素养,时光汇教学区,2026-08-28,10,12,分级阅读2
"素养智学部",双语故事表演,双语故事表演,双语故事表演,PM227A0095,双语绘本2C（暑）,双语故事表演L2暑假B2班,通用,10,10,1100,1100,110.0,"	0.00",L2,L2,常规体系,常规体系,双语故事表演L2暑假B2班,二年级双语故事表演暑假L2班,否,,连季续,二年级,二年级,二年级,2100.00,彭冰(423921),,暑假,暑假,正常,2026-08-18,2026-08-18,已审核,走读,常规面授,常规面授,,17,2026-02-26,每天16:00-17:50(上5休1),"有教材,开课前领取",2026-08-28,16,素养素质(智学),时光汇208教室,时光汇208教室,班级刷卡,15人,素养,时光汇教学区,2026-08-28,10,12,分级阅读2
"素养智学部",英语,英语,英语,YYZH5A0305,双语智慧5A（暑）,五年级英语暑假B1服务（默认A）,通用,10,10,1200,1200,120.0,"	0.00",TG,TG,常规体系,常规体系,五年级英语暑假B1服务,五年级英语A暑假智慧学习空间,否,,连季续,五年级,五年级,五年级,2000.00,符寒惠(443718),,暑假,暑假,正常,2026-08-18,2026-08-18,已审核,"走读,在线","常规面授,在线录播",在线录播,智慧学习机,24,2026-02-27,每天16:00-18:00(上5休1）,"有教材,开课前领取",2026-08-28,22,学习机托管(智学),湘江世纪城206教室,湘江世纪城206教室,班级刷卡,20人,学习机托管,湘江世纪城教学区,2026-08-28,12,12,五年级英语
"素养智学部",博文妙笔,博文妙笔,博文妙笔,BW127A0022,博文口才 1（暑）,博文妙笔L1暑假B1班,通用,10,10,1100,1100,110.0,"	0.00",L1,L1,常规体系,常规体系,博文妙笔L1暑假B1班,一年级博文妙笔暑假L1班,否,,连季续,一年级,一年级,一年级,2100.00,梁艳云(612643),,暑假,暑假,正常,2026-08-18,2026-08-18,已审核,走读,常规面授,常规面授,,17,2026-02-26,每天13:50-15:40(上5休1),"有教材,开课前领取",2026-08-28,16,素养素质(智学),洋湖新城311教室,洋湖新城311教室,班级刷卡,15人,素养,洋湖新城教学区,2026-08-28,10,12,语商表达1
"素养智学部",书法,书法,书法,XZ227A0001,素质成长营（写字2）（暑）,一年级书法暑假ZT1班,通用,10,10,900,900,90.0,"	0.00",ZT1,ZT1,专项体系,专项体系,一年级书法暑假ZT1班,一年级书法暑假ZT1班,否,,不可续,一年级,一年级,一年级,975.00,金莉英(342028),,暑假,暑假,正常,2026-08-18,2026-08-18,已审核,走读,常规面授,常规面授,,15,2026-02-26," 每天08:30~10:00(上5休1)","有教材,开课前领取",2026-08-28,12,素养素质(智学),二十四品303教室,二十四品303教室,班级刷卡,12人,素质,二十四品教学区,2026-08-28,7,8,书法2
"素养智学部",博文妙笔,博文妙笔,博文妙笔,BW227A0005,博文口才 2（暑）,博文妙笔L2暑假B1班,通用,10,10,1100,1100,110.0,"	0.00",L2,L2,常规体系,常规体系,博文妙笔L2暑假B1班,二年级博文妙笔暑假L2班,否,,连季续,二年级,二年级,二年级,2100.00,何琪(057970),,暑假,暑假,正常,2026-08-18,2026-08-18,已审核,走读,常规面授,常规面授,,20,2026-02-26,每天08:30-10:20(上5休1),"有教材,开课前领取",2026-08-28,18,素养素质(智学),梅岭国际213教室,梅岭国际213教室,班级刷卡,15人,素养,梅岭国际教学区,2026-08-28,10,12,语商表达2
"素养智学部",双语故事表演,双语故事表演,双语故事表演,PM227A0082,双语绘本2C（暑）,双语故事表演L2暑假B2班,通用,10,10,1100,1100,110.0,"	0.00",L2,L2,常规体系,常规体系,双语故事表演L2暑假B2班,二年级双语故事表演暑假L2班,否,,连季续,二年级,二年级,二年级,2100.00,曾仁杰(436720),,暑假,暑假,正常,2026-08-18,2026-08-18,已审核,走读,常规面授,常规面授,,15,2026-02-26,每天18:40-20:30(上5休1),"有教材,开课前领取",2026-08-28,13,素养素质(智学),八方小区205教室,八方小区205教室,班级刷卡,15人,素养,八方小区教学区,2026-08-28,10,12,分级阅读2
"国外考试部",全科,"阅读,写作,听力,口语",,YZG2747B,雅思大学生直通车高级班（B）,雅思大学生直通车高级班（FY26-B）,IELTS直通车,32,48,3840,3840,120.0,"	0.00",IELTS,IELTS,常规体系,常规体系,雅思大学生直通车高级班,雅思大学生直通车高级班,否,,可续,,,,12800.00,,,暑假,,正常,2026-07-27,2026-07-27,已审核,"走读,在线","常规面授,在线直播",在线直播,云教室小班（25人以下）,10,2026-07-13,"周一至周六10:10-12:10,13:30-15:30,15:40-17:40","有教材,开课前领取",2026-08-13,10,国外考试部,芙蓉广场教学区,芙蓉广场16-A8教室,班级刷卡,6人,国外考试部,芙蓉广场教学区,2026-08-13,4,5,
"素养智学部",双语故事表演,双语故事表演,双语故事表演,PM527A0056,双语绘本C5（暑）,双语故事表演L5暑假B2班,通用,10,10,1100,1100,110.0,"	0.00",L5,L5,常规体系,常规体系,双语故事表演L5暑假B2班,五年级双语故事表演暑假L5班,否,,连季续,五年级,五年级,五年级,2000.00,夏才典(661616),,暑假,暑假,正常,2026-08-18,2026-08-18,已审核,走读,常规面授,常规面授,,20,2026-02-26,每天10:40-12:30(上5休1),"有教材,开课前领取",2026-08-28,20,素养素质(智学),梅溪湖南212教室,梅溪湖南212教室,班级刷卡,15人,素养,梅溪湖南教学区,2026-08-28,10,12,故事会5
"素养智学部",博文妙笔,博文妙笔,博文妙笔,BW227A0032,取消博文口才 2（暑）,取消博文妙笔L2暑假B1班,通用,10,0,1100,1100,110.0,"	0.00",L2,L2,常规体系,常规体系,博文妙笔L2暑假B1班,二年级博文妙笔暑假L2班,否,,连季续,二年级,二年级,二年级,2100.00,朱芊(606164),,暑假,暑假,取消班,2026-08-05,,已审核,走读,常规面授,常规面授,,0,2026-07-01,每天16:00-17:50(上5休1),"有教材,开课前领取",,0,素养素质(智学),中信309教室,中信309教室,班级刷卡,15人,素养,中信教学区,2026-08-15,10,12,语商表达2
"素养智学部",博文妙笔,博文妙笔,博文妙笔,BW527A0006,博文口才 5（暑）,博文妙笔L5暑假B1班,通用,10,10,1100,1100,110.0,"	0.00",L5,L5,常规体系,常规体系,博文妙笔L5暑假B1班,五年级博文妙笔暑假L5班,否,,连季续,五年级,五年级,五年级,2000.00,陆赛(365246),,暑假,暑假,正常,2026-08-18,2026-08-18,已审核,走读,常规面授,常规面授,,20,2026-02-26,每天16:00-17:50(上5休1),"有教材,开课前领取",2026-08-28,17,素养素质(智学),西子花苑旗舰店305教室,西子花苑旗舰店305教室,班级刷卡,15人,素养,西子花苑旗舰店教学区,2026-08-28,10,12,语商表达5
"素养智学部",双语故事表演,双语故事表演,双语故事表演,PMS327A0039,双语绘本K（暑）,双语故事表演S3暑假B1班,通用,10,10,900,900,90.0,"	0.00",S3,S3,常规体系,常规体系,双语故事表演S3暑假B1班,S3双语故事表演暑假S3班,否,,连季续,S3,S3,S3,1575.00,王梓奇(707013),,暑假,暑假,正常,2026-08-18,2026-08-18,已审核,走读,常规面授,常规面授,,15,2026-02-26,每天18:40-20:10(上5休1),"有教材,开课前领取",2026-08-28,5,素养素质(智学),中信303教室,中信303教室,班级刷卡,15人,素养,中信教学区,2026-08-28,10,12,分级阅读K
"素养智学部",博文妙笔,博文妙笔,博文妙笔,BW427A0021,博文口才 4（暑）,博文妙笔L4暑假B1班,通用,10,10,1100,1100,110.0,"	0.00",L4,L4,常规体系,常规体系,博文妙笔L4暑假B1班,四年级博文妙笔暑假L4班,否,,连季续,四年级,四年级,四年级,2000.00,张君梁(265419),,暑假,暑假,正常,2026-08-18,2026-08-18,已审核,走读,常规面授,常规面授,,23,2026-02-26,每天16:00-17:50(上5休1),"有教材,开课前领取",2026-08-28,20,素养素质(智学),雨花家园208教室,雨花家园208教室,班级刷卡,15人,素养,雨花家园教学区,2026-08-28,10,12,语商表达4
"素养智学部",博文妙笔,博文妙笔,博文妙笔,BW227A0010,博文口才 2（暑）,博文妙笔L2暑假B1班,通用,10,10,1100,1100,110.0,"	0.00",L2,L2,常规体系,常规体系,博文妙笔L2暑假B1班,二年级博文妙笔暑假L2班,否,,连季续,二年级,二年级,二年级,2100.00,陈镜如(433197),,暑假,暑假,正常,2026-08-18,2026-08-18,已审核,走读,常规面授,常规面授,,16,2026-02-26,每天16:00-17:50(上5休1),"有教材,开课前领取",2026-08-28,16,素养素质(智学),雨花家园308教室,雨花家园308教室,班级刷卡,15人,素养,雨花家园教学区,2026-08-28,10,12,语商表达2
"智慧学习部",英语,英语,英语,YYZH7A271209,SYYY暑假智慧学习空间7B,学习机托管七年级英语暑假B1服务（创新默认B）,通用,12,12,1440,1440,120.0,"	0.00",B1,B1,B体系,B体系,学习机托管七年级英语暑假B1服务,YY暑假智慧学习空间7B,否,,连季续,初一,七年级,七年级,2160.00,欧阳霁云(266834),,暑假,暑假,正常,2026-08-11,2026-08-11,已审核,"走读,在线","常规面授,在线录播",在线录播,智慧学习机,20,2026-07-02,每天08:30-10:30,"有教材,开课前领取",2026-08-26,2,学习机托管(智慧),株洲华人街201教室,株洲华人街201教室,班级刷卡,20人,学习机托管,株洲华人街教学区,2026-08-26,8,12,初一英语
"素养智学部",博文妙笔,博文妙笔,博文妙笔,BW627A0008,博文口才 6（暑）,博文妙笔L6暑假B1班,通用,10,10,1100,1100,110.0,"	0.00",L6,L6,常规体系,常规体系,博文妙笔L6暑假B1班,六年级博文妙笔暑假L6班,否,,连季续,六年级(小学),六年级,六年级,2000.00,张君梁(265419),,暑假,暑假,正常,2026-08-18,2026-08-18,已审核,走读,常规面授,常规面授,,24,2026-02-26,每天10:40-12:30(上5休1),"有教材,开课前领取",2026-08-28,23,素养素质(智学),雨花家园208教室,雨花家园208教室,班级刷卡,15人,素养,雨花家园教学区,2026-08-28,10,12,语商表达6
"素养智学部",双语故事表演,双语故事表演,双语故事表演,PM327A0011,双语绘本3B（暑）,双语故事表演L3暑假B2班,通用,10,10,1100,1100,110.0,"	0.00",L3,L3,常规体系,常规体系,双语故事表演L3暑假B2班,三年级双语故事表演暑假L3班,否,,连季续,三年级,三年级,三年级,2000.00,谢紫娟(254697),,暑假,暑假,正常,2026-08-18,2026-08-18,已审核,走读,常规面授,常规面授,,20,2026-02-26,每天10:40-12:30(上5休1）,"有教材,开课前领取",2026-08-28,19,素养素质(智学),雨花家园305教室,雨花家园305教室,班级刷卡,15人,素养,雨花家园教学区,2026-08-28,10,12,分级阅读3
"智慧学习部",英语,英语,英语,YYZH7A271005,SYYY暑假智慧学习空间7A,学习机托管七年级英语暑假A2服务（创新默认A）,通用,12,12,1440,1440,120.0,"	0.00",A2,A2,A体系,A体系,学习机托管七年级英语暑假A2服务,YY暑假智慧学习空间7A,否,,连季续,初一,七年级,七年级,2160.00,万晶晶(662142),,暑假,暑假,正常,2026-07-22,2026-07-22,已审核,"走读,在线","常规面授,在线录播",在线录播,智慧学习机,20,2026-07-13,每天10:40-12:40,"有教材,开课前领取",2026-08-03,11,学习机托管(智慧),湘潭东方名苑205自习室,湘潭东方名苑205自习室,班级刷卡,20人,学习机托管,湘潭东方名苑教学区,2026-08-03,8,12,初一英语
"国外考试部",全科,"阅读,写作,听力,口语",,YZG2702A,雅思大学生直通车高级班（A）,雅思大学生直通车高级班（FY26-A）,IELTS直通车,32,48,3840,3840,120.0,"	0.00",IELTS,IELTS,常规体系,常规体系,雅思大学生直通车高级班,雅思大学生直通车高级班,否,,可续,,,,12800.00,卢慧琼(602371),,暑假,,正常,2026-07-20,2026-07-20,已审核,"走读,在线","常规面授,在线直播",在线直播,云教室小班（25人以下）,10,2025-12-23,"周一至周六08:00-10:00,10:10-12:10,13:30-15:30","有教材,开课前领取",2026-08-08,8,国外考试部,芙蓉广场教学区,芙蓉广场16-A11教室,班级刷卡,6人,国外考试部,芙蓉广场教学区,2026-08-08,4,5,
"国外考试部",全科,"阅读,写作,听力,口语",,YZG2701B,雅思大学生直通车高级班（B）,雅思大学生直通车高级班（FY26-B）,IELTS直通车,32,48,3840,3840,120.0,"	0.00",IELTS,IELTS,常规体系,常规体系,雅思大学生直通车高级班,雅思大学生直通车高级班,否,,可续,,,,12800.00,,,暑假,,正常,2026-07-15,2026-07-15,已审核,"走读,在线","常规面授,在线直播",在线直播,云教室小班（25人以下）,10,2025-12-23,"周一至周六08:00-10:00,10:10-12:10,13:30-15:30","有教材,开课前领取",2026-08-01,10,国外考试部,天马教学区,天马虚拟教室3（407教室）,班级刷卡,6人,国外考试部,天马教学区,2026-08-01,4,5,
"素养智学部",语文,语文,语文,OYWZH5A0004,YW暑假智慧学习小组5A,五年级语文暑假学习机线上A1服务（默认A）,通用,10,10,1200,1200,120.0,"	0.00",XXJ,XXJ,常规体系,常规体系,五年级语文暑假学习机线上A1服务,五年级语文A暑假智慧学习小组,否,,连季续,五年级,五年级,五年级,1500.00,谭若雨(706971),,暑假,暑假,正常,2026-07-23,2026-07-23,已审核,在线,在线录播,在线录播,智慧学习机,24,2026-02-27,每天18:30-20:30(上5休1）,"有教材,快递配送",2026-08-02,8,学习机线上(智学),长沙线上课,儿童网络虚拟教室1,班级刷卡,24人,学习机线上,网络教学区,2026-08-02,3,14,五年级语文
"国外考试部",全科,"阅读,写作,听力,口语",,FBJ2706,雅思大学生6.0分封闭营,雅思大学生6.0分封闭营（FY27）,IELTS进阶班,76,100,9120,9120,120.0,454.00,IELTS,IELTS,常规体系,常规体系,雅思大学生6.0分封闭营,雅思大学生6.0分封闭营,否,,可续,,,,24800.00,许洋(714167),,暑假,,正常,2026-07-20,2026-07-20,已审核,"走读,在线","常规面授,在线直播",在线直播,云教室小班（25人以下）,15,2026-07-09,周一至周六08:00-18:00上课，19:00-21:00晚自习,"有教材,开课前领取",2026-08-11,15,国外考试部,天马教学区,天马V214教室,班级刷卡,12人,国外考试部,天马教学区,2026-08-11,6,7,
"素养智学部",博文妙笔,博文妙笔,博文妙笔,BW527A0771,博文口才 5（暑）,博文妙笔L5暑假B1班,通用,10,10,1100,1100,110.0,"	0.00",L5,L5,常规体系,常规体系,博文妙笔L5暑假B1班,五年级博文妙笔暑假L5班,否,,连季续,五年级,五年级,五年级,2000.00,刘雨晨(640812),,暑假,暑假,正常,2026-08-18,2026-08-18,已审核,走读,常规面授,常规面授,,15,2026-07-31,每天18:40-20:30(上5休1),"有教材,开课前领取",2026-08-28,7,素养素质(智学),星沙筑梦206教室,星沙筑梦206教室,班级刷卡,15人,素养,星沙筑梦教学区,2026-08-28,10,12,语商表达5
"素养智学部",脑力与思维,脑力与思维,脑力与思维,SW127A0018,脑力思维1B（暑）,脑力与思维L1暑假B1班,通用,10,10,1100,1100,110.0,"	0.00",L1,L1,常规体系,常规体系,脑力与思维L1暑假B1班,一年级脑力与思维暑假L1班,否,,连季续,一年级,一年级,一年级,2100.00,钟萍(706982),,暑假,暑假,正常,2026-08-18,2026-08-18,已审核,走读,常规面授,常规面授,,16,2026-02-26,每天08:30-10:20(上5休1),"有教材,开课前领取",2026-08-28,14,素养素质(智学),北辰104教室,北辰104教室,班级刷卡,15人,素养,北辰教学区,2026-08-28,10,12,思维1
"素养智学部",科创,科创,机器人编程,SZ27AJQ072,机器人S3（暑）,机器人编程S2-4段暑假班,通用,10,10,900,900,90.0,"	0.00",S2,S2,常规体系,常规体系,机器人编程S2-4段暑假班,S2机器人编程暑假S2班,否,,连季续,S2,S2,S2,1800.00,张智博(411871),,暑假,暑假,正常,2026-08-18,2026-08-18,已审核,"走读,在线","常规面授,在线直播",在线直播,云教室小班（25人以下）,14,2025-07-31,每天16:00-17:30（上5休1）,"有教材,开课前领取",2026-08-28,12,素养素质(智学),梅岭国际211教室,梅岭国际211教室,班级刷卡,12人,素质,梅岭国际教学区,2026-08-28,8,10,机器人编程S2
"高中班级部",英语,英语,英语,GKA540,取消高考英语暑假精进班,取消十二年级英语暑假A2班（面授）,通用,14,0,1680,1680,120.0,"	0.00",A2,A2,A体系,A体系,十二年级英语暑假A2班,高考英语暑假精进班,否,,连季续,高考,十二年级,高考,2800.00,谭茜(120882),,暑假,暑假,取消班,2026-08-06,,已审核,走读,常规面授,常规面授,,0,2025-12-15,"	08:00-10:00","有教材,开课前领取",,0,高中部,浏城桥518教室（新）,浏城桥518教室（新）,班级刷卡,25人,本地班课,浏城桥教学区,2026-08-20,10,15,高考英语
"素养智学部",英语,英语,英语,YYZH6A0703,双语智慧6A（暑）,六年级英语暑假A2服务（默认A）,通用,10,10,1200,1200,120.0,"	0.00",TG,TG,常规体系,常规体系,六年级英语暑假A2服务,六年级英语A暑假智慧学习空间,否,,连季续,六年级(小学),六年级,六年级,2000.00,何雨晨(551242),,暑假,暑假,正常,2026-08-18,2026-08-18,已审核,"走读,在线","常规面授,在线录播",在线录播,智慧学习机,24,2026-02-27,每天16:00-18:00(上5休1）,"有教材,开课前领取",2026-08-28,22,学习机托管(智学),雨花家园411自习室,雨花家园411自习室,班级刷卡,20人,学习机托管,雨花家园智慧空间,2026-08-28,12,12,六年级英语
"素养智学部",脑力与思维,脑力与思维,脑力与思维,SW27A0001,SX暑假毕业指导专项6,六年级脑力与思维暑假YL1班,通用,12,12,1440,1440,120.0,"	0.00",YL1,YL1,专项体系,专项体系,六年级脑力与思维暑假YL1班,六年级脑力与思维暑假体验班,否,,不可续,六年级(小学),六年级,六年级,1440.00,康瑞欣(442810),,暑假,暑假,正常,2026-07-23,2026-07-23,已审核,走读,常规面授,常规面授,,15,2026-04-17,每天10:40-12:40(上6休1),"有教材,开课前领取",2026-08-04,6,素养素质(智学),东塘202教室,东塘202教室,班级刷卡,15人,素养,东塘教学区,2026-08-04,10,12,思维6
"素养智学部",双语故事表演,双语故事表演,双语故事表演,PM227A0153,双语绘本2C（暑）,双语故事表演L2暑假B2班,通用,10,10,1100,1100,110.0,"	0.00",L2,L2,常规体系,常规体系,双语故事表演L2暑假B2班,二年级双语故事表演暑假L2班,否,,连季续,二年级,二年级,二年级,2100.00,肖薇(613301),,暑假,暑假,正常,2026-08-18,2026-08-18,已审核,走读,常规面授,常规面授,,16,2026-02-26,每天13:50-15:40(上5休1),"有教材,开课前领取",2026-08-28,16,素养素质(智学),东塘03自习室,东塘03自习室,班级刷卡,15人,素养,东塘智慧空间,2026-08-28,10,12,分级阅读2
"素养智学部",英语,英语,英语,YYZH6A0648,双语智慧6A（暑）,六年级英语暑假A2服务（默认A）,通用,10,10,1200,1200,120.0,"	0.00",TG,TG,常规体系,常规体系,六年级英语暑假A2服务,六年级英语A暑假智慧学习空间,否,,连季续,六年级(小学),六年级,六年级,2000.00,顾水雯(583156),,暑假,暑假,正常,2026-08-18,2026-08-18,已审核,"走读,在线","常规面授,在线录播",在线录播,智慧学习机,23,2026-02-27,每天16:00-18:00(上5休1）,"有教材,开课前领取",2026-08-28,22,学习机托管(智学),洋湖新城305自习室,洋湖新城305自习室,班级刷卡,20人,学习机托管,洋湖新城智慧空间,2026-08-28,12,12,六年级英语
"高中班级部",英语,英语,英语,GKA542,高考英语暑假精进班,十二年级英语暑假A2班（面授）,通用,14,14,1680,1680,120.0,"	0.00",A2,A2,A体系,A体系,十二年级英语暑假A2班,高考英语暑假精进班,否,,连季续,高考,十二年级,高考,2800.00,陈群(191161),,暑假,暑假,正常,2026-07-21,2026-07-21,已审核,走读,常规面授,常规面授,,25,2025-12-15,16:00-18:00,"有教材,开课前领取",2026-08-04,20,高中部,梅溪湖209教室,梅溪湖209教室,班级刷卡,25人,本地班课,梅溪湖教学区,2026-08-04,10,15,高考英语
"素养智学部",书法,书法,书法,XZ127A0003,取消素质成长营（写字1）（暑）,取消S3书法暑假ZT1班,通用,10,0,900,900,90.0,"	0.00",ZT1,ZT1,专项体系,专项体系,S3书法暑假ZT1班,S3书法暑假ZT1班,否,,不可续,S3,S3,S3,975.00,朱庆香(342027),,暑假,暑假,取消班,2026-08-18,,已审核,走读,常规面授,常规面授,,0,2026-02-26,每天09:00-10:30(上5休1),"有教材,开课前领取",,0,素养素质(智学),西子花苑旗舰店307教室,西子花苑旗舰店307教室,班级刷卡,12人,素质,西子花苑旗舰店教学区,2026-08-28,7,8,书法1
"素养智学部",双语故事表演,双语故事表演,双语故事表演,PMS327A0016,取消双语绘本K（暑）,取消双语故事表演S3暑假B1班,通用,10,0,900,900,90.0,"	0.00",S3,S3,常规体系,常规体系,双语故事表演S3暑假B1班,S3双语故事表演暑假S3班,否,,连季续,S3,S3,S3,1575.00,瞿玉娟(707009),,暑假,暑假,取消班,2026-08-18,,已审核,走读,常规面授,常规面授,,0,2026-02-26,每天13:50-15:20(上5休1),"有教材,开课前领取",,0,素养素质(智学),西子花苑旗舰店203教室,西子花苑旗舰店203教室,班级刷卡,15人,素养,西子花苑旗舰店教学区,2026-08-28,10,12,分级阅读K
"智慧学习部",英语,英语,英语,OYYZH7A271000,SYYY暑假智慧学习小组7B,学习机线上七年级英语暑假B1服务（创新默认B）,通用,12,12,1440,1440,120.0,"	0.00",B1,B1,B体系,B体系,学习机线上七年级英语暑假B1服务,YY暑假智慧学习小组7B,否,,连季续,初一,七年级,七年级,1776.00,银欣(331241),,暑假,暑假,正常,2026-07-22,2026-07-22,已审核,在线,在线录播,在线录播,智慧学习机,33,2026-04-05,每天08:30-10:30,"有教材,快递配送",2026-08-03,30,学习机线上(智慧),省域线上课,省域初中网络虚拟教室2,班级刷卡,24人,学习机线上,省域网络教学区,2026-08-03,3,3,初一英语
"智慧学习部",英语,英语,英语,OYYZH7A271001,SYYY暑假智慧学习小组7A,学习机线上七年级英语暑假A2服务（创新默认A）,通用,12,12,1440,1440,120.0,"	0.00",A2,A2,A体系,A体系,学习机线上七年级英语暑假A2服务,YY暑假智慧学习小组7A,否,,连季续,初一,七年级,七年级,1776.00,万晶晶(662142),,暑假,暑假,正常,2026-07-22,2026-07-22,已审核,在线,在线录播,在线录播,智慧学习机,24,2026-04-05,每天13:50-15:50,"有教材,快递配送",2026-08-03,9,学习机线上(智慧),省域线上课,省域初中网络虚拟教室2,班级刷卡,24人,学习机线上,省域网络教学区,2026-08-03,3,3,初一英语
"智慧学习部",数学,数学,数学,OSXZH7A271001,SYSX暑假智慧学习小组7B,学习机线上七年级数学暑假B1服务（创新默认B）,通用,12,12,1440,1440,120.0,"	0.00",B1,B1,B体系,B体系,学习机线上七年级数学暑假B1服务,SX暑假智慧学习小组7B,否,,连季续,初一,七年级,七年级,1776.00,赵早阳(411228),,暑假,暑假,正常,2026-07-22,2026-07-22,已审核,在线,在线录播,在线录播,智慧学习机,30,2026-04-05,每天10:40-12:40,"有教材,快递配送",2026-08-03,29,学习机线上(智慧),省域线上课,省域初中网络虚拟教室2,班级刷卡,24人,学习机线上,省域网络教学区,2026-08-03,3,3,初一数学
"智慧学习部",语文,语文,语文,OYWZH7A271000,SYYW暑假智慧学习小组7A,学习机线上七年级语文暑假A2服务（创新默认A）,通用,12,12,1440,1440,120.0,"	0.00",A2,A2,A体系,A体系,学习机线上七年级语文暑假A2服务,YW暑假智慧学习小组7A,否,,连季续,初一,七年级,初一,1776.00,郑雅雯(354670),,暑假,暑假,正常,2026-07-22,2026-07-22,已审核,在线,在线录播,在线录播,智慧学习机,24,2026-04-05,每天18:30-20:30,"有教材,快递配送",2026-08-03,11,学习机线上(智慧),省域线上课,省域初中网络虚拟教室2,班级刷卡,24人,学习机线上,省域网络教学区,2026-08-03,3,3,初一语文
"智慧学习部",数学,数学,数学,OSXZH7A271000,SYSX暑假智慧学习小组7A,学习机线上七年级数学暑假A2服务（创新默认A）,通用,12,12,1440,1440,120.0,"	0.00",A2,A2,A体系,A体系,学习机线上七年级数学暑假A2服务,SX暑假智慧学习小组7A,否,,连季续,初一,七年级,七年级,1776.00,魏琳芝(698151),,暑假,暑假,正常,2026-07-22,2026-07-22,已审核,在线,在线录播,在线录播,智慧学习机,24,2026-04-05,每天16:00-18:00,"有教材,快递配送",2026-08-03,3,学习机线上(智慧),省域线上课,省域初中网络虚拟教室2,班级刷卡,24人,学习机线上,省域网络教学区,2026-08-03,3,3,初一数学
"素养智学部",英语,英语,英语,OYYZH3A270313,SYYY暑假智慧学习小组3A,三年级学习机线上英语暑假A1服务（创新默认A）,通用,10,10,1200,1200,120.0,"	0.00",XXJ,XXJ,常规体系,常规体系,三年级学习机线上英语暑假A1服务,三年级英语A暑假智慧学习小组,否,,连季续,三年级,三年级,三年级,1350.00,王雅娟(307764),,暑假,暑假,正常,2026-07-23,2026-07-23,已审核,在线,在线录播,在线录播,智慧学习机,24,2026-04-05,每天16:00-18:00,"有教材,快递配送",2026-08-02,7,学习机线上(智学),省域网络教学区,省域儿童网络虚拟教室1,班级刷卡,24人,学习机线上,省域网络教学区,2026-08-02,3,14,三年级英语
"素养智学部",数学,数学,数学,OSXZH3A270278,SYSX暑假智慧学习小组3B,三年级数学暑假学习机线上B1服务（创新默认B）,通用,10,10,1200,1200,120.0,"	0.00",XXJ,XXJ,常规体系,常规体系,三年级数学暑假学习机线上B1服务,三年级数学B暑假智慧学习小组,否,,连季续,三年级,三年级,三年级,1350.00,熊广锋(442717),,暑假,暑假,正常,2026-07-23,2026-07-23,已审核,在线,在线录播,在线录播,智慧学习机,24,2026-04-05,每天13:50-15:50,"有教材,快递配送",2026-08-02,6,学习机线上(智学),省域网络教学区,省域儿童网络虚拟教室1,班级刷卡,24人,学习机线上,省域网络教学区,2026-08-02,3,14,三年级数学
"国外考试部",全科,"阅读,写作,听力,口语",,YZG2745B,雅思大学生直通车高级班（B）,雅思大学生直通车高级班（FY26-B）,IELTS直通车,32,48,3840,3840,120.0,"	0.00",IELTS,IELTS,常规体系,常规体系,雅思大学生直通车高级班,雅思大学生直通车高级班,否,,可续,,,,12800.00,许洋(714167),,暑假,,正常,2026-07-17,2026-07-17,已审核,"走读,在线","常规面授,在线直播",在线直播,云教室小班（25人以下）,8,2026-07-05,"周一至周六10:10-12:10,13:30-15:30,15:40-17:40","有教材,开课前领取",2026-08-04,8,国外考试部,天马教学区,天马02教室,班级刷卡,6人,国外考试部,天马教学区,2026-08-04,4,5,
"国外考试部",全科,"阅读,写作,听力,口语",,FBY2702,雅思大学生预备段封闭营,雅思大学生预备段封闭营（FY25）,IELTS进阶班,48,70,5760,5760,120.0,158.00,IELTS,IELTS,常规体系,常规体系,雅思大学生预备段封闭营,雅思大学生预备段封闭营,否,,可续,,,,16800.00,刘家瑞(602731),,暑假,,正常,2026-07-22,2026-07-22,已审核,"走读,在线","常规面授,在线直播",在线直播,云教室小班（25人以下）,11,2026-07-07,周一至周六08:00-18:00上课，19:00-21:00晚自习,"有教材,开课前领取",2026-08-06,11,国外考试部,天马教学区,天马201教室,班级刷卡,12人,国外考试部,天马教学区,2026-08-06,6,7,
"国外考试部",全科,"数学,阅读,写作,词汇,填空",,VIPG2701,GRE强化班,GRE强化班（FY25）,GRE进阶班,40,40,4800,4800,120.0,188.00,GRE,GRE,常规体系,常规体系,GRE强化班,GRE强化班,否,,可续,,,,18800.00,陈婷薇(165079),,暑假,,正常,2026-07-20,2026-07-20,已审核,"走读,在线","常规面授,在线直播",在线直播,云教室小班（25人以下）,8,2025-12-22,"周一至周六13:30-15:30,15:40-17:40
","有教材,开课前领取",2026-08-12,4,国外考试部,天马教学区,天马V233教室,班级刷卡,6人,国外考试部,天马教学区,2026-08-12,3,4,
"国外考试部",全科,"阅读,写作,词汇,听力,口语,语法",,ZYG2703,剑桥雅思真题精讲班,剑桥雅思真题精讲班（FY25）,IELTS直通车,24,24,2880,2880,120.0,266.00,IELTS,IELTS,常规体系,常规体系,剑桥雅思真题精讲班,剑桥雅思真题精讲班,否,,可续,,,,8800.00,罗婷(132283),,暑假,,正常,2026-07-20,2026-07-20,已审核,"走读,在线","常规面授,在线直播",在线直播,云教室小班（25人以下）,10,2025-12-24,"周一至周六13:30-15:30,15:40-17:40","有教材,开课前领取",2026-08-01,10,国外考试部,天马教学区,天马V210教室,班级刷卡,6人,国外考试部,天马教学区,2026-08-01,3,4,
"国外考试部",全科,"物理,化学,生物,科学,高等数学,经济,计算机科学,商务,会计,美国历史,文学,基础数学,英语语言",,LXB2003D,取消海外留学菁英班（卓越班二）,取消海外留学菁英班（B班寒暑）,美国同步课程,8,0,960,960,120.0,"	0.00",北美同步课程,北美同步课程,常规体系,常规体系,海外留学菁英班,海外留学菁英班,否,,可续,,,,3300.00,,,暑假,,取消班,2026-08-14,,已审核,"走读,在线","常规面授,在线直播",在线直播,云教室小班（25人以下）,0,2025-04-19,春秋季每周日16:00-18:00，寒暑假集中上课,无教材,,0,国外考试部,芙蓉广场,芙蓉广场16-A8教室,班级刷卡,6人,国外考试部,芙蓉广场教学区,2026-08-22,3,4,
"素养智学部",脑力与思维,脑力与思维,脑力与思维,SW627A0016,脑力思维6B（暑）,脑力与思维L6暑假B1班,通用,10,10,1100,1100,110.0,"	0.00",L6,L6,常规体系,常规体系,脑力与思维L6暑假B1班,六年级脑力与思维暑假L6班,否,,连季续,六年级(小学),六年级,六年级,2000.00,丁金群(444560),,暑假,暑假,正常,2026-08-18,2026-08-18,已审核,走读,常规面授,常规面授,,20,2026-02-26,每天10:40-12:30(上5休1),"有教材,开课前领取",2026-08-28,19,素养素质(智学),东塘204教室,东塘204教室,班级刷卡,15人,素养,东塘教学区,2026-08-28,10,12,思维6
"素养智学部",脑力与思维,脑力与思维,脑力与思维,SW427A0036,脑力思维4B（暑）,脑力与思维L4暑假B1班,通用,10,10,1100,1100,110.0,"	0.00",L4,L4,常规体系,常规体系,脑力与思维L4暑假B1班,四年级脑力与思维暑假L4班,否,,连季续,四年级,四年级,四年级,2000.00,丁金群(444560),,暑假,暑假,正常,2026-08-18,2026-08-18,已审核,走读,常规面授,常规面授,,20,2026-03-24,每天16:00-17:50(上5休1),"有教材,开课前领取",2026-08-28,18,素养素质(智学),雨花家园205教室,雨花家园205教室,班级刷卡,15人,素养,雨花家园教学区,2026-08-28,10,12,思维4
"素养智学部",双语故事表演,双语故事表演,双语故事表演,PM227A0244,双语绘本2C（暑）,双语故事表演L2暑假B2班,通用,10,10,1100,1100,110.0,"	0.00",L2,L2,常规体系,常规体系,双语故事表演L2暑假B2班,二年级双语故事表演暑假L2班,否,,连季续,二年级,二年级,二年级,2100.00,曾佳琳(443719),,暑假,暑假,正常,2026-08-18,2026-08-18,已审核,走读,常规面授,常规面授,,15,2026-04-02,每天16:00-17:50(上5休1),"有教材,开课前领取",2026-08-28,14,素养素质(智学),晚报旗舰店105教室,晚报旗舰店105教室,班级刷卡,15人,素养,晚报旗舰店教学区,2026-08-28,10,12,分级阅读2
"素养智学部",脑力与思维,脑力与思维,脑力与思维,SW427A0034,脑力思维4B（暑）,脑力与思维L4暑假B1班,通用,10,10,1100,1100,110.0,"	0.00",L4,L4,常规体系,常规体系,脑力与思维L4暑假B1班,四年级脑力与思维暑假L4班,否,,连季续,四年级,四年级,四年级,2000.00,黄玉婷(684433),,暑假,暑假,正常,2026-08-18,2026-08-18,已审核,走读,常规面授,常规面授,,18,2026-02-26,每天13:50-15:40(上5休1),"有教材,开课前领取",2026-08-28,15,素养素质(智学),晚报旗舰店104教室,晚报旗舰店104教室,班级刷卡,15人,素养,晚报旗舰店教学区,2026-08-28,10,12,思维4
"素养智学部",脑力与思维,脑力与思维,脑力与思维,SW327A0722,脑力思维3B（暑）,脑力与思维L3暑假B1班,通用,10,10,1100,1100,110.0,"	0.00",L3,L3,常规体系,常规体系,脑力与思维L3暑假B1班,三年级脑力与思维暑假L3班,否,,连季续,三年级,三年级,三年级,2000.00,黄玉婷(684433),,暑假,暑假,正常,2026-08-18,2026-08-18,已审核,走读,常规面授,常规面授,,24,2026-07-17,每天16:00-17:50(上5休1),"有教材,开课前领取",2026-08-28,7,素养素质(智学),晚报旗舰店104教室,晚报旗舰店104教室,班级刷卡,15人,素养,晚报旗舰店教学区,2026-08-28,10,12,思维3
"素养智学部",脑力与思维,脑力与思维,脑力与思维,SW427A0023,脑力思维4B（暑）,脑力与思维L4暑假B1班,通用,10,10,1100,1100,110.0,"	0.00",L4,L4,常规体系,常规体系,脑力与思维L4暑假B1班,四年级脑力与思维暑假L4班,否,,连季续,四年级,四年级,四年级,2000.00,李霜(442923),,暑假,暑假,正常,2026-08-18,2026-08-18,已审核,走读,常规面授,常规面授,,18,2026-02-26,每天16:00-17:50(上5休1),"有教材,开课前领取",2026-08-28,14,素养素质(智学),洋湖新城310教室,洋湖新城310教室,班级刷卡,15人,素养,洋湖新城教学区,2026-08-28,10,12,思维4
"素养智学部",双语故事表演,双语故事表演,双语故事表演,PM627A0087,双语绘本C6（暑）,双语故事表演L6暑假B2班,通用,10,10,1100,1100,110.0,"	0.00",L6,L6,常规体系,常规体系,双语故事表演L6暑假B2班,六年级双语故事表演暑假L6班,否,,连季续,六年级(小学),六年级,六年级,2000.00,曾佳琳(443719),,暑假,暑假,正常,2026-08-18,2026-08-18,已审核,走读,常规面授,常规面授,,21,2026-04-02,每天13:50-15:40(上5休1),"有教材,开课前领取",2026-08-28,19,素养素质(智学),晚报旗舰店105教室,晚报旗舰店105教室,班级刷卡,15人,素养,晚报旗舰店教学区,2026-08-28,10,12,故事会6
"素养智学部",脑力与思维,脑力与思维,脑力与思维,SW427A0012,脑力思维4B（暑）,脑力与思维L4暑假B1班,通用,10,10,1100,1100,110.0,"	0.00",L4,L4,常规体系,常规体系,脑力与思维L4暑假B1班,四年级脑力与思维暑假L4班,否,,连季续,四年级,四年级,四年级,2000.00,李霜(442923),,暑假,暑假,正常,2026-08-18,2026-08-18,已审核,走读,常规面授,常规面授,,18,2026-02-26,每天08:30-10:20(上5休1),"有教材,开课前领取",2026-08-28,11,素养素质(智学),洋湖新城301教室,洋湖新城301教室,班级刷卡,15人,素养,洋湖新城教学区,2026-08-28,10,12,思维4
"素养智学部",双语故事表演,双语故事表演,双语故事表演,PMS327A0036,双语绘本K（暑）,双语故事表演S3暑假B1班,通用,10,10,900,900,90.0,"	0.00",S3,S3,常规体系,常规体系,双语故事表演S3暑假B1班,S3双语故事表演暑假S3班,否,,连季续,S3,S3,S3,1575.00,周聪(254232),,暑假,暑假,正常,2026-08-18,2026-08-18,已审核,走读,常规面授,常规面授,,15,2026-02-26,每天09:00-10:30(上5休1),"有教材,开课前领取",2026-08-28,12,素养素质(智学),洋湖新城317教室,洋湖新城317教室,班级刷卡,15人,素养,洋湖新城教学区,2026-08-28,10,12,分级阅读K
"素养智学部",双语故事表演,双语故事表演,双语故事表演,PM327A0064,双语绘本3C（暑）,双语故事表演L3暑假B2班,通用,10,10,1100,1100,110.0,"	0.00",L3,L3,常规体系,常规体系,双语故事表演L3暑假B2班,三年级双语故事表演暑假L3班,否,,连季续,三年级,三年级,三年级,2000.00,李妮(034955),,暑假,暑假,正常,2026-08-18,2026-08-18,已审核,走读,常规面授,常规面授,,18,2026-02-26,每天16:00-17:50(上5休1),"有教材,开课前领取",2026-08-28,17,素养素质(智学),井湾子教学区205教室,井湾子教学区205教室,班级刷卡,15人,素养,井湾子教学区,2026-08-28,10,12,分级阅读3
"素养智学部",脑力与思维,脑力与思维,脑力与思维,SW327A0036,脑力思维3B（暑）,脑力与思维L3暑假B1班,通用,10,10,1100,1100,110.0,"	0.00",L3,L3,常规体系,常规体系,脑力与思维L3暑假B1班,三年级脑力与思维暑假L3班,否,,连季续,三年级,三年级,三年级,2000.00,张丽晖(226352),,暑假,暑假,正常,2026-08-18,2026-08-18,已审核,走读,常规面授,常规面授,,20,2026-02-26,每天08:30-10:20(上5休1),"有教材,开课前领取",2026-08-28,19,素养素质(智学),梅岭国际216B教室,梅岭国际216B教室,班级刷卡,15人,素养,梅岭国际教学区,2026-08-28,10,12,思维3
"素养智学部",英语,英语,英语,YYZH4A0474,双语智慧4A（暑）,四年级英语暑假B1服务（默认A）,通用,10,10,1200,1200,120.0,"	0.00",TG,TG,常规体系,常规体系,四年级英语暑假B1服务,四年级英语A暑假智慧学习空间,否,,连季续,四年级,四年级,四年级,2000.00,贺昕垚(668082),,暑假,暑假,正常,2026-08-18,2026-08-18,已审核,"走读,在线","常规面授,在线录播",在线录播,智慧学习机,22,2026-02-27,每天13:50-15:50(上5休1）,"有教材,开课前领取",2026-08-28,7,学习机托管(智学),梅溪湖南自习室5,梅溪湖南自习室5,班级刷卡,20人,学习机托管,梅溪湖南教学区,2026-08-28,12,12,四年级英语
"素养智学部",双语故事表演,双语故事表演,双语故事表演,PM427A0017,双语绘本4C（暑）,双语故事表演L4暑假B2班,通用,10,10,1100,1100,110.0,"	0.00",L4,L4,常规体系,常规体系,双语故事表演L4暑假B2班,四年级双语故事表演暑假L4班,否,,连季续,四年级,四年级,四年级,2000.00,邓佳敏(174958),,暑假,暑假,正常,2026-08-18,2026-08-18,已审核,走读,常规面授,常规面授,,19,2026-02-26,每天16:00-17:50(上5休1),"有教材,开课前领取",2026-08-28,17,素养素质(智学),井湾子教学区202教室,井湾子教学区202教室,班级刷卡,15人,素养,井湾子教学区,2026-08-28,10,12,分级阅读4
"素养智学部",英语,英语,英语,YYZH4A0415,双语智慧4A（暑）,四年级英语暑假B1服务（默认A）,通用,10,10,1200,1200,120.0,"	0.00",TG,TG,常规体系,常规体系,四年级英语暑假B1服务,四年级英语A暑假智慧学习空间,否,,连季续,四年级,四年级,四年级,2000.00,邹文宇(404993),,暑假,暑假,正常,2026-08-18,2026-08-18,已审核,"走读,在线","常规面授,在线录播",在线录播,智慧学习机,22,2026-02-27,每天16:00-18:00(上5休1）,"有教材,开课前领取",2026-08-28,20,学习机托管(智学),晚报旗舰店106教室,晚报旗舰店106教室,班级刷卡,20人,学习机托管,晚报旗舰店教学区,2026-08-28,12,12,四年级英语
"国外考试部",全科,"阅读,写作,听力,口语",,YZG2702B,雅思大学生直通车高级班（B）,雅思大学生直通车高级班（FY26-B）,IELTS直通车,32,48,3840,3840,120.0,"	0.00",IELTS,IELTS,常规体系,常规体系,雅思大学生直通车高级班,雅思大学生直通车高级班,否,,可续,,,,12800.00,,,暑假,,正常,2026-07-27,2026-07-27,已审核,"走读,在线","常规面授,在线直播",在线直播,云教室小班（25人以下）,10,2025-12-23,"周一至周六08:00-10:00,10:10-12:10,13:30-15:30","有教材,开课前领取",2026-08-13,10,国外考试部,天马教学区,天马虚拟教室3（407教室）,班级刷卡,6人,国外考试部,天马教学区,2026-08-13,4,5,
"素养智学部",数学,数学,数学,SXZH5A0157,思维智慧5B（暑）,五年级数学暑假B1服务（默认B）,通用,10,10,1200,1200,120.0,"	0.00",TG,TG,常规体系,常规体系,五年级数学暑假B1服务,五年级数学B暑假智慧学习空间,否,,连季续,五年级,五年级,五年级,2000.00,李欣儒(612654),,暑假,暑假,正常,2026-08-18,2026-08-18,已审核,"走读,在线","常规面授,在线录播",在线录播,智慧学习机,26,2026-02-27,每天16:00-18:00(上5休1）,"有教材,开课前领取",2026-08-28,22,学习机托管(智学),晚报旗舰店103教室,晚报旗舰店103教室,班级刷卡,20人,学习机托管,晚报旗舰店教学区,2026-08-28,12,12,五年级数学
"素养智学部",英语,英语,英语,GJZH27A015,国际语音,学习机托管三年级英语暑假ZT1服务,通用,10,10,1200,1200,120.0,"	0.00",ZT1,ZT1,专项体系,专项体系,学习机托管三年级英语暑假ZT1服务,三年级英语暑假专题班,否,,不可续,三年级,三年级,三年级,2000.00,戚娅娅(174926),,暑假,暑假,正常,2026-08-18,2026-08-18,已审核,走读,常规面授,常规面授,,20,2026-07-07,每天13:50-15:50(上5休1）,"有教材,开课前领取",2026-08-28,13,学习机托管(智学),晚报旗舰店102教室,晚报旗舰店102教室,班级刷卡,20人,学习机托管,晚报旗舰店教学区,2026-08-28,12,14,专项音标
"素养智学部",书法,书法,书法,XZ227A0005,素质成长营（写字2）（暑）,一年级书法暑假ZT1班,通用,10,10,900,900,90.0,"	0.00",ZT1,ZT1,专项体系,专项体系,一年级书法暑假ZT1班,一年级书法暑假ZT1班,否,,不可续,一年级,一年级,一年级,975.00,廖思年(342029),,暑假,暑假,正常,2026-08-18,2026-08-18,已审核,走读,常规面授,常规面授,,15,2026-02-26,每天14:10-15:40(上5休1),"有教材,开课前领取",2026-08-28,11,素养素质(智学),月亮岛303教室,月亮岛303教室,班级刷卡,12人,素质,月亮岛教学区,2026-08-28,7,8,书法2
"素养智学部",双语故事表演,双语故事表演,双语故事表演,PM427A0023,双语绘本4C（暑）,双语故事表演L4暑假B2班,通用,10,10,1100,1100,110.0,"	0.00",L4,L4,常规体系,常规体系,双语故事表演L4暑假B2班,四年级双语故事表演暑假L4班,否,,连季续,四年级,四年级,四年级,2000.00,刘晨曦(332871),,暑假,暑假,正常,2026-08-18,2026-08-18,已审核,走读,常规面授,常规面授,,22,2026-02-26,每天16:00-17:50(上5休1),"有教材,开课前领取",2026-08-28,20,素养素质(智学),东塘202教室,东塘202教室,班级刷卡,15人,素养,东塘教学区,2026-08-28,10,12,分级阅读4
"素养智学部",英语,英语,英语,YYZH6A0659,双语智慧6A（暑）,六年级英语暑假A2服务（默认A）,通用,10,10,1200,1200,120.0,"	0.00",TG,TG,常规体系,常规体系,六年级英语暑假A2服务,六年级英语A暑假智慧学习空间,否,,连季续,六年级(小学),六年级,六年级,2000.00,何雨晨(551242),,暑假,暑假,正常,2026-08-18,2026-08-18,已审核,"走读,在线","常规面授,在线录播",在线录播,智慧学习机,23,2026-02-27,每天08:30-10:30(上5休1）,"有教材,开课前领取",2026-08-28,22,学习机托管(智学),雨花家园411自习室,雨花家园411自习室,班级刷卡,20人,学习机托管,雨花家园智慧空间,2026-08-28,12,12,六年级英语
"高中班级部",物理,物理,物理,GRWLA597,取消高二物理暑假精进班,取消十一年级物理暑假A2班（面授）,通用,14,0,1680,1680,120.0,"	0.00",A2,A2,A体系,A体系,十一年级物理暑假A2班,高二物理暑假精进班,否,,连季续,高二,十一年级,高二,2660.00,熊科胜(365846),,暑假,暑假,取消班,2026-08-06,,已审核,走读,常规面授,常规面授,,0,2025-12-15,10:20-12:20,"有教材,开课前领取",,0,高中部,井湾子教学区207教室,井湾子教学区207教室,班级刷卡,25人,本地班课,井湾子教学区,2026-08-20,10,15,高二物理
"素养智学部",英语,英语,英语,GJZH27A007,取消国际语音,取消学习机托管三年级英语暑假ZT1服务,通用,10,0,1200,1200,120.0,"	0.00",ZT1,ZT1,专项体系,专项体系,学习机托管三年级英语暑假ZT1服务,三年级英语暑假专题班,否,,不可续,三年级,三年级,三年级,2000.00,赵丽华(230165),,暑假,暑假,取消班,2026-08-05,,已审核,走读,常规面授,常规面授,,0,2026-07-07,每天10:40-12:40(上5休1）,"有教材,开课前领取",,0,学习机托管(智学),梅岭国际203教室,梅岭国际203教室,班级刷卡,20人,学习机托管,梅岭国际教学区,2026-08-15,12,14,专项音标
"素养智学部",英语,英语,英语,GJZH27A020,国际语音,学习机托管三年级英语暑假ZT1服务,通用,10,10,1200,1200,120.0,"	0.00",ZT1,ZT1,专项体系,专项体系,学习机托管三年级英语暑假ZT1服务,三年级英语暑假专题班,否,,不可续,三年级,三年级,三年级,2000.00,刘威扬(230159),,暑假,暑假,正常,2026-07-23,2026-07-23,已审核,走读,常规面授,常规面授,,20,2026-07-07,每天16:00-18:00(上5休1）,"有教材,开课前领取",2026-08-02,22,学习机托管(智学),雨花家园301D教室,雨花家园301D教室,班级刷卡,20人,学习机托管,雨花家园教学区,2026-08-02,12,14,专项音标
"素养智学部",双语故事表演,双语故事表演,双语故事表演,PM227A0071,双语绘本2C（暑）,双语故事表演L2暑假B2班,通用,10,10,1100,1100,110.0,"	0.00",L2,L2,常规体系,常规体系,双语故事表演L2暑假B2班,二年级双语故事表演暑假L2班,否,,连季续,二年级,二年级,二年级,2100.00,章婕妤(206373),,暑假,暑假,正常,2026-07-23,2026-07-23,已审核,走读,常规面授,常规面授,,15,2026-02-26,每天10:40-12:30(上5休1),"有教材,开课前领取",2026-08-02,15,素养素质(智学),梅岭国际202教室,梅岭国际202教室,班级刷卡,15人,素养,梅岭国际教学区,2026-08-02,10,12,分级阅读2
"素养智学部",双语故事表演,双语故事表演,双语故事表演,PM327A0134,双语绘本3C（暑）,双语故事表演L3暑假B2班,通用,10,10,1100,1100,110.0,"	0.00",L3,L3,常规体系,常规体系,双语故事表演L3暑假B2班,三年级双语故事表演暑假L3班,否,,连季续,三年级,三年级,三年级,2000.00,刘丹(666965),,暑假,暑假,正常,2026-07-23,2026-07-23,已审核,走读,常规面授,常规面授,,15,2026-02-26,每天13:50-15:40(上5休1),"有教材,开课前领取",2026-08-02,8,素养素质(智学),八方小区201教室,八方小区201教室,班级刷卡,15人,素养,八方小区教学区,2026-08-02,10,12,分级阅读3
"素养智学部",博文妙笔,博文妙笔,博文妙笔,BW327A0020,博文口才 3（暑）,博文妙笔L3暑假B1班,通用,10,10,1100,1100,110.0,"	0.00",L3,L3,常规体系,常规体系,博文妙笔L3暑假B1班,三年级博文妙笔暑假L3班,否,,连季续,三年级,三年级,三年级,2000.00,朱芊(606164),,暑假,暑假,正常,2026-07-23,2026-07-23,已审核,走读,常规面授,常规面授,,15,2026-02-26,每天10:40-12:30(上5休1),"有教材,开课前领取",2026-08-02,8,素养素质(智学),中信309教室,中信309教室,班级刷卡,15人,素养,中信教学区,2026-08-02,10,12,语商表达3
"素养智学部",双语故事表演,双语故事表演,双语故事表演,PM527A0083,双语绘本5C+领航班（暑）,双语故事表演L5暑假C1班（C+）,通用,10,10,1100,1100,110.0,"	0.00",L5,L5,常规体系,常规体系,双语故事表演L5暑假C1班,五年级双语故事表演暑假L5班,否,,连季续,五年级,五年级,五年级,2600.00,马慧玲(234909),,暑假,暑假,正常,2026-07-23,2026-07-23,已审核,走读,常规面授,常规面授,,15,2026-04-16,每天08:30-10:20(上5休1),"有教材,开课前领取",2026-08-02,17,素养素质(智学),东塘204教室,东塘204教室,班级刷卡,15人,素养,东塘教学区,2026-08-02,10,12,故事会5
"素养智学部",双语故事表演,双语故事表演,双语故事表演,PM327A0179,双语绘本3B（暑）,双语故事表演L3暑假B2班,通用,10,10,1100,1100,110.0,"	0.00",L3,L3,常规体系,常规体系,双语故事表演L3暑假B2班,三年级双语故事表演暑假L3班,否,,连季续,三年级,三年级,三年级,2000.00,杨晴(707014),,暑假,暑假,正常,2026-07-23,2026-07-23,已审核,走读,常规面授,常规面授,,15,2026-03-10,每天16:00-17:50(上5休1）,"有教材,开课前领取",2026-08-02,9,素养素质(智学),钰龙天下303教室,钰龙天下303教室,班级刷卡,15人,素养,钰龙天下教学区,2026-08-02,10,12,分级阅读3
"素养智学部",双语故事表演,双语故事表演,双语故事表演,PM427A0140,双语绘本4C（暑）,双语故事表演L4暑假B2班,通用,10,10,1100,1100,110.0,"	0.00",L4,L4,常规体系,常规体系,双语故事表演L4暑假B2班,四年级双语故事表演暑假L4班,否,,连季续,四年级,四年级,四年级,2000.00,陈静(365957),,暑假,暑假,正常,2026-07-23,2026-07-23,已审核,走读,常规面授,常规面授,,15,2026-02-26,每天10:40-12:30(上5休1),"有教材,开课前领取",2026-08-02,16,素养素质(智学),井湾子教学区208教室,井湾子教学区208教室,班级刷卡,15人,素养,井湾子教学区,2026-08-02,10,12,分级阅读4
"素养智学部",双语故事表演,双语故事表演,双语故事表演,PM127A0028,双语绘本1C（暑）,双语故事表演L1暑假B2班,通用,10,10,1100,1100,110.0,"	0.00",L1,L1,常规体系,常规体系,双语故事表演L1暑假B2班,一年级双语故事表演暑假L1班,否,,连季续,一年级,一年级,一年级,2100.00,张茡实(612635),,暑假,暑假,正常,2026-07-23,2026-07-23,已审核,走读,常规面授,常规面授,,15,2026-02-26,每天18:40-20:30(上5休1),"有教材,开课前领取",2026-08-02,17,素养素质(智学),西子花苑旗舰店203教室,西子花苑旗舰店203教室,班级刷卡,15人,素养,西子花苑旗舰店教学区,2026-08-02,10,12,分级阅读1
"素养智学部",双语故事表演,双语故事表演,双语故事表演,PM627A0066,双语绘本C6（暑）,双语故事表演L6暑假B2班,通用,10,10,1100,1100,110.0,"	0.00",L6,L6,常规体系,常规体系,双语故事表演L6暑假B2班,六年级双语故事表演暑假L6班,否,,连季续,六年级(小学),六年级,六年级,2000.00,刘兰(391104),,暑假,暑假,正常,2026-07-23,2026-07-23,已审核,走读,常规面授,常规面授,,15,2026-02-26,每天08:30-10:20(上5休1),"有教材,开课前领取",2026-08-02,9,素养素质(智学),梅岭国际204教室,梅岭国际204教室,班级刷卡,15人,素养,梅岭国际教学区,2026-08-02,10,12,故事会6
"素养智学部",双语故事表演,双语故事表演,双语故事表演,PM427A0057,双语绘本4C（暑）,双语故事表演L4暑假B2班,通用,10,10,1100,1100,110.0,"	0.00",L4,L4,常规体系,常规体系,双语故事表演L4暑假B2班,四年级双语故事表演暑假L4班,否,,连季续,四年级,四年级,四年级,2000.00,刘兰(391104),,暑假,暑假,正常,2026-07-23,2026-07-23,已审核,走读,常规面授,常规面授,,15,2026-02-26,每天18:40-20:30(上5休1),"有教材,开课前领取",2026-08-02,11,素养素质(智学),梅岭国际204教室,梅岭国际204教室,班级刷卡,15人,素养,梅岭国际教学区,2026-08-02,10,12,分级阅读4
"素养智学部",脑力与思维,脑力与思维,脑力与思维,SW327A0058,脑力思维3B（暑）,脑力与思维L3暑假B1班,通用,10,10,1100,1100,110.0,"	0.00",L3,L3,常规体系,常规体系,脑力与思维L3暑假B1班,三年级脑力与思维暑假L3班,否,,连季续,三年级,三年级,三年级,2000.00,王妍玉(706981),,暑假,暑假,正常,2026-07-23,2026-07-23,已审核,走读,常规面授,常规面授,,15,2026-03-10,每天14:00-15:50(上5休1）,"有教材,开课前领取",2026-08-02,13,素养素质(智学),钰龙天下305教室,钰龙天下305教室,班级刷卡,15人,素养,钰龙天下教学区,2026-08-02,10,12,思维3
"素养智学部",双语故事表演,双语故事表演,双语故事表演,PM427A0161,双语绘本4C+领航班（暑）,双语故事表演L4暑假C1班（C+）,通用,10,10,1100,1100,110.0,"	0.00",L4,L4,常规体系,常规体系,双语故事表演L4暑假C1班,四年级双语故事表演暑假L4班,否,,连季续,四年级,四年级,四年级,2600.00,马慧玲(234909),,暑假,暑假,正常,2026-07-23,2026-07-23,已审核,走读,常规面授,常规面授,,15,2026-02-26,每天10:40-12:30(上5休1),"有教材,开课前领取",2026-08-02,22,素养素质(智学),东塘204教室,东塘204教室,班级刷卡,15人,素养,东塘教学区,2026-08-02,10,12,分级阅读4
"素养智学部",双语故事表演,双语故事表演,双语故事表演,PM127A0077,双语绘本1B（暑）,双语故事表演L1暑假B2班,通用,10,10,1100,1100,110.0,"	0.00",L1,L1,常规体系,常规体系,双语故事表演L1暑假B2班,一年级双语故事表演暑假L1班,否,,连季续,一年级,一年级,一年级,2100.00,谭雅兰(720717),,暑假,暑假,正常,2026-07-23,2026-07-23,已审核,走读,常规面授,常规面授,,15,2026-02-26,每天13:50-15:40(上5休1),"有教材,开课前领取",2026-08-02,6,素养素质(智学),星沙筑梦203教室,星沙筑梦203教室,班级刷卡,15人,素养,星沙筑梦教学区,2026-08-02,10,12,分级阅读1
"素养智学部",双语故事表演,双语故事表演,双语故事表演,PM627A0034,双语绘本C6（暑）,双语故事表演L6暑假B2班,通用,10,10,1100,1100,110.0,"	0.00",L6,L6,常规体系,常规体系,双语故事表演L6暑假B2班,六年级双语故事表演暑假L6班,否,,连季续,六年级(小学),六年级,六年级,2000.00,夏蓉(443731),,暑假,暑假,正常,2026-07-23,2026-07-23,已审核,走读,常规面授,常规面授,,15,2026-02-26,每天10:40-12:30(上5休1),"有教材,开课前领取",2026-08-02,15,素养素质(智学),西子花苑旗舰店208教室,西子花苑旗舰店208教室,班级刷卡,15人,素养,西子花苑旗舰店教学区,2026-08-02,10,12,故事会6
"素养智学部",双语故事表演,双语故事表演,双语故事表演,PM127A0170,双语绘本1C（暑）,双语故事表演L1暑假B2班,通用,10,10,1100,1100,110.0,"	0.00",L1,L1,常规体系,常规体系,双语故事表演L1暑假B2班,一年级双语故事表演暑假L1班,否,,连季续,一年级,一年级,一年级,2100.00,黎诗丹(661615),,暑假,暑假,正常,2026-07-23,2026-07-23,已审核,走读,常规面授,常规面授,,15,2026-04-13,每天08:30-10:20(上5休1),"有教材,开课前领取",2026-08-02,14,素养素质(智学),星沙筑梦201教室,星沙筑梦201教室,班级刷卡,15人,素养,星沙筑梦教学区,2026-08-02,10,12,分级阅读1
"素养智学部",双语故事表演,双语故事表演,双语故事表演,PM427A0145,双语绘本4C（暑）,双语故事表演L4暑假B2班,通用,10,10,1100,1100,110.0,"	0.00",L4,L4,常规体系,常规体系,双语故事表演L4暑假B2班,四年级双语故事表演暑假L4班,否,,连季续,四年级,四年级,四年级,2000.00,杨帆(399003),,暑假,暑假,正常,2026-07-23,2026-07-23,已审核,走读,常规面授,常规面授,,15,2026-02-26,每天10:40-12:30(上5休1),"有教材,开课前领取",2026-08-02,20,素养素质(智学),二十四品309教室,二十四品309教室,班级刷卡,15人,素养,二十四品教学区,2026-08-02,10,12,分级阅读4
"素养智学部",双语故事表演,双语故事表演,双语故事表演,PM327A0119,双语绘本3C（暑）,双语故事表演L3暑假B2班,通用,10,10,1100,1100,110.0,"	0.00",L3,L3,常规体系,常规体系,双语故事表演L3暑假B2班,三年级双语故事表演暑假L3班,否,,连季续,三年级,三年级,三年级,2000.00,何宇辰(427783),,暑假,暑假,正常,2026-07-23,2026-07-23,已审核,走读,常规面授,常规面授,,15,2026-02-26,每天10:40-12:30(上5休1),"有教材,开课前领取",2026-08-02,18,素养素质(智学),浏城桥501教室（新）,浏城桥501教室（新）,班级刷卡,15人,素养,浏城桥教学区,2026-08-02,10,12,分级阅读3
"素养智学部",双语故事表演,双语故事表演,双语故事表演,PM327A0085,双语绘本3C（暑）,双语故事表演L3暑假B2班,通用,10,10,1100,1100,110.0,"	0.00",L3,L3,常规体系,常规体系,双语故事表演L3暑假B2班,三年级双语故事表演暑假L3班,否,,连季续,三年级,三年级,三年级,2000.00,周思乐(360956),,暑假,暑假,正常,2026-07-23,2026-07-23,已审核,走读,常规面授,常规面授,,15,2026-02-26,每天10:40-12:30(上5休1),"有教材,开课前领取",2026-08-02,17,素养素质(智学),西子花苑旗舰店214教室,西子花苑旗舰店214教室,班级刷卡,15人,素养,西子花苑旗舰店教学区,2026-08-02,10,12,分级阅读3
"素养智学部",双语故事表演,双语故事表演,双语故事表演,PM127A0139,双语绘本1C+领航班（暑）,双语故事表演L1暑假C1班（C+）,通用,10,10,1100,1100,110.0,"	0.00",L1,L1,常规体系,常规体系,双语故事表演L1暑假C1班,一年级双语故事表演暑假L1班,否,,连季续,一年级,一年级,一年级,2100.00,李妮(034955),,暑假,暑假,正常,2026-07-23,2026-07-23,已审核,走读,常规面授,常规面授,,15,2026-02-26,每天16:00-17:50(上5休1),"有教材,开课前领取",2026-08-02,15,素养素质(智学),西子花苑旗舰店208教室,西子花苑旗舰店208教室,班级刷卡,15人,素养,西子花苑旗舰店教学区,2026-08-02,10,12,分级阅读1
"素养智学部",双语故事表演,双语故事表演,双语故事表演,PM227A0260,双语绘本2C+领航班（暑）,双语故事表演L2暑假C1班（C+）,通用,10,10,1100,1100,110.0,"	0.00",L2,L2,常规体系,常规体系,双语故事表演L2暑假C1班,二年级双语故事表演暑假L2班,否,,连季续,二年级,二年级,二年级,2100.00,罗嘉媛(264319),,暑假,暑假,正常,2026-07-23,2026-07-23,已审核,走读,常规面授,常规面授,,15,2026-04-16,每天10:40-12:30(上5休1),"有教材,开课前领取",2026-08-02,18,素养素质(智学),洋湖卓伯根204教室,洋湖卓伯根204教室,班级刷卡,15人,素养,洋湖卓伯根教学区,2026-08-02,10,12,分级阅读2
"素养智学部",双语故事表演,双语故事表演,双语故事表演,PM427A0167,双语绘本4C+领航班（暑）,双语故事表演L4暑假C1班（C+）,通用,10,10,1100,1100,110.0,"	0.00",L4,L4,常规体系,常规体系,双语故事表演L4暑假C1班,四年级双语故事表演暑假L4班,否,,连季续,四年级,四年级,四年级,2600.00,许凤英(304488),,暑假,暑假,正常,2026-07-23,2026-07-23,已审核,走读,常规面授,常规面授,,15,2026-02-26,每天18:40-20:30(上5休1),"有教材,开课前领取",2026-08-02,19,素养素质(智学),雨花家园201教室,雨花家园201A教室,班级刷卡,15人,素养,雨花家园教学区,2026-08-02,10,12,分级阅读4
"素养智学部",双语故事表演,双语故事表演,双语故事表演,PM327A0071,双语绘本3C（暑）,双语故事表演L3暑假B2班,通用,10,10,1100,1100,110.0,"	0.00",L3,L3,常规体系,常规体系,双语故事表演L3暑假B2班,三年级双语故事表演暑假L3班,否,,连季续,三年级,三年级,三年级,2000.00,王琴(371355),,暑假,暑假,正常,2026-07-23,2026-07-23,已审核,走读,常规面授,常规面授,,15,2026-02-26,每天10:40-12:30(上5休1),"有教材,开课前领取",2026-08-02,12,素养素质(智学),晚报旗舰店105教室,晚报旗舰店105教室,班级刷卡,15人,素养,晚报旗舰店教学区,2026-08-02,10,12,分级阅读3
"素养智学部",双语故事表演,双语故事表演,双语故事表演,PM127A0149,双语绘本1C（暑）,双语故事表演L1暑假B2班,通用,10,10,1100,1100,110.0,"	0.00",L1,L1,常规体系,常规体系,双语故事表演L1暑假B2班,一年级双语故事表演暑假L1班,否,,连季续,一年级,一年级,一年级,2100.00,周聪(254232),,暑假,暑假,正常,2026-07-23,2026-07-23,已审核,走读,常规面授,常规面授,,15,2026-02-26,每天08:30-10:20(上5休1),"有教材,开课前领取",2026-08-02,15,素养素质(智学),洋湖卓伯根203教室,洋湖卓伯根203教室,班级刷卡,15人,素养,洋湖卓伯根教学区,2026-08-02,10,12,分级阅读1
"素养智学部",双语故事表演,双语故事表演,双语故事表演,PM127A0001,双语绘本1C（暑）,双语故事表演L1暑假B2班,通用,10,10,1100,1100,110.0,"	0.00",L1,L1,常规体系,常规体系,双语故事表演L1暑假B2班,一年级双语故事表演暑假L1班,否,,连季续,一年级,一年级,一年级,2100.00,张涵(652450),,暑假,暑假,正常,2026-07-23,2026-07-23,已审核,走读,常规面授,常规面授,,15,2026-02-26,每天16:00-17:50(上5休1),"有教材,开课前领取",2026-08-02,14,素养素质(智学),梅溪湖南207教室,梅溪湖南207教室,班级刷卡,15人,素养,梅溪湖南教学区,2026-08-02,10,12,分级阅读1
"素养智学部",脑力与思维,脑力与思维,脑力与思维,SW127A0015,脑力思维1B（暑）,脑力与思维L1暑假B1班,通用,10,10,1100,1100,110.0,"	0.00",L1,L1,常规体系,常规体系,脑力与思维L1暑假B1班,一年级脑力与思维暑假L1班,否,,连季续,一年级,一年级,一年级,2100.00,王晓玉(438791),,暑假,暑假,正常,2026-07-23,2026-07-23,已审核,走读,常规面授,常规面授,,15,2026-02-26,每天16:00-17:50(上5休1),"有教材,开课前领取",2026-08-02,15,素养素质(智学),星沙筑梦208教室,星沙筑梦208教室,班级刷卡,15人,素养,星沙筑梦教学区,2026-08-02,10,12,思维1
"素养智学部",博文妙笔,博文妙笔,博文妙笔,BWZX127A0001,1级博文,一年级博文妙笔暑假YL（入口）班,通用,12,12,1080,1080,90.0,"	0.00",YL（入口）,YL（入口）,专项体系,专项体系,一年级博文妙笔暑假YL（入口）班,一年级博文妙笔暑假引流班,否,,不可续,一年级,一年级,一年级,1188.00,彭娟贵(438806),,暑假,暑假,正常,2026-07-24,2026-07-24,已审核,走读,常规面授,常规面授,,15,2026-05-09,每天16:00-17:30(上5休1),"有教材,开课前领取",2026-08-05,16,素养素质(智学),梅岭国际205教室,梅岭国际205教室,班级刷卡,15人,素养,梅岭国际教学区,2026-08-06,10,12,语商表达1
"素养智学部",博文妙笔,博文妙笔,博文妙笔,BW127A0025,博文口才 1（暑）,博文妙笔L1暑假B1班,通用,10,10,1100,1100,110.0,"	0.00",L1,L1,常规体系,常规体系,博文妙笔L1暑假B1班,一年级博文妙笔暑假L1班,否,,连季续,一年级,一年级,一年级,2100.00,张君梁(265419),,暑假,暑假,正常,2026-07-23,2026-07-23,已审核,走读,常规面授,常规面授,,15,2026-02-26,每天13:50-15:40(上5休1),"有教材,开课前领取",2026-08-02,16,素养素质(智学),雨花家园208教室,雨花家园208教室,班级刷卡,15人,素养,雨花家园教学区,2026-08-02,10,12,语商表达1
"素养智学部",英语,英语,英语,OYYZH5A0008,取消YY暑假智慧学习小组5B,取消五年级学习机线上英语暑假B1服务（默认B）,通用,10,0,1200,1200,120.0,"	0.00",XXJ,XXJ,常规体系,常规体系,五年级学习机线上英语暑假B1服务,五年级英语B暑假智慧学习小组,否,,连季续,五年级,五年级,五年级,1500.00,王颖(352672),,暑假,暑假,取消班,2026-08-18,,已审核,在线,在线录播,在线录播,智慧学习机,0,2026-04-25,每天16:00-18:00(上5休1）,"有教材,快递配送",,0,学习机线上(智学),长沙线上课,儿童网络虚拟教室1,班级刷卡,24人,学习机线上,网络教学区,2026-08-28,3,14,五年级英语
"素养智学部",双语故事表演,双语故事表演,双语故事表演,PM327A0157,双语绘本3C（暑）,双语故事表演L3暑假B2班,通用,10,10,1100,1100,110.0,"	0.00",L3,L3,常规体系,常规体系,双语故事表演L3暑假B2班,三年级双语故事表演暑假L3班,否,,连季续,三年级,三年级,三年级,2000.00,陈洁茹(302725),,暑假,暑假,正常,2026-08-18,2026-08-18,已审核,走读,常规面授,常规面授,,18,2026-02-26,每天16:00-17:50(上5休1),"有教材,开课前领取",2026-08-28,17,素养素质(智学),美林银谷301教室,美林银谷301教室,班级刷卡,15人,素养,美林银谷教学区,2026-08-28,10,12,分级阅读3
"素养智学部",博文妙笔,博文妙笔,博文妙笔,BW627A0042,博文口才 6（暑）,博文妙笔L6暑假B1班,通用,10,10,1100,1100,110.0,"	0.00",L6,L6,常规体系,常规体系,博文妙笔L6暑假B1班,六年级博文妙笔暑假L6班,否,,连季续,六年级(小学),六年级,六年级,2000.00,王慧玲(176202),,暑假,暑假,正常,2026-08-18,2026-08-18,已审核,走读,常规面授,常规面授,,24,2026-02-26,每天10:40-12:30(上5休1),"有教材,开课前领取",2026-08-28,24,素养素质(智学),雨花家园206教室,雨花家园206教室,班级刷卡,15人,素养,雨花家园教学区,2026-08-28,10,12,语商表达6
"素养智学部",脑力与思维,脑力与思维,脑力与思维,SW227A0011,脑力思维2B（暑）,脑力与思维L2暑假B1班,通用,10,10,1100,1100,110.0,"	0.00",L2,L2,常规体系,常规体系,脑力与思维L2暑假B1班,二年级脑力与思维暑假L2班,否,,连季续,二年级,二年级,二年级,2100.00,曾丹(444561),,暑假,暑假,正常,2026-08-18,2026-08-18,已审核,走读,常规面授,常规面授,,17,2026-02-26,每天10:40-12:30(上5休1),"有教材,开课前领取",2026-08-28,15,素养素质(智学),二十四品301教室,二十四品301教室,班级刷卡,15人,素养,二十四品教学区,2026-08-28,10,12,思维2
"素养智学部",双语故事表演,双语故事表演,双语故事表演,PM427A0108,双语绘本4C（暑）,双语故事表演L4暑假B2班,通用,10,10,1100,1100,110.0,"	0.00",L4,L4,常规体系,常规体系,双语故事表演L4暑假B2班,四年级双语故事表演暑假L4班,否,,连季续,四年级,四年级,四年级,2000.00,蔡好(398982),,暑假,暑假,正常,2026-08-18,2026-08-18,已审核,走读,常规面授,常规面授,,19,2026-02-26,每天08:30-10:20(上5休1),"有教材,开课前领取",2026-08-28,17,素养素质(智学),井湾子教学区209教室,井湾子教学区209教室,班级刷卡,15人,素养,井湾子教学区,2026-08-28,10,12,分级阅读4
"高中班级部",数学,数学,数学,GRSXA748,高二数学暑假精进班,十一年级数学暑假A2班（面授）,通用,14,14,1680,1680,120.0,"	0.00",A2,A2,A体系,A体系,十一年级数学暑假A2班,高二数学暑假精进班,否,,连季续,高二,十一年级,高二,2660.00,杨子佳(438295),,暑假,暑假,正常,2026-07-21,2026-07-21,已审核,走读,常规面授,常规面授,,25,2025-12-15,"	08:00-10:00","有教材,开课前领取",2026-08-04,18,高中部,沁园春302教室,沁园春302教室,班级刷卡,25人,本地班课,沁园春教学区,2026-08-04,10,15,高二数学
"素养智学部",数学,数学,数学,SXZH4A0675,取消思维智慧4A（暑）,取消四年级数学暑假A2服务（默认A）,通用,10,0,1200,1200,120.0,"	0.00",TG,TG,常规体系,常规体系,四年级数学暑假A2服务,四年级数学A暑假智慧学习空间,否,,连季续,四年级,四年级,四年级,2000.00,李欣儒(612654),,暑假,暑假,取消班,2026-08-18,,已审核,"走读,在线","常规面授,在线录播",在线录播,智慧学习机,0,2026-04-15,每天10:40-12:40(上5休1）,"有教材,开课前领取",,0,学习机托管(智学),星沙湘龙自习室3,星沙湘龙自习室3,班级刷卡,20人,学习机托管,星沙湘龙教学区,2026-08-28,12,12,四年级数学
"素养智学部",双语故事表演,双语故事表演,双语故事表演,PM227A0005,双语绘本2B（暑）,双语故事表演L2暑假B2班,通用,10,10,1100,1100,110.0,"	0.00",L2,L2,常规体系,常规体系,双语故事表演L2暑假B2班,二年级双语故事表演暑假L2班,否,,连季续,二年级,二年级,二年级,2100.00,朱文韬(383983),,暑假,暑假,正常,2026-08-18,2026-08-18,已审核,走读,常规面授,常规面授,,16,2026-02-26,每天10:40-12:30(上5休1),"有教材,开课前领取",2026-08-28,14,素养素质(智学),东塘206教室,东塘206教室,班级刷卡,15人,素养,东塘教学区,2026-08-28,10,12,分级阅读2
"智慧学习部",英语,英语,英语,YYZH7A271230,取消（取消）SYYY暑假智慧学习空间7B,取消学习机托管七年级英语暑假B1服务（创新默认B）,通用,12,0,1440,1440,120.0,"	0.00",B1,B1,B体系,B体系,学习机托管七年级英语暑假B1服务,YY暑假智慧学习空间7B,否,,连季续,初一,七年级,七年级,2160.00,万晶晶(662142),,暑假,暑假,取消班,2026-08-17,,已审核,"走读,在线","常规面授,在线录播",在线录播,智慧学习机,0,2026-04-22,每天10:40-12:40,"有教材,开课前领取",,0,学习机托管(智慧),湘潭东方名苑205自习室,湘潭东方名苑205自习室,班级刷卡,20人,学习机托管,湘潭东方名苑教学区,2026-08-29,8,12,初一英语
"素养智学部",双语故事表演,双语故事表演,双语故事表演,PM227A0246,双语绘本2C+领航班（暑）,双语故事表演L2暑假C1班（C+）,通用,10,10,1100,1100,110.0,"	0.00",L2,L2,常规体系,常规体系,双语故事表演L2暑假C1班,二年级双语故事表演暑假L2班,否,,连季续,二年级,二年级,二年级,2100.00,蒋毅(467949),,暑假,暑假,正常,2026-08-18,2026-08-18,已审核,走读,常规面授,常规面授,,15,2026-04-08,每天16:00-17:50（上5休1）,"有教材,开课前领取",2026-08-28,12,素养素质(智学),洋湖新城303教室,洋湖新城303教室,班级刷卡,15人,素养,洋湖新城教学区,2026-08-28,10,12,分级阅读2
"素养智学部",双语故事表演,双语故事表演,双语故事表演,PM227A0134,双语绘本2C（暑）,双语故事表演L2暑假B2班,通用,10,10,1100,1100,110.0,"	0.00",L2,L2,常规体系,常规体系,双语故事表演L2暑假B2班,二年级双语故事表演暑假L2班,否,,连季续,二年级,二年级,二年级,2100.00,王亭力(706969),,暑假,暑假,正常,2026-08-18,2026-08-18,已审核,走读,常规面授,常规面授,,15,2026-02-26,每天10:40-12:30(上5休1),"有教材,开课前领取",2026-08-28,14,素养素质(智学),洋湖新城301教室,洋湖新城301教室,班级刷卡,15人,素养,洋湖新城教学区,2026-08-28,10,12,分级阅读2
"高中班级部",语文,语文,语文,GYYWA515,高一语文暑假精进班,十年级语文暑假A2班（面授）,通用,14,14,1680,1680,120.0,"	0.00",A2,A2,A体系,A体系,十年级语文暑假A2班,高一语文暑假精进班,否,,连季续,高一,十年级,高一,2660.00,盘舟(054061),,暑假,暑假,正常,2026-07-21,2026-07-21,已审核,走读,常规面授,常规面授,,25,2025-12-15,13:40-15:40,"有教材,开课前领取",2026-08-04,27,高中部,东塘216教室,东塘216教室,班级刷卡,25人,本地班课,东塘教学区,2026-08-04,10,15,高一语文
"高中班级部",物理,物理,物理,GRWLA598,取消高二物理暑假精进班,取消十一年级物理暑假A2班（面授）,通用,14,0,1680,1680,120.0,"	0.00",A2,A2,A体系,A体系,十一年级物理暑假A2班,高二物理暑假精进班,否,,连季续,高二,十一年级,高二,2660.00,金香敏(400291),,暑假,暑假,取消班,2026-08-06,,已审核,走读,常规面授,常规面授,,0,2025-12-15,"	08:00-10:00","有教材,开课前领取",,0,高中部,梅溪湖210教室,梅溪湖210教室,班级刷卡,25人,本地班课,梅溪湖教学区,2026-08-20,10,15,高二物理
"素养智学部",博文妙笔,博文妙笔,博文妙笔,BWZX127A0020,取消（取消）1级博文,取消一年级博文妙笔暑假YL（入口）班,通用,12,0,1080,1080,90.0,"	0.00",YL（入口）,YL（入口）,专项体系,专项体系,一年级博文妙笔暑假YL（入口）班,一年级博文妙笔暑假引流班,否,,不可续,一年级,一年级,一年级,1188.00,游湘(706973),,暑假,暑假,取消班,2026-08-05,,已审核,走读,常规面授,常规面授,,0,2026-07-14,每天14:30-16:00(上5休1),"有教材,开课前领取",,0,素养素质(智学),听香水榭306教室,听香水榭306教室,班级刷卡,15人,素养,听香水榭教学区,2026-08-17,10,12,语商表达1
"素养智学部",脑力与思维,脑力与思维,脑力与思维,SW327A0031,取消（取消）脑力思维3A（暑）,取消脑力与思维L3暑假A2班,通用,10,0,1100,1100,110.0,"	0.00",L3,L3,常规体系,常规体系,脑力与思维L3暑假A2班,三年级脑力与思维暑假L3班,否,,连季续,三年级,三年级,三年级,2000.00,黄玉婷(684433),,暑假,暑假,取消班,2026-08-18,,已审核,走读,常规面授,常规面授,,0,2026-02-26,每天16:00-17:50(上5休1),"有教材,开课前领取",,0,素养素质(智学),晚报旗舰店104教室,晚报旗舰店104教室,班级刷卡,15人,素养,晚报旗舰店教学区,2026-08-28,10,12,思维3
"国外考试部",全科,"阅读,写作,听力,口语",,YZG2719B,雅思大学生直通车高级班（B）,雅思大学生直通车高级班（FY26-B）,IELTS直通车,32,48,3840,3840,120.0,"	0.00",IELTS,IELTS,常规体系,常规体系,雅思大学生直通车高级班,雅思大学生直通车高级班,否,,可续,,,,12800.00,,,暑假,,正常,2026-07-27,2026-07-27,已审核,"走读,在线","常规面授,在线直播",在线直播,云教室小班（25人以下）,10,2025-12-23,"周一至周六10:10-12:10,13:30-15:30,15:40-17:40","有教材,开课前领取",2026-08-13,10,国外考试部,芙蓉广场教学区,芙蓉广场虚拟教室（16楼大会议室）,班级刷卡,6人,国外考试部,芙蓉广场教学区,2026-08-13,4,5,
"高中班级部",物理,物理,物理,GRWLA610,取消高二物理暑假精进班,取消十一年级物理暑假A2班（面授）,通用,14,0,1680,1680,120.0,"	0.00",A2,A2,A体系,A体系,十一年级物理暑假A2班,高二物理暑假精进班,否,,连季续,高二,十一年级,高二,2660.00,徐浪(438298),,暑假,暑假,取消班,2026-08-06,,已审核,走读,常规面授,常规面授,,0,2026-07-23,"	08:00-10:00","有教材,开课前领取",,0,高中部,晚报大厦304教室,晚报大厦304教室,班级刷卡,25人,本地班课,晚报大厦教学区,2026-08-20,10,15,高二物理
"素养智学部",双语故事表演,双语故事表演,双语故事表演,PM427A0124,双语绘本4C（暑）,双语故事表演L4暑假B2班,通用,10,10,1100,1100,110.0,"	0.00",L4,L4,常规体系,常规体系,双语故事表演L4暑假B2班,四年级双语故事表演暑假L4班,否,,连季续,四年级,四年级,四年级,2000.00,刘晨曦(332871),,暑假,暑假,正常,2026-08-18,2026-08-18,已审核,走读,常规面授,常规面授,,22,2026-02-26,每天13:50-15:40(上5休1),"有教材,开课前领取",2026-08-28,21,素养素质(智学),东塘202教室,东塘202教室,班级刷卡,15人,素养,东塘教学区,2026-08-28,10,12,分级阅读4
"智慧学习部",数学,数学,数学,SXZH7A27051,取消SX暑假智慧学习空间7B,取消学习机托管七年级数学暑假B1服务,通用,12,0,1440,1440,120.0,"	0.00",B1,B1,B体系,B体系,学习机托管七年级数学暑假B1服务,SX暑假智慧学习空间7B,否,,连季续,初一,七年级,七年级,2400.00,张桂林(358976),,暑假,暑假,取消班,2026-08-03,,已审核,"走读,在线","常规面授,在线录播",在线录播,智慧学习机,0,2026-03-24,每天13:50-15:50,"有教材,开课前领取",,0,学习机托管(智慧),吉联mall03自习室,吉联mall303自习室,班级刷卡,20人,学习机托管,吉联mall教学区,2026-08-10,8,12,初一数学
"智慧学习部",数学,数学,数学,SXZH7A27019,取消SX暑假智慧学习空间7A,取消学习机托管七年级数学暑假A2服务,通用,12,0,1440,1440,120.0,"	0.00",A2,A2,A体系,A体系,学习机托管七年级数学暑假A2服务,SX暑假智慧学习空间7A,否,,连季续,初一,七年级,七年级,2400.00,许晨(691969),,暑假,暑假,取消班,2026-08-02,,已审核,"走读,在线","常规面授,在线录播",在线录播,智慧学习机,0,2026-03-24,每天08:30-10:30,"有教材,开课前领取",,0,学习机托管(智慧),梅溪湖南自习室2,梅溪湖南自习室2,班级刷卡,20人,学习机托管,梅溪湖南教学区,2026-08-10,8,12,初一数学
"高中班级部",数学,数学,数学,GKSXA418,高考数学暑假精进班,十二年级数学暑假A2班（面授）,通用,14,14,1680,1680,120.0,"	0.00",A2,A2,A体系,A体系,十二年级数学暑假A2班,高考数学暑假精进班,否,,连季续,高考,十二年级,高考,2800.00,潘涛(651176),,暑假,暑假,正常,2026-07-21,2026-07-21,已审核,走读,常规面授,常规面授,,25,2025-12-15,10:25-12:25,"有教材,开课前领取",2026-08-04,14,高中部,井湾子221教室,井湾子221教室,班级刷卡,25人,本地班课,井湾子教学区,2026-08-04,10,15,高考数学
"高中班级部",化学,化学,化学,GYHXA3712,高一化学暑假志高班,十年级化学暑假B1班（面授）,通用,14,14,1680,1680,120.0,"	0.00",B1,B1,B体系,B体系,十年级化学暑假B1班,高一化学暑假志高班,否,,连季续,高一,十年级,高一,2660.00,廖峻豪(402013),,暑假,暑假,正常,2026-07-21,2026-07-21,已审核,走读,常规面授,常规面授,,25,2025-12-15,16:00-18:00,"有教材,开课前领取",2026-08-04,28,高中部,雨花家园503教室,雨花家园503教室,班级刷卡,25人,本地班课,雨花家园教学区,2026-08-04,10,15,高一化学
"高中班级部",英语,英语,英语,GRA1019,高二英语暑假精进班,十一年级英语暑假A2班（面授）,通用,14,14,1680,1680,120.0,"	0.00",A2,A2,A体系,A体系,十一年级英语暑假A2班,高二英语暑假精进班,否,,连季续,高二,十一年级,高二,2660.00,彭婷(365056),,暑假,暑假,正常,2026-07-21,2026-07-21,已审核,走读,常规面授,常规面授,,25,2025-12-15,10:20-12:20,"有教材,开课前领取",2026-08-04,23,高中部,湘江世纪城205教室,湘江世纪城205教室,班级刷卡,25人,本地班课,湘江世纪城教学区,2026-08-04,10,15,高二英语
"高中班级部",英语,英语,英语,GKA545,高考英语暑假精进班,十二年级英语暑假A2班（面授）,通用,14,14,1680,1680,120.0,"	0.00",A2,A2,A体系,A体系,十二年级英语暑假A2班,高考英语暑假精进班,否,,连季续,高考,十二年级,高考,2800.00,彭婷(365056),,暑假,暑假,正常,2026-07-25,2026-07-25,已审核,走读,常规面授,常规面授,,25,2025-12-15,13:40-15:40,"有教材,开课前领取",2026-08-07,25,高中部,湘江世纪城205教室,湘江世纪城205教室,班级刷卡,25人,本地班课,湘江世纪城教学区,2026-08-07,10,15,高考英语
"高中班级部",英语,英语,英语,GYA3804,高一英语暑假志高班,十年级英语暑假B1班（面授）,通用,14,14,1680,1680,120.0,"	0.00",B1,B1,B体系,B体系,十年级英语暑假B1班,高一英语暑假志高班,否,,连季续,高一,十年级,高一,2660.00,周家鹏(620578),,暑假,暑假,正常,2026-07-21,2026-07-21,已审核,走读,常规面授,常规面授,,25,2026-07-06,13:40-15:40,"有教材,开课前领取",2026-08-04,28,高中部,雨花家园503教室,雨花家园503教室,班级刷卡,25人,本地班课,雨花家园教学区,2026-08-04,10,15,高一英语
"高中班级部",英语,英语,英语,GYA3748,高一英语暑假志高班,十年级英语暑假B1班（面授）,通用,14,14,1680,1680,120.0,"	0.00",B1,B1,B体系,B体系,十年级英语暑假B1班,高一英语暑假志高班,否,,连季续,高一,十年级,高一,2660.00,陈群(191161),,暑假,暑假,正常,2026-07-21,2026-07-21,已审核,走读,常规面授,常规面授,,25,2025-12-15,10:20-12:20,"有教材,开课前领取",2026-08-04,23,高中部,沁园春308教室,沁园春308教室,班级刷卡,25人,本地班课,沁园春教学区,2026-08-04,10,15,高一英语
"高中班级部",化学,化学,化学,GYHXA3761,高一化学暑假志高班,十年级化学暑假B1班（面授）,通用,14,14,1680,1680,120.0,"	0.00",B1,B1,B体系,B体系,十年级化学暑假B1班,高一化学暑假志高班,否,,连季续,高一,十年级,高一,2660.00,潘奇(271539),,暑假,暑假,正常,2026-07-21,2026-07-21,已审核,走读,常规面授,常规面授,,25,2026-06-10,13:40-15:40,"有教材,开课前领取",2026-08-04,26,高中部,沁园春308教室,沁园春308教室,班级刷卡,25人,本地班课,沁园春教学区,2026-08-04,10,15,高一化学
"高中班级部",英语,英语,英语,GYA3769,高一英语暑假精进班,十年级英语暑假A2班（面授）,通用,14,14,1680,1680,120.0,"	0.00",A2,A2,A体系,A体系,十年级英语暑假A2班,高一英语暑假精进班,否,,连季续,高一,十年级,高一,2660.00,谭茜(120882),,暑假,暑假,正常,2026-07-21,2026-07-21,已审核,走读,常规面授,常规面授,,25,2025-12-15,10:20-12:20,"有教材,开课前领取",2026-08-04,14,高中部,浏城桥520教室（新）,浏城桥520教室（新）,班级刷卡,25人,本地班课,浏城桥教学区,2026-08-04,10,15,高一英语
"高中班级部",英语,英语,英语,GRA1029,高二英语暑假精进班,十一年级英语暑假A2班（面授）,通用,14,14,1680,1680,120.0,"	0.00",A2,A2,A体系,A体系,十一年级英语暑假A2班,高二英语暑假精进班,否,,连季续,高二,十一年级,高二,2660.00,谭茜(120882),,暑假,暑假,正常,2026-07-21,2026-07-21,已审核,走读,常规面授,常规面授,,25,2025-12-15,16:00-18:00,"有教材,开课前领取",2026-08-04,7,高中部,浏城桥520教室（新）,浏城桥520教室（新）,班级刷卡,25人,本地班课,浏城桥教学区,2026-08-04,10,15,高二英语
"高中班级部",英语,英语,英语,GYA3789,高一英语暑假志高班,十年级英语暑假B1班（面授）,通用,14,14,1680,1680,120.0,"	0.00",B1,B1,B体系,B体系,十年级英语暑假B1班,高一英语暑假志高班,否,,连季续,高一,十年级,高一,2660.00,谭茜(120882),,暑假,暑假,正常,2026-07-21,2026-07-21,已审核,走读,常规面授,常规面授,,25,2025-12-15,"	08:00-10:00","有教材,开课前领取",2026-08-04,13,高中部,浏城桥520教室（新）,浏城桥520教室（新）,班级刷卡,25人,本地班课,浏城桥教学区,2026-08-04,10,15,高一英语
"高中班级部",物理,物理,物理,GKWLA422,高考物理暑假精进班,十二年级物理暑假A2班（面授）,通用,14,14,1680,1680,120.0,"	0.00",A2,A2,A体系,A体系,十二年级物理暑假A2班,高考物理暑假精进班,否,,连季续,高考,十二年级,高考,2800.00,李朝晖(331949),,暑假,暑假,正常,2026-07-21,2026-07-21,已审核,走读,常规面授,常规面授,,25,2026-07-19,"	08:00-10:00","有教材,开课前领取",2026-08-04,18,高中部,东塘213教室,东塘213教室,班级刷卡,25人,本地班课,东塘教学区,2026-08-04,10,15,高考物理
"高中班级部",数学,数学,数学,GYSXA3852,高一数学暑假精进班,十年级数学暑假A2班（面授）,通用,14,14,1680,1680,120.0,"	0.00",A2,A2,A体系,A体系,十年级数学暑假A2班,高一数学暑假精进班,否,,连季续,高一,十年级,高一,2660.00,祝名(703116),,暑假,暑假,正常,2026-07-21,2026-07-21,已审核,走读,常规面授,常规面授,,25,2026-03-27,16:00-18:00,"有教材,开课前领取",2026-08-04,24,高中部,中信高中01教室,中信高中01教室,班级刷卡,25人,本地班课,中信教学区,2026-08-04,10,15,高一数学
"高中班级部",化学,化学,化学,GYHXA3765,高一化学暑假志高班,十年级化学暑假B1班（面授）,通用,14,14,1680,1680,120.0,"	0.00",B1,B1,B体系,B体系,十年级化学暑假B1班,高一化学暑假志高班,否,,连季续,高一,十年级,高一,2660.00,宁诗港(367904),,暑假,暑假,正常,2026-07-21,2026-07-21,已审核,走读,常规面授,常规面授,,25,2026-07-17,"	08:00-10:00","有教材,开课前领取",2026-08-04,24,高中部,梅溪湖208教室,梅溪湖208教室,班级刷卡,25人,本地班课,梅溪湖教学区,2026-08-04,10,15,高一化学
"高中班级部",物理,物理,物理,GRWLA584,高二物理暑假精进班,十一年级物理暑假A2班（面授）,通用,14,14,1680,1680,120.0,"	0.00",A2,A2,A体系,A体系,十一年级物理暑假A2班,高二物理暑假精进班,否,,连季续,高二,十一年级,高二,2660.00,吴英泽(620416),,暑假,暑假,正常,2026-07-21,2026-07-21,已审核,走读,常规面授,常规面授,,25,2025-12-15,"	08:00-10:00","有教材,开课前领取",2026-08-04,28,高中部,东塘302教室,东塘302教室,班级刷卡,25人,本地班课,东塘教学区,2026-08-04,10,15,高二物理
"高中班级部",物理,物理,物理,GRWLA589,高二物理暑假精进班,十一年级物理暑假A2班（面授）,通用,14,14,1680,1680,120.0,"	0.00",A2,A2,A体系,A体系,十一年级物理暑假A2班,高二物理暑假精进班,否,,连季续,高二,十一年级,高二,2660.00,魏林涛(366368),,暑假,暑假,正常,2026-07-21,2026-07-21,已审核,走读,常规面授,常规面授,,25,2025-12-15,16:00-18:00,"有教材,开课前领取",2026-08-04,22,高中部,湘江世纪城303教室,湘江世纪城303教室,班级刷卡,25人,本地班课,湘江世纪城教学区,2026-08-04,10,15,高二物理
"高中班级部",语文,语文,语文,GRYWA181,高二语文暑假精进班,十一年级语文暑假A2班（面授）,通用,14,14,1680,1680,120.0,"	0.00",A2,A2,A体系,A体系,十一年级语文暑假A2班,高二语文暑假精进班,否,,连季续,高二,十一年级,高二,2660.00,盘舟(054061),,暑假,暑假,正常,2026-07-21,2026-07-21,已审核,走读,常规面授,常规面授,,25,2025-12-15,10:20-12:20,"有教材,开课前领取",2026-08-04,25,高中部,东塘211教室,东塘211教室,班级刷卡,25人,本地班课,东塘教学区,2026-08-04,10,15,高二语文
"高中班级部",数学,数学,数学,GYSXA3835,高一数学暑假精进班,十年级数学暑假A2班（面授）,通用,14,14,1680,1680,120.0,"	0.00",A2,A2,A体系,A体系,十年级数学暑假A2班,高一数学暑假精进班,否,,连季续,高一,十年级,高一,2660.00,陈洁仪(384277),,暑假,暑假,正常,2026-07-21,2026-07-21,已审核,走读,常规面授,常规面授,,25,2025-12-15,16:00-18:00,"有教材,开课前领取",2026-08-04,25,高中部,湘江世纪城301教室,湘江世纪城301教室,班级刷卡,25人,本地班课,湘江世纪城教学区,2026-08-04,10,15,高一数学
"高中班级部",化学,化学,化学,GRHXA512,高二化学暑假精进班,十一年级化学暑假A2班（面授）,通用,14,14,1680,1680,120.0,"	0.00",A2,A2,A体系,A体系,十一年级化学暑假A2班,高二化学暑假精进班,否,,连季续,高二,十一年级,高二,2660.00,耿瑞(675565),,暑假,暑假,正常,2026-07-21,2026-07-21,已审核,走读,常规面授,常规面授,,25,2025-12-15,18:30-20:30,"有教材,开课前领取",2026-08-04,11,高中部,湘江世纪城303教室,湘江世纪城303教室,班级刷卡,25人,本地班课,湘江世纪城教学区,2026-08-04,10,15,高二化学
"高中班级部",物理,物理,物理,GYWLA3518,高一物理暑假精进班,十年级物理暑假A2班（面授）,通用,14,14,1680,1680,120.0,"	0.00",A2,A2,A体系,A体系,十年级物理暑假A2班,高一物理暑假精进班,否,,连季续,高一,十年级,高一,2660.00,李奕昕(704632),,暑假,暑假,正常,2026-07-21,2026-07-21,已审核,走读,常规面授,常规面授,,25,2025-12-15,13:40-15:40,"有教材,开课前领取",2026-08-04,21,高中部,湘江世纪城301教室,湘江世纪城301教室,班级刷卡,25人,本地班课,湘江世纪城教学区,2026-08-04,10,15,高一物理
"高中班级部",英语,英语,英语,GRA1022,高二英语暑假精进班,十一年级英语暑假A2班（面授）,通用,14,14,1680,1680,120.0,"	0.00",A2,A2,A体系,A体系,十一年级英语暑假A2班,高二英语暑假精进班,否,,连季续,高二,十一年级,高二,2660.00,杨令(381520),,暑假,暑假,正常,2026-07-21,2026-07-21,已审核,走读,常规面授,常规面授,,25,2025-12-15,"	08:00-10:00","有教材,开课前领取",2026-08-04,26,高中部,雨花家园501教室,雨花家园501教室,班级刷卡,25人,本地班课,雨花家园教学区,2026-08-04,10,15,高二英语
"高中班级部",数学,数学,数学,GYSXA3865,高一数学暑假精进班,十年级数学暑假A2班（面授）,通用,14,14,1680,1680,120.0,"	0.00",A2,A2,A体系,A体系,十年级数学暑假A2班,高一数学暑假精进班,否,,连季续,高一,十年级,高一,2660.00,王嘉盛(264065),,暑假,暑假,正常,2026-07-21,2026-07-21,已审核,走读,常规面授,常规面授,,25,2026-07-15,"	08:00-10:00","有教材,开课前领取",2026-08-04,26,高中部,晚报大厦306教室,晚报大厦306教室,班级刷卡,25人,本地班课,晚报大厦教学区,2026-08-04,10,15,高一数学
"高中班级部",英语,英语,英语,GYA3805,高一英语暑假志高班,十年级英语暑假B1班（面授）,通用,14,14,1680,1680,120.0,"	0.00",B1,B1,B体系,B体系,十年级英语暑假B1班,高一英语暑假志高班,否,,连季续,高一,十年级,高一,2660.00,彭婷(365056),,暑假,暑假,正常,2026-07-21,2026-07-21,已审核,走读,常规面授,常规面授,,25,2026-07-06,16:00-18:00,"有教材,开课前领取",2026-08-04,25,高中部,湘江世纪城307教室,湘江世纪城307教室,班级刷卡,25人,本地班课,湘江世纪城教学区,2026-08-04,10,15,高一英语
"高中班级部",化学,化学,化学,GYHXA3763,高一化学暑假志高班,十年级化学暑假B1班（面授）,通用,14,14,1680,1680,120.0,"	0.00",B1,B1,B体系,B体系,十年级化学暑假B1班,高一化学暑假志高班,否,,连季续,高一,十年级,高一,2660.00,杨盛(704633),,暑假,暑假,正常,2026-07-21,2026-07-21,已审核,走读,常规面授,常规面授,,25,2026-07-06,13:40-15:40,"有教材,开课前领取",2026-08-04,19,高中部,湘江世纪城307教室,湘江世纪城307教室,班级刷卡,25人,本地班课,湘江世纪城教学区,2026-08-04,10,15,高一化学
"高中班级部",化学,化学,化学,GKHXA395,高考化学暑假精进班,十二年级化学暑假A2班（面授）,通用,14,14,1680,1680,120.0,"	0.00",A2,A2,A体系,A体系,十二年级化学暑假A2班,高考化学暑假精进班,否,,连季续,高考,十二年级,高考,2800.00,冯思佳(169535),,暑假,暑假,正常,2026-07-21,2026-07-21,已审核,走读,常规面授,常规面授,,25,2025-12-15,10:20-12:20,"有教材,开课前领取",2026-08-04,22,高中部,晚报大厦302教室,晚报大厦302教室,班级刷卡,25人,本地班课,晚报大厦教学区,2026-08-04,10,15,高考化学
"高中班级部",数学,数学,数学,GKSXA414,高考数学暑假精进班,十二年级数学暑假A2班（面授）,通用,14,14,1680,1680,120.0,"	0.00",A2,A2,A体系,A体系,十二年级数学暑假A2班,高考数学暑假精进班,否,,连季续,高考,十二年级,高考,2800.00,官雨萱(248524),,暑假,暑假,正常,2026-07-21,2026-07-21,已审核,走读,常规面授,常规面授,,25,2025-12-15,"	08:00-10:00","有教材,开课前领取",2026-08-04,23,高中部,晚报大厦302教室,晚报大厦302教室,班级刷卡,25人,本地班课,晚报大厦教学区,2026-08-04,10,15,高考数学
"高中班级部",化学,化学,化学,GYHXA3708,高一化学暑假精进班,十年级化学暑假A2班（面授）,通用,14,14,1680,1680,120.0,"	0.00",A2,A2,A体系,A体系,十年级化学暑假A2班,高一化学暑假精进班,否,,连季续,高一,十年级,高一,2660.00,吴尘亮(384364),,暑假,暑假,正常,2026-07-21,2026-07-21,已审核,走读,常规面授,常规面授,,25,2025-12-15,16:00-18:00,"有教材,开课前领取",2026-08-04,14,高中部,沁园春309教室,沁园春309教室,班级刷卡,25人,本地班课,沁园春教学区,2026-08-04,10,15,高一化学
"高中班级部",化学,化学,化学,GYHXA3701,高一化学暑假精进班,十年级化学暑假A2班（面授）,通用,14,14,1680,1680,120.0,"	0.00",A2,A2,A体系,A体系,十年级化学暑假A2班,高一化学暑假精进班,否,,连季续,高一,十年级,高一,2660.00,汪洋(695307),,暑假,暑假,正常,2026-07-21,2026-07-21,已审核,走读,常规面授,常规面授,,25,2025-12-15,13:40-15:40,"有教材,开课前领取",2026-08-04,27,高中部,晚报大厦301教室,晚报大厦301教室,班级刷卡,25人,本地班课,晚报大厦教学区,2026-08-04,10,15,高一化学
"高中班级部",英语,英语,英语,GYA3737,高一英语暑假精进班,十年级英语暑假A2班（面授）,通用,14,14,1680,1680,120.0,"	0.00",A2,A2,A体系,A体系,十年级英语暑假A2班,高一英语暑假精进班,否,,连季续,高一,十年级,高一,2660.00,陈群(191161),,暑假,暑假,正常,2026-07-21,2026-07-21,已审核,走读,常规面授,常规面授,,25,2025-12-15,"	08:00-10:00","有教材,开课前领取",2026-08-04,18,高中部,沁园春309教室,沁园春309教室,班级刷卡,25人,本地班课,沁园春教学区,2026-08-04,10,15,高一英语
"高中班级部",英语,英语,英语,GYA3806,高一英语暑假精进班,十年级英语暑假A2班（面授）,通用,14,14,1680,1680,120.0,"	0.00",A2,A2,A体系,A体系,十年级英语暑假A2班,高一英语暑假精进班,否,,连季续,高一,十年级,高一,2660.00,邸睿(704634),,暑假,暑假,正常,2026-07-21,2026-07-21,已审核,走读,常规面授,常规面授,,25,2026-07-10,"	08:00-10:00","有教材,开课前领取",2026-08-04,18,高中部,梅溪湖211教室,梅溪湖211教室,班级刷卡,25人,本地班课,梅溪湖教学区,2026-08-04,10,15,高一英语
"高中班级部",化学,化学,化学,GYHXA3764,高一化学暑假精进班,十年级化学暑假A2班（面授）,通用,14,14,1680,1680,120.0,"	0.00",A2,A2,A体系,A体系,十年级化学暑假A2班,高一化学暑假精进班,否,,连季续,高一,十年级,高一,2660.00,宁诗港(367904),,暑假,暑假,正常,2026-07-21,2026-07-21,已审核,走读,常规面授,常规面授,,25,2026-07-10,13:20-15:20,"有教材,开课前领取",2026-08-04,14,高中部,梅溪湖204教室,梅溪湖204教室,班级刷卡,25人,本地班课,梅溪湖教学区,2026-08-04,10,15,高一化学
"高中班级部",化学,化学,化学,GYHXA3725,高一化学暑假精进班,十年级化学暑假A2班（面授）,通用,14,14,1680,1680,120.0,"	0.00",A2,A2,A体系,A体系,十年级化学暑假A2班,高一化学暑假精进班,否,,连季续,高一,十年级,高一,2660.00,袁彩霞(325482),,暑假,暑假,正常,2026-07-21,2026-07-21,已审核,走读,常规面授,常规面授,,25,2025-12-15,"	08:00-10:00","有教材,开课前领取",2026-08-04,14,高中部,井湾子教学区204教室,井湾子教学区204教室,班级刷卡,25人,本地班课,井湾子教学区,2026-08-04,10,15,高一化学
"高中班级部",物理,物理,物理,GRWLA593,高二物理暑假精进班,十一年级物理暑假A2班（面授）,通用,14,14,1680,1680,120.0,"	0.00",A2,A2,A体系,A体系,十一年级物理暑假A2班,高二物理暑假精进班,否,,连季续,高二,十一年级,高二,2660.00,熊科胜(365846),,暑假,暑假,正常,2026-07-21,2026-07-21,已审核,走读,常规面授,常规面授,,25,2025-12-15,16:00-18:00,"有教材,开课前领取",2026-08-04,25,高中部,井湾子教学区212教室,井湾子教学区212教室,班级刷卡,25人,本地班课,井湾子教学区,2026-08-04,10,15,高二物理
"高中班级部",数学,数学,数学,GRSXA779,高二数学暑假精进班,十一年级数学暑假A2班（面授）,通用,14,14,1680,1680,120.0,"	0.00",A2,A2,A体系,A体系,十一年级数学暑假A2班,高二数学暑假精进班,否,,连季续,高二,十一年级,高二,2660.00,吴晓旭(317481),,暑假,暑假,正常,2026-07-21,2026-07-21,已审核,走读,常规面授,常规面授,,25,2026-04-04,13:40-15:40,"有教材,开课前领取",2026-08-04,16,高中部,梅溪湖205教室,梅溪湖205教室,班级刷卡,25人,本地班课,梅溪湖教学区,2026-08-04,10,15,高二数学
"高中班级部",化学,化学,化学,GRHXA515,高二化学暑假精进班,十一年级化学暑假A2班（面授）,通用,14,14,1680,1680,120.0,"	0.00",A2,A2,A体系,A体系,十一年级化学暑假A2班,高二化学暑假精进班,否,,连季续,高二,十一年级,高二,2660.00,冯思佳(169535),,暑假,暑假,正常,2026-07-21,2026-07-21,已审核,走读,常规面授,常规面授,,25,2025-12-15,"	08:00-10:00","有教材,开课前领取",2026-08-04,23,高中部,晚报大厦305教室,晚报大厦305教室,班级刷卡,25人,本地班课,晚报大厦教学区,2026-08-04,10,15,高二化学
"高中班级部",化学,化学,化学,GRHXA516,高二化学暑假精进班,十一年级化学暑假A2班（面授）,通用,14,14,1680,1680,120.0,"	0.00",A2,A2,A体系,A体系,十一年级化学暑假A2班,高二化学暑假精进班,否,,连季续,高二,十一年级,高二,2660.00,袁彩霞(325482),,暑假,暑假,正常,2026-07-21,2026-07-21,已审核,走读,常规面授,常规面授,,25,2025-12-15,10:20-12:20,"有教材,开课前领取",2026-08-04,25,高中部,井湾子教学区212教室,井湾子教学区212教室,班级刷卡,25人,本地班课,井湾子教学区,2026-08-04,10,15,高二化学
"高中班级部",化学,化学,化学,GYHXA3756,高一化学暑假精进班,十年级化学暑假A2班（面授）,通用,14,14,1680,1680,120.0,"	0.00",A2,A2,A体系,A体系,十年级化学暑假A2班,高一化学暑假精进班,否,,连季续,高一,十年级,高一,2660.00,冯思佳(169535),,暑假,暑假,正常,2026-07-21,2026-07-21,已审核,走读,常规面授,常规面授,,25,2026-03-27,16:00-18:00,"有教材,开课前领取",2026-08-04,11,高中部,晚报大厦304教室,晚报大厦304教室,班级刷卡,25人,本地班课,晚报大厦教学区,2026-08-04,10,15,高一化学
"高中班级部",英语,英语,英语,GRA1017,高二英语暑假精进班,十一年级英语暑假A2班（面授）,通用,14,14,1680,1680,120.0,"	0.00",A2,A2,A体系,A体系,十一年级英语暑假A2班,高二英语暑假精进班,否,,连季续,高二,十一年级,高二,2660.00,李坦(199867),,暑假,暑假,正常,2026-07-21,2026-07-21,已审核,走读,常规面授,常规面授,,25,2025-12-15,"	08:00-10:00","有教材,开课前领取",2026-08-04,18,高中部,沁园春306教室,沁园春306教室,班级刷卡,25人,本地班课,沁园春教学区,2026-08-04,10,15,高二英语
"高中班级部",物理,物理,物理,GYWLA3469,高一物理暑假精进班,十年级物理暑假A2班（面授）,通用,14,14,1680,1680,120.0,"	0.00",A2,A2,A体系,A体系,十年级物理暑假A2班,高一物理暑假精进班,否,,连季续,高一,十年级,高一,2660.00,徐浪(438298),,暑假,暑假,正常,2026-07-21,2026-07-21,已审核,走读,常规面授,常规面授,,25,2025-12-15,"	08:00-10:00","有教材,开课前领取",2026-08-04,25,高中部,晚报大厦301教室,晚报大厦301教室,班级刷卡,25人,本地班课,晚报大厦教学区,2026-08-04,10,15,高一物理
"高中班级部",数学,数学,数学,GYSXA3818,高一数学暑假精进班,十年级数学暑假A2班（面授）,通用,14,14,1680,1680,120.0,"	0.00",A2,A2,A体系,A体系,十年级数学暑假A2班,高一数学暑假精进班,否,,连季续,高一,十年级,高一,2660.00,史航(176464),,暑假,暑假,正常,2026-07-21,2026-07-21,已审核,走读,常规面授,常规面授,,25,2025-12-15,"	08:00-10:00","有教材,开课前领取",2026-08-04,22,高中部,井湾子教学区203教室,井湾子教学区203教室,班级刷卡,25人,本地班课,井湾子教学区,2026-08-04,10,15,高一数学
"高中班级部",化学,化学,化学,GYHXA3699,高一化学暑假精进班,十年级化学暑假A2班（面授）,通用,14,14,1680,1680,120.0,"	0.00",A2,A2,A体系,A体系,十年级化学暑假A2班,高一化学暑假精进班,否,,连季续,高一,十年级,高一,2660.00,袁彩霞(325482),,暑假,暑假,正常,2026-07-21,2026-07-21,已审核,走读,常规面授,常规面授,,25,2025-12-15,13:35-15:35,"有教材,开课前领取",2026-08-04,16,高中部,井湾子教学区203教室,井湾子教学区203教室,班级刷卡,25人,本地班课,井湾子教学区,2026-08-04,10,15,高一化学
"高中班级部",物理,物理,物理,GYWLA3484,高一物理暑假精进班,十年级物理暑假A2班（面授）,通用,14,14,1680,1680,120.0,"	0.00",A2,A2,A体系,A体系,十年级物理暑假A2班,高一物理暑假精进班,否,,连季续,高一,十年级,高一,2660.00,任翌芃(198678),,暑假,暑假,正常,2026-07-21,2026-07-21,已审核,走读,常规面授,常规面授,,25,2025-12-15,"	08:00-10:00","有教材,开课前领取",2026-08-04,26,高中部,雨花家园507教室,雨花家园507教室,班级刷卡,25人,本地班课,雨花家园教学区,2026-08-04,10,15,高一物理
"高中班级部",物理,物理,物理,GYWLA3511,高一物理暑假精进班,十年级物理暑假A2班（面授）,通用,14,14,1680,1680,120.0,"	0.00",A2,A2,A体系,A体系,十年级物理暑假A2班,高一物理暑假精进班,否,,连季续,高一,十年级,高一,2660.00,廖俊豪(694062),,暑假,暑假,正常,2026-07-21,2026-07-21,已审核,走读,常规面授,常规面授,,25,2025-12-15,"	08:00-10:00","有教材,开课前领取",2026-08-04,26,高中部,梅溪湖207教室,梅溪湖207教室,班级刷卡,25人,本地班课,梅溪湖教学区,2026-08-04,10,15,高一物理
"高中班级部",化学,化学,化学,GYHXA3700,高一化学暑假精进班,十年级化学暑假A2班（面授）,通用,14,14,1680,1680,120.0,"	0.00",A2,A2,A体系,A体系,十年级化学暑假A2班,高一化学暑假精进班,否,,连季续,高一,十年级,高一,2660.00,耿瑞(675565),,暑假,暑假,正常,2026-07-21,2026-07-21,已审核,走读,常规面授,常规面授,,25,2025-12-15,16:00-18:00,"有教材,开课前领取",2026-08-04,25,高中部,东塘211教室,东塘211教室,班级刷卡,25人,本地班课,东塘教学区,2026-08-04,10,15,高一化学
"高中班级部",英语,英语,英语,GRA1021,高二英语暑假精进班,十一年级英语暑假A2班（面授）,通用,14,14,1680,1680,120.0,"	0.00",A2,A2,A体系,A体系,十一年级英语暑假A2班,高二英语暑假精进班,否,,连季续,高二,十一年级,高二,2660.00,谭茜(120882),,暑假,暑假,正常,2026-07-21,2026-07-21,已审核,走读,常规面授,常规面授,,25,2025-12-15,13:40-15:40,"有教材,开课前领取",2026-08-04,19,高中部,东塘213教室,东塘213教室,班级刷卡,25人,本地班课,东塘教学区,2026-08-04,10,15,高二英语
"高中班级部",物理,物理,物理,GYWLA3536,高一物理暑假精进班,十年级物理暑假A2班（面授）,通用,14,14,1680,1680,120.0,"	0.00",A2,A2,A体系,A体系,十年级物理暑假A2班,高一物理暑假精进班,否,,连季续,高一,十年级,高一,2660.00,邹志超(248531),,暑假,暑假,正常,2026-07-21,2026-07-21,已审核,走读,常规面授,常规面授,,25,2026-03-27,13:40-15:40,"有教材,开课前领取",2026-08-04,23,高中部,中信高中01教室,中信高中01教室,班级刷卡,25人,本地班课,中信教学区,2026-08-04,10,15,高一物理
"高中班级部",英语,英语,英语,GYA3794,高一英语暑假精进班,十年级英语暑假A2班（面授）,通用,14,14,1680,1680,120.0,"	0.00",A2,A2,A体系,A体系,十年级英语暑假A2班,高一英语暑假精进班,否,,连季续,高一,十年级,高一,2660.00,周家鹏(620578),,暑假,暑假,正常,2026-07-21,2026-07-21,已审核,走读,常规面授,常规面授,,25,2026-03-27,"	08:00-10:00","有教材,开课前领取",2026-08-04,11,高中部,中信高中02教室,中信高中02教室,班级刷卡,25人,本地班课,中信教学区,2026-08-04,10,15,高一英语
"高中班级部",化学,化学,化学,GYHXA3753,高一化学暑假精进班,十年级化学暑假A2班（面授）,通用,14,14,1680,1680,120.0,"	0.00",A2,A2,A体系,A体系,十年级化学暑假A2班,高一化学暑假精进班,否,,连季续,高一,十年级,高一,2660.00,汪洋(695307),,暑假,暑假,正常,2026-07-21,2026-07-21,已审核,走读,常规面授,常规面授,,25,2026-03-27,10:20-12:20,"有教材,开课前领取",2026-08-04,14,高中部,中信高中02教室,中信高中02教室,班级刷卡,25人,本地班课,中信教学区,2026-08-04,10,15,高一化学
"高中班级部",数学,数学,数学,GRSXA769,高二数学暑假精进班,十一年级数学暑假A2班（面授）,通用,14,14,1680,1680,120.0,"	0.00",A2,A2,A体系,A体系,十一年级数学暑假A2班,高二数学暑假精进班,否,,连季续,高二,十一年级,高二,2660.00,杨盼(128090),,暑假,暑假,正常,2026-07-21,2026-07-21,已审核,走读,常规面授,常规面授,,25,2025-12-15,"	08:00-10:00","有教材,开课前领取",2026-08-04,11,高中部,浏城桥517教室（新）,浏城桥517教室（新）,班级刷卡,25人,本地班课,浏城桥教学区,2026-08-04,10,15,高二数学
"高中班级部",语文,语文,语文,GYYWA526,高一语文暑假精进班,十年级语文暑假A2班（面授）,通用,14,14,1680,1680,120.0,"	0.00",A2,A2,A体系,A体系,十年级语文暑假A2班,高一语文暑假精进班,否,,连季续,高一,十年级,高一,2660.00,郁舒淳(709680),,暑假,暑假,正常,2026-07-21,2026-07-21,已审核,走读,常规面授,常规面授,,25,2025-12-15,10:20-12:20,"有教材,开课前领取",2026-08-04,19,高中部,梅溪湖211教室,梅溪湖211教室,班级刷卡,25人,本地班课,梅溪湖教学区,2026-08-04,10,15,高一语文
"高中班级部",数学,数学,数学,GYSXA3851,高一数学暑假精进班,十年级数学暑假A2班（面授）,通用,14,14,1680,1680,120.0,"	0.00",A2,A2,A体系,A体系,十年级数学暑假A2班,高一数学暑假精进班,否,,连季续,高一,十年级,高一,2660.00,祝名(703116),,暑假,暑假,正常,2026-07-21,2026-07-21,已审核,走读,常规面授,常规面授,,25,2026-03-27,13:40-15:40,"有教材,开课前领取",2026-08-04,27,高中部,中信高中02教室,中信高中02教室,班级刷卡,25人,本地班课,中信教学区,2026-08-04,10,15,高一数学
"高中班级部",化学,化学,化学,GRHXA510,高二化学暑假精进班,十一年级化学暑假A2班（面授）,通用,14,14,1680,1680,120.0,"	0.00",A2,A2,A体系,A体系,十一年级化学暑假A2班,高二化学暑假精进班,否,,连季续,高二,十一年级,高二,2660.00,宁诗港(367904),,暑假,暑假,正常,2026-07-21,2026-07-21,已审核,走读,常规面授,常规面授,,25,2025-12-15,16:00-18:00,"有教材,开课前领取",2026-08-04,17,高中部,沁园春306教室,沁园春306教室,班级刷卡,25人,本地班课,沁园春教学区,2026-08-04,10,15,高二化学
"高中班级部",化学,化学,化学,GRHXA525,高二化学暑假志高班,十一年级化学暑假B1班（面授）,通用,14,14,1680,1680,120.0,"	0.00",B1,B1,B体系,B体系,十一年级化学暑假B1班,高二化学暑假志高班,否,,连季续,高二,十一年级,高二,2660.00,许富康(108924),,暑假,暑假,正常,2026-07-21,2026-07-21,已审核,走读,常规面授,常规面授,,25,2025-12-15,16:00-18:00,"有教材,开课前领取",2026-08-04,14,高中部,东塘217教室,东塘217教室,班级刷卡,25人,本地班课,东塘教学区,2026-08-04,10,15,高二化学
"高中班级部",物理,物理,物理,GRWLA601,高二物理暑假精进班,十一年级物理暑假A2班（面授）,通用,14,14,1680,1680,120.0,"	0.00",A2,A2,A体系,A体系,十一年级物理暑假A2班,高二物理暑假精进班,否,,连季续,高二,十一年级,高二,2660.00,李朝晖(331949),,暑假,暑假,正常,2026-07-21,2026-07-21,已审核,走读,常规面授,常规面授,,25,2025-12-15,10:20-12:20,"有教材,开课前领取",2026-08-04,8,高中部,浏城桥521教室,浏城桥521教室,班级刷卡,25人,本地班课,浏城桥教学区,2026-08-04,10,15,高二物理
"高中班级部",数学,数学,数学,GYSXA3846,高一数学暑假志高班,十年级数学暑假B1班（面授）,通用,14,14,1680,1680,120.0,"	0.00",B1,B1,B体系,B体系,十年级数学暑假B1班,高一数学暑假志高班,否,,连季续,高一,十年级,高一,2660.00,颜钟铭(620579),,暑假,暑假,正常,2026-07-21,2026-07-21,已审核,走读,常规面授,常规面授,,25,2025-12-15,16:00-18:00,"有教材,开课前领取",2026-08-04,22,高中部,浏城桥517教室（新）,浏城桥517教室（新）,班级刷卡,25人,本地班课,浏城桥教学区,2026-08-04,10,15,高一数学
"高中班级部",化学,化学,化学,GYHXA3748,高一化学暑假志高班,十年级化学暑假B1班（面授）,通用,14,14,1680,1680,120.0,"	0.00",B1,B1,B体系,B体系,十年级化学暑假B1班,高一化学暑假志高班,否,,连季续,高一,十年级,高一,2660.00,王丽(098443),,暑假,暑假,正常,2026-07-21,2026-07-21,已审核,走读,常规面授,常规面授,,25,2025-12-15,10:20-12:20,"有教材,开课前领取",2026-08-04,20,高中部,浏城桥523教室,浏城桥523教室,班级刷卡,25人,本地班课,浏城桥教学区,2026-08-04,10,15,高一化学
"高中班级部",物理,物理,物理,GYWLA3529,高一物理暑假志高班,十年级物理暑假B1班（面授）,通用,14,14,1680,1680,120.0,"	0.00",B1,B1,B体系,B体系,十年级物理暑假B1班,高一物理暑假志高班,否,,连季续,高一,十年级,高一,2660.00,李朝晖(331949),,暑假,暑假,正常,2026-07-21,2026-07-21,已审核,走读,常规面授,常规面授,,25,2025-12-15,13:40-15:40,"有教材,开课前领取",2026-08-04,21,高中部,浏城桥521教室,浏城桥521教室,班级刷卡,25人,本地班课,浏城桥教学区,2026-08-04,10,15,高一物理
"高中班级部",语文,语文,语文,GYYWA518,高一语文暑假精进班,十年级语文暑假A2班（面授）,通用,14,14,1680,1680,120.0,"	0.00",A2,A2,A体系,A体系,十年级语文暑假A2班,高一语文暑假精进班,否,,连季续,高一,十年级,高一,2660.00,盘舟(054061),,暑假,暑假,正常,2026-07-21,2026-07-21,已审核,走读,常规面授,常规面授,,25,2025-12-15,16:00-18:00,"有教材,开课前领取",2026-08-04,17,高中部,雨花家园506教室,雨花家园506教室,班级刷卡,25人,本地班课,雨花家园教学区,2026-08-04,10,15,高一语文
"高中班级部",化学,化学,化学,GYHXA3754,高一化学暑假精进班,十年级化学暑假A2班（面授）,通用,14,14,1680,1680,120.0,"	0.00",A2,A2,A体系,A体系,十年级化学暑假A2班,高一化学暑假精进班,否,,连季续,高一,十年级,高一,2660.00,汪洋(695307),,暑假,暑假,正常,2026-07-21,2026-07-21,已审核,走读,常规面授,常规面授,,25,2026-03-27,"	08:00-10:00","有教材,开课前领取",2026-08-04,15,高中部,中信高中01教室,中信高中01教室,班级刷卡,25人,本地班课,中信教学区,2026-08-04,10,15,高一化学
"高中班级部",数学,数学,数学,GYSXA3821,高一数学暑假精进班,十年级数学暑假A2班（面授）,通用,14,14,1680,1680,120.0,"	0.00",A2,A2,A体系,A体系,十年级数学暑假A2班,高一数学暑假精进班,否,,连季续,高一,十年级,高一,2660.00,颜钟铭(620579),,暑假,暑假,正常,2026-07-21,2026-07-21,已审核,走读,常规面授,常规面授,,25,2025-12-15,13:40-15:40,"有教材,开课前领取",2026-08-04,20,高中部,浏城桥517教室（新）,浏城桥517教室（新）,班级刷卡,25人,本地班课,浏城桥教学区,2026-08-04,10,15,高一数学
"高中班级部",化学,化学,化学,GYHXA3728,高一化学暑假精进班,十年级化学暑假A2班（面授）,通用,14,14,1680,1680,120.0,"	0.00",A2,A2,A体系,A体系,十年级化学暑假A2班,高一化学暑假精进班,否,,连季续,高一,十年级,高一,2660.00,王丽(098443),,暑假,暑假,正常,2026-07-21,2026-07-21,已审核,走读,常规面授,常规面授,,25,2025-12-15,"	08:00-10:00","有教材,开课前领取",2026-08-04,8,高中部,浏城桥523教室,浏城桥523教室,班级刷卡,25人,本地班课,浏城桥教学区,2026-08-04,10,15,高一化学
"高中班级部",化学,化学,化学,GKHXA399,高考化学暑假精进班,十二年级化学暑假A2班（面授）,通用,14,14,1680,1680,120.0,"	0.00",A2,A2,A体系,A体系,十二年级化学暑假A2班,高考化学暑假精进班,否,,连季续,高考,十二年级,高考,2800.00,潘奇(271539),,暑假,暑假,正常,2026-07-21,2026-07-21,已审核,走读,常规面授,常规面授,,25,2025-12-15,"	08:00-10:00","有教材,开课前领取",2026-08-04,26,高中部,沁园春307教室,沁园春307教室,班级刷卡,25人,本地班课,沁园春教学区,2026-08-04,10,15,高考化学
"高中班级部",物理,物理,物理,GYWLA3506,高一物理暑假精进班,十年级物理暑假A2班（面授）,通用,14,14,1680,1680,120.0,"	0.00",A2,A2,A体系,A体系,十年级物理暑假A2班,高一物理暑假精进班,否,,连季续,高一,十年级,高一,2660.00,李朝晖(331949),,暑假,暑假,正常,2026-07-21,2026-07-21,已审核,走读,常规面授,常规面授,,25,2025-12-15,16:00-18:00,"有教材,开课前领取",2026-08-04,19,高中部,浏城桥521教室,浏城桥521教室,班级刷卡,25人,本地班课,浏城桥教学区,2026-08-04,10,15,高一物理
"高中班级部",英语,英语,英语,GYA3795,高一英语暑假精进班,十年级英语暑假A2班（面授）,通用,14,14,1680,1680,120.0,"	0.00",A2,A2,A体系,A体系,十年级英语暑假A2班,高一英语暑假精进班,否,,连季续,高一,十年级,高一,2660.00,周家鹏(620578),,暑假,暑假,正常,2026-07-21,2026-07-21,已审核,走读,常规面授,常规面授,,25,2026-03-27,10:20-12:20,"有教材,开课前领取",2026-08-04,14,高中部,中信高中01教室,中信高中01教室,班级刷卡,25人,本地班课,中信教学区,2026-08-04,10,15,高一英语
"高中班级部",数学,数学,数学,GYSXA3783,高一数学暑假精进班,十年级数学暑假A2班（面授）,通用,14,14,1680,1680,120.0,"	0.00",A2,A2,A体系,A体系,十年级数学暑假A2班,高一数学暑假精进班,否,,连季续,高一,十年级,高一,2660.00,史航(176464),,暑假,暑假,正常,2026-07-21,2026-07-21,已审核,走读,常规面授,常规面授,,25,2025-12-15,10:20-12:20,"有教材,开课前领取",2026-08-04,24,高中部,井湾子教学区203教室,井湾子教学区203教室,班级刷卡,25人,本地班课,井湾子教学区,2026-08-04,10,15,高一数学
"高中班级部",物理,物理,物理,GRWLA583,高二物理暑假精进班,十一年级物理暑假A2班（面授）,通用,14,14,1680,1680,120.0,"	0.00",A2,A2,A体系,A体系,十一年级物理暑假A2班,高二物理暑假精进班,否,,连季续,高二,十一年级,高二,2660.00,金香敏(400291),,暑假,暑假,正常,2026-07-21,2026-07-21,已审核,走读,常规面授,常规面授,,25,2025-12-15,"	08:00-10:00","有教材,开课前领取",2026-08-04,21,高中部,梅溪湖212教室,梅溪湖212教室,班级刷卡,25人,本地班课,梅溪湖教学区,2026-08-04,10,15,高二物理
"高中班级部",语文,语文,语文,GYYWA516,高一语文暑假精进班,十年级语文暑假A2班（面授）,通用,14,14,1680,1680,120.0,"	0.00",A2,A2,A体系,A体系,十年级语文暑假A2班,高一语文暑假精进班,否,,连季续,高一,十年级,高一,2660.00,郁舒淳(709680),,暑假,暑假,正常,2026-07-21,2026-07-21,已审核,走读,常规面授,常规面授,,25,2025-12-15,13:40-15:40,"有教材,开课前领取",2026-08-04,18,高中部,沁园春301教室,沁园春301教室,班级刷卡,25人,本地班课,沁园春教学区,2026-08-04,10,15,高一语文
"高中班级部",化学,化学,化学,GYHXA3751,高一化学暑假精进班,十年级化学暑假A2班（面授）,通用,14,14,1680,1680,120.0,"	0.00",A2,A2,A体系,A体系,十年级化学暑假A2班,高一化学暑假精进班,否,,连季续,高一,十年级,高一,2660.00,吴尘亮(384364),,暑假,暑假,正常,2026-07-21,2026-07-21,已审核,走读,常规面授,常规面授,,25,2026-03-27,"	08:00-10:00","有教材,开课前领取",2026-08-04,17,高中部,沁园春310教室,沁园春310教室,班级刷卡,25人,本地班课,沁园春教学区,2026-08-04,10,15,高一化学
"高中班级部",英语,英语,英语,GYA3777,高一英语暑假精进班,十年级英语暑假A2班（面授）,通用,14,14,1680,1680,120.0,"	0.00",A2,A2,A体系,A体系,十年级英语暑假A2班,高一英语暑假精进班,否,,连季续,高一,十年级,高一,2660.00,陈群(191161),,暑假,暑假,正常,2026-07-21,2026-07-21,已审核,走读,常规面授,常规面授,,25,2025-12-15,13:40-15:40,"有教材,开课前领取",2026-08-04,17,高中部,沁园春310教室,沁园春310教室,班级刷卡,25人,本地班课,沁园春教学区,2026-08-04,10,15,高一英语
"高中班级部",语文,语文,语文,GYYWA521,高一语文暑假精进班,十年级语文暑假A2班（面授）,通用,14,14,1680,1680,120.0,"	0.00",A2,A2,A体系,A体系,十年级语文暑假A2班,高一语文暑假精进班,否,,连季续,高一,十年级,高一,2660.00,郁舒淳(709680),,暑假,暑假,正常,2026-07-21,2026-07-21,已审核,走读,常规面授,常规面授,,25,2025-12-15,18:30-20:30,"有教材,开课前领取",2026-08-04,18,高中部,晚报大厦303教室,晚报大厦303教室,班级刷卡,25人,本地班课,晚报大厦教学区,2026-08-04,10,15,高一语文
"高中班级部",英语,英语,英语,GRA1024,高二英语暑假精进班,十一年级英语暑假A2班（面授）,通用,14,14,1680,1680,120.0,"	0.00",A2,A2,A体系,A体系,十一年级英语暑假A2班,高二英语暑假精进班,否,,连季续,高二,十一年级,高二,2660.00,周帆(062781),,暑假,暑假,正常,2026-07-21,2026-07-21,已审核,走读,常规面授,常规面授,,25,2025-12-15,"	08:00-10:00","有教材,开课前领取",2026-08-04,15,高中部,井湾子教学区212教室,井湾子教学区212教室,班级刷卡,25人,本地班课,井湾子教学区,2026-08-04,10,15,高二英语
"高中班级部",英语,英语,英语,GYA3797,高一英语暑假精进班,十年级英语暑假A2班（面授）,通用,14,14,1680,1680,120.0,"	0.00",A2,A2,A体系,A体系,十年级英语暑假A2班,高一英语暑假精进班,否,,连季续,高一,十年级,高一,2660.00,周帆(062781),,暑假,暑假,正常,2026-07-21,2026-07-21,已审核,走读,常规面授,常规面授,,25,2026-03-27,10:20-12:20,"有教材,开课前领取",2026-08-04,21,高中部,井湾子教学区204教室,井湾子教学区204教室,班级刷卡,25人,本地班课,井湾子教学区,2026-08-04,10,15,高一英语
"高中班级部",英语,英语,英语,GRA1018,高二英语暑假精进班,十一年级英语暑假A2班（面授）,通用,14,14,1680,1680,120.0,"	0.00",A2,A2,A体系,A体系,十一年级英语暑假A2班,高二英语暑假精进班,否,,连季续,高二,十一年级,高二,2660.00,张春阳(144617),,暑假,暑假,正常,2026-07-21,2026-07-21,已审核,走读,常规面授,常规面授,,25,2025-12-15,16:00-18:00,"有教材,开课前领取",2026-08-04,22,高中部,梅溪湖210教室,梅溪湖210教室,班级刷卡,25人,本地班课,梅溪湖教学区,2026-08-04,10,15,高二英语
"高中班级部",英语,英语,英语,GYA3807,高一英语暑假志高班,十年级英语暑假B1班（面授）,通用,14,14,1680,1680,120.0,"	0.00",B1,B1,B体系,B体系,十年级英语暑假B1班,高一英语暑假志高班,否,,连季续,高一,十年级,高一,2660.00,张春阳(144617),,暑假,暑假,正常,2026-07-21,2026-07-21,已审核,走读,常规面授,常规面授,,25,2026-07-17,10:20-12:20,"有教材,开课前领取",2026-08-04,25,高中部,梅溪湖208教室,梅溪湖208教室,班级刷卡,25人,本地班课,梅溪湖教学区,2026-08-04,10,15,高一英语
"高中班级部",英语,英语,英语,GKA544,高考英语暑假精进班,十二年级英语暑假A2班（面授）,通用,14,14,1680,1680,120.0,"	0.00",A2,A2,A体系,A体系,十二年级英语暑假A2班,高考英语暑假精进班,否,,连季续,高考,十二年级,高考,2800.00,曾雅洁(054040),,暑假,暑假,正常,2026-07-21,2026-07-21,已审核,走读,常规面授,常规面授,,25,2025-12-15,18:30-20:30,"有教材,开课前领取",2026-08-04,25,高中部,晚报大厦203教室,晚报大厦203教室,班级刷卡,25人,本地班课,晚报大厦教学区,2026-08-04,10,15,高考英语
"高中班级部",数学,数学,数学,GKSXA424,高考数学暑假精进班,十二年级数学暑假A2班（面授）,通用,14,14,1680,1680,120.0,"	0.00",A2,A2,A体系,A体系,十二年级数学暑假A2班,高考数学暑假精进班,否,,连季续,高考,十二年级,高考,2800.00,丁曼琪(174898),,暑假,暑假,正常,2026-07-21,2026-07-21,已审核,走读,常规面授,常规面授,,25,2026-03-31,13:40-15:40,"有教材,开课前领取",2026-08-04,23,高中部,沁园春302教室,沁园春302教室,班级刷卡,25人,本地班课,沁园春教学区,2026-08-04,10,15,高考数学
"素养智学部",英语,英语,英语,YYZH3A0355,双语智慧3A（暑）,三年级英语暑假A1服务（默认A）,通用,10,10,1200,1200,120.0,"	0.00",TG,TG,常规体系,常规体系,三年级英语暑假A1服务,三年级英语A暑假智慧学习空间,否,,连季续,三年级,三年级,三年级,2000.00,陈圆苑(681745),,暑假,暑假,正常,2026-07-23,2026-07-23,已审核,"走读,在线","常规面授,在线录播",在线录播,智慧学习机,21,2026-02-27,每天13:50-15:50(上5休1）,"有教材,开课前领取",2026-08-02,21,学习机托管(智学),中信06自习室,中信06自习室,班级刷卡,20人,学习机托管,中信教学区,2026-08-02,12,12,三年级英语
"素养智学部",数学,数学,数学,SXZH4A0678,思维智慧4A（暑）,四年级数学暑假A2服务（默认A）,通用,10,10,1200,1200,120.0,"	0.00",TG,TG,常规体系,常规体系,四年级数学暑假A2服务,四年级数学A暑假智慧学习空间,否,,连季续,四年级,四年级,四年级,2000.00,赵早阳(411228),,暑假,暑假,正常,2026-07-23,2026-07-23,已审核,"走读,在线","常规面授,在线录播",在线录播,智慧学习机,20,2026-05-16,每天13:50-15:50(上5休1）,"有教材,开课前领取",2026-08-02,8,学习机托管(智学),浏城桥518教室（新）,浏城桥518教室（新）,班级刷卡,20人,学习机托管,浏城桥教学区,2026-08-02,12,12,四年级数学
"素养智学部",英语,英语,英语,YYZH6A0720,双语智慧6A（暑）,六年级英语暑假A2服务（默认A）,通用,10,10,1200,1200,120.0,"	0.00",TG,TG,常规体系,常规体系,六年级英语暑假A2服务,六年级英语A暑假智慧学习空间,否,,连季续,六年级(小学),六年级,六年级,2000.00,陈圆苑(681745),,暑假,暑假,正常,2026-07-23,2026-07-23,已审核,"走读,在线","常规面授,在线录播",在线录播,智慧学习机,20,2026-06-23,每天16:00-18:00（上5休1）,"有教材,开课前领取",2026-08-02,15,学习机托管(智学),中信06自习室,中信06自习室,班级刷卡,20人,学习机托管,中信教学区,2026-08-02,8,12,六年级英语
"素养智学部",英语,英语,英语,YYZH3A0371,双语智慧3A（暑）,三年级英语暑假A1服务（默认A）,通用,10,10,1200,1200,120.0,"	0.00",TG,TG,常规体系,常规体系,三年级英语暑假A1服务,三年级英语A暑假智慧学习空间,否,,连季续,三年级,三年级,三年级,2000.00,刘天琦(411178),,暑假,暑假,正常,2026-07-23,2026-07-23,已审核,"走读,在线","常规面授,在线录播",在线录播,智慧学习机,20,2026-07-07,每天16:00-18:00(上5休1）,"有教材,开课前领取",2026-08-02,14,学习机托管(智学),雨花家园307A教室,雨花家园307A教室,班级刷卡,20人,学习机托管,雨花家园教学区,2026-08-02,8,12,三年级英语
"素养智学部",英语,英语,英语,YYZH3A0370,双语智慧3A（暑）,三年级英语暑假A1服务（默认A）,通用,10,10,1200,1200,120.0,"	0.00",TG,TG,常规体系,常规体系,三年级英语暑假A1服务,三年级英语A暑假智慧学习空间,否,,连季续,三年级,三年级,三年级,2000.00,贺昕垚(668082),,暑假,暑假,正常,2026-07-23,2026-07-23,已审核,"走读,在线","常规面授,在线录播",在线录播,智慧学习机,20,2026-07-07,每天08:30-10:30(上5休1）,"有教材,开课前领取",2026-08-02,12,学习机托管(智学),中信07自习室,中信07自习室,班级刷卡,20人,学习机托管,中信教学区,2026-08-02,8,12,三年级英语
"素养智学部",数学,数学,数学,SXZH4A0639,思维智慧4C领航（暑）,四年级数学暑假C1服务（C+）,通用,10,10,1200,1200,120.0,"	0.00",TG,TG,常规体系,常规体系,四年级数学暑假C1服务,四年级数学C暑假智慧学习空间,否,,连季续,四年级,四年级,四年级,2600.00,李珠辉(144188),,暑假,暑假,正常,2026-07-23,2026-07-23,已审核,"走读,在线","常规面授,在线录播",在线录播,智慧学习机,20,2026-02-27,每天13:50-15:50(上5休1）,"有教材,开课前领取",2026-08-02,13,学习机托管(智学),梅岭国际5自习室,梅岭国际5自习室,班级刷卡,20人,学习机托管,梅岭国际教学区,2026-08-02,12,12,四年级数学
"素养智学部",英语,英语,英语,YYZH3A0367,双语智慧3A（暑）,三年级英语暑假A1服务（默认A）,通用,10,10,1200,1200,120.0,"	0.00",TG,TG,常规体系,常规体系,三年级英语暑假A1服务,三年级英语A暑假智慧学习空间,否,,连季续,三年级,三年级,三年级,2000.00,李芯怡(707017),,暑假,暑假,正常,2026-07-23,2026-07-23,已审核,"走读,在线","常规面授,在线录播",在线录播,智慧学习机,20,2026-07-03,每天13:50-15:50(上5休1）,"有教材,开课前领取",2026-08-02,12,学习机托管(智学),时光汇208教室,时光汇208教室,班级刷卡,20人,学习机托管,时光汇教学区,2026-08-02,8,12,三年级英语
"素养智学部",数学,数学,数学,OSXZH3A0002,取消SX暑假智慧学习小组3B+,取消三年级数学暑假学习机线上B1服务（默认B）,通用,10,0,1200,1200,120.0,"	0.00",XXJ,XXJ,常规体系,常规体系,三年级数学暑假学习机线上B1服务,三年级数学B暑假智慧学习小组,否,,连季续,三年级,三年级,三年级,1500.00,李欣儒(612654),,暑假,暑假,取消班,2026-07-31,,已审核,在线,在线录播,在线录播,智慧学习机,0,2026-03-24,每天08:30-10:30(上5休1）,"有教材,快递配送",,0,学习机线上(智学),长沙线上课,儿童网络虚拟教室1,班级刷卡,24人,学习机线上,网络教学区,2026-08-14,3,14,三年级数学
"智慧学习部",英语,英语,英语,YYZH7A2700097,取消YY暑假智慧学习空间7A取消,取消学习机托管七年级英语暑假A2服务,通用,12,0,1440,1440,120.0,"	0.00",A2,A2,A体系,A体系,学习机托管七年级英语暑假A2服务,YY暑假智慧学习空间7A,否,,连季续,初一,七年级,七年级,2400.00,,,暑假,暑假,取消班,2026-08-02,,已审核,"走读,在线","常规面授,在线录播",在线录播,智慧学习机,0,2025-12-19,每天13:50-15:50(上六休一),"有教材,开课前领取",,0,学习机托管(智慧),当代滨江204自习室,当代滨江204自习室,班级刷卡,20人,学习机托管,当代滨江智慧空间,2026-08-14,8,12,初一英语
"智慧学习部",英语,英语,英语,YYZH7A27056,取消YY暑假智慧学习空间7C,取消学习机托管七年级英语暑假B2服务（C+）,通用,12,0,1440,1440,120.0,"	0.00",B2,B2,B体系,B体系,学习机托管七年级英语暑假B2服务,YY暑假智慧学习空间7C,否,,连季续,初一,七年级,七年级,2880.00,顾奕(291508),,暑假,暑假,取消班,2026-08-02,,已审核,"走读,在线","常规面授,在线录播",在线录播,智慧学习机,0,2026-03-24,每天16:00-18:00,"有教材,开课前领取",,0,学习机托管(智慧),吉联mall03自习室,吉联mall303自习室,班级刷卡,20人,学习机托管,吉联mall教学区,2026-08-10,8,12,初一英语
"智慧学习部",物理,物理,物理,WLZH9A27013,取消WL暑假智慧学习空间9A,取消学习机托管九年级物理暑假A2服务,通用,10,0,1200,1200,120.0,"	0.00",A2,A2,A体系,A体系,学习机托管九年级物理暑假A2服务,WL暑假智慧学习空间9A,否,,连季续,中考,九年级,九年级,2000.00,李勇(612624),,暑假,暑假,取消班,2026-08-12,,已审核,"走读,在线","常规面授,在线录播",在线录播,智慧学习机,0,2026-03-24,每天16:00-18:00(上五休一）,"有教材,开课前领取",,0,学习机托管(智慧),美林银谷403自习室,美林银谷403自习室,班级刷卡,20人,学习机托管,美林银谷智慧空间,2026-08-22,8,12,中考物理
"素养智学部",英语,英语,英语,YYZH3A270320,SY双语智慧3A（暑）,三年级英语暑假A1服务（创新默认A）,通用,10,10,1200,1200,120.0,"	0.00",TG,TG,常规体系,常规体系,三年级英语暑假A1服务,三年级英语A暑假智慧学习空间,否,,连季续,三年级,三年级,三年级,1800.00,熊朗(702291),,暑假,暑假,正常,2026-07-23,2026-07-23,已审核,"走读,在线","常规面授,在线录播",在线录播,智慧学习机,24,2026-06-09,每天16:00-18:00,"有教材,开课前领取",2026-08-02,24,学习机托管(智学),湘潭东方名苑204自习室,湘潭东方名苑204自习室,班级刷卡,20人,学习机托管,湘潭东方名苑教学区,2026-08-02,12,14,三年级英语
"素养智学部",英语,英语,英语,YYZH4A270398,SY双语智慧4A（暑）,四年级英语暑假B1服务（创新默认A）,通用,10,10,1200,1200,120.0,"	0.00",TG,TG,常规体系,常规体系,四年级英语暑假B1服务,四年级英语A暑假智慧学习空间,否,,连季续,四年级,四年级,四年级,1800.00,熊朗(702291),,暑假,暑假,正常,2026-07-23,2026-07-23,已审核,"走读,在线","常规面授,在线录播",在线录播,智慧学习机,24,2026-04-05,每天13:50-15:50,"有教材,开课前领取",2026-08-02,17,学习机托管(智学),湘潭东方名苑204自习室,湘潭东方名苑204自习室,班级刷卡,20人,学习机托管,湘潭东方名苑教学区,2026-08-02,12,14,四年级英语
"智慧学习部",数学,数学,数学,SXZH7A271000,SYSX暑假智慧学习空间7A,学习机托管七年级数学暑假A2服务（创新默认A）,通用,12,12,1440,1440,120.0,"	0.00",A2,A2,A体系,A体系,学习机托管七年级数学暑假A2服务,SX暑假智慧学习空间7A,否,,连季续,初一,七年级,七年级,2160.00,刘欣言(674548),,暑假,暑假,正常,2026-07-22,2026-07-22,已审核,"走读,在线","常规面授,在线录播",在线录播,智慧学习机,20,2026-04-05,每天10:40-12:40,"有教材,开课前领取",2026-08-03,12,学习机托管(智慧),湘潭东方名苑203自习室,湘潭东方名苑203自习室,班级刷卡,20人,学习机托管,湘潭东方名苑教学区,2026-08-03,8,12,初一数学
"素养智学部",双语故事表演,双语故事表演,双语故事表演,PM427A0022,双语绘本4C（暑）,双语故事表演L4暑假B2班,通用,10,10,1100,1100,110.0,"	0.00",L4,L4,常规体系,常规体系,双语故事表演L4暑假B2班,四年级双语故事表演暑假L4班,否,,连季续,四年级,四年级,四年级,2000.00,朱文韬(383983),,暑假,暑假,正常,2026-08-18,2026-08-18,已审核,走读,常规面授,常规面授,,20,2026-02-26,每天08:30-10:20(上5休1),"有教材,开课前领取",2026-08-28,20,素养素质(智学),东塘206教室,东塘206教室,班级刷卡,15人,素养,东塘教学区,2026-08-28,10,12,分级阅读4
"素养智学部",脑力与思维,脑力与思维,脑力与思维,SW427A0043,脑力思维4B（暑）,脑力与思维L4暑假B1班,通用,10,10,1100,1100,110.0,"	0.00",L4,L4,常规体系,常规体系,脑力与思维L4暑假B1班,四年级脑力与思维暑假L4班,否,,连季续,四年级,四年级,四年级,2000.00,康瑞欣(442810),,暑假,暑假,正常,2026-08-18,2026-08-18,已审核,走读,常规面授,常规面授,,19,2026-04-29,每天08:30-10:20(上5休1）,"有教材,开课前领取",2026-08-28,17,素养素质(智学),方圆荟309教室,方圆荟309教室,班级刷卡,15人,素养,方圆荟智慧空间,2026-08-28,10,12,思维4
"素养智学部",数学,数学,数学,SXZH6A0189,思维智慧6A（暑）,六年级数学暑假A1服务（默认A）,通用,10,10,1200,1200,120.0,"	0.00",TG,TG,常规体系,常规体系,六年级数学暑假A1服务,六年级数学A暑假智慧学习空间,否,,连季续,六年级(小学),六年级,六年级,2000.00,莫倩(705852),,暑假,暑假,正常,2026-08-18,2026-08-18,已审核,"走读,在线","常规面授,在线录播",在线录播,智慧学习机,24,2026-05-23,每天13:50-15:50(上5休1),"有教材,开课前领取",2026-08-28,19,学习机托管(智学),星沙筑梦自习室6,星沙筑梦自习室6,班级刷卡,20人,学习机托管,星沙筑梦教学区,2026-08-28,8,12,六年级数学
"素养智学部",数学,数学,数学,SXZH5A0171,思维智慧5A（暑）,五年级数学暑假A1服务（默认A）,通用,10,10,1200,1200,120.0,"	0.00",TG,TG,常规体系,常规体系,五年级数学暑假A1服务,五年级数学A暑假智慧学习空间,否,,连季续,五年级,五年级,五年级,2000.00,莫倩(705852),,暑假,暑假,正常,2026-08-18,2026-08-18,已审核,"走读,在线","常规面授,在线录播",在线录播,智慧学习机,24,2026-02-27,每天10:40-12:40(上5休1）,"有教材,开课前领取",2026-08-28,10,学习机托管(智学),星沙筑梦自习室6,星沙筑梦自习室6,班级刷卡,20人,学习机托管,星沙筑梦教学区,2026-08-28,12,12,五年级数学
"素养智学部",数学,数学,数学,SXZH4A0633,思维智慧4B+（暑）,四年级数学暑假B1服务（默认B）,通用,10,10,1200,1200,120.0,"	0.00",TG,TG,常规体系,常规体系,四年级数学暑假B1服务,四年级数学B暑假智慧学习空间,否,,连季续,四年级,四年级,四年级,2000.00,莫倩(705852),,暑假,暑假,正常,2026-08-18,2026-08-18,已审核,"走读,在线","常规面授,在线录播",在线录播,智慧学习机,22,2026-02-27,每天08:30-10:30(上5休1）,"有教材,开课前领取",2026-08-28,20,学习机托管(智学),星沙筑梦自习室6,星沙筑梦自习室6,班级刷卡,20人,学习机托管,星沙筑梦教学区,2026-08-28,12,12,四年级数学
"素养智学部",科创,科创,机器人编程,SZ27AJQ180,机器人S2（暑）,机器人编程S1-4段暑假班,通用,10,10,900,900,90.0,"	0.00",S1,S1,常规体系,常规体系,科创S1-4段暑假班,机器人编程S1-4段暑假班,否,,连季续,S1,S1,S1,1800.00,颜俊敏(416482),,暑假,暑假,正常,2026-08-18,2026-08-18,已审核,"走读,在线","常规面授,在线直播",在线直播,云教室小班（25人以下）,12,2026-07-26,每天10:40-12:10（上5休1）,"有教材,开课前领取",2026-08-28,11,素养素质(智学),洋湖新城309教室,洋湖新城309教室,班级刷卡,12人,素质,洋湖新城教学区,2026-08-28,8,10,机器人编程S2
"素养智学部",英语,英语,英语,GJZH27A025,国际语音,学习机托管三年级英语暑假ZT1服务,通用,10,10,1200,1200,120.0,"	0.00",ZT1,ZT1,专项体系,专项体系,学习机托管三年级英语暑假ZT1服务,三年级英语暑假专题班,否,,不可续,三年级,三年级,三年级,2000.00,樊蓉(618600),,暑假,暑假,正常,2026-08-05,2026-08-05,已审核,走读,常规面授,常规面授,,15,2026-07-07,每天16:00-18:00(上5休1）,"有教材,开课前领取",2026-08-15,15,学习机托管(智学),中信301教室,中信301教室,班级刷卡,20人,学习机托管,中信教学区,2026-08-15,12,14,专项音标
"素养智学部",英语,英语,英语,YYZH4A0410,双语智慧4A（暑）,四年级英语暑假B1服务（默认A）,通用,10,10,1200,1200,120.0,"	0.00",TG,TG,常规体系,常规体系,四年级英语暑假B1服务,四年级英语A暑假智慧学习空间,否,,连季续,四年级,四年级,四年级,2000.00,李婉琳(642977),,暑假,暑假,正常,2026-08-18,2026-08-18,已审核,"走读,在线","常规面授,在线录播",在线录播,智慧学习机,22,2026-02-27,每天16:00-18:00(上5休1）,"有教材,开课前领取",2026-08-28,19,学习机托管(智学),北辰106教室,北辰106教室,班级刷卡,20人,学习机托管,北辰教学区,2026-08-28,12,12,四年级英语
"素养智学部",双语故事表演,双语故事表演,双语故事表演,PM127A0154,双语绘本1C+领航班（暑）,双语故事表演L1暑假C1班（C+）,通用,10,10,1100,1100,110.0,"	0.00",L1,L1,常规体系,常规体系,双语故事表演L1暑假C1班,一年级双语故事表演暑假L1班,否,,连季续,一年级,一年级,一年级,2100.00,王亭力(706969),,暑假,暑假,正常,2026-08-18,2026-08-18,已审核,走读,常规面授,常规面授,,16,2026-03-06,每天13:50-15:40(上5休1),"有教材,开课前领取",2026-08-28,13,素养素质(智学),洋湖新城301教室,洋湖新城301教室,班级刷卡,15人,素养,洋湖新城教学区,2026-08-28,10,12,分级阅读1
"国外考试部",全科,"阅读,写作,听力,口语",,YZG2714B,雅思大学生直通车高级班（B）,雅思大学生直通车高级班（FY26-B）,IELTS直通车,32,48,3840,3840,120.0,"	0.00",IELTS,IELTS,常规体系,常规体系,雅思大学生直通车高级班,雅思大学生直通车高级班,否,,可续,,,,12800.00,李婷婷(122952),,暑假,,正常,2026-07-21,2026-07-21,已审核,"走读,在线","常规面授,在线直播",在线直播,云教室小班（25人以下）,10,2025-12-23,"周一至周六08:00-10:00,10:10-12:10,13:30-15:30","有教材,开课前领取",2026-08-07,9,国外考试部,天马教学区,天马虚拟教室3（407教室）,班级刷卡,6人,国外考试部,天马教学区,2026-08-07,4,5,
"素养智学部",双语故事表演,双语故事表演,双语故事表演,PM227A0058,双语绘本2C（暑）,双语故事表演L2暑假B2班,通用,10,10,1100,1100,110.0,"	0.00",L2,L2,常规体系,常规体系,双语故事表演L2暑假B2班,二年级双语故事表演暑假L2班,否,,连季续,二年级,二年级,二年级,2100.00,王子墨(708706),,暑假,暑假,正常,2026-08-18,2026-08-18,已审核,走读,常规面授,常规面授,,15,2026-02-26,每天16:00-17:50(上5休1),"有教材,开课前领取",2026-08-28,15,素养素质(智学),洋湖新城302教室,洋湖新城302教室,班级刷卡,15人,素养,洋湖新城教学区,2026-08-28,10,12,分级阅读2
"素养智学部",数学,数学,数学,SXZH5A0182,思维智慧5B（暑）,五年级数学暑假B1服务（默认B）,通用,10,10,1200,1200,120.0,"	0.00",TG,TG,常规体系,常规体系,五年级数学暑假B1服务,五年级数学B暑假智慧学习空间,否,,连季续,五年级,五年级,五年级,2000.00,李霜(442923),,暑假,暑假,正常,2026-08-18,2026-08-18,已审核,"走读,在线","常规面授,在线录播",在线录播,智慧学习机,24,2026-07-07,每天18:30-20:30(上5休1）,"有教材,开课前领取",2026-08-28,5,学习机托管(智学),洋湖新城302自习室,洋湖新城302自习室,班级刷卡,20人,学习机托管,洋湖新城智慧空间,2026-08-28,8,12,五年级数学
"素养智学部",数学,数学,数学,SXZH6A0166,思维智慧6B（暑）,六年级数学暑假B1服务（默认B）,通用,10,10,1200,1200,120.0,"	0.00",TG,TG,常规体系,常规体系,六年级数学暑假B1服务,六年级数学B暑假智慧学习空间,否,,连季续,六年级(小学),六年级,六年级,2000.00,李霜(442923),,暑假,暑假,正常,2026-08-18,2026-08-18,已审核,"走读,在线","常规面授,在线录播",在线录播,智慧学习机,24,2026-02-27,每天13:50-15:50(上5休1）,"有教材,开课前领取",2026-08-28,11,学习机托管(智学),洋湖新城302自习室,洋湖新城302自习室,班级刷卡,20人,学习机托管,洋湖新城智慧空间,2026-08-28,12,12,六年级数学
"素养智学部",数学,数学,数学,SXZH5A0136,思维智慧5B+（暑）,五年级数学暑假B1服务（默认B）,通用,10,10,1200,1200,120.0,"	0.00",TG,TG,常规体系,常规体系,五年级数学暑假B1服务,五年级数学B暑假智慧学习空间,否,,连季续,五年级,五年级,五年级,2000.00,李霜(442923),,暑假,暑假,正常,2026-08-18,2026-08-18,已审核,"走读,在线","常规面授,在线录播",在线录播,智慧学习机,25,2026-02-27,每天10:40-12:40(上5休1）,"有教材,开课前领取",2026-08-28,23,学习机托管(智学),洋湖新城302自习室,洋湖新城302自习室,班级刷卡,20人,学习机托管,洋湖新城智慧空间,2026-08-28,12,12,五年级数学
"素养智学部",双语故事表演,双语故事表演,双语故事表演,PM227A0223,双语绘本2B（暑）,双语故事表演L2暑假B2班,通用,10,10,1100,1100,110.0,"	0.00",L2,L2,常规体系,常规体系,双语故事表演L2暑假B2班,二年级双语故事表演暑假L2班,否,,连季续,二年级,二年级,二年级,2100.00,刘威扬(230159),,暑假,暑假,正常,2026-08-18,2026-08-18,已审核,走读,常规面授,常规面授,,16,2026-02-26,每天13:50-15:40(上5休1),"有教材,开课前领取",2026-08-28,16,素养素质(智学),雨花家园301D教室,雨花家园301D教室,班级刷卡,15人,素养,雨花家园教学区,2026-08-28,10,12,分级阅读2
"素养智学部",双语故事表演,双语故事表演,双语故事表演,PM127A0037,双语绘本1C+领航班（暑）,双语故事表演L1暑假C1班（C+）,通用,10,10,1100,1100,110.0,"	0.00",L1,L1,常规体系,常规体系,双语故事表演L1暑假C1班,一年级双语故事表演暑假L1班,否,,连季续,一年级,一年级,一年级,2100.00,佘语嫣(618513),,暑假,暑假,正常,2026-08-18,2026-08-18,已审核,走读,常规面授,常规面授,,19,2026-02-26,每天10:40-12:30(上5休1),"有教材,开课前领取",2026-08-28,17,素养素质(智学),雨花家园302教室,雨花家园302教室,班级刷卡,15人,素养,雨花家园教学区,2026-08-28,10,12,分级阅读1
"高中班级部",数学,数学,数学,GKSXA417,取消高考数学暑假精进班,取消十二年级数学暑假A2班（面授）,通用,14,0,1680,1680,120.0,"	0.00",A2,A2,A体系,A体系,十二年级数学暑假A2班,高考数学暑假精进班,否,,连季续,高考,十二年级,高考,2800.00,叶小飞(008984),,暑假,暑假,取消班,2026-08-06,,已审核,走读,常规面授,常规面授,,0,2025-12-15,"	08:00-10:00","有教材,开课前领取",,0,高中部,东塘302教室,东塘302教室,班级刷卡,25人,本地班课,东塘教学区,2026-08-20,10,15,高考数学
"素养智学部",博文妙笔,博文妙笔,博文妙笔,BW627A0001,博文口才 6（暑）,博文妙笔L6暑假B1班,通用,10,10,1100,1100,110.0,"	0.00",L6,L6,常规体系,常规体系,博文妙笔L6暑假B1班,六年级博文妙笔暑假L6班,否,,连季续,六年级(小学),六年级,六年级,2000.00,罗瑶(237674),,暑假,暑假,正常,2026-08-18,2026-08-18,已审核,走读,常规面授,常规面授,,19,2026-02-26,每天13:50-15:40(上5休1),"有教材,开课前领取",2026-08-28,18,素养素质(智学),梅岭国际214教室,梅岭国际214教室,班级刷卡,15人,素养,梅岭国际教学区,2026-08-28,10,12,语商表达6
"素养智学部",双语故事表演,双语故事表演,双语故事表演,PM227A0062,双语绘本2C（暑）,双语故事表演L2暑假B2班,通用,10,10,1100,1100,110.0,"	0.00",L2,L2,常规体系,常规体系,双语故事表演L2暑假B2班,二年级双语故事表演暑假L2班,否,,连季续,二年级,二年级,二年级,2100.00,马承隆(589042),,暑假,暑假,正常,2026-08-18,2026-08-18,已审核,走读,常规面授,常规面授,,17,2026-02-26,每天16:10-18:00(上5休1),"有教材,开课前领取",2026-08-28,16,素养素质(智学),方圆荟303自习室,方圆荟303自习室,班级刷卡,15人,素养,方圆荟智慧空间,2026-08-28,10,12,分级阅读2
"素养智学部",双语故事表演,双语故事表演,双语故事表演,PM327A0207,双语绘本3C（暑）,双语故事表演L3暑假B2班,通用,10,10,1100,1100,110.0,"	0.00",L3,L3,常规体系,常规体系,双语故事表演L3暑假B2班,三年级双语故事表演暑假L3班,否,,连季续,三年级,三年级,三年级,2000.00,史好(621266),,暑假,暑假,正常,2026-08-18,2026-08-18,已审核,走读,常规面授,常规面授,,19,2026-04-13,每天10:40-12:30(上5休1),"有教材,开课前领取",2026-08-28,17,素养素质(智学),东塘207教室,东塘207教室,班级刷卡,15人,素养,东塘教学区,2026-08-28,10,12,分级阅读3
"素养智学部",英语,英语,英语,YYZH3A0351,双语智慧3A（暑）,三年级英语暑假A1服务（默认A）,通用,10,10,1200,1200,120.0,"	0.00",TG,TG,常规体系,常规体系,三年级英语暑假A1服务,三年级英语A暑假智慧学习空间,否,,连季续,三年级,三年级,三年级,2000.00,陈学凤(420679),,暑假,暑假,正常,2026-08-18,2026-08-18,已审核,"走读,在线","常规面授,在线录播",在线录播,智慧学习机,22,2026-02-27,每天10:40-12:40(上5休1）,"有教材,开课前领取",2026-08-28,22,学习机托管(智学),雨花家园203教室,雨花家园203教室,班级刷卡,20人,学习机托管,雨花家园教学区,2026-08-28,12,12,三年级英语
"素养智学部",博文妙笔,博文妙笔,博文妙笔,BW127A0003,博文口才 1（暑）,博文妙笔L1暑假B1班,通用,10,10,1100,1100,110.0,"	0.00",L1,L1,常规体系,常规体系,博文妙笔L1暑假B1班,一年级博文妙笔暑假L1班,否,,连季续,一年级,一年级,一年级,2100.00,杨紫薇(365245),,暑假,暑假,正常,2026-07-23,2026-07-23,已审核,走读,常规面授,常规面授,,15,2026-02-26,每天10:40-12:30(上5休1),"有教材,开课前领取",2026-08-02,6,素养素质(智学),月亮岛303教室,月亮岛303教室,班级刷卡,15人,素养,月亮岛教学区,2026-08-02,10,12,语商表达1
"素养智学部",双语故事表演,双语故事表演,双语故事表演,PM427A0166,双语绘本4C+领航班（暑）,双语故事表演L4暑假C1班（C+）,通用,10,10,1100,1100,110.0,"	0.00",L4,L4,常规体系,常规体系,双语故事表演L4暑假C1班,四年级双语故事表演暑假L4班,否,,连季续,四年级,四年级,四年级,2600.00,铁林林(180938),,暑假,暑假,正常,2026-08-18,2026-08-18,已审核,走读,常规面授,常规面授,,20,2026-02-26,每天10:40-12:30(上5休1),"有教材,开课前领取",2026-08-28,20,素养素质(智学),洋湖新城305教室,洋湖新城305教室,班级刷卡,15人,素养,洋湖新城教学区,2026-08-28,10,12,分级阅读4
"素养智学部",数学,数学,数学,SXZH6A0606,思维智慧6A(暑),六年级数学暑假A1服务（默认A）,通用,10,10,1200,1200,120.0,"	0.00",TG,TG,常规体系,常规体系,六年级数学暑假A1服务,六年级数学A暑假智慧学习空间,否,,连季续,六年级(小学),六年级,六年级,2000.00,樊珂华(612648),,暑假,暑假,正常,2026-08-18,2026-08-18,已审核,"走读,在线","常规面授,在线录播",在线录播,智慧学习机,24,2026-06-08,每天13:50-15:50(上五休一),"有教材,开课前领取",2026-08-28,21,学习机托管(智学),井湾子05自习室,井湾子05自习室,班级刷卡,20人,学习机托管,井湾子智慧空间,2026-08-28,8,12,六年级数学
"素养智学部",数学,数学,数学,SXZH6A0175,思维智慧6A（暑）,六年级数学暑假A1服务（默认A）,通用,10,10,1200,1200,120.0,"	0.00",TG,TG,常规体系,常规体系,六年级数学暑假A1服务,六年级数学A暑假智慧学习空间,否,,连季续,六年级(小学),六年级,六年级,2000.00,曾飘飘(413517),,暑假,暑假,正常,2026-08-18,2026-08-18,已审核,"走读,在线","常规面授,在线录播",在线录播,智慧学习机,23,2026-02-27,每天13:50-15:50(上5休1）,"有教材,开课前领取",2026-08-28,23,学习机托管(智学),雨花家园310教室,雨花家园310教室,班级刷卡,20人,学习机托管,雨花家园教学区,2026-08-28,12,12,六年级数学
"素养智学部",英语,英语,英语,YYZH4A0441,双语智慧4B（暑）,四年级英语暑假B1服务（默认B）,通用,10,10,1200,1200,120.0,"	0.00",TG,TG,常规体系,常规体系,四年级英语暑假B1服务,四年级英语A暑假智慧学习空间,否,,连季续,四年级,四年级,四年级,2000.00,赵岑岑(189338),,暑假,暑假,正常,2026-08-18,2026-08-18,已审核,"走读,在线","常规面授,在线录播",在线录播,智慧学习机,24,2026-02-27,每天08:30-10:30(上5休1）,"有教材,开课前领取",2026-08-28,21,学习机托管(智学),梅岭国际6自习室,梅岭国际6自习室,班级刷卡,20人,学习机托管,梅岭国际教学区,2026-08-28,12,12,四年级英语
"素养智学部",双语故事表演,双语故事表演,双语故事表演,PM127A0178,双语绘本1B（暑）,双语故事表演L1暑假B2班,通用,10,10,1100,1100,110.0,"	0.00",L1,L1,常规体系,常规体系,双语故事表演L1暑假B2班,一年级双语故事表演暑假L1班,否,,连季续,一年级,一年级,一年级,2100.00,胡斌(706974),,暑假,暑假,正常,2026-07-23,2026-07-23,已审核,走读,常规面授,常规面授,,15,2026-07-06,每天18:40-20:30,"有教材,开课前领取",2026-08-02,6,素养素质(智学),时光汇203教室,时光汇203教室,班级刷卡,15人,素养,时光汇教学区,2026-08-02,10,12,分级阅读1
"素养智学部",数学,数学,数学,SXZH4A0679,思维智慧4A（暑）,四年级数学暑假A2服务（默认A）,通用,10,10,1200,1200,120.0,"	0.00",TG,TG,常规体系,常规体系,四年级数学暑假A2服务,四年级数学A暑假智慧学习空间,否,,连季续,四年级,四年级,四年级,2000.00,樊珂华(612648),,暑假,暑假,正常,2026-08-18,2026-08-18,已审核,"走读,在线","常规面授,在线录播",在线录播,智慧学习机,23,2026-06-26,每天08:30-10:30(上5休1）,"有教材,开课前领取",2026-08-28,22,学习机托管(智学),西子花苑08自习室,西子花苑08自习室,班级刷卡,20人,学习机托管,西子花苑智慧空间,2026-08-28,8,12,四年级数学
"高中班级部",物理,物理,物理,GYWLA3535,高一物理暑假精进班,十年级物理暑假A2班（面授）,通用,14,14,1680,1680,120.0,"	0.00",A2,A2,A体系,A体系,十年级物理暑假A2班,高一物理暑假精进班,否,,连季续,高一,十年级,高一,2660.00,邹志超(248531),,暑假,暑假,正常,2026-07-21,2026-07-21,已审核,走读,常规面授,常规面授,,25,2026-03-27,16:00-18:00,"有教材,开课前领取",2026-08-04,22,高中部,中信高中02教室,中信高中02教室,班级刷卡,25人,本地班课,中信教学区,2026-08-04,10,15,高一物理
"高中班级部",英语,英语,英语,GKA537,高考英语暑假精进班,十二年级英语暑假A2班（面授）,通用,14,14,1680,1680,120.0,"	0.00",A2,A2,A体系,A体系,十二年级英语暑假A2班,高考英语暑假精进班,否,,连季续,高考,十二年级,高考,2800.00,贺伊静(090330),,暑假,暑假,正常,2026-07-21,2026-07-21,已审核,走读,常规面授,常规面授,,0,2025-12-15,13:40-15:40,"有教材,开课前领取",2026-08-04,52,高中部,东塘301教室,东塘301教室,班级刷卡,25人,本地班课,东塘教学区,2026-08-04,10,15,高考英语
"高中班级部",英语,英语,英语,GKA548,高考英语暑假精进班,十二年级英语暑假A2班（面授）,通用,14,14,1680,1680,120.0,"	0.00",A2,A2,A体系,A体系,十二年级英语暑假A2班,高考英语暑假精进班,否,,连季续,高考,十二年级,高考,2800.00,方瑞(037833),,暑假,暑假,正常,2026-07-21,2026-07-21,已审核,走读,常规面授,常规面授,,0,2026-03-27,18:30-20:30,"有教材,开课前领取",2026-08-04,117,高中部,东塘中设401教室,东塘中设401教室,班级刷卡,25人,本地班课,东塘中设教学区,2026-08-04,10,15,高考英语
"素养智学部",脑力与思维,脑力与思维,脑力与思维,SW327A0021,脑力思维3B（暑）,脑力与思维L3暑假B1班,通用,10,10,1100,1100,110.0,"	0.00",L3,L3,常规体系,常规体系,脑力与思维L3暑假B1班,三年级脑力与思维暑假L3班,否,,连季续,三年级,三年级,三年级,2000.00,邹沁婷(364799),,暑假,暑假,正常,2026-08-18,2026-08-18,已审核,走读,常规面授,常规面授,,19,2026-02-26,每天13:50-15:40(上5休1),"有教材,开课前领取",2026-08-28,17,素养素质(智学),洋湖新城319教室,洋湖新城319教室,班级刷卡,15人,素养,洋湖新城教学区,2026-08-28,10,12,思维3
"智慧学习部",数学,数学,数学,SXZH7A27044,取消SX暑假智慧学习空间7A,取消学习机托管七年级数学暑假A2服务,通用,12,0,1440,1440,120.0,"	0.00",A2,A2,A体系,A体系,学习机托管七年级数学暑假A2服务,SX暑假智慧学习空间7A,否,,连季续,初一,七年级,七年级,2400.00,罗畅(441059),,暑假,暑假,取消班,2026-07-30,,已审核,"走读,在线","常规面授,在线录播",在线录播,智慧学习机,0,2026-03-24,每天08:30-10:30,"有教材,开课前领取",,0,学习机托管(智慧),井湾子07自习室,井湾子07自习室,班级刷卡,20人,学习机托管,井湾子智慧空间,2026-08-10,8,12,初一数学
"智慧学习部",数学,数学,数学,SXZH7A271116,SYSX暑假智慧学习空间7A,学习机托管七年级数学暑假A2服务（创新默认A）,通用,12,12,1440,1440,120.0,"	0.00",A2,A2,A体系,A体系,学习机托管七年级数学暑假A2服务,SX暑假智慧学习空间7A,否,,连季续,初一,七年级,七年级,2160.00,杨丽芳(378884),,暑假,暑假,正常,2026-07-22,2026-07-22,已审核,"走读,在线","常规面授,在线录播",在线录播,智慧学习机,20,2026-04-05,每天10:40-12:40,"有教材,开课前领取",2026-08-03,7,学习机托管(智慧),金湘潭202教室,金湘潭202教室,班级刷卡,20人,学习机托管,金湘潭教学区,2026-08-03,8,12,初一数学
"素养智学部",英语,英语,英语,YYZHTY3A002,取消YY三年级暑假体验,取消学习机托管三年级英语暑假YL1服务,通用,1,0,90,90,90.0,"	0.00",YL1,YL1,专项体系,专项体系,学习机托管三年级英语暑假YL1服务,三年级英语暑假体验班,否,,不可续,三年级,三年级,三年级,1.50,,,暑假,暑假,取消班,2026-08-31,,已审核,"走读,在线","常规面授,在线录播",在线录播,智慧学习机,0,2025-06-19,13:00-14:30,无教材,,0,学习机会员卡(智学),YY三年级暑假体验,,班级刷卡,24人,学习机托管,,2026-08-31,12,14,
"素养智学部",英语,英语,英语,YYZHTY3A001,取消YY三年级暑假体验,取消学习机托管三年级英语暑假YL1服务,通用,1,0,90,90,90.0,"	0.00",YL1,YL1,专项体系,专项体系,学习机托管三年级英语暑假YL1服务,三年级英语暑假体验班,否,,不可续,三年级,三年级,三年级,1.50,,,暑假,暑假,取消班,2026-08-31,,已审核,"走读,在线","常规面授,在线录播",在线录播,智慧学习机,0,2025-06-19,13:00-14:30,无教材,,1,学习机会员卡(智学),YY三年级暑假体验,,班级刷卡,24人,学习机托管,,2026-08-31,12,14,
"高中班级部",化学,化学,化学,GYHXA3721,取消高一化学暑假精进班,取消十年级化学暑假A2班（面授）,通用,14,0,1680,1680,120.0,"	0.00",A2,A2,A体系,A体系,十年级化学暑假A2班,高一化学暑假精进班,否,,连季续,高一,十年级,高一,2660.00,汪洋(695307),,暑假,暑假,取消班,2026-08-06,,已审核,走读,常规面授,常规面授,,0,2025-12-15,13:40-15:40,"有教材,开课前领取",,0,高中部,晚报大厦301教室,晚报大厦301教室,班级刷卡,25人,本地班课,晚报大厦教学区,2026-08-20,10,15,高一化学
"高中班级部",英语,英语,英语,GYA3762,取消高一英语暑假精进班,取消十年级英语暑假A2班（面授）,通用,14,0,1680,1680,120.0,"	0.00",A2,A2,A体系,A体系,十年级英语暑假A2班,高一英语暑假精进班,否,,连季续,高一,十年级,高一,2660.00,邸睿(704634),,暑假,暑假,取消班,2026-08-06,,已审核,走读,常规面授,常规面授,,0,2025-12-15,10:20-12:20,"有教材,开课前领取",,0,高中部,晚报大厦301教室,晚报大厦301教室,班级刷卡,25人,本地班课,晚报大厦教学区,2026-08-20,10,15,高一英语
"高中班级部",物理,物理,物理,GYWLA3497,取消高一物理暑假精进班,取消十年级物理暑假A2班（面授）,通用,14,0,1680,1680,120.0,"	0.00",A2,A2,A体系,A体系,十年级物理暑假A2班,高一物理暑假精进班,否,,连季续,高一,十年级,高一,2660.00,徐浪(438298),,暑假,暑假,取消班,2026-08-06,,已审核,走读,常规面授,常规面授,,0,2025-12-15,16:00-18:00,"有教材,开课前领取",,0,高中部,晚报大厦301教室,晚报大厦301教室,班级刷卡,25人,本地班课,晚报大厦教学区,2026-08-20,10,15,高一物理
"高中班级部",数学,数学,数学,GYSXA3812,取消高一数学暑假精进班,取消十年级数学暑假A2班（面授）,通用,14,0,1680,1680,120.0,"	0.00",A2,A2,A体系,A体系,十年级数学暑假A2班,高一数学暑假精进班,否,,连季续,高一,十年级,高一,2660.00,王嘉盛(264065),,暑假,暑假,取消班,2026-08-06,,已审核,走读,常规面授,常规面授,,0,2025-12-15,"	08:00-10:00","有教材,开课前领取",,0,高中部,晚报大厦301教室,晚报大厦301教室,班级刷卡,25人,本地班课,晚报大厦教学区,2026-08-20,10,15,高一数学
"素养智学部",双语故事表演,双语故事表演,双语故事表演,PM227A0017,双语绘本2C+领航班（暑）,双语故事表演L2暑假C1班（C+）,通用,10,10,1100,1100,110.0,"	0.00",L2,L2,常规体系,常规体系,双语故事表演L2暑假C1班,二年级双语故事表演暑假L2班,否,,连季续,二年级,二年级,二年级,2100.00,刘巧(137765),,暑假,暑假,正常,2026-08-18,2026-08-18,已审核,走读,常规面授,常规面授,,19,2026-02-26,每天10:40-12:30(上5休1),"有教材,开课前领取",2026-08-28,15,素养素质(智学),雨花家园306教室,雨花家园306教室,班级刷卡,15人,素养,雨花家园教学区,2026-08-28,10,12,分级阅读2
"素养智学部",双语故事表演,双语故事表演,双语故事表演,PM227A0147,双语绘本2C（暑）,双语故事表演L2暑假B2班,通用,10,10,1100,1100,110.0,"	0.00",L2,L2,常规体系,常规体系,双语故事表演L2暑假B2班,二年级双语故事表演暑假L2班,否,,连季续,二年级,二年级,二年级,2100.00,张景(300666),,暑假,暑假,正常,2026-08-18,2026-08-18,已审核,走读,常规面授,常规面授,,16,2026-02-26,每天08:30-10:20(上5休1),"有教材,开课前领取",2026-08-28,14,素养素质(智学),二十四品305教室,二十四品305教室,班级刷卡,15人,素养,二十四品教学区,2026-08-28,10,12,分级阅读2
"素养智学部",双语故事表演,双语故事表演,双语故事表演,PM427A0038,双语绘本4C（暑）,双语故事表演L4暑假B2班,通用,10,10,1100,1100,110.0,"	0.00",L4,L4,常规体系,常规体系,双语故事表演L4暑假B2班,四年级双语故事表演暑假L4班,否,,连季续,四年级,四年级,四年级,2000.00,肖倩(365844),,暑假,暑假,正常,2026-08-18,2026-08-18,已审核,走读,常规面授,常规面授,,19,2026-02-26,每天16:00-17:50(上5休1),"有教材,开课前领取",2026-08-28,17,素养素质(智学),梅岭国际203教室,梅岭国际203教室,班级刷卡,15人,素养,梅岭国际教学区,2026-08-28,10,12,分级阅读4
"素养智学部",英语,英语,英语,YYZH3A0357,双语智慧3A（暑）,三年级英语暑假A1服务（默认A）,通用,10,10,1200,1200,120.0,"	0.00",TG,TG,常规体系,常规体系,三年级英语暑假A1服务,三年级英语A暑假智慧学习空间,否,,连季续,三年级,三年级,三年级,2000.00,何晓梅(706988),,暑假,暑假,正常,2026-08-18,2026-08-18,已审核,"走读,在线","常规面授,在线录播",在线录播,智慧学习机,22,2026-02-27,每天13:50-15:50(上5休1）,"有教材,开课前领取",2026-08-28,10,学习机托管(智学),洋湖卓伯根208教室,洋湖卓伯根208教室,班级刷卡,20人,学习机托管,洋湖卓伯根教学区,2026-08-28,12,12,三年级英语
"素养智学部",英语,英语,英语,YYZH4A0434,双语智慧4B（暑）,四年级英语暑假B1服务（默认B）,通用,10,10,1200,1200,120.0,"	0.00",TG,TG,常规体系,常规体系,四年级英语暑假B1服务,四年级英语A暑假智慧学习空间,否,,连季续,四年级,四年级,四年级,2000.00,何雨晨(551242),,暑假,暑假,正常,2026-08-18,2026-08-18,已审核,"走读,在线","常规面授,在线录播",在线录播,智慧学习机,22,2026-02-27,每天10:40-12:40(上5休1）,"有教材,开课前领取",2026-08-28,22,学习机托管(智学),雨花家园411自习室,雨花家园411自习室,班级刷卡,20人,学习机托管,雨花家园智慧空间,2026-08-28,12,12,四年级英语
"素养智学部",英语,英语,英语,ZMZH27A009,取消字母书写,取消学习机托管三年级英语暑假ZT1服务,通用,10,0,1200,1200,120.0,"	0.00",ZT1,ZT1,专项体系,专项体系,学习机托管三年级英语暑假ZT1服务,三年级英语暑假专题班,否,,不可续,三年级,三年级,三年级,2000.00,刘兰(391104),,暑假,暑假,取消班,2026-08-18,,已审核,走读,常规面授,常规面授,,0,2026-07-07,每天10:40-12:40(上5休1）,"有教材,开课前领取",,0,学习机托管(智学),梅岭国际204教室,梅岭国际204教室,班级刷卡,20人,学习机托管,梅岭国际教学区,2026-08-28,12,14,专项拼读
"素养智学部",英语,英语,英语,ZMZH27A001,取消字母书写,取消学习机托管三年级英语暑假ZT1服务,通用,10,0,1200,1200,120.0,"	0.00",ZT1,ZT1,专项体系,专项体系,学习机托管三年级英语暑假ZT1服务,三年级英语暑假专题班,否,,不可续,三年级,三年级,三年级,2000.00,张嘉怡(661635),,暑假,暑假,取消班,2026-08-05,,已审核,走读,常规面授,常规面授,,0,2026-07-07,每天10:00-12:00(上5休1）,"有教材,开课前领取",,0,学习机托管(智学),北辰105教室,北辰105教室,班级刷卡,20人,学习机托管,北辰教学区,2026-08-15,12,14,专项拼读
"素养智学部",双语故事表演,双语故事表演,双语故事表演,PMS227A0010,取消双语绘本PK（暑）,取消双语故事表演预备级S2暑假B2班,通用,10,0,900,900,90.0,"	0.00",S2,S2,常规体系,常规体系,双语故事表演预备级S2暑假B2班,S2双语故事表演暑假S2班,否,,连季续,S2,S2,S2,2250.00,甘雨情(707011),,暑假,暑假,取消班,2026-08-18,,已审核,走读,常规面授,常规面授,,0,2026-02-26,每天08:30-10:00(上5休1),"有教材,开课前领取",,0,素养素质(智学),听香水榭303教室,听香水榭303教室,班级刷卡,10人,素养,听香水榭教学区,2026-08-28,7,7,分级阅读K
"素养智学部",双语故事表演,双语故事表演,双语故事表演,PM527A0005,双语绘本5C+领航班（暑）,双语故事表演L5暑假C1班（C+）,通用,10,10,1100,1100,110.0,"	0.00",L5,L5,常规体系,常规体系,双语故事表演L5暑假C1班,五年级双语故事表演暑假L5班,否,,连季续,五年级,五年级,五年级,2600.00,许凤英(304488),,暑假,暑假,正常,2026-08-18,2026-08-18,已审核,走读,常规面授,常规面授,,21,2026-02-26,每天13:50-15:40(上5休1),"有教材,开课前领取",2026-08-28,21,素养素质(智学),雨花家园201教室,雨花家园201A教室,班级刷卡,15人,素养,雨花家园教学区,2026-08-28,10,12,故事会5
"素养智学部",英语,英语,英语,YYZH3A0372,双语智慧3A（暑）,三年级英语暑假A1服务（默认A）,通用,10,10,1200,1200,120.0,"	0.00",TG,TG,常规体系,常规体系,三年级英语暑假A1服务,三年级英语A暑假智慧学习空间,否,,连季续,三年级,三年级,三年级,2000.00,彭惜如(446881),,暑假,暑假,正常,2026-08-18,2026-08-18,已审核,"走读,在线","常规面授,在线录播",在线录播,智慧学习机,22,2026-07-08,每天16:00-18:00(上5休1）,"有教材,开课前领取",2026-08-28,10,学习机托管(智学),井湾子教学区216教室,井湾子教学区216教室,班级刷卡,20人,学习机托管,井湾子教学区,2026-08-28,8,12,三年级英语
"素养智学部",英语,英语,英语,YYZH5A0291,双语智慧5A（暑）,五年级英语暑假B1服务（默认A）,通用,10,10,1200,1200,120.0,"	0.00",TG,TG,常规体系,常规体系,五年级英语暑假B1服务,五年级英语A暑假智慧学习空间,否,,连季续,五年级,五年级,五年级,2000.00,彭惜如(446881),,暑假,暑假,正常,2026-08-18,2026-08-18,已审核,"走读,在线","常规面授,在线录播",在线录播,智慧学习机,24,2026-02-27,每天13:50-15:50(上5休1）,"有教材,开课前领取",2026-08-28,13,学习机托管(智学),井湾子教学区216教室,井湾子教学区216教室,班级刷卡,20人,学习机托管,井湾子教学区,2026-08-28,12,12,五年级英语
"素养智学部",脑力与思维,脑力与思维,脑力与思维,SW327A0008,脑力思维3B（暑）,脑力与思维L3暑假B1班,通用,10,10,1100,1100,110.0,"	0.00",L3,L3,常规体系,常规体系,脑力与思维L3暑假B1班,三年级脑力与思维暑假L3班,否,,连季续,三年级,三年级,三年级,2000.00,王晓玉(438791),,暑假,暑假,正常,2026-08-18,2026-08-18,已审核,走读,常规面授,常规面授,,20,2026-02-26,每天08:30-10:20(上5休1),"有教材,开课前领取",2026-08-28,20,素养素质(智学),月亮岛301教室,月亮岛301教室,班级刷卡,15人,素养,月亮岛教学区,2026-08-28,10,12,思维3
"素养智学部",双语故事表演,双语故事表演,双语故事表演,PM427A0105,双语绘本4C（暑）,双语故事表演L4暑假B2班,通用,10,10,1100,1100,110.0,"	0.00",L4,L4,常规体系,常规体系,双语故事表演L4暑假B2班,四年级双语故事表演暑假L4班,否,,连季续,四年级,四年级,四年级,2000.00,陈蕾萌(398993),,暑假,暑假,正常,2026-08-18,2026-08-18,已审核,走读,常规面授,常规面授,,18,2026-02-26,每天08:30-10:20(上5休1),"有教材,开课前领取",2026-08-28,18,素养素质(智学),月亮岛203教室,月亮岛203教室,班级刷卡,15人,素养,月亮岛教学区,2026-08-28,10,12,分级阅读4
"素养智学部",双语故事表演,双语故事表演,双语故事表演,PM427A0048,双语绘本4C（暑）,双语故事表演L4暑假B2班,通用,10,10,1100,1100,110.0,"	0.00",L4,L4,常规体系,常规体系,双语故事表演L4暑假B2班,四年级双语故事表演暑假L4班,否,,连季续,四年级,四年级,四年级,2000.00,石郡玉(373740),,暑假,暑假,正常,2026-08-18,2026-08-18,已审核,走读,常规面授,常规面授,,18,2026-02-26,每天10:40-12:30(上5休1),"有教材,开课前领取",2026-08-28,16,素养素质(智学),洋湖新城306教室,洋湖新城306教室,班级刷卡,15人,素养,洋湖新城教学区,2026-08-28,10,12,分级阅读4
"素养智学部",双语故事表演,双语故事表演,双语故事表演,PM227A0263,双语绘本2C+领航班（暑）,双语故事表演L2暑假C1班（C+）,通用,10,10,1100,1100,110.0,"	0.00",L2,L2,常规体系,常规体系,双语故事表演L2暑假C1班,二年级双语故事表演暑假L2班,否,,连季续,二年级,二年级,二年级,2100.00,刘月平(619574),,暑假,暑假,正常,2026-08-18,2026-08-18,已审核,走读,常规面授,常规面授,,17,2026-05-24,每天08:30-10:20(上5休1),"有教材,开课前领取",2026-08-28,17,素养素质(智学),方圆荟307教室,方圆荟307教室,班级刷卡,15人,素养,方圆荟智慧空间,2026-08-28,10,12,分级阅读2
"素养智学部",围棋,围棋,围棋,SZWQ27A057,围棋N3-1段班,围棋L2-1段暑假班（暑10次课100）,通用,10,10,900,900,90.0,"	0.00",L2,L2,常规体系,常规体系,围棋L2-1段暑假班,围棋L2-1段暑假班,否,,连季续,二年级,二年级,二年级,1500.00,刘源清(368312),,暑假,暑假,正常,2026-07-23,2026-07-23,已审核,走读,常规面授,常规面授,,12,2025-10-22,每天10:40-12:10（上5休1）,"有教材,开课前领取",2026-08-02,12,素养素质(智学),二十四品311教室,二十四品311教室,班级刷卡,12人,素质,二十四品教学区,2026-08-02,8,10,围棋L2
"素养智学部",脑力与思维,脑力与思维,脑力与思维,SW27A0722,SX暑假毕业指导专项6,六年级脑力与思维暑假YL1班,通用,12,12,1440,1440,120.0,"	0.00",YL1,YL1,专项体系,专项体系,六年级脑力与思维暑假YL1班,六年级脑力与思维暑假体验班,否,,不可续,六年级(小学),六年级,六年级,1440.00,李霜(442923),,暑假,暑假,正常,2026-07-23,2026-07-23,已审核,走读,常规面授,常规面授,,15,2026-07-22,每天10:40-12:40(上6休1),"有教材,开课前领取",2026-08-04,8,素养素质(智学),洋湖新城307自习室,洋湖新城307自习室,班级刷卡,15人,素养,洋湖新城智慧空间,2026-08-05,10,12,思维6
"素养智学部",双语故事表演,双语故事表演,双语故事表演,PM127A0103,双语绘本1B（暑）,双语故事表演L1暑假B2班,通用,10,10,1100,1100,110.0,"	0.00",L1,L1,常规体系,常规体系,双语故事表演L1暑假B2班,一年级双语故事表演暑假L1班,否,,连季续,一年级,一年级,一年级,2100.00,谢晨曦(443733),,暑假,暑假,正常,2026-08-18,2026-08-18,已审核,走读,常规面授,常规面授,,15,2026-02-26,每天13:50-15:40(上5休1),"有教材,开课前领取",2026-08-28,10,素养素质(智学),雨花家园206A教室,雨花家园206A教室,班级刷卡,15人,素养,雨花家园教学区,2026-08-28,10,12,分级阅读1
"素养智学部",数学,数学,数学,SXZH3A270276,SY思维智慧3B（暑）,三年级数学暑假B1服务（创新默认B+）,通用,10,10,1200,1200,120.0,"	0.00",TG,TG,常规体系,常规体系,三年级数学暑假B1服务,三年级数学B暑假智慧学习空间,否,,连季续,三年级,三年级,三年级,1800.00,陈露茜(253234),,暑假,暑假,正常,2026-07-23,2026-07-23,已审核,"走读,在线","常规面授,在线录播",在线录播,智慧学习机,24,2026-04-05,每天10:40-12:40,"有教材,开课前领取",2026-08-02,14,学习机托管(智学),湘潭自习室1,湘潭自习室1,班级刷卡,20人,学习机托管,金湘潭教学区,2026-08-02,12,14,三年级数学
"素养智学部",双语故事表演,双语故事表演,双语故事表演,PM227A0247,双语绘本2C+领航班（暑）,双语故事表演L2暑假C1班（C+）,通用,10,10,1100,1100,110.0,"	0.00",L2,L2,常规体系,常规体系,双语故事表演L2暑假C1班,二年级双语故事表演暑假L2班,否,,连季续,二年级,二年级,二年级,2100.00,曾仁杰(436720),,暑假,暑假,正常,2026-08-18,2026-08-18,已审核,走读,常规面授,常规面授,,18,2026-04-08,每天10:40-12:30(上5休1),"有教材,开课前领取",2026-08-28,17,素养素质(智学),八方小区205教室,八方小区205教室,班级刷卡,15人,素养,八方小区教学区,2026-08-28,10,12,分级阅读2
"素养智学部",脑力与思维,脑力与思维,脑力与思维,SW1ZX27A0002,取消1级思维,取消一年级脑力与思维暑假YL（入口）班（默认2）,通用,10,0,900,900,90.0,"	0.00",YL（入口）,YL（入口）,专项体系,专项体系,一年级脑力与思维暑假YL（入口）班,一年级脑力与思维暑假引流班,否,,不可续,一年级,一年级,一年级,990.00,陶杜昀(364487),,暑假,暑假,取消班,2026-07-23,,已审核,走读,常规面授,常规面授,,0,2026-07-13,每天10:40-12:10(上5休1),"有教材,开课前领取",,0,素养素质(智学),吉联mall310教室,吉联mall310教室,班级刷卡,15人,素养,吉联mall教学区,2026-08-02,10,12,思维1
"素养智学部",书法,书法,书法,XZ127A0023,取消素质成长营（写字1）（暑）,取消S3书法暑假ZT1班,通用,10,0,900,900,90.0,"	0.00",ZT1,ZT1,专项体系,专项体系,S3书法暑假ZT1班,S3书法暑假ZT1班,否,,不可续,S3,S3,S3,975.00,郭文淋(696226),,暑假,暑假,取消班,2026-08-18,,已审核,走读,常规面授,常规面授,,0,2026-07-15,每天16:00-17:30(上5休1),"有教材,开课前领取",,0,素养素质(智学),北辰103教室,北辰103教室,班级刷卡,12人,素质,北辰教学区,2026-08-28,7,8,书法1
"素养智学部",数学,数学,数学,SXZX6A0007,取消SX暑假毕业指导专项6,取消学习机托管六年级数学暑假YL1服务,通用,12,0,1440,1440,120.0,"	0.00",YL1,YL1,专项体系,专项体系,学习机托管六年级数学暑假YL1服务,六年级数学暑假体验班,否,,不可续,六年级(小学),六年级,六年级,1440.00,李霜(442923),,暑假,暑假,取消班,2026-07-23,,已审核,"走读,在线","常规面授,在线录播",在线录播,智慧学习机,0,2026-04-17,每天10:40-12:40(上6休1）,"有教材,开课前领取",,0,学习机托管(智学),洋湖新城307自习室,洋湖新城307自习室,班级刷卡,24人,学习机托管,洋湖新城智慧空间,2026-08-04,12,14,
"国外考试部",全科,"物理,化学,生物,科学,高等数学,经济,计算机科学,商务,会计,美国历史,文学,基础数学,英语语言",,LXA1010A,海外留学菁英班（菁英班一）,海外留学菁英班（A班寒暑）,美国同步课程,8,16,960,960,120.0,"	0.00",北美同步课程,北美同步课程,常规体系,常规体系,海外留学菁英班,海外留学菁英班,否,,可续,,,,1980.00,刘家瑞(602731),,暑假,,正常,2026-07-31,2026-07-31,已审核,"走读,在线","常规面授,在线直播",在线直播,云教室小班（25人以下）,10,2026-02-09,春秋季每周日10:30~12:30，寒暑假集中上课,无教材,2026-08-08,7,国外考试部,芙蓉广场教学区,芙蓉广场虚拟教室（16楼大会议室）,班级刷卡,12人,国外考试部,芙蓉广场教学区,2026-08-08,6,7,
"智慧学习部",英语,英语,英语,YYZH7A27047,取消YY暑假智慧学习空间7B,取消学习机托管七年级英语暑假B1服务,通用,12,0,1440,1440,120.0,"	0.00",B1,B1,B体系,B体系,学习机托管七年级英语暑假B1服务,YY暑假智慧学习空间7B,否,,连季续,初一,七年级,七年级,2400.00,李春燕(703446),,暑假,暑假,取消班,2026-07-30,,已审核,"走读,在线","常规面授,在线录播",在线录播,智慧学习机,0,2026-03-24,每天13:50-15:50,"有教材,开课前领取",,0,学习机托管(智慧),井湾子10自习室,井湾子10自习室,班级刷卡,20人,学习机托管,井湾子智慧空间,2026-08-10,8,12,初一英语
"智慧学习部",数学,数学,数学,SXZH7A27043,取消SX暑假智慧学习空间7B,取消学习机托管七年级数学暑假B1服务,通用,12,0,1440,1440,120.0,"	0.00",B1,B1,B体系,B体系,学习机托管七年级数学暑假B1服务,SX暑假智慧学习空间7B,否,,连季续,初一,七年级,七年级,2400.00,罗畅(441059),,暑假,暑假,取消班,2026-07-30,,已审核,"走读,在线","常规面授,在线录播",在线录播,智慧学习机,0,2026-03-24,每天16:00-18:00,"有教材,开课前领取",,0,学习机托管(智慧),井湾子07自习室,井湾子07自习室,班级刷卡,20人,学习机托管,井湾子智慧空间,2026-08-10,8,12,初一数学
"素养智学部",英语,英语,英语,YYZH4A270403,SY双语智慧4B（暑）,四年级英语暑假B1服务（创新默认B）,通用,10,10,1200,1200,120.0,"	0.00",TG,TG,常规体系,常规体系,四年级英语暑假B1服务,四年级英语A暑假智慧学习空间,否,,连季续,四年级,四年级,四年级,1800.00,王明鸣(148844),,暑假,暑假,正常,2026-07-23,2026-07-23,已审核,"走读,在线","常规面授,在线录播",在线录播,智慧学习机,24,2026-04-30,每天08:30-10:30,"有教材,开课前领取",2026-08-02,20,学习机托管(智学),湘潭自习室2,湘潭自习室2,班级刷卡,20人,学习机托管,金湘潭教学区,2026-08-02,8,12,四年级英语
"素养智学部",双语故事表演,双语故事表演,双语故事表演,PM127A0093,双语绘本1B（暑）,双语故事表演L1暑假B2班,通用,10,10,1100,1100,110.0,"	0.00",L1,L1,常规体系,常规体系,双语故事表演L1暑假B2班,一年级双语故事表演暑假L1班,否,,连季续,一年级,一年级,一年级,2100.00,金珉志(706976),,暑假,暑假,正常,2026-08-18,2026-08-18,已审核,走读,常规面授,常规面授,,16,2026-02-26,每天10:40-12:30(上5休1),"有教材,开课前领取",2026-08-28,15,素养素质(智学),梅岭国际212B教室,梅岭国际212B教室,班级刷卡,15人,素养,梅岭国际教学区,2026-08-28,10,12,分级阅读1
"高中班级部",化学,化学,化学,GKHXA396,取消高考化学暑假精进班,取消十二年级化学暑假A2班（面授）,通用,14,0,1680,1680,120.0,"	0.00",A2,A2,A体系,A体系,十二年级化学暑假A2班,高考化学暑假精进班,否,,连季续,高考,十二年级,高考,2800.00,耿瑞(675565),,暑假,暑假,取消班,2026-08-06,,已审核,走读,常规面授,常规面授,,0,2026-03-27,18:30-20:30,"有教材,开课前领取",,1,高中部,湘江世纪城219教室,湘江世纪城219教室,班级刷卡,25人,本地班课,湘江世纪城教学区,2026-08-20,10,15,高考化学
"智慧学习部",英语,英语,英语,YYZH9A270126,SYYY暑假智慧学习空间9B,学习机托管九年级英语暑假B1服务（创新默认B）,通用,10,10,1200,1200,120.0,"	0.00",B1,B1,B体系,B体系,学习机托管九年级英语暑假B1服务,YY暑假智慧学习空间9B,否,,连季续,中考,九年级,九年级,1800.00,谢攀(099186),,暑假,暑假,正常,2026-07-23,2026-07-23,已审核,"走读,在线","常规面授,在线录播",在线录播,智慧学习机,24,2026-04-05,每天16:00-18:00,"有教材,开课前领取",2026-08-02,21,学习机托管(智慧),金湘潭自习室1,金湘潭自习室1,班级刷卡,20人,学习机托管,金湘潭教学区,2026-08-02,8,12,中考英语
"智慧学习部",英语,英语,英语,YYZH7A271205,SYYY暑假智慧学习空间7B,学习机托管七年级英语暑假B1服务（创新默认B）,通用,12,12,1440,1440,120.0,"	0.00",B1,B1,B体系,B体系,学习机托管七年级英语暑假B1服务,YY暑假智慧学习空间7B,否,,连季续,初一,七年级,七年级,2160.00,谢攀(099186),,暑假,暑假,正常,2026-07-22,2026-07-22,已审核,"走读,在线","常规面授,在线录播",在线录播,智慧学习机,24,2026-04-05,每天08:30-10:30,"有教材,开课前领取",2026-08-03,19,学习机托管(智慧),金湘潭201教室,金湘潭201教室,班级刷卡,20人,学习机托管,金湘潭教学区,2026-08-03,8,12,初一英语
"素养智学部",脑力与思维,脑力与思维,脑力与思维,SW127A0038,脑力思维1B（暑）,脑力与思维L1暑假B1班,通用,10,10,1100,1100,110.0,"	0.00",L1,L1,常规体系,常规体系,脑力与思维L1暑假B1班,一年级脑力与思维暑假L1班,否,,连季续,一年级,一年级,一年级,2100.00,钟萍(706982),,暑假,暑假,正常,2026-07-24,2026-07-24,已审核,走读,常规面授,常规面授,,15,2026-04-28,每天10:40-12:30(上5休1）,"有教材,开课前领取",2026-08-03,5,素养素质(智学),听香水榭307教室,听香水榭307教室,班级刷卡,15人,素养,听香水榭教学区,2026-08-03,10,12,思维1
"素养智学部",脑力与思维,脑力与思维,脑力与思维,SW227A0031,取消脑力思维2C领航班（暑）,取消脑力与思维L2暑假C1班（C）,通用,10,0,1100,1100,110.0,"	0.00",L2,L2,常规体系,常规体系,脑力与思维L2暑假C1班,二年级脑力与思维暑假L2班,否,,连季续,二年级,二年级,二年级,2600.00,方琳(104859),,暑假,暑假,取消班,2026-08-18,,已审核,走读,常规面授,常规面授,,0,2026-02-26,每天16:00-17:50(上5休1),"有教材,开课前领取",,0,素养素质(智学),西子花苑旗舰店303教室,西子花苑旗舰店303教室,班级刷卡,15人,素养,西子花苑旗舰店教学区,2026-08-28,10,12,思维2
"国外考试部",全科,"阅读,写作,听力,口语",,YZG2705A,雅思大学生直通车高级班（A）,雅思大学生直通车高级班（FY26-A）,IELTS直通车,32,48,3840,3840,120.0,"	0.00",IELTS,IELTS,常规体系,常规体系,雅思大学生直通车高级班,雅思大学生直通车高级班,否,,可续,,,,12800.00,陈婷薇(165079),,暑假,,正常,2026-07-20,2026-07-20,已审核,"走读,在线","常规面授,在线直播",在线直播,云教室小班（25人以下）,10,2025-12-23,"周一至周六08:00-10:00,10:10-12:10,13:30-15:30","有教材,开课前领取",2026-08-06,9,国外考试部,东塘中设广场教学区,东塘A8教室,班级刷卡,6人,国外考试部,东塘中设广场教学区,2026-08-06,4,5,
"素养智学部",脑力与思维,脑力与思维,脑力与思维,SW27A0005,取消SX暑假毕业指导专项6,取消六年级脑力与思维暑假YL1班,通用,12,0,1440,1440,120.0,"	0.00",YL1,YL1,专项体系,专项体系,六年级脑力与思维暑假YL1班,六年级脑力与思维暑假体验班,否,,不可续,六年级(小学),六年级,六年级,1440.00,欧阳忆希(417573),,暑假,暑假,取消班,2026-07-23,,已审核,走读,常规面授,常规面授,,0,2026-04-17,每天10:40-12:40(上6休1),"有教材,开课前领取",,0,素养素质(智学),西子花苑旗舰店303教室,西子花苑旗舰店303教室,班级刷卡,15人,素养,西子花苑旗舰店教学区,2026-08-04,10,12,思维6
"素养智学部",科创,科创,科创,SZCJX27A001,C++暑期集训班,C++集训营班,通用,20,20,3000,3000,150.0,"	0.00",SK,SK,专项体系,专项体系,C++集训营班,C++集训营班,否,,不可续,小学,"一年级,二年级,三年级,四年级,五年级,六年级",小学,6000.00,霍润东(445609),,暑假,暑假,正常,2026-07-23,2026-07-23,已审核,"走读,在线","常规面授,在线直播",在线直播,云教室小班（25人以下）,12,2026-07-17,"每天10:00-12:00,14:00-17:00（上5休1）",无教材,2026-08-02,6,素养素质(智学),东塘11自习室,东塘11自习室,班级刷卡,12人,素质,东塘智慧空间,2026-08-02,8,10,编程集训
"素养智学部",双语故事表演,双语故事表演,双语故事表演,PM127A00303,SY双语绘本1B（暑）,双语故事表演L1暑假B2班（创新B2(走读)）,通用,10,10,1100,1100,110.0,"	0.00",L1,L1,常规体系,常规体系,双语故事表演L1暑假B2班,一年级双语故事表演暑假L1班,否,,连季续,一年级,一年级,一年级,1890.00,王雅娟(307764),,暑假,暑假,正常,2026-07-23,2026-07-23,已审核,走读,常规面授,常规面授,,15,2026-04-05,每天10:40-12:30,"有教材,开课前领取",2026-08-02,7,素养素质(智学),株洲华人街203教室,株洲华人街203教室,班级刷卡,15人,素养,株洲华人街教学区,2026-08-02,10,12,分级阅读1
"素养智学部",双语故事表演,双语故事表演,双语故事表演,PM127A0145,取消双语绘本1B（暑）,取消双语故事表演L1暑假B2班,通用,10,0,1100,1100,110.0,"	0.00",L1,L1,常规体系,常规体系,双语故事表演L1暑假B2班,一年级双语故事表演暑假L1班,否,,连季续,一年级,一年级,一年级,2100.00,周扬四海(707010),,暑假,暑假,取消班,2026-07-23,,已审核,走读,常规面授,常规面授,,0,2026-02-26,每天18:40-20:30(上5休1),"有教材,开课前领取",,0,素养素质(智学),雨花家园305教室,雨花家园305教室,班级刷卡,15人,素养,雨花家园教学区,2026-08-02,10,12,分级阅读1
"素养智学部",英语,英语,英语,YYZH4A0450,双语智慧4B（暑）,四年级英语暑假B1服务（默认B）,通用,10,10,1200,1200,120.0,"	0.00",TG,TG,常规体系,常规体系,四年级英语暑假B1服务,四年级英语A暑假智慧学习空间,否,,连季续,四年级,四年级,四年级,2000.00,彭翠霞(399939),,暑假,暑假,正常,2026-08-18,2026-08-18,已审核,"走读,在线","常规面授,在线录播",在线录播,智慧学习机,23,2026-02-27,每天16:00-18:00(上5休1）,"有教材,开课前领取",2026-08-28,21,学习机托管(智学),西子花苑06自习室,西子花苑06自习室,班级刷卡,20人,学习机托管,西子花苑智慧空间,2026-08-28,12,12,四年级英语
"素养智学部",英语,英语,英语,GJZH27A019,国际语音,学习机托管三年级英语暑假ZT1服务,通用,10,10,1200,1200,120.0,"	0.00",ZT1,ZT1,专项体系,专项体系,学习机托管三年级英语暑假ZT1服务,三年级英语暑假专题班,否,,不可续,三年级,三年级,三年级,2000.00,胡钰(694156),,暑假,暑假,正常,2026-07-23,2026-07-23,已审核,走读,常规面授,常规面授,,20,2026-07-07,每天16:00-18:00(上5休1）,"有教材,开课前领取",2026-08-02,17,学习机托管(智学),洋湖新城301教室,洋湖新城301教室,班级刷卡,20人,学习机托管,洋湖新城教学区,2026-08-02,12,14,专项音标
"素养智学部",英语,英语,英语,GJZH27A018,国际语音,学习机托管三年级英语暑假ZT1服务,通用,10,10,1200,1200,120.0,"	0.00",ZT1,ZT1,专项体系,专项体系,学习机托管三年级英语暑假ZT1服务,三年级英语暑假专题班,否,,不可续,三年级,三年级,三年级,2000.00,刘廷(368042),,暑假,暑假,正常,2026-07-23,2026-07-23,已审核,走读,常规面授,常规面授,,20,2026-07-07,每天 10:00~12:00,"有教材,开课前领取",2026-08-02,19,学习机托管(智学),星沙筑梦202教室,星沙筑梦202教室,班级刷卡,20人,学习机托管,星沙筑梦教学区,2026-08-02,12,14,专项音标
"素养智学部",英语,英语,英语,GJZH27A009,国际语音,学习机托管三年级英语暑假ZT1服务,通用,10,10,1200,1200,120.0,"	0.00",ZT1,ZT1,专项体系,专项体系,学习机托管三年级英语暑假ZT1服务,三年级英语暑假专题班,否,,不可续,三年级,三年级,三年级,2000.00,赵丽华(230165),,暑假,暑假,正常,2026-07-23,2026-07-23,已审核,走读,常规面授,常规面授,,20,2026-07-07,每天10:40-12:40(上5休1）,"有教材,开课前领取",2026-08-02,13,学习机托管(智学),梅岭国际201教室,梅岭国际204教室,班级刷卡,20人,学习机托管,梅岭国际教学区,2026-08-02,12,14,专项音标
"素养智学部",双语故事表演,双语故事表演,双语故事表演,PM127A0723,双语绘本1C（暑）,双语故事表演L1暑假B2班,通用,10,10,1100,1100,110.0,"	0.00",L1,L1,常规体系,常规体系,双语故事表演L1暑假B2班,一年级双语故事表演暑假L1班,否,,连季续,一年级,一年级,一年级,2100.00,童兰婷(320803),,暑假,暑假,正常,2026-08-18,2026-08-18,已审核,走读,常规面授,常规面授,,15,2026-07-21,每天10:40-12:30(上5休1),"有教材,开课前领取",2026-08-28,5,素养素质(智学),梅岭国际201教室,梅岭国际201教室,班级刷卡,15人,素养,梅岭国际教学区,2026-08-28,10,12,分级阅读1
"素养智学部",双语故事表演,双语故事表演,双语故事表演,PM127A0722,双语绘本1C（暑）,双语故事表演L1暑假B2班,通用,10,10,1100,1100,110.0,"	0.00",L1,L1,常规体系,常规体系,双语故事表演L1暑假B2班,一年级双语故事表演暑假L1班,否,,连季续,一年级,一年级,一年级,2100.00,彭娟(409141),,暑假,暑假,正常,2026-08-18,2026-08-18,已审核,走读,常规面授,常规面授,,15,2026-07-21,每天13:50-15:40(上5休1),"有教材,开课前领取",2026-08-28,9,素养素质(智学),美林银谷314教室,美林银谷314教室,班级刷卡,15人,素养,美林银谷教学区,2026-08-28,10,12,分级阅读1
"素养智学部",双语故事表演,双语故事表演,双语故事表演,PM127A0043,双语绘本1C（暑）,双语故事表演L1暑假B2班,通用,10,10,1100,1100,110.0,"	0.00",L1,L1,常规体系,常规体系,双语故事表演L1暑假B2班,一年级双语故事表演暑假L1班,否,,连季续,一年级,一年级,一年级,2100.00,唐子璇(442827),,暑假,暑假,正常,2026-08-18,2026-08-18,已审核,走读,常规面授,常规面授,,17,2026-02-26,每天08:30-10:20(上5休1),"有教材,开课前领取",2026-08-28,16,素养素质(智学),雨花家园203教室,雨花家园203教室,班级刷卡,15人,素养,雨花家园教学区,2026-08-28,10,12,分级阅读1
"素养智学部",双语故事表演,双语故事表演,双语故事表演,PM527A0023,双语绘本C5（暑）,双语故事表演L5暑假B2班,通用,10,10,1100,1100,110.0,"	0.00",L5,L5,常规体系,常规体系,双语故事表演L5暑假B2班,五年级双语故事表演暑假L5班,否,,连季续,五年级,五年级,五年级,2000.00,陶思蓉(395723),,暑假,暑假,正常,2026-08-18,2026-08-18,已审核,走读,常规面授,常规面授,,19,2026-02-26,每天16:00-17:50(上5休1),"有教材,开课前领取",2026-08-28,18,素养素质(智学),美林银谷311教室,美林银谷311教室,班级刷卡,15人,素养,美林银谷教学区,2026-08-28,10,12,故事会5
"素养智学部",英语,英语,英语,YYZH6A0660,双语智慧6A（暑）,六年级英语暑假A2服务（默认A）,通用,10,10,1200,1200,120.0,"	0.00",TG,TG,常规体系,常规体系,六年级英语暑假A2服务,六年级英语A暑假智慧学习空间,否,,连季续,六年级(小学),六年级,六年级,2000.00,陈圆苑(681745),,暑假,暑假,正常,2026-08-18,2026-08-18,已审核,"走读,在线","常规面授,在线录播",在线录播,智慧学习机,25,2026-02-27,每天10:40-12:40(上5休1）,"有教材,开课前领取",2026-08-28,21,学习机托管(智学),时光汇01自习室,时光汇01自习室,班级刷卡,20人,学习机托管,时光汇教学区,2026-08-28,12,12,六年级英语
"素养智学部",双语故事表演,双语故事表演,双语故事表演,PM427A0028,双语绘本4C（暑）,双语故事表演L4暑假B2班,通用,10,10,1100,1100,110.0,"	0.00",L4,L4,常规体系,常规体系,双语故事表演L4暑假B2班,四年级双语故事表演暑假L4班,否,,连季续,四年级,四年级,四年级,2000.00,刘晨曦(332871),,暑假,暑假,正常,2026-08-18,2026-08-18,已审核,走读,常规面授,常规面授,,21,2026-02-26,每天10:40-12:30(上5休1),"有教材,开课前领取",2026-08-28,19,素养素质(智学),东塘202教室,东塘202教室,班级刷卡,15人,素养,东塘教学区,2026-08-28,10,12,分级阅读4
"素养智学部",双语故事表演,双语故事表演,双语故事表演,PM127A0074,取消双语绘本1B（暑）,取消双语故事表演L1暑假B2班,通用,10,0,1100,1100,110.0,"	0.00",L1,L1,常规体系,常规体系,双语故事表演L1暑假B2班,一年级双语故事表演暑假L1班,否,,连季续,一年级,一年级,一年级,2100.00,邓芊芊(513753),,暑假,暑假,取消班,2026-08-18,,已审核,走读,常规面授,常规面授,,0,2026-02-26,每天16:00-17:50(上5休1),"有教材,开课前领取",,0,素养素质(智学),洋湖新城310教室,洋湖新城310教室,班级刷卡,15人,素养,洋湖新城教学区,2026-08-28,10,12,分级阅读1
"素养智学部",双语故事表演,双语故事表演,双语故事表演,PM327A0005,双语绘本3B（暑）,双语故事表演L3暑假B2班,通用,10,10,1100,1100,110.0,"	0.00",L3,L3,常规体系,常规体系,双语故事表演L3暑假B2班,三年级双语故事表演暑假L3班,否,,连季续,三年级,三年级,三年级,2000.00,张景(300666),,暑假,暑假,正常,2026-08-18,2026-08-18,已审核,走读,常规面授,常规面授,,19,2026-02-26,每天13:50-15:40(上5休1),"有教材,开课前领取",2026-08-28,16,素养素质(智学),二十四品305教室,二十四品305教室,班级刷卡,15人,素养,二十四品教学区,2026-08-28,10,12,分级阅读3
"素养智学部",双语故事表演,双语故事表演,双语故事表演,PM627A0016,双语绘本6C+领航班（暑）,双语故事表演L6暑假C1班（C+）,通用,10,10,1100,1100,110.0,"	0.00",L6,L6,常规体系,常规体系,双语故事表演L6暑假C1班,六年级双语故事表演暑假L6班,否,,连季续,六年级(小学),六年级,六年级,2600.00,马慧玲(234909),,暑假,暑假,正常,2026-08-18,2026-08-18,已审核,走读,常规面授,常规面授,,24,2026-02-26,每天16:00-17:50(上5休1),"有教材,开课前领取",2026-08-28,24,素养素质(智学),东塘203教室,东塘203教室,班级刷卡,15人,素养,东塘教学区,2026-08-28,10,12,故事会6
"素养智学部",双语故事表演,双语故事表演,双语故事表演,PMS327A0006,双语绘本K（暑）,双语故事表演S3暑假B1班,通用,10,10,900,900,90.0,"	0.00",S3,S3,常规体系,常规体系,双语故事表演S3暑假B1班,S3双语故事表演暑假S3班,否,,连季续,S3,S3,S3,1575.00,唐芷怡(667001),,暑假,暑假,正常,2026-07-23,2026-07-23,已审核,走读,常规面授,常规面授,,15,2026-02-26,每天16:00-17:30(上5休1),"有教材,开课前领取",2026-08-02,3,素养素质(智学),梅岭国际202教室,梅岭国际202教室,班级刷卡,15人,素养,梅岭国际教学区,2026-08-02,10,12,分级阅读K
"素养智学部",双语故事表演,双语故事表演,双语故事表演,PM127A0089,双语绘本1B（暑）,双语故事表演L1暑假B2班,通用,10,10,1100,1100,110.0,"	0.00",L1,L1,常规体系,常规体系,双语故事表演L1暑假B2班,一年级双语故事表演暑假L1班,否,,连季续,一年级,一年级,一年级,2100.00,刘颖逸(254207),,暑假,暑假,正常,2026-08-18,2026-08-18,已审核,走读,常规面授,常规面授,,15,2026-02-26,每天10:40-12:30(上5休1),"有教材,开课前领取",2026-08-28,14,素养素质(智学),东塘205教室,东塘205教室,班级刷卡,15人,素养,东塘教学区,2026-08-28,10,12,分级阅读1
"素养智学部",博文妙笔,博文妙笔,博文妙笔,BW227A0031,博文口才 2（暑）,博文妙笔L2暑假B1班,通用,10,10,1100,1100,110.0,"	0.00",L2,L2,常规体系,常规体系,博文妙笔L2暑假B1班,二年级博文妙笔暑假L2班,否,,连季续,二年级,二年级,二年级,2100.00,刘雨晨(640812),,暑假,暑假,正常,2026-08-18,2026-08-18,已审核,走读,常规面授,常规面授,,15,2026-06-30,每天08:30-10:20(上5休1),"有教材,开课前领取",2026-08-28,7,素养素质(智学),星沙筑梦206教室,星沙筑梦206教室,班级刷卡,15人,素养,星沙筑梦教学区,2026-08-28,10,12,语商表达2
"素养智学部",英语,英语,英语,ZMZH27A008,取消字母书写,取消学习机托管三年级英语暑假ZT1服务,通用,10,0,1200,1200,120.0,"	0.00",ZT1,ZT1,专项体系,专项体系,学习机托管三年级英语暑假ZT1服务,三年级英语暑假专题班,否,,不可续,三年级,三年级,三年级,2000.00,胡钰(694156),,暑假,暑假,取消班,2026-07-23,,已审核,走读,常规面授,常规面授,,0,2026-07-07,每天08:30-10:30(上5休1）,"有教材,开课前领取",,0,学习机托管(智学),洋湖卓伯根208教室,洋湖卓伯根208教室,班级刷卡,20人,学习机托管,洋湖卓伯根教学区,2026-08-02,12,14,专项拼读
"素养智学部",双语故事表演,双语故事表演,双语故事表演,YB527A0006,KET考培集训班,S2双语故事表演暑假ZT1班,通用,10,10,1200,1200,120.0,"	0.00",ZT1,ZT1,专项体系,专项体系,S2双语故事表演暑假ZT1班,S2双语故事表演暑假专题班,否,,不可续,S2,S2,S2,3000.00,夏才典(661616),,暑假,暑假,正常,2026-07-23,2026-07-23,已审核,走读,常规面授,常规面授,,10,2026-05-09,每天10:40-12:40(上5休1),"有教材,开课前领取",2026-08-02,5,素养素质(智学),梅岭国际201教室,梅岭国际201教室,班级刷卡,10人,素养,梅岭国际教学区,2026-08-02,7,8,留学预备营
"素养智学部",博文妙笔,博文妙笔,博文妙笔,BW127A0037,博文口才 1（暑）,博文妙笔L1暑假B1班,通用,10,10,1100,1100,110.0,"	0.00",L1,L1,常规体系,常规体系,博文妙笔L1暑假B1班,一年级博文妙笔暑假L1班,否,,连季续,一年级,一年级,一年级,2100.00,方子杨(039135),,暑假,暑假,正常,2026-07-24,2026-07-24,已审核,走读,常规面授,常规面授,,15,2026-04-29,每天08:30-10:20(上5休1）,"有教材,开课前领取",2026-08-03,8,素养素质(智学),听香水榭306教室,听香水榭306教室,班级刷卡,15人,素养,听香水榭教学区,2026-08-03,10,12,语商表达1
"素养智学部",双语故事表演,双语故事表演,双语故事表演,YB527A0010,取消KET考培集训班,取消S2双语故事表演暑假ZT1班,通用,10,0,1200,1200,120.0,"	0.00",ZT1,ZT1,专项体系,专项体系,S2双语故事表演暑假ZT1班,S2双语故事表演暑假专题班,否,,不可续,S2,S2,S2,3000.00,许凤英(304488),,暑假,暑假,取消班,2026-07-23,,已审核,走读,常规面授,常规面授,,0,2026-05-09,每天10:40-12:40(上5休1),"有教材,开课前领取",,0,素养素质(智学),雨花家园201教室,雨花家园201A教室,班级刷卡,10人,素养,雨花家园教学区,2026-08-02,7,8,留学预备营
"素养智学部",博文妙笔,博文妙笔,博文妙笔,BW127A0030,取消博文口才 1（暑）,取消博文妙笔L1暑假B1班,通用,10,0,1100,1100,110.0,"	0.00",L1,L1,常规体系,常规体系,博文妙笔L1暑假B1班,一年级博文妙笔暑假L1班,否,,连季续,一年级,一年级,一年级,2100.00,李雪晴(707039),,暑假,暑假,取消班,2026-07-23,,已审核,走读,常规面授,常规面授,,0,2026-03-10,每天10:40-12:30(上5休1),"有教材,开课前领取",,0,素养素质(智学),吉联mall306教室,吉联mall306教室,班级刷卡,15人,素养,吉联mall教学区,2026-08-02,10,12,语商表达1
"素养智学部",脑力与思维,脑力与思维,脑力与思维,SW127A0010,取消脑力思维1B（暑）,取消脑力与思维L1暑假B1班,通用,10,0,1100,1100,110.0,"	0.00",L1,L1,常规体系,常规体系,脑力与思维L1暑假B1班,一年级脑力与思维暑假L1班,否,,连季续,一年级,一年级,一年级,2100.00,陶杜昀(364487),,暑假,暑假,取消班,2026-07-23,,已审核,走读,常规面授,常规面授,,0,2026-02-26,每天13:50-15:40(上5休1),"有教材,开课前领取",,0,素养素质(智学),雨花家园203教室,雨花家园203教室,班级刷卡,15人,素养,雨花家园教学区,2026-08-02,10,12,思维1
"素养智学部",双语故事表演,双语故事表演,双语故事表演,YB527A0005,取消KET考培集训班,取消S2双语故事表演暑假ZT1班,通用,10,0,1200,1200,120.0,"	0.00",ZT1,ZT1,专项体系,专项体系,S2双语故事表演暑假ZT1班,S2双语故事表演暑假专题班,否,,不可续,S2,S2,S2,3000.00,王静静(252025),,暑假,暑假,取消班,2026-07-23,,已审核,走读,常规面授,常规面授,,0,2026-05-09,每天10:40-12:40(上5休1),"有教材,开课前领取",,0,素养素质(智学),井湾子教学区215教室,井湾子教学区215教室,班级刷卡,10人,素养,井湾子教学区,2026-08-02,7,8,留学预备营
"素养智学部",博文妙笔,博文妙笔,博文妙笔,BWZX127A0003,取消1级博文,取消一年级博文妙笔暑假YL（入口）班,通用,12,0,1080,1080,90.0,"	0.00",YL（入口）,YL（入口）,专项体系,专项体系,一年级博文妙笔暑假YL（入口）班,一年级博文妙笔暑假引流班,否,,不可续,一年级,一年级,一年级,1188.00,杨紫薇(365245),,暑假,暑假,取消班,2026-07-23,,已审核,走读,常规面授,常规面授,,0,2026-05-09,每天13:50-15:20(上5休1),"有教材,开课前领取",,0,素养素质(智学),月亮岛303教室,月亮岛303教室,班级刷卡,15人,素养,月亮岛教学区,2026-08-05,10,12,语商表达1
"素养智学部",书法,书法,书法,XZ127A0017,取消素质成长营（写字1）（暑）,取消S3书法暑假ZT1班,通用,10,0,900,900,90.0,"	0.00",ZT1,ZT1,专项体系,专项体系,S3书法暑假ZT1班,S3书法暑假ZT1班,否,,不可续,S3,S3,S3,975.00,付敏(341965),,暑假,暑假,取消班,2026-07-23,,已审核,走读,常规面授,常规面授,,0,2026-03-23,每天16:00-17:30(上5休1),"有教材,开课前领取",,0,素养素质(智学),东塘215教室,东塘215教室,班级刷卡,12人,素质,东塘教学区,2026-08-02,7,8,书法1
"素养智学部",书法,书法,书法,XZ127A0011,取消素质成长营（写字1）（暑）,取消S3书法暑假ZT1班,通用,10,0,900,900,90.0,"	0.00",ZT1,ZT1,专项体系,专项体系,S3书法暑假ZT1班,S3书法暑假ZT1班,否,,不可续,S3,S3,S3,975.00,廖思年(342029),,暑假,暑假,取消班,2026-07-23,,已审核,走读,常规面授,常规面授,,0,2026-02-26,每天16:00-17:30(上5休1),"有教材,开课前领取",,0,素养素质(智学),月亮岛306教室,月亮岛306教室,班级刷卡,12人,素质,月亮岛教学区,2026-08-02,7,8,书法1
"素养智学部",英语,英语,英语,ZMZH27A010,取消字母书写,取消学习机托管三年级英语暑假ZT1服务,通用,10,0,1200,1200,120.0,"	0.00",ZT1,ZT1,专项体系,专项体系,学习机托管三年级英语暑假ZT1服务,三年级英语暑假专题班,否,,不可续,三年级,三年级,三年级,2000.00,肖倩(365844),,暑假,暑假,取消班,2026-07-23,,已审核,走读,常规面授,常规面授,,0,2026-07-07,每天10:40-12:40(上5休1）,"有教材,开课前领取",,0,学习机托管(智学),梅岭国际203教室,梅岭国际203教室,班级刷卡,20人,学习机托管,梅岭国际教学区,2026-08-02,12,14,专项拼读
"素养智学部",英语,英语,英语,ZMZH27A002,取消字母书写,取消学习机托管三年级英语暑假ZT1服务,通用,10,0,1200,1200,120.0,"	0.00",ZT1,ZT1,专项体系,专项体系,学习机托管三年级英语暑假ZT1服务,三年级英语暑假专题班,否,,不可续,三年级,三年级,三年级,2000.00,刘颖逸(254207),,暑假,暑假,取消班,2026-07-23,,已审核,走读,常规面授,常规面授,,0,2026-07-07,每天13:50-15:50(上5休1）,"有教材,开课前领取",,0,学习机托管(智学),东塘205教室,东塘205教室,班级刷卡,20人,学习机托管,东塘教学区,2026-08-02,12,14,专项拼读
"素养智学部",英语,英语,英语,GJZH27A011,取消国际语音,取消学习机托管三年级英语暑假ZT1服务,通用,10,0,1200,1200,120.0,"	0.00",ZT1,ZT1,专项体系,专项体系,学习机托管三年级英语暑假ZT1服务,三年级英语暑假专题班,否,,不可续,三年级,三年级,三年级,2000.00,陈洁茹(302725),,暑假,暑假,取消班,2026-07-23,,已审核,走读,常规面授,常规面授,,0,2026-07-07,每天10:40-12:40(上5休1）,"有教材,开课前领取",,0,学习机托管(智学),美林银谷313教室,美林银谷313教室,班级刷卡,20人,学习机托管,美林银谷教学区,2026-08-02,12,14,专项音标
"素养智学部",英语,英语,英语,GJZH27A004,取消国际语音,取消学习机托管三年级英语暑假ZT1服务,通用,10,0,1200,1200,120.0,"	0.00",ZT1,ZT1,专项体系,专项体系,学习机托管三年级英语暑假ZT1服务,三年级英语暑假专题班,否,,不可续,三年级,三年级,三年级,2000.00,李紫青(254227),,暑假,暑假,取消班,2026-07-23,,已审核,走读,常规面授,常规面授,,0,2026-07-07,每天10:40-12:40(上5休1）,"有教材,开课前领取",,0,学习机托管(智学),湘江世纪城205教室,湘江世纪城205教室,班级刷卡,20人,学习机托管,湘江世纪城教学区,2026-08-02,12,14,专项音标
"素养智学部",数学,数学,数学,SXZX6A0006,取消SX暑假毕业指导专项6,取消学习机托管六年级数学暑假YL1服务,通用,12,0,1440,1440,120.0,"	0.00",YL1,YL1,专项体系,专项体系,学习机托管六年级数学暑假YL1服务,六年级数学暑假体验班,否,,不可续,六年级(小学),六年级,六年级,1440.00,徐铭悦(274583),,暑假,暑假,取消班,2026-07-23,,已审核,"走读,在线","常规面授,在线录播",在线录播,智慧学习机,0,2026-04-17,每天10:40-12:40(上6休1）,"有教材,开课前领取",,0,学习机托管(智学),星沙筑梦自习室2,星沙筑梦自习室2,班级刷卡,24人,学习机托管,星沙筑梦教学区,2026-08-04,12,14,
"素养智学部",双语故事表演,双语故事表演,双语故事表演,PM227A0094,双语绘本2C（暑）,双语故事表演L2暑假B2班,通用,10,10,1100,1100,110.0,"	0.00",L2,L2,常规体系,常规体系,双语故事表演L2暑假B2班,二年级双语故事表演暑假L2班,否,,连季续,二年级,二年级,二年级,2100.00,彭娟(409141),,暑假,暑假,正常,2026-08-18,2026-08-18,已审核,走读,常规面授,常规面授,,19,2026-02-26,每天16:00-17:50(上5休1),"有教材,开课前领取",2026-08-28,17,素养素质(智学),美林银谷314教室,美林银谷314教室,班级刷卡,15人,素养,美林银谷教学区,2026-08-28,10,12,分级阅读2
"国外考试部",全科,"阅读,写作,听力,口语,语法",,KTFSY005,KET腾飞班,KET腾飞班（FY26）,KET进阶班,30,30,3600,3600,120.0,120.00,KET,KET,常规体系,常规体系,KET腾飞班,KET腾飞班,否,,可续,,,,12375.00,丁顺(132248),,寒假,,正常,2026-01-11,2026-01-11,已审核,"走读,在线","常规面授,在线直播",在线直播,云教室小班（25人以下）,10,2025-12-19,春季每周日08:00-10:00，寒暑假集中上课,"有教材,开课前领取",2026-08-07,9,国际教育青少部,芙蓉广场,芙蓉广场5-08教室,班级刷卡,6人,国外考试部,芙蓉广场教学区,2026-08-08,3,4,
"素养智学部",双语故事表演,双语故事表演,双语故事表演,YB527A0008,KET考培集训班,S2双语故事表演暑假ZT1班,通用,10,10,1200,1200,120.0,"	0.00",ZT1,ZT1,专项体系,专项体系,S2双语故事表演暑假ZT1班,S2双语故事表演暑假专题班,否,,不可续,S2,S2,S2,3000.00,陈晨(612642),,暑假,暑假,正常,2026-07-23,2026-07-23,已审核,走读,常规面授,常规面授,,10,2026-05-09,每天10:40-12:40(上5休1),"有教材,开课前领取",2026-08-02,9,素养素质(智学),湘江世纪城304教室,湘江世纪城304教室,班级刷卡,10人,素养,湘江世纪城教学区,2026-08-02,7,8,留学预备营
"素养智学部",博文妙笔,博文妙笔,博文妙笔,BW327A0009,博文口才 3（暑）,博文妙笔L3暑假B1班,通用,10,10,1100,1100,110.0,"	0.00",L3,L3,常规体系,常规体系,博文妙笔L3暑假B1班,三年级博文妙笔暑假L3班,否,,连季续,三年级,三年级,三年级,2000.00,何琪(057970),,暑假,暑假,正常,2026-08-18,2026-08-18,已审核,走读,常规面授,常规面授,,24,2026-02-26,每天10:40-12:30(上5休1),"有教材,开课前领取",2026-08-28,24,素养素质(智学),梅岭国际213教室,梅岭国际213教室,班级刷卡,15人,素养,梅岭国际教学区,2026-08-28,10,12,语商表达3
"素养智学部",双语故事表演,双语故事表演,双语故事表演,PM627A0032,双语绘本C6（暑）,双语故事表演L6暑假B2班,通用,10,10,1100,1100,110.0,"	0.00",L6,L6,常规体系,常规体系,双语故事表演L6暑假B2班,六年级双语故事表演暑假L6班,否,,连季续,六年级(小学),六年级,六年级,2000.00,杨帆(399003),,暑假,暑假,正常,2026-08-18,2026-08-18,已审核,走读,常规面授,常规面授,,19,2026-02-26,每天13:50-15:40(上5休1),"有教材,开课前领取",2026-08-28,18,素养素质(智学),梅岭国际204教室,梅岭国际204教室,班级刷卡,15人,素养,梅岭国际教学区,2026-08-28,10,12,故事会6
"素养智学部",双语故事表演,双语故事表演,双语故事表演,PM627A0063,双语绘本C6（暑）,双语故事表演L6暑假B2班,通用,10,10,1100,1100,110.0,"	0.00",L6,L6,常规体系,常规体系,双语故事表演L6暑假B2班,六年级双语故事表演暑假L6班,否,,连季续,六年级(小学),六年级,六年级,2000.00,陈蕾萌(398993),,暑假,暑假,正常,2026-08-18,2026-08-18,已审核,走读,常规面授,常规面授,,20,2026-02-26,每天10:40-12:30(上5休1),"有教材,开课前领取",2026-08-28,18,素养素质(智学),月亮岛203教室,月亮岛203教室,班级刷卡,15人,素养,月亮岛教学区,2026-08-28,10,12,故事会6
"高中班级部",语文,语文,语文,GYYWA524,取消高一语文暑假精进班,取消十年级语文暑假A2班（面授）,通用,14,0,1680,1680,120.0,"	0.00",A2,A2,A体系,A体系,十年级语文暑假A2班,高一语文暑假精进班,否,,连季续,高一,十年级,高一,2660.00,欧阳婷(366645),,暑假,暑假,取消班,2026-07-21,,已审核,走读,常规面授,常规面授,,0,2025-12-15,18:30-20:30,"有教材,开课前领取",,0,高中部,浏城桥523教室,浏城桥523教室,班级刷卡,25人,本地班课,浏城桥教学区,2026-08-04,10,15,高一语文
"素养智学部",英语,英语,英语,YYZH3A270311,SY双语智慧3A（暑）,三年级英语暑假A1服务（创新默认A）,通用,10,10,1200,1200,120.0,"	0.00",TG,TG,常规体系,常规体系,三年级英语暑假A1服务,三年级英语A暑假智慧学习空间,否,,连季续,三年级,三年级,三年级,1800.00,裴辉(702290),,暑假,暑假,正常,2026-07-23,2026-07-23,已审核,"走读,在线","常规面授,在线录播",在线录播,智慧学习机,24,2026-04-05,每天08:30-10:30,"有教材,开课前领取",2026-08-02,23,学习机托管(智学),湘潭自习室1,湘潭自习室1,班级刷卡,20人,学习机托管,金湘潭教学区,2026-08-02,12,14,三年级英语
"素养智学部",双语故事表演,双语故事表演,双语故事表演,PM427A0151,双语绘本4C（暑）,双语故事表演L4暑假B2班,通用,10,10,1100,1100,110.0,"	0.00",L4,L4,常规体系,常规体系,双语故事表演L4暑假B2班,四年级双语故事表演暑假L4班,否,,连季续,四年级,四年级,四年级,2000.00,刘莉芝(416599),,暑假,暑假,正常,2026-08-18,2026-08-18,已审核,走读,常规面授,常规面授,,18,2026-02-26,每天08:30-10:20(上5休1),"有教材,开课前领取",2026-08-28,18,素养素质(智学),晚报旗舰店104教室,晚报旗舰店104教室,班级刷卡,15人,素养,晚报旗舰店教学区,2026-08-28,10,12,分级阅读4
"素养智学部",博文妙笔,博文妙笔,博文妙笔,BWZX127A0017,1级博文,一年级博文妙笔暑假YL（入口）班,通用,12,12,1080,1080,90.0,"	0.00",YL（入口）,YL（入口）,专项体系,专项体系,一年级博文妙笔暑假YL（入口）班,一年级博文妙笔暑假引流班,否,,不可续,一年级,一年级,一年级,1188.00,高玮(438769),,暑假,暑假,正常,2026-07-23,2026-07-23,已审核,走读,常规面授,常规面授,,15,2026-07-10,每天10:40-12:10(上5休1),"有教材,开课前领取",2026-08-05,12,素养素质(智学),二十四品307教室,二十四品307教室,班级刷卡,15人,素养,二十四品教学区,2026-08-05,10,12,语商表达1
"国外考试部",全科,"英语,阅读,听力,口语,英语语言写作,综合能力,综合听说,综合读写",,GYSY00014A,Global Primary外语Starter 上,Global Primary外语Starter 上（FY26版本2）,Global Primary 英语,8,8,960,960,120.0,120.00,国际教育,国际教育,常规体系,常规体系,Global Primary外语Starter 上,Global Primary外语Starter 上,否,,可续,,,,3300.00,唐瑄紫(655281),,暑假,,正常,2026-08-05,2026-08-05,已审核,"走读,在线","常规面授,在线直播",在线直播,云教室小班（25人以下）,8,2026-06-14,春秋季每周六10:10-12:10，寒暑假集中上课,"有教材,开课前领取",2026-08-25,7,国际教育青少部,芙蓉广场,芙蓉广场5-04教室,班级刷卡,6人,国外考试部,芙蓉广场教学区,2026-08-25,3,4,
"素养智学部",双语故事表演,双语故事表演,双语故事表演,PM327A0171,双语绘本3C（暑）,双语故事表演L3暑假B2班,通用,10,10,1100,1100,110.0,"	0.00",L3,L3,常规体系,常规体系,双语故事表演L3暑假B2班,三年级双语故事表演暑假L3班,否,,连季续,三年级,三年级,三年级,2000.00,周婵(361900),,暑假,暑假,正常,2026-08-18,2026-08-18,已审核,走读,常规面授,常规面授,,20,2026-02-26,每天13:50-15:40(上5休1),"有教材,开课前领取",2026-08-28,19,素养素质(智学),八方小区203教室,八方小区203教室,班级刷卡,15人,素养,八方小区教学区,2026-08-28,10,12,分级阅读3
"高中班级部",数学,数学,数学,GYSXA3832,取消高一数学暑假精进班,取消十年级数学暑假A2班（面授）,通用,14,0,1680,1680,120.0,"	0.00",A2,A2,A体系,A体系,十年级数学暑假A2班,高一数学暑假精进班,否,,连季续,高一,十年级,高一,2660.00,张美娜(334661),,暑假,暑假,取消班,2026-07-21,,已审核,走读,常规面授,常规面授,,0,2025-12-15,13:40-15:40,"有教材,开课前领取",,0,高中部,梅溪湖208教室,梅溪湖208教室,班级刷卡,25人,本地班课,梅溪湖教学区,2026-08-04,10,15,高一数学
"高中班级部",英语,英语,英语,GYA3775,取消高一英语暑假精进班,取消十年级英语暑假A2班（面授）,通用,14,0,1680,1680,120.0,"	0.00",A2,A2,A体系,A体系,十年级英语暑假A2班,高一英语暑假精进班,否,,连季续,高一,十年级,高一,2660.00,张春阳(144617),,暑假,暑假,取消班,2026-07-21,,已审核,走读,常规面授,常规面授,,0,2025-12-15,10:20-12:20,"有教材,开课前领取",,0,高中部,梅溪湖208教室,梅溪湖208教室,班级刷卡,25人,本地班课,梅溪湖教学区,2026-08-04,10,15,高一英语
"高中班级部",化学,化学,化学,GYHXA3734,取消高一化学暑假精进班,取消十年级化学暑假A2班（面授）,通用,14,0,1680,1680,120.0,"	0.00",A2,A2,A体系,A体系,十年级化学暑假A2班,高一化学暑假精进班,否,,连季续,高一,十年级,高一,2660.00,宁诗港(367904),,暑假,暑假,取消班,2026-07-21,,已审核,走读,常规面授,常规面授,,0,2025-12-15,"	08:00-10:00","有教材,开课前领取",,0,高中部,梅溪湖208教室,梅溪湖208教室,班级刷卡,25人,本地班课,梅溪湖教学区,2026-08-04,10,15,高一化学
"素养智学部",脑力与思维,脑力与思维,脑力与思维,SW1ZX27A0003,1级思维,一年级脑力与思维暑假YL（入口）班（默认2）,通用,10,10,900,900,90.0,"	0.00",YL（入口）,YL（入口）,专项体系,专项体系,一年级脑力与思维暑假YL（入口）班,一年级脑力与思维暑假引流班,否,,不可续,一年级,一年级,一年级,990.00,王艳琴(706986),,暑假,暑假,正常,2026-08-18,2026-08-18,已审核,走读,常规面授,常规面授,,15,2026-07-14,每天13:50-15:20(上5休1),"有教材,开课前领取",2026-08-28,8,素养素质(智学),钰龙天下304教室,钰龙天下304教室,班级刷卡,15人,素养,钰龙天下教学区,2026-08-28,10,12,思维1
"素养智学部",双语故事表演,双语故事表演,双语故事表演,PMS227A0722,双语绘本PK（暑）,双语故事表演预备级S2暑假B2班,通用,10,10,900,900,90.0,"	0.00",S2,S2,常规体系,常规体系,双语故事表演预备级S2暑假B2班,S2双语故事表演暑假S2班,否,,连季续,S2,S2,S2,2250.00,黄子幸(715855),,暑假,暑假,正常,2026-08-18,2026-08-18,已审核,走读,常规面授,常规面授,,10,2026-07-17,每天10:40-12:10(上5休1),"有教材,开课前领取",2026-08-28,9,素养素质(智学),北辰校区103教室,北辰103教室,班级刷卡,10人,素养,北辰教学区,2026-08-28,7,7,分级阅读K
"素养智学部",脑力与思维,脑力与思维,脑力与思维,SW127A0029,取消脑力思维1B（暑）,取消脑力与思维L1暑假B1班,通用,10,0,1100,1100,110.0,"	0.00",L1,L1,常规体系,常规体系,脑力与思维L1暑假B1班,一年级脑力与思维暑假L1班,否,,连季续,一年级,一年级,一年级,2100.00,王艳琴(706986),,暑假,暑假,取消班,2026-08-18,,已审核,走读,常规面授,常规面授,,0,2026-03-10,每天13:50-15:40(上5休1）,"有教材,开课前领取",,0,素养素质(智学),钰龙天下304教室,钰龙天下304教室,班级刷卡,15人,素养,钰龙天下教学区,2026-08-28,10,12,思维1
"素养智学部",博文妙笔,博文妙笔,博文妙笔,BW127A0029,取消博文口才 1（暑）,取消博文妙笔L1暑假B1班,通用,10,0,1100,1100,110.0,"	0.00",L1,L1,常规体系,常规体系,博文妙笔L1暑假B1班,一年级博文妙笔暑假L1班,否,,连季续,一年级,一年级,一年级,2100.00,谭若雨(706971),,暑假,暑假,取消班,2026-08-18,,已审核,走读,常规面授,常规面授,,0,2026-03-10,每天10:40-12:30(上5休1),"有教材,开课前领取",,0,素养素质(智学),钰龙天下302教室,钰龙天下302教室,班级刷卡,15人,素养,钰龙天下教学区,2026-08-28,10,12,语商表达1
"素养智学部",博文妙笔,博文妙笔,博文妙笔,BWZX127A0004,1级博文,一年级博文妙笔暑假YL（入口）班,通用,12,12,1080,1080,90.0,"	0.00",YL（入口）,YL（入口）,专项体系,专项体系,一年级博文妙笔暑假YL（入口）班,一年级博文妙笔暑假引流班,否,,不可续,一年级,一年级,一年级,1188.00,许萃(289940),,暑假,暑假,正常,2026-07-23,2026-07-23,已审核,走读,常规面授,常规面授,,15,2026-05-09,每天09:00-10:30(上5休1),"有教材,开课前领取",2026-08-05,13,素养素质(智学),二十四品306教室,二十四品306教室,班级刷卡,15人,素养,二十四品教学区,2026-08-05,10,12,语商表达1
"素养智学部",双语故事表演,双语故事表演,双语故事表演,PM527A0012,双语绘本5C+领航班（暑）,双语故事表演L5暑假C1班（C+）,通用,10,10,1100,1100,110.0,"	0.00",L5,L5,常规体系,常规体系,双语故事表演L5暑假C1班,五年级双语故事表演暑假L5班,否,,连季续,五年级,五年级,五年级,2600.00,高何易(675558),,暑假,暑假,正常,2026-08-18,2026-08-18,已审核,走读,常规面授,常规面授,,22,2026-02-26,每天10:40-12:30(上5休1),"有教材,开课前领取",2026-08-28,22,素养素质(智学),二十四品309教室,二十四品309教室,班级刷卡,15人,素养,二十四品教学区,2026-08-28,10,12,故事会5
"素养智学部",双语故事表演,双语故事表演,双语故事表演,PM527A0010,双语绘本5C+领航班（暑）,双语故事表演L5暑假C1班（C+）,通用,10,10,1100,1100,110.0,"	0.00",L5,L5,常规体系,常规体系,双语故事表演L5暑假C1班,五年级双语故事表演暑假L5班,否,,连季续,五年级,五年级,五年级,2600.00,高何易(675558),,暑假,暑假,正常,2026-08-18,2026-08-18,已审核,走读,常规面授,常规面授,,23,2026-02-26,每天16:00-17:50(上5休1),"有教材,开课前领取",2026-08-28,22,素养素质(智学),二十四品309教室,二十四品309教室,班级刷卡,15人,素养,二十四品教学区,2026-08-28,10,12,故事会5
"素养智学部",双语故事表演,双语故事表演,双语故事表演,PM627A0003,双语绘本6C+领航班（暑）,双语故事表演L6暑假C1班（C+）,通用,10,10,1100,1100,110.0,"	0.00",L6,L6,常规体系,常规体系,双语故事表演L6暑假C1班,六年级双语故事表演暑假L6班,否,,连季续,六年级(小学),六年级,六年级,2600.00,高何易(675558),,暑假,暑假,正常,2026-08-18,2026-08-18,已审核,走读,常规面授,常规面授,,18,2026-02-26,每天08:30-10:20(上5休1),"有教材,开课前领取",2026-08-28,16,素养素质(智学),二十四品309教室,二十四品309教室,班级刷卡,15人,素养,二十四品教学区,2026-08-28,10,12,故事会6
"素养智学部",双语故事表演,双语故事表演,双语故事表演,PM127A0026,双语绘本1C（暑）,双语故事表演L1暑假B2班,通用,10,10,1100,1100,110.0,"	0.00",L1,L1,常规体系,常规体系,双语故事表演L1暑假B2班,一年级双语故事表演暑假L1班,否,,连季续,一年级,一年级,一年级,2100.00,徐涛(619507),,暑假,暑假,正常,2026-08-18,2026-08-18,已审核,走读,常规面授,常规面授,,16,2026-02-26,每天16:00-17:50(上5休1),"有教材,开课前领取",2026-08-28,16,素养素质(智学),星沙湘龙309教室,星沙湘龙309教室,班级刷卡,15人,素养,星沙湘龙教学区,2026-08-28,10,12,分级阅读1
"素养智学部",双语故事表演,双语故事表演,双语故事表演,PM127A0166,双语绘本1B（暑）,双语故事表演L1暑假B2班,通用,10,10,1100,1100,110.0,"	0.00",L1,L1,常规体系,常规体系,双语故事表演L1暑假B2班,一年级双语故事表演暑假L1班,否,,连季续,一年级,一年级,一年级,2100.00,徐涛(619507),,暑假,暑假,正常,2026-08-18,2026-08-18,已审核,走读,常规面授,常规面授,,15,2026-04-02,每天13:50-15:40(上5休1),"有教材,开课前领取",2026-08-28,14,素养素质(智学),星沙湘龙309教室,星沙湘龙309教室,班级刷卡,15人,素养,星沙湘龙教学区,2026-08-28,10,12,分级阅读1
"素养智学部",双语故事表演,双语故事表演,双语故事表演,PMS327A0010,双语绘本K（暑）,双语故事表演S3暑假B1班,通用,10,10,900,900,90.0,"	0.00",S3,S3,常规体系,常规体系,双语故事表演S3暑假B1班,S3双语故事表演暑假S3班,否,,连季续,S3,S3,S3,1575.00,刘巧(137765),,暑假,暑假,正常,2026-08-18,2026-08-18,已审核,走读,常规面授,常规面授,,15,2026-02-26,每天14:20-15:50(上5休1),"有教材,开课前领取",2026-08-28,12,素养素质(智学),雨花家园306教室,雨花家园306教室,班级刷卡,15人,素养,雨花家园教学区,2026-08-28,10,12,分级阅读K
"素养智学部",双语故事表演,双语故事表演,双语故事表演,PM527A0086,双语绘本5C+领航班（暑）,双语故事表演L5暑假C1班（C+）,通用,10,10,1100,1100,110.0,"	0.00",L5,L5,常规体系,常规体系,双语故事表演L5暑假C1班,五年级双语故事表演暑假L5班,否,,连季续,五年级,五年级,五年级,2600.00,刘容(037365),,暑假,暑假,正常,2026-08-18,2026-08-18,已审核,走读,常规面授,常规面授,,18,2026-04-30,每天10:40-12:30(上5休1）,"有教材,开课前领取",2026-08-28,8,素养素质(智学),方圆荟310教室,方圆荟310教室,班级刷卡,15人,素养,方圆荟智慧空间,2026-08-28,10,12,故事会5
"素养智学部",围棋,围棋,围棋,SZWQ27A019,围棋N6-2段班,围棋L3-4段暑假班（暑10次课100）,通用,10,10,900,900,90.0,"	0.00",L3,L3,常规体系,常规体系,围棋L3-4段暑假班,围棋L3-4段暑假班,否,,连季续,三年级,三年级,三年级,1500.00,李福涛(348557),,暑假,暑假,正常,2026-08-18,2026-08-18,已审核,走读,常规面授,常规面授,,12,2025-10-22,每天09:00-10:30（上5休1）,"有教材,开课前领取",2026-08-28,6,素养素质(智学),方圆荟303教室,方圆荟303教室,班级刷卡,12人,素质,方圆荟智慧空间,2026-08-28,8,10,围棋L3
"素养智学部",双语故事表演,双语故事表演,双语故事表演,PMS327A0017,双语绘本K（暑）,双语故事表演S3暑假B1班,通用,10,10,900,900,90.0,"	0.00",S3,S3,常规体系,常规体系,双语故事表演S3暑假B1班,S3双语故事表演暑假S3班,否,,连季续,S3,S3,S3,1575.00,金珉志(706976),,暑假,暑假,正常,2026-08-18,2026-08-18,已审核,走读,常规面授,常规面授,,15,2026-02-26,每天08:30-10:00(上5休1),"有教材,开课前领取",2026-08-28,10,素养素质(智学),梅岭国际212B教室,梅岭国际212B教室,班级刷卡,15人,素养,梅岭国际教学区,2026-08-28,10,12,分级阅读K
"素养智学部",英语,英语,英语,YYZH3A0359,双语智慧3A（暑）,三年级英语暑假A1服务（默认A）,通用,10,10,1200,1200,120.0,"	0.00",TG,TG,常规体系,常规体系,三年级英语暑假A1服务,三年级英语A暑假智慧学习空间,否,,连季续,三年级,三年级,三年级,2000.00,赵丽华(230165),,暑假,暑假,正常,2026-08-18,2026-08-18,已审核,"走读,在线","常规面授,在线录播",在线录播,智慧学习机,22,2026-02-27,每天08:30-10:30(上5休1）,"有教材,开课前领取",2026-08-28,12,学习机托管(智学),梅岭国际7自习室,梅岭国际7自习室,班级刷卡,20人,学习机托管,梅岭国际教学区,2026-08-28,12,12,三年级英语
"素养智学部",英语,英语,英语,YYZH3A0331,双语智慧3A（暑）,三年级英语暑假A1服务（默认A）,通用,10,10,1200,1200,120.0,"	0.00",TG,TG,常规体系,常规体系,三年级英语暑假A1服务,三年级英语A暑假智慧学习空间,否,,连季续,三年级,三年级,三年级,2000.00,李玉婷(514777),,暑假,暑假,正常,2026-08-18,2026-08-18,已审核,"走读,在线","常规面授,在线录播",在线录播,智慧学习机,22,2026-02-27,每天10:40-12:40(上5休1）,"有教材,开课前领取",2026-08-28,13,学习机托管(智学),梅岭国际7自习室,梅岭国际7自习室,班级刷卡,20人,学习机托管,梅岭国际教学区,2026-08-28,12,12,三年级英语
"素养智学部",博文妙笔,博文妙笔,博文妙笔,BW127A0007,博文口才 1（暑）,博文妙笔L1暑假B1班,通用,10,10,1100,1100,110.0,"	0.00",L1,L1,常规体系,常规体系,博文妙笔L1暑假B1班,一年级博文妙笔暑假L1班,否,,连季续,一年级,一年级,一年级,2100.00,彭娟贵(438806),,暑假,暑假,正常,2026-08-18,2026-08-18,已审核,走读,常规面授,常规面授,,15,2026-02-26,每天10:40-12:30(上5休1),"有教材,开课前领取",2026-08-28,10,素养素质(智学),梅岭国际215教室,梅岭国际215教室,班级刷卡,15人,素养,梅岭国际教学区,2026-08-28,10,12,语商表达1
"素养智学部",双语故事表演,双语故事表演,双语故事表演,PM227A0051,双语绘本2C（暑）,双语故事表演L2暑假B2班,通用,10,10,1100,1100,110.0,"	0.00",L2,L2,常规体系,常规体系,双语故事表演L2暑假B2班,二年级双语故事表演暑假L2班,否,,连季续,二年级,二年级,二年级,2100.00,章婕妤(206373),,暑假,暑假,正常,2026-08-18,2026-08-18,已审核,走读,常规面授,常规面授,,17,2026-02-26,每天08:30-10:20(上5休1),"有教材,开课前领取",2026-08-28,16,素养素质(智学),梅岭国际205教室,梅岭国际205教室,班级刷卡,15人,素养,梅岭国际教学区,2026-08-28,10,12,分级阅读2
"素养智学部",双语故事表演,双语故事表演,双语故事表演,PM527A0047,双语绘本C5（暑）,双语故事表演L5暑假B2班,通用,10,10,1100,1100,110.0,"	0.00",L5,L5,常规体系,常规体系,双语故事表演L5暑假B2班,五年级双语故事表演暑假L5班,否,,连季续,五年级,五年级,五年级,2000.00,童兰婷(320803),,暑假,暑假,正常,2026-08-18,2026-08-18,已审核,走读,常规面授,常规面授,,18,2026-02-26,每天16:00-17:50(上5休1),"有教材,开课前领取",2026-08-28,14,素养素质(智学),梅岭国际201教室,梅岭国际201教室,班级刷卡,15人,素养,梅岭国际教学区,2026-08-28,10,12,故事会5
"素养智学部",双语故事表演,双语故事表演,双语故事表演,PM227A0266,双语绘本2C+领航班（暑）,双语故事表演L2暑假C1班（C+）,通用,10,10,1100,1100,110.0,"	0.00",L2,L2,常规体系,常规体系,双语故事表演L2暑假C1班,二年级双语故事表演暑假L2班,否,,连季续,二年级,二年级,二年级,2100.00,罗嘉媛(264319),,暑假,暑假,正常,2026-08-18,2026-08-18,已审核,走读,常规面授,常规面授,,15,2026-06-30,每天16:00-17:50(上5休1),"有教材,开课前领取",2026-08-28,11,素养素质(智学),洋湖卓伯根203教室,洋湖卓伯根203教室,班级刷卡,15人,素养,洋湖卓伯根教学区,2026-08-28,10,12,分级阅读2
"素养智学部",脑力与思维,脑力与思维,脑力与思维,SW127A0014,脑力思维1B（暑）,脑力与思维L1暑假B1班,通用,10,10,1100,1100,110.0,"	0.00",L1,L1,常规体系,常规体系,脑力与思维L1暑假B1班,一年级脑力与思维暑假L1班,否,,连季续,一年级,一年级,一年级,2100.00,陈炣均(706984),,暑假,暑假,正常,2026-07-23,2026-07-23,已审核,走读,常规面授,常规面授,,15,2026-02-26,每天16:00-17:50(上5休1),"有教材,开课前领取",2026-08-02,9,素养素质(智学),西子花苑旗舰店210教室,西子花苑旗舰店210教室,班级刷卡,15人,素养,西子花苑旗舰店教学区,2026-08-02,10,12,思维1
"素养智学部",双语故事表演,双语故事表演,双语故事表演,PM227A0020,双语绘本2C（暑）,双语故事表演L2暑假B2班,通用,10,10,1100,1100,110.0,"	0.00",L2,L2,常规体系,常规体系,双语故事表演L2暑假B2班,二年级双语故事表演暑假L2班,否,,连季续,二年级,二年级,二年级,2100.00,夏蓉(443731),,暑假,暑假,正常,2026-07-23,2026-07-23,已审核,走读,常规面授,常规面授,,15,2026-02-26,每天18:40-20:30(上5休1),"有教材,开课前领取",2026-08-02,10,素养素质(智学),西子花苑旗舰店208教室,西子花苑旗舰店208教室,班级刷卡,15人,素养,西子花苑旗舰店教学区,2026-08-02,10,12,分级阅读2
"素养智学部",双语故事表演,双语故事表演,双语故事表演,PM127A0121,双语绘本1C（暑）,双语故事表演L1暑假B2班,通用,10,10,1100,1100,110.0,"	0.00",L1,L1,常规体系,常规体系,双语故事表演L1暑假B2班,一年级双语故事表演暑假L1班,否,,连季续,一年级,一年级,一年级,2100.00,张甜(174931),,暑假,暑假,正常,2026-07-23,2026-07-23,已审核,走读,常规面授,常规面授,,15,2026-02-26,每天10:40-12:30(上5休1),"有教材,开课前领取",2026-08-02,8,素养素质(智学),西子花苑旗舰店206教室,西子花苑旗舰店206教室,班级刷卡,15人,素养,西子花苑旗舰店教学区,2026-08-02,10,12,分级阅读1
"素养智学部",双语故事表演,双语故事表演,双语故事表演,PM127A0086,双语绘本1B（暑）,双语故事表演L1暑假B2班,通用,10,10,1100,1100,110.0,"	0.00",L1,L1,常规体系,常规体系,双语故事表演L1暑假B2班,一年级双语故事表演暑假L1班,否,,连季续,一年级,一年级,一年级,2100.00,张甜(174931),,暑假,暑假,正常,2026-07-23,2026-07-23,已审核,走读,常规面授,常规面授,,15,2026-02-26,每天18:40-20:30(上5休1),"有教材,开课前领取",2026-08-02,8,素养素质(智学),西子花苑旗舰店206教室,西子花苑旗舰店206教室,班级刷卡,15人,素养,西子花苑旗舰店教学区,2026-08-02,10,12,分级阅读1
"素养智学部",博文妙笔,博文妙笔,博文妙笔,BWZX127A0010,1级博文,一年级博文妙笔暑假YL（入口）班,通用,12,12,1080,1080,90.0,"	0.00",YL（入口）,YL（入口）,专项体系,专项体系,一年级博文妙笔暑假YL（入口）班,一年级博文妙笔暑假引流班,否,,不可续,一年级,一年级,一年级,1188.00,奉婷(264312),,暑假,暑假,正常,2026-07-23,2026-07-23,已审核,走读,常规面授,常规面授,,15,2026-05-23,每天16:00-17:30(上5休1),"有教材,开课前领取",2026-08-05,6,素养素质(智学),西子花苑旗舰店209教室,西子花苑旗舰店209教室,班级刷卡,15人,素养,西子花苑旗舰店教学区,2026-08-05,10,12,语商表达1
"素养智学部",双语故事表演,双语故事表演,双语故事表演,PM627A0076,双语绘本C6（暑）,双语故事表演L6暑假B2班,通用,10,10,1100,1100,110.0,"	0.00",L6,L6,常规体系,常规体系,双语故事表演L6暑假B2班,六年级双语故事表演暑假L6班,否,,连季续,六年级(小学),六年级,六年级,2000.00,蔡好(398982),,暑假,暑假,正常,2026-08-18,2026-08-18,已审核,走读,常规面授,常规面授,,18,2026-02-26,每天16:00-17:50(上5休1),"有教材,开课前领取",2026-08-28,14,素养素质(智学),井湾子教学区209教室,井湾子教学区209教室,班级刷卡,15人,素养,井湾子教学区,2026-08-28,10,12,故事会6
"素养智学部",数学,数学,数学,SXZH4A0645,思维智慧4B+（暑）,四年级数学暑假B1服务（默认B）,通用,10,10,1200,1200,120.0,"	0.00",TG,TG,常规体系,常规体系,四年级数学暑假B1服务,四年级数学B暑假智慧学习空间,否,,连季续,四年级,四年级,四年级,2000.00,谢晓圳(612660),,暑假,暑假,正常,2026-08-18,2026-08-18,已审核,"走读,在线","常规面授,在线录播",在线录播,智慧学习机,22,2026-02-27,每天13:50-15:50(上5休1）,"有教材,开课前领取",2026-08-28,21,学习机托管(智学),梅溪湖南自习室3,梅溪湖南自习室3,班级刷卡,20人,学习机托管,梅溪湖南教学区,2026-08-28,12,12,四年级数学
"素养智学部",数学,数学,数学,SXZH5A0141,思维智慧5B（暑）,五年级数学暑假B1服务（默认B）,通用,10,10,1200,1200,120.0,"	0.00",TG,TG,常规体系,常规体系,五年级数学暑假B1服务,五年级数学B暑假智慧学习空间,否,,连季续,五年级,五年级,五年级,2000.00,谢晓圳(612660),,暑假,暑假,正常,2026-08-18,2026-08-18,已审核,"走读,在线","常规面授,在线录播",在线录播,智慧学习机,24,2026-02-27,每天16:00-18:00(上5休1）,"有教材,开课前领取",2026-08-28,19,学习机托管(智学),梅溪湖南自习室3,梅溪湖南自习室3,班级刷卡,20人,学习机托管,梅溪湖南教学区,2026-08-28,12,12,五年级数学
"素养智学部",英语,英语,英语,YYZH5A0376,双语智慧5A（暑）,五年级英语暑假B1服务（默认A）,通用,10,10,1200,1200,120.0,"	0.00",TG,TG,常规体系,常规体系,五年级英语暑假B1服务,五年级英语A暑假智慧学习空间,否,,连季续,五年级,五年级,五年级,2000.00,李玉婷(514777),,暑假,暑假,正常,2026-08-18,2026-08-18,已审核,"走读,在线","常规面授,在线录播",在线录播,智慧学习机,24,2026-02-27,每天18:30-20:30(上5休1）,"有教材,开课前领取",2026-08-28,19,学习机托管(智学),梅溪湖南自习室6,梅溪湖南自习室6,班级刷卡,20人,学习机托管,梅溪湖南教学区,2026-08-28,12,12,五年级英语
"素养智学部",英语,英语,英语,YYZH3A0333,双语智慧3A（暑）,三年级英语暑假A1服务（默认A）,通用,10,10,1200,1200,120.0,"	0.00",TG,TG,常规体系,常规体系,三年级英语暑假A1服务,三年级英语A暑假智慧学习空间,否,,连季续,三年级,三年级,三年级,2000.00,贺昕垚(668082),,暑假,暑假,正常,2026-08-18,2026-08-18,已审核,"走读,在线","常规面授,在线录播",在线录播,智慧学习机,22,2026-02-27,每天10:40-12:40(上5休1）,"有教材,开课前领取",2026-08-28,17,学习机托管(智学),梅溪湖南自习室5,梅溪湖南自习室5,班级刷卡,20人,学习机托管,梅溪湖南教学区,2026-08-28,12,12,三年级英语
"素养智学部",英语,英语,英语,YYZH4A0425,双语智慧4A（暑）,四年级英语暑假B1服务（默认A）,通用,10,10,1200,1200,120.0,"	0.00",TG,TG,常规体系,常规体系,四年级英语暑假B1服务,四年级英语A暑假智慧学习空间,否,,连季续,四年级,四年级,四年级,2000.00,贺昕垚(668082),,暑假,暑假,正常,2026-08-18,2026-08-18,已审核,"走读,在线","常规面授,在线录播",在线录播,智慧学习机,23,2026-02-27,每天08:30-10:30(上5休1）,"有教材,开课前领取",2026-08-28,21,学习机托管(智学),梅溪湖南自习室5,梅溪湖南自习室5,班级刷卡,20人,学习机托管,梅溪湖南教学区,2026-08-28,12,12,四年级英语
"素养智学部",双语故事表演,双语故事表演,双语故事表演,PM227A0220,双语绘本2C（暑）,双语故事表演L2暑假B2班,通用,10,10,1100,1100,110.0,"	0.00",L2,L2,常规体系,常规体系,双语故事表演L2暑假B2班,二年级双语故事表演暑假L2班,否,,连季续,二年级,二年级,二年级,2100.00,夏才典(661616),,暑假,暑假,正常,2026-08-18,2026-08-18,已审核,走读,常规面授,常规面授,,16,2026-02-26,每天08:30-10:20(上5休1),"有教材,开课前领取",2026-08-28,9,素养素质(智学),梅溪湖南212教室,梅溪湖南212教室,班级刷卡,15人,素养,梅溪湖南教学区,2026-08-28,10,12,分级阅读2
"素养智学部",双语故事表演,双语故事表演,双语故事表演,PM227A0138,双语绘本2C（暑）,双语故事表演L2暑假B2班,通用,10,10,1100,1100,110.0,"	0.00",L2,L2,常规体系,常规体系,双语故事表演L2暑假B2班,二年级双语故事表演暑假L2班,否,,连季续,二年级,二年级,二年级,2100.00,徐欢(612651),,暑假,暑假,正常,2026-08-18,2026-08-18,已审核,走读,常规面授,常规面授,,17,2026-02-26,每天13:50-15:40(上5休1),"有教材,开课前领取",2026-08-28,17,素养素质(智学),梅溪湖南206教室,梅溪湖南206教室,班级刷卡,15人,素养,梅溪湖南教学区,2026-08-28,10,12,分级阅读2
"素养智学部",双语故事表演,双语故事表演,双语故事表演,PM127A0167,双语绘本1C（暑）,双语故事表演L1暑假B2班,通用,10,10,1100,1100,110.0,"	0.00",L1,L1,常规体系,常规体系,双语故事表演L1暑假B2班,一年级双语故事表演暑假L1班,否,,连季续,一年级,一年级,一年级,2100.00,卫文可(661617),,暑假,暑假,正常,2026-08-18,2026-08-18,已审核,走读,常规面授,常规面授,,16,2026-04-02,每天08:30-10:20(上5休1),"有教材,开课前领取",2026-08-28,13,素养素质(智学),梅溪湖南207教室,梅溪湖南207教室,班级刷卡,15人,素养,梅溪湖南教学区,2026-08-28,10,12,分级阅读1
"素养智学部",双语故事表演,双语故事表演,双语故事表演,PM127A0113,双语绘本1B（暑）,双语故事表演L1暑假B2班,通用,10,10,1100,1100,110.0,"	0.00",L1,L1,常规体系,常规体系,双语故事表演L1暑假B2班,一年级双语故事表演暑假L1班,否,,连季续,一年级,一年级,一年级,2100.00,甘雨情(707011),,暑假,暑假,正常,2026-08-18,2026-08-18,已审核,走读,常规面授,常规面授,,15,2026-02-26,每天10:40-12:30(上5休1),"有教材,开课前领取",2026-08-28,11,素养素质(智学),听香水榭307教室,听香水榭307教室,班级刷卡,15人,素养,听香水榭教学区,2026-08-28,10,12,分级阅读1
"素养智学部",博文妙笔,博文妙笔,博文妙笔,BW427A0043,博文口才 4（暑）,博文妙笔L4暑假B1班,通用,10,10,1100,1100,110.0,"	0.00",L4,L4,常规体系,常规体系,博文妙笔L4暑假B1班,四年级博文妙笔暑假L4班,否,,连季续,四年级,四年级,四年级,2000.00,李晓倩(387250),,暑假,暑假,正常,2026-08-18,2026-08-18,已审核,走读,常规面授,常规面授,,18,2026-02-26,每天16:00-17:50(上5休1),"有教材,开课前领取",2026-08-28,12,素养素质(智学),星沙筑梦205教室,星沙筑梦205教室,班级刷卡,15人,素养,星沙筑梦教学区,2026-08-28,10,12,语商表达4
"素养智学部",博文妙笔,博文妙笔,博文妙笔,BW627A0041,博文口才 6（暑）,博文妙笔L6暑假B1班,通用,10,10,1100,1100,110.0,"	0.00",L6,L6,常规体系,常规体系,博文妙笔L6暑假B1班,六年级博文妙笔暑假L6班,否,,连季续,六年级(小学),六年级,六年级,2000.00,刘雨晨(640812),,暑假,暑假,正常,2026-08-18,2026-08-18,已审核,走读,常规面授,常规面授,,18,2026-02-26,每天16:00-17:50(上5休1),"有教材,开课前领取",2026-08-28,17,素养素质(智学),星沙筑梦206教室,星沙筑梦206教室,班级刷卡,15人,素养,星沙筑梦教学区,2026-08-28,10,12,语商表达6
"素养智学部",英语,英语,英语,YYZH4A0469,双语智慧4A（暑）,四年级英语暑假B1服务（默认A）,通用,10,10,1200,1200,120.0,"	0.00",TG,TG,常规体系,常规体系,四年级英语暑假B1服务,四年级英语A暑假智慧学习空间,否,,连季续,四年级,四年级,四年级,2000.00,易超(374616),,暑假,暑假,正常,2026-08-18,2026-08-18,已审核,"走读,在线","常规面授,在线录播",在线录播,智慧学习机,22,2026-02-27,每天13:50-15:50(上5休1）,"有教材,开课前领取",2026-08-28,13,学习机托管(智学),星沙筑梦自习室4,星沙筑梦自习室4,班级刷卡,20人,学习机托管,星沙筑梦教学区,2026-08-28,12,12,四年级英语
"素养智学部",博文妙笔,博文妙笔,博文妙笔,BW627A0016,博文口才 6（暑）,博文妙笔L6暑假B1班,通用,10,10,1100,1100,110.0,"	0.00",L6,L6,常规体系,常规体系,博文妙笔L6暑假B1班,六年级博文妙笔暑假L6班,否,,连季续,六年级(小学),六年级,六年级,2000.00,刘雨晨(640812),,暑假,暑假,正常,2026-08-18,2026-08-18,已审核,走读,常规面授,常规面授,,18,2026-02-26,每天10:40-12:30(上5休1),"有教材,开课前领取",2026-08-28,16,素养素质(智学),星沙筑梦206教室,星沙筑梦206教室,班级刷卡,15人,素养,星沙筑梦教学区,2026-08-28,10,12,语商表达6
"素养智学部",脑力与思维,脑力与思维,脑力与思维,SW427A0017,脑力思维4B（暑）,脑力与思维L4暑假B1班,通用,10,10,1100,1100,110.0,"	0.00",L4,L4,常规体系,常规体系,脑力与思维L4暑假B1班,四年级脑力与思维暑假L4班,否,,连季续,四年级,四年级,四年级,2000.00,王妍玉(706981),,暑假,暑假,正常,2026-08-18,2026-08-18,已审核,走读,常规面授,常规面授,,18,2026-02-26,每天16:00-17:50(上5休1),"有教材,开课前领取",2026-08-28,18,素养素质(智学),美林银谷305教室,美林银谷305教室,班级刷卡,15人,素养,美林银谷教学区,2026-08-28,10,12,思维4
"素养智学部",双语故事表演,双语故事表演,双语故事表演,PM127A0180,双语绘本1C（暑）,双语故事表演L1暑假B2班,通用,10,10,1100,1100,110.0,"	0.00",L1,L1,常规体系,常规体系,双语故事表演L1暑假B2班,一年级双语故事表演暑假L1班,否,,连季续,一年级,一年级,一年级,2100.00,周敏(661636),,暑假,暑假,正常,2026-08-18,2026-08-18,已审核,走读,常规面授,常规面授,,15,2026-07-08,每天08:30-10:20(上5休1),"有教材,开课前领取",2026-08-28,7,素养素质(智学),美林银谷303教室,美林银谷303教室,班级刷卡,15人,素养,美林银谷教学区,2026-08-28,10,12,分级阅读1
"素养智学部",双语故事表演,双语故事表演,双语故事表演,PMS327A0048,双语绘本K（暑）,双语故事表演S3暑假B1班,通用,10,10,900,900,90.0,"	0.00",S3,S3,常规体系,常规体系,双语故事表演S3暑假B1班,S3双语故事表演暑假S3班,否,,连季续,S3,S3,S3,1575.00,金珉志(706976),,暑假,暑假,正常,2026-07-23,2026-07-23,已审核,走读,常规面授,常规面授,,15,2026-03-10,每天16:00-17:30(上5休1),"有教材,开课前领取",2026-08-02,6,素养素质(智学),美林银谷312教室,美林银谷312教室,班级刷卡,15人,素养,美林银谷教学区,2026-08-02,10,12,分级阅读K
"素养智学部",双语故事表演,双语故事表演,双语故事表演,PM627A0089,双语绘本C6（暑）,双语故事表演L6暑假B2班,通用,10,10,1100,1100,110.0,"	0.00",L6,L6,常规体系,常规体系,双语故事表演L6暑假B2班,六年级双语故事表演暑假L6班,否,,连季续,六年级(小学),六年级,六年级,2000.00,周敏(661636),,暑假,暑假,正常,2026-08-18,2026-08-18,已审核,走读,常规面授,常规面授,,17,2026-04-02,每天10:40-12:30(上5休1),"有教材,开课前领取",2026-08-28,13,素养素质(智学),美林银谷303教室,美林银谷303教室,班级刷卡,15人,素养,美林银谷教学区,2026-08-28,10,12,故事会6
"素养智学部",双语故事表演,双语故事表演,双语故事表演,PM627A0021,双语绘本C6（暑）,双语故事表演L6暑假B2班,通用,10,10,1100,1100,110.0,"	0.00",L6,L6,常规体系,常规体系,双语故事表演L6暑假B2班,六年级双语故事表演暑假L6班,否,,连季续,六年级(小学),六年级,六年级,2000.00,周敏(661636),,暑假,暑假,正常,2026-08-18,2026-08-18,已审核,走读,常规面授,常规面授,,18,2026-02-26,每天13:50-15:40(上5休1),"有教材,开课前领取",2026-08-28,12,素养素质(智学),美林银谷303教室,美林银谷303教室,班级刷卡,15人,素养,美林银谷教学区,2026-08-28,10,12,故事会6
"素养智学部",双语故事表演,双语故事表演,双语故事表演,PMS327A0003,双语绘本K（暑）,双语故事表演S3暑假B1班,通用,10,10,900,900,90.0,"	0.00",S3,S3,常规体系,常规体系,双语故事表演S3暑假B1班,S3双语故事表演暑假S3班,否,,连季续,S3,S3,S3,1575.00,周梓玉(634367),,暑假,暑假,正常,2026-08-18,2026-08-18,已审核,走读,常规面授,常规面授,,16,2026-02-26,每天08:30-10:00(上5休1),"有教材,开课前领取",2026-08-28,13,素养素质(智学),美林银谷310教室,美林银谷310教室,班级刷卡,15人,素养,美林银谷教学区,2026-08-28,10,12,分级阅读K
"素养智学部",英语,英语,英语,YYZH5A0316,双语智慧5B（暑）,五年级英语暑假B1服务（默认B）,通用,10,10,1200,1200,120.0,"	0.00",TG,TG,常规体系,常规体系,五年级英语暑假B1服务,五年级英语A暑假智慧学习空间,否,,连季续,五年级,五年级,五年级,2000.00,罗柳(467634),,暑假,暑假,正常,2026-08-18,2026-08-18,已审核,"走读,在线","常规面授,在线录播",在线录播,智慧学习机,24,2026-02-27,每天13:50-15:50(上5休1）,"有教材,开课前领取",2026-08-28,17,学习机托管(智学),美林银谷306教室,美林银谷306教室,班级刷卡,20人,学习机托管,美林银谷教学区,2026-08-28,12,12,五年级英语
"素养智学部",双语故事表演,双语故事表演,双语故事表演,PM127A0007,双语绘本1C（暑）,双语故事表演L1暑假B2班,通用,10,10,1100,1100,110.0,"	0.00",L1,L1,常规体系,常规体系,双语故事表演L1暑假B2班,一年级双语故事表演暑假L1班,否,,连季续,一年级,一年级,一年级,2100.00,周梓玉(634367),,暑假,暑假,正常,2026-08-18,2026-08-18,已审核,走读,常规面授,常规面授,,15,2026-02-26,每天10:40-12:30(上5休1),"有教材,开课前领取",2026-08-28,12,素养素质(智学),美林银谷310教室,美林银谷310教室,班级刷卡,15人,素养,美林银谷教学区,2026-08-28,10,12,分级阅读1
"素养智学部",英语,英语,英语,YYZH4A0444,双语智慧4A（暑）,四年级英语暑假B1服务（默认A）,通用,10,10,1200,1200,120.0,"	0.00",TG,TG,常规体系,常规体系,四年级英语暑假B1服务,四年级英语A暑假智慧学习空间,否,,连季续,四年级,四年级,四年级,2000.00,罗柳(467634),,暑假,暑假,正常,2026-08-18,2026-08-18,已审核,"走读,在线","常规面授,在线录播",在线录播,智慧学习机,22,2026-02-27,每天08:30-10:30(上5休1）,"有教材,开课前领取",2026-08-28,21,学习机托管(智学),美林银谷306教室,美林银谷306教室,班级刷卡,20人,学习机托管,美林银谷教学区,2026-08-28,12,12,四年级英语
"素养智学部",英语,英语,英语,YYZH5A0332,双语智慧5A（暑）,五年级英语暑假B1服务（默认A）,通用,10,10,1200,1200,120.0,"	0.00",TG,TG,常规体系,常规体系,五年级英语暑假B1服务,五年级英语A暑假智慧学习空间,否,,连季续,五年级,五年级,五年级,2000.00,罗柳(467634),,暑假,暑假,正常,2026-08-18,2026-08-18,已审核,"走读,在线","常规面授,在线录播",在线录播,智慧学习机,24,2026-02-27,每天16:00-18:00(上5休1）,"有教材,开课前领取",2026-08-28,24,学习机托管(智学),美林银谷306教室,美林银谷306教室,班级刷卡,20人,学习机托管,美林银谷教学区,2026-08-28,12,12,五年级英语
"素养智学部",英语,英语,英语,YYZH3A0366,双语智慧3A（暑）,三年级英语暑假A1服务（默认A）,通用,10,10,1200,1200,120.0,"	0.00",TG,TG,常规体系,常规体系,三年级英语暑假A1服务,三年级英语A暑假智慧学习空间,否,,连季续,三年级,三年级,三年级,2000.00,粟颜聪(612637),,暑假,暑假,正常,2026-08-18,2026-08-18,已审核,"走读,在线","常规面授,在线录播",在线录播,智慧学习机,22,2026-06-05,每天08:30-10:30(上5休1）,"有教材,开课前领取",2026-08-28,7,学习机托管(智学),美林银谷305教室,美林银谷305教室,班级刷卡,20人,学习机托管,美林银谷教学区,2026-08-28,8,12,三年级英语
"素养智学部",英语,英语,英语,YYZH5A0297,双语智慧5B（暑）,五年级英语暑假B1服务（默认B）,通用,10,10,1200,1200,120.0,"	0.00",TG,TG,常规体系,常规体系,五年级英语暑假B1服务,五年级英语A暑假智慧学习空间,否,,连季续,五年级,五年级,五年级,2000.00,罗柳(467634),,暑假,暑假,正常,2026-08-18,2026-08-18,已审核,"走读,在线","常规面授,在线录播",在线录播,智慧学习机,24,2026-02-27,每天10:40-12:40(上5休1）,"有教材,开课前领取",2026-08-28,21,学习机托管(智学),美林银谷306教室,美林银谷306教室,班级刷卡,20人,学习机托管,美林银谷教学区,2026-08-28,12,12,五年级英语
"素养智学部",脑力与思维,脑力与思维,脑力与思维,SW27A0002,SX暑假毕业指导专项6,六年级脑力与思维暑假YL1班,通用,12,12,1440,1440,120.0,"	0.00",YL1,YL1,专项体系,专项体系,六年级脑力与思维暑假YL1班,六年级脑力与思维暑假体验班,否,,不可续,六年级(小学),六年级,六年级,1440.00,曾丹(444561),,暑假,暑假,正常,2026-07-23,2026-07-23,已审核,走读,常规面授,常规面授,,15,2026-04-17,每天10:40-12:40(上6休1),"有教材,开课前领取",2026-08-04,11,素养素质(智学),二十四品306教室,二十四品306教室,班级刷卡,15人,素养,二十四品教学区,2026-08-04,10,12,思维6
"素养智学部",英语,英语,英语,YYZH5A0366,双语智慧5A（暑）,五年级英语暑假B1服务（默认A）,通用,10,10,1200,1200,120.0,"	0.00",TG,TG,常规体系,常规体系,五年级英语暑假B1服务,五年级英语A暑假智慧学习空间,否,,连季续,五年级,五年级,五年级,2000.00,粟颜聪(612637),,暑假,暑假,正常,2026-08-18,2026-08-18,已审核,"走读,在线","常规面授,在线录播",在线录播,智慧学习机,23,2026-02-27,每天10:40-12:40(上5休1）,"有教材,开课前领取",2026-08-28,21,学习机托管(智学),美林银谷305教室,美林银谷305教室,班级刷卡,20人,学习机托管,美林银谷教学区,2026-08-28,12,12,五年级英语
"素养智学部",脑力与思维,脑力与思维,脑力与思维,SW627A0009,脑力思维6B（暑）,脑力与思维L6暑假B1班,通用,10,10,1100,1100,110.0,"	0.00",L6,L6,常规体系,常规体系,脑力与思维L6暑假B1班,六年级脑力与思维暑假L6班,否,,连季续,六年级(小学),六年级,六年级,2000.00,方晴(438760),,暑假,暑假,正常,2026-08-18,2026-08-18,已审核,走读,常规面授,常规面授,,18,2026-02-26,每天08:30-10:20(上5休1),"有教材,开课前领取",2026-08-28,14,素养素质(智学),二十四品310教室,二十四品310教室,班级刷卡,15人,素养,二十四品教学区,2026-08-28,10,12,思维6
"素养智学部",脑力与思维,脑力与思维,脑力与思维,SW527A0009,脑力思维5B（暑）,脑力与思维L5暑假B1班,通用,10,10,1100,1100,110.0,"	0.00",L5,L5,常规体系,常规体系,脑力与思维L5暑假B1班,五年级脑力与思维暑假L5班,否,,连季续,五年级,五年级,五年级,2000.00,方晴(438760),,暑假,暑假,正常,2026-08-18,2026-08-18,已审核,走读,常规面授,常规面授,,18,2026-02-26,每天16:00-17:50(上5休1),"有教材,开课前领取",2026-08-28,17,素养素质(智学),二十四品310教室,二十四品310教室,班级刷卡,15人,素养,二十四品教学区,2026-08-28,10,12,思维5
"素养智学部",双语故事表演,双语故事表演,双语故事表演,PM527A0018,双语绘本C5（暑）,双语故事表演L5暑假B2班,通用,10,10,1100,1100,110.0,"	0.00",L5,L5,常规体系,常规体系,双语故事表演L5暑假B2班,五年级双语故事表演暑假L5班,否,,连季续,五年级,五年级,五年级,2000.00,郑惠芝(706977),,暑假,暑假,正常,2026-08-18,2026-08-18,已审核,走读,常规面授,常规面授,,20,2026-02-26,每天08:30-10:20(上5休1),"有教材,开课前领取",2026-08-28,18,素养素质(智学),二十四品308教室,二十四品308教室,班级刷卡,15人,素养,二十四品教学区,2026-08-28,10,12,故事会5
"素养智学部",脑力与思维,脑力与思维,脑力与思维,SW627A0013,脑力思维6B（暑）,脑力与思维L6暑假B1班,通用,10,10,1100,1100,110.0,"	0.00",L6,L6,常规体系,常规体系,脑力与思维L6暑假B1班,六年级脑力与思维暑假L6班,否,,连季续,六年级(小学),六年级,六年级,2000.00,方晴(438760),,暑假,暑假,正常,2026-08-18,2026-08-18,已审核,走读,常规面授,常规面授,,20,2026-02-26,每天10:40-12:30(上5休1),"有教材,开课前领取",2026-08-28,17,素养素质(智学),二十四品310教室,二十四品310教室,班级刷卡,15人,素养,二十四品教学区,2026-08-28,10,12,思维6
"素养智学部",双语故事表演,双语故事表演,双语故事表演,PM627A0018,双语绘本C6（暑）,双语故事表演L6暑假B2班,通用,10,10,1100,1100,110.0,"	0.00",L6,L6,常规体系,常规体系,双语故事表演L6暑假B2班,六年级双语故事表演暑假L6班,否,,连季续,六年级(小学),六年级,六年级,2000.00,杨帆(399003),,暑假,暑假,正常,2026-08-18,2026-08-18,已审核,走读,常规面授,常规面授,,21,2026-02-26,每天08:30-10:20(上5休1),"有教材,开课前领取",2026-08-28,20,素养素质(智学),二十四品306教室,二十四品306教室,班级刷卡,15人,素养,二十四品教学区,2026-08-28,10,12,故事会6
"素养智学部",脑力与思维,脑力与思维,脑力与思维,SW327A0030,脑力思维3B（暑）,脑力与思维L3暑假B1班,通用,10,10,1100,1100,110.0,"	0.00",L3,L3,常规体系,常规体系,脑力与思维L3暑假B1班,三年级脑力与思维暑假L3班,否,,连季续,三年级,三年级,三年级,2000.00,谢春(366872),,暑假,暑假,正常,2026-08-18,2026-08-18,已审核,走读,常规面授,常规面授,,18,2026-02-26,每天16:10-18:00(上5休1),"有教材,开课前领取",2026-08-28,13,素养素质(智学),二十四品306教室,二十四品306教室,班级刷卡,15人,素养,二十四品教学区,2026-08-28,10,12,思维3
"素养智学部",博文妙笔,博文妙笔,博文妙笔,BW527A0019,博文口才 5（暑）,博文妙笔L5暑假B1班,通用,10,10,1100,1100,110.0,"	0.00",L5,L5,常规体系,常规体系,博文妙笔L5暑假B1班,五年级博文妙笔暑假L5班,否,,连季续,五年级,五年级,五年级,2000.00,高玮(438769),,暑假,暑假,正常,2026-08-18,2026-08-18,已审核,走读,常规面授,常规面授,,18,2026-02-26,每天16:00-17:50(上5休1),"有教材,开课前领取",2026-08-28,12,素养素质(智学),二十四品302教室,二十四品302教室,班级刷卡,15人,素养,二十四品教学区,2026-08-28,10,12,语商表达5
"素养智学部",英语,英语,英语,GJZH27A002,国际语音,学习机托管三年级英语暑假ZT1服务,通用,10,10,1200,1200,120.0,"	0.00",ZT1,ZT1,专项体系,专项体系,学习机托管三年级英语暑假ZT1服务,三年级英语暑假专题班,否,,不可续,三年级,三年级,三年级,2000.00,凌芝(706979),,暑假,暑假,正常,2026-08-18,2026-08-18,已审核,走读,常规面授,常规面授,,20,2026-07-07,每天10:40-12:40(上5休1）,"有教材,开课前领取",2026-08-28,6,学习机托管(智学),北辰110教室,北辰110教室,班级刷卡,20人,学习机托管,北辰教学区,2026-08-28,12,14,专项音标
"素养智学部",博文妙笔,博文妙笔,博文妙笔,BWZX127A0014,1级博文,一年级博文妙笔暑假YL（入口）班,通用,12,12,1080,1080,90.0,"	0.00",YL（入口）,YL（入口）,专项体系,专项体系,一年级博文妙笔暑假YL（入口）班,一年级博文妙笔暑假引流班,否,,不可续,一年级,一年级,一年级,1188.00,梁艳云(612643),,暑假,暑假,正常,2026-07-23,2026-07-23,已审核,走读,常规面授,常规面授,,15,2026-06-29,每天10:40-12:10(上5休1),"有教材,开课前领取",2026-08-05,11,素养素质(智学),洋湖卓伯根201教室,洋湖卓伯根201教室,班级刷卡,15人,素养,洋湖卓伯根教学区,2026-08-05,10,12,语商表达1
"素养智学部",脑力与思维,脑力与思维,脑力与思维,SW127A0016,取消脑力思维1B（暑）,取消脑力与思维L1暑假B1班,通用,10,0,1100,1100,110.0,"	0.00",L1,L1,常规体系,常规体系,脑力与思维L1暑假B1班,一年级脑力与思维暑假L1班,否,,连季续,一年级,一年级,一年级,2100.00,郑婕(612636),,暑假,暑假,取消班,2026-07-23,,已审核,走读,常规面授,常规面授,,0,2026-02-26,每天08:30-10:20(上5休1),"有教材,开课前领取",,0,素养素质(智学),星沙筑梦205教室,星沙筑梦205教室,班级刷卡,15人,素养,星沙筑梦教学区,2026-08-02,10,12,思维1
"素养智学部",英语,英语,英语,YYZH3A270313,SY双语智慧3A（暑）,三年级英语暑假A1服务（创新默认A）,通用,10,10,1200,1200,120.0,"	0.00",TG,TG,常规体系,常规体系,三年级英语暑假A1服务,三年级英语A暑假智慧学习空间,否,,连季续,三年级,三年级,三年级,1800.00,赵洁(399648),,暑假,暑假,正常,2026-07-23,2026-07-23,已审核,"走读,在线","常规面授,在线录播",在线录播,智慧学习机,23,2026-04-27,每天16:00-18:00,"有教材,开课前领取",2026-08-02,22,学习机托管(智学),湘潭东方名苑203自习室,湘潭东方名苑203自习室,班级刷卡,20人,学习机托管,湘潭东方名苑教学区,2026-08-02,12,14,三年级英语
"素养智学部",英语,英语,英语,YYZH6A0724,双语智慧6A（暑）,六年级英语暑假A2服务（默认A）,通用,10,10,1200,1200,120.0,"	0.00",TG,TG,常规体系,常规体系,六年级英语暑假A2服务,六年级英语A暑假智慧学习空间,否,,连季续,六年级(小学),六年级,六年级,2000.00,邓谢莹(438832),,暑假,暑假,正常,2026-08-18,2026-08-18,已审核,"走读,在线","常规面授,在线录播",在线录播,智慧学习机,24,2026-07-17,每天10:40-12:40(上5休1）,"有教材,开课前领取",2026-08-28,9,学习机托管(智学),梅岭国际1自习室,梅岭国际1自习室,班级刷卡,20人,学习机托管,梅岭国际教学区,2026-08-28,8,12,六年级英语
"智慧学习部",数学,数学,数学,SXZH7A2700045,取消SX暑假智慧学习空间7A,取消学习机托管七年级数学暑假A2服务,通用,12,0,1440,1440,120.0,"	0.00",A2,A2,A体系,A体系,学习机托管七年级数学暑假A2服务,SX暑假智慧学习空间7A,否,,连季续,初一,七年级,七年级,2400.00,田分(441061),,暑假,暑假,取消班,2026-08-12,,已审核,"走读,在线","常规面授,在线录播",在线录播,智慧学习机,0,2025-12-19,每天08:30-10:30,"有教材,开课前领取",,0,学习机托管(智慧),大润发307教室,大润发307教室,班级刷卡,20人,学习机托管,大润发教学区,2026-08-23,8,12,初一数学
"素养智学部",双语故事表演,双语故事表演,双语故事表演,PM627A0031,取消双语绘本C6（暑）,取消双语故事表演L6暑假B2班,通用,10,0,1100,1100,110.0,"	0.00",L6,L6,常规体系,常规体系,双语故事表演L6暑假B2班,六年级双语故事表演暑假L6班,否,,连季续,六年级(小学),六年级,六年级,2000.00,姜贵敏(366928),,暑假,暑假,取消班,2026-07-23,,已审核,走读,常规面授,常规面授,,0,2026-02-26,每天13:50-15:40(上5休1),"有教材,开课前领取",,0,素养素质(智学),梅岭国际8自习室,梅岭国际8自习室,班级刷卡,15人,素养,梅岭国际教学区,2026-08-02,10,12,故事会6
"素养智学部",双语故事表演,双语故事表演,双语故事表演,PM127A0062,双语绘本1C（暑）,双语故事表演L1暑假B2班,通用,10,10,1100,1100,110.0,"	0.00",L1,L1,常规体系,常规体系,双语故事表演L1暑假B2班,一年级双语故事表演暑假L1班,否,,连季续,一年级,一年级,一年级,2100.00,唐芷怡(667001),,暑假,暑假,正常,2026-08-18,2026-08-18,已审核,走读,常规面授,常规面授,,16,2026-02-26,每天10:40-12:30(上5休1),"有教材,开课前领取",2026-08-28,15,素养素质(智学),八方小区206教室,八方小区206教室,班级刷卡,15人,素养,八方小区教学区,2026-08-28,10,12,分级阅读1
"高中班级部",数学,数学,数学,GYSXA3864,取消高一数学暑假志高班,取消十年级数学暑假B1班（面授）,通用,14,0,1680,1680,120.0,"	0.00",B1,B1,B体系,B体系,十年级数学暑假B1班,高一数学暑假志高班,否,,连季续,高一,十年级,高一,2660.00,王嘉盛(264065),,暑假,暑假,取消班,2026-07-21,,已审核,走读,常规面授,常规面授,,0,2026-07-06,"	08:00-10:00","有教材,开课前领取",,0,高中部,晚报大厦306教室,晚报大厦306教室,班级刷卡,25人,本地班课,晚报大厦教学区,2026-08-04,10,15,高一数学
"高中班级部",物理,物理,物理,GYWLA3548,取消高一物理暑假志高班,取消十年级物理暑假B1班（面授）,通用,14,0,1680,1680,120.0,"	0.00",B1,B1,B体系,B体系,十年级物理暑假B1班,高一物理暑假志高班,否,,连季续,高一,十年级,高一,2660.00,邹志超(248531),,暑假,暑假,取消班,2026-07-21,,已审核,走读,常规面授,常规面授,,0,2026-07-06,10:20-12:20,"有教材,开课前领取",,0,高中部,晚报大厦306教室,晚报大厦306教室,班级刷卡,25人,本地班课,晚报大厦教学区,2026-08-04,10,15,高一物理
"智慧学习部",英语,英语,英语,YYZH8A27033,取消YY暑假智慧学习空间8C,取消学习机托管八年级英语暑假B2服务（C+）,通用,10,0,1200,1200,120.0,"	0.00",B2,B2,B体系,B体系,学习机托管八年级英语暑假B2服务,YY暑假智慧学习空间8C,否,,连季续,初二,八年级,八年级,2400.00,韩若萱(612599),,暑假,暑假,取消班,2026-08-12,,已审核,"走读,在线","常规面授,在线录播",在线录播,智慧学习机,0,2026-03-24,每天10:40-12:40(上五休一）,"有教材,开课前领取",,1,学习机托管(智慧),井湾子10自习室,井湾子10自习室,班级刷卡,20人,学习机托管,井湾子智慧空间,2026-08-22,8,12,初二英语
"素养智学部",博文妙笔,博文妙笔,博文妙笔,BW527A0025,取消博文口才 5（暑）,取消博文妙笔L5暑假B1班,通用,10,0,1100,1100,110.0,"	0.00",L5,L5,常规体系,常规体系,博文妙笔L5暑假B1班,五年级博文妙笔暑假L5班,否,,连季续,五年级,五年级,五年级,2000.00,游湘(706973),,暑假,暑假,取消班,2026-08-18,,已审核,走读,常规面授,常规面授,,0,2026-02-26,每天13:50-15:40(上5休1),"有教材,开课前领取",,0,素养素质(智学),洋湖卓伯根203教室,洋湖卓伯根203教室,班级刷卡,15人,素养,洋湖卓伯根教学区,2026-08-28,10,12,语商表达5
"高中班级部",语文,语文,语文,GYYWA525,取消高一语文暑假精进班,取消十年级语文暑假A2班（面授）,通用,14,0,1680,1680,120.0,"	0.00",A2,A2,A体系,A体系,十年级语文暑假A2班,高一语文暑假精进班,否,,连季续,高一,十年级,高一,2660.00,欧阳婷(366645),,暑假,暑假,取消班,2026-08-06,,已审核,走读,常规面授,常规面授,,0,2025-12-15,16:00-18:00,"有教材,开课前领取",,0,高中部,浏城桥520教室（新）,浏城桥520教室（新）,班级刷卡,25人,本地班课,浏城桥教学区,2026-08-20,10,15,高一语文
"素养智学部",数学,数学,数学,OSXZH6A0004,取消（取消）SX暑假智慧学习小组6B,取消六年级数学暑假学习机线上B1服务（默认B）,通用,10,0,1200,1200,120.0,"	0.00",XXJ,XXJ,常规体系,常规体系,六年级数学暑假学习机线上B1服务,六年级数学B暑假智慧学习小组,否,,连季续,六年级(小学),六年级,六年级,1500.00,李欣儒(612654),,暑假,暑假,取消班,2026-08-18,,已审核,在线,在线录播,在线录播,智慧学习机,0,2026-02-27,每天16:00-18:00(上5休1）,"有教材,快递配送",,0,学习机线上(智学),长沙线上课,儿童网络虚拟教室1,班级刷卡,24人,学习机线上,网络教学区,2026-08-28,3,14,六年级数学
"素养智学部",博文妙笔,博文妙笔,博文妙笔,BW527A0007,博文口才 5（暑）,博文妙笔L5暑假B1班,通用,10,10,1100,1100,110.0,"	0.00",L5,L5,常规体系,常规体系,博文妙笔L5暑假B1班,五年级博文妙笔暑假L5班,否,,连季续,五年级,五年级,五年级,2000.00,朱芊(606164),,暑假,暑假,正常,2026-08-18,2026-08-18,已审核,走读,常规面授,常规面授,,19,2026-02-26,每天13:50-15:40(上5休1),"有教材,开课前领取",2026-08-28,19,素养素质(智学),中信309教室,中信309教室,班级刷卡,15人,素养,中信教学区,2026-08-28,10,12,语商表达5
"素养智学部",博文妙笔,博文妙笔,博文妙笔,BW527A0051,博文口才 5（暑）,博文妙笔L5暑假B1班,通用,10,10,1100,1100,110.0,"	0.00",L5,L5,常规体系,常规体系,博文妙笔L5暑假B1班,五年级博文妙笔暑假L5班,否,,连季续,五年级,五年级,五年级,2000.00,王慧玲(176202),,暑假,暑假,正常,2026-08-18,2026-08-18,已审核,走读,常规面授,常规面授,,22,2026-03-25,每天08:30-10:20(上5休1),"有教材,开课前领取",2026-08-28,14,素养素质(智学),雨花家园206教室,雨花家园206教室,班级刷卡,15人,素养,雨花家园教学区,2026-08-28,10,12,语商表达5
"智慧学习部",英语,英语,英语,YYZH9A27049,取消YY暑假智慧学习空间9A,取消学习机托管九年级英语暑假A2服务,通用,10,0,1200,1200,120.0,"	0.00",A2,A2,A体系,A体系,学习机托管九年级英语暑假A2服务,YY暑假智慧学习空间9A,否,,连季续,中考,九年级,九年级,2000.00,龙露曼(130380),,暑假,暑假,取消班,2026-08-12,,已审核,"走读,在线","常规面授,在线录播",在线录播,智慧学习机,0,2026-04-09,每天10:40-12:40(上五休一),"有教材,开课前领取",,0,学习机托管(智慧),方圆荟211自习室,方圆荟211自习室,班级刷卡,20人,学习机托管,方圆荟智慧空间,2026-08-22,8,12,中考英语
"素养智学部",数学,数学,数学,SXZH4A0720,思维智慧4A（暑）,四年级数学暑假A2服务（默认A）,通用,10,10,1200,1200,120.0,"	0.00",TG,TG,常规体系,常规体系,四年级数学暑假A2服务,四年级数学A暑假智慧学习空间,否,,连季续,四年级,四年级,四年级,2000.00,赵早阳(411228),,暑假,暑假,正常,2026-08-18,2026-08-18,已审核,"走读,在线","常规面授,在线录播",在线录播,智慧学习机,24,2026-06-25,每天10:40-12:40（上5休1）,"有教材,开课前领取",2026-08-28,8,学习机托管(智学),井湾子01自习室,井湾子01自习室,班级刷卡,20人,学习机托管,井湾子智慧空间,2026-08-28,8,12,四年级数学
"智慧学习部",语文,语文,语文,YWZH8A27035,取消YW暑假智慧学习空间8A,取消学习机托管八年级语文暑假A2服务,通用,10,0,1200,1200,120.0,"	0.00",A2,A2,A体系,A体系,学习机托管八年级语文暑假A2服务,YW暑假智慧学习空间8A,否,,连季续,初二,八年级,八年级,2000.00,陈舒颖(703443),,暑假,暑假,取消班,2026-08-12,,已审核,"走读,在线","常规面授,在线录播",在线录播,智慧学习机,0,2026-04-09,每天08:30-10:30(上五休一),"有教材,开课前领取",,0,学习机托管(智慧),大润发307教室,大润发307教室,班级刷卡,20人,学习机托管,大润发教学区,2026-08-22,8,12,初二语文
"智慧学习部",数学,数学,数学,SXZH7A2700022,取消SX暑假智慧学习空间7B,取消学习机托管七年级数学暑假B1服务,通用,12,0,1440,1440,120.0,"	0.00",B1,B1,B体系,B体系,学习机托管七年级数学暑假B1服务,SX暑假智慧学习空间7B,否,,连季续,初一,七年级,七年级,2400.00,姜晓慧(703462),,暑假,暑假,取消班,2026-07-30,,已审核,"走读,在线","常规面授,在线录播",在线录播,智慧学习机,0,2025-12-19,每天13:50-15:50,"有教材,开课前领取",,0,学习机托管(智慧),梅溪湖旗舰店205教室,梅溪湖旗舰店205教室,班级刷卡,20人,学习机托管,梅溪湖旗舰店教学区,2026-08-10,8,12,初一数学
"素养智学部",双语故事表演,双语故事表演,双语故事表演,PMS327A0028,取消双语绘本K（暑）,取消双语故事表演S3暑假B1班,通用,10,0,900,900,90.0,"	0.00",S3,S3,常规体系,常规体系,双语故事表演S3暑假B1班,S3双语故事表演暑假S3班,否,,连季续,S3,S3,S3,1575.00,张涵(652450),,暑假,暑假,取消班,2026-07-23,,已审核,走读,常规面授,常规面授,,0,2026-02-26,每天10:40-12:10(上5休1),"有教材,开课前领取",,0,素养素质(智学),梅溪湖南210教室,梅溪湖南210教室,班级刷卡,15人,素养,梅溪湖南教学区,2026-08-02,10,12,分级阅读K
"素养智学部",双语故事表演,双语故事表演,双语故事表演,YB627A0002A,取消PET考培集训班,取消S2双语故事表演暑假ZT1班（默认2）,通用,10,0,900,900,90.0,"	0.00",ZT1,ZT1,专项体系,专项体系,S2双语故事表演暑假ZT1班,S2双语故事表演暑假专题班,否,,不可续,S2,S2,S2,2250.00,陈佳妮(203358),,暑假,暑假,取消班,2026-07-23,,已审核,走读,常规面授,常规面授,,0,2026-05-09,每天09:00-10:30(上5休1),"有教材,开课前领取",,0,素养素质(智学),湘江世纪城305教室,湘江世纪城305教室,班级刷卡,10人,素养,湘江世纪城教学区,2026-08-02,7,8,留学预备营
"素养智学部",双语故事表演,双语故事表演,双语故事表演,PM427A0009,双语绘本4C（暑）,双语故事表演L4暑假B2班,通用,10,10,1100,1100,110.0,"	0.00",L4,L4,常规体系,常规体系,双语故事表演L4暑假B2班,四年级双语故事表演暑假L4班,否,,连季续,四年级,四年级,四年级,2000.00,徐欢(612651),,暑假,暑假,正常,2026-08-18,2026-08-18,已审核,走读,常规面授,常规面授,,22,2026-02-26,每天08:30-10:20(上5休1),"有教材,开课前领取",2026-08-28,19,素养素质(智学),梅溪湖南206教室,梅溪湖南206教室,班级刷卡,15人,素养,梅溪湖南教学区,2026-08-28,10,12,分级阅读4
"素养智学部",英语,英语,英语,YYZH4A0435,双语智慧4B（暑）,四年级英语暑假B1服务（默认B）,通用,10,10,1200,1200,120.0,"	0.00",TG,TG,常规体系,常规体系,四年级英语暑假B1服务,四年级英语A暑假智慧学习空间,否,,连季续,四年级,四年级,四年级,2000.00,刘雯娜(084679),,暑假,暑假,正常,2026-08-18,2026-08-18,已审核,"走读,在线","常规面授,在线录播",在线录播,智慧学习机,22,2026-02-27,每天13:50-15:50(上5休1）,"有教材,开课前领取",2026-08-28,21,学习机托管(智学),美林银谷313教室,美林银谷313教室,班级刷卡,20人,学习机托管,美林银谷教学区,2026-08-28,12,12,四年级英语
"素养智学部",双语故事表演,双语故事表演,双语故事表演,PMS227A0101,取消双语绘本k（暑）,取消双语故事表演预备级S2暑假B2班,通用,10,0,900,900,90.0,"	0.00",S2,S2,常规体系,常规体系,双语故事表演预备级S2暑假B2班,S2双语故事表演暑假S2班,否,,连季续,S2,S2,S2,2250.00,谭雅兰(720717),,暑假,暑假,取消班,2026-08-18,,已审核,走读,常规面授,常规面授,,0,2026-06-24,每天16:00-17:30,"有教材,开课前领取",,0,素养素质(智学),星沙筑梦203教室,星沙筑梦203教室,班级刷卡,10人,素养,星沙筑梦教学区,2026-08-28,7,7,分级阅读K
"素养智学部",双语故事表演,双语故事表演,双语故事表演,PMS327A0052,双语绘本k（暑）,双语故事表演S3暑假B1班,通用,10,10,900,900,90.0,"	0.00",S3,S3,常规体系,常规体系,双语故事表演S3暑假B1班,S3双语故事表演暑假S3班,否,,连季续,S3,S3,S3,1575.00,谭雅兰(720717),,暑假,暑假,正常,2026-08-18,2026-08-18,已审核,走读,常规面授,常规面授,,15,2026-07-15,每天16:00-17:30(上5休1),"有教材,开课前领取",2026-08-28,14,素养素质(智学),星沙筑梦203教室,星沙筑梦203教室,班级刷卡,15人,素养,星沙筑梦教学区,2026-08-28,10,12,分级阅读K
"素养智学部",脑力与思维,脑力与思维,脑力与思维,SW627A0024,脑力思维6B（暑）,脑力与思维L6暑假B1班,通用,10,10,1100,1100,110.0,"	0.00",L6,L6,常规体系,常规体系,脑力与思维L6暑假B1班,六年级脑力与思维暑假L6班,否,,连季续,六年级(小学),六年级,六年级,2000.00,孙博(254190),,暑假,暑假,正常,2026-08-18,2026-08-18,已审核,走读,常规面授,常规面授,,19,2026-02-26,每天10:40-12:30(上5休1),"有教材,开课前领取",2026-08-28,18,素养素质(智学),湘江世纪城306教室,湘江世纪城306教室,班级刷卡,15人,素养,湘江世纪城教学区,2026-08-28,10,12,思维6
"素养智学部",书法,书法,书法,XZ127A0022,素质成长营（写字1）（暑）,S3书法暑假ZT1班,通用,10,10,900,900,90.0,"	0.00",ZT1,ZT1,专项体系,专项体系,S3书法暑假ZT1班,S3书法暑假ZT1班,否,,不可续,S3,S3,S3,975.00,朱庆香(342027),,暑假,暑假,正常,2026-08-05,2026-08-05,已审核,走读,常规面授,常规面授,,15,2026-07-15,每天16:20-17:50(上5休1),"有教材,开课前领取",2026-08-15,8,素养素质(智学),听香水榭306教室,听香水榭306教室,班级刷卡,12人,素质,听香水榭教学区,2026-08-15,7,8,书法1
"素养智学部",书法,书法,书法,XZ327A0006,取消素质成长营（写字3）（暑）,取消二年级书法暑假ZT1班,通用,10,0,900,900,90.0,"	0.00",ZT1,ZT1,专项体系,专项体系,二年级书法暑假ZT1班,二年级书法暑假ZT1班,否,,不可续,二年级,二年级,二年级,975.00,郭文淋(696226),,暑假,暑假,取消班,2026-08-18,,已审核,走读,常规面授,常规面授,,0,2026-03-22,每天16:00-17:30(上5休1),"有教材,开课前领取",,0,素养素质(智学),北辰104教室,北辰104教室,班级刷卡,12人,素质,北辰教学区,2026-08-28,7,8,书法3
"素养智学部",双语故事表演,双语故事表演,双语故事表演,YB627A0002B,取消PET考培集训班,取消S2双语故事表演暑假ZT1班（默认2）,通用,10,0,900,900,90.0,"	0.00",ZT1,ZT1,专项体系,专项体系,S2双语故事表演暑假ZT1班,S2双语故事表演暑假专题班,否,,不可续,S2,S2,S2,2250.00,陈佳妮(203358),,暑假,暑假,取消班,2026-07-23,,已审核,走读,常规面授,常规面授,,0,2026-05-09,每天10:31-12:01(上5休1),"有教材,开课前领取",,0,素养素质(智学),湘江世纪城305教室,湘江世纪城305教室,班级刷卡,10人,素养,湘江世纪城教学区,2026-08-02,7,8,留学预备营
"素养智学部",双语故事表演,双语故事表演,双语故事表演,PM127A0133,双语绘本1B（暑）,双语故事表演L1暑假B2班,通用,10,10,1100,1100,110.0,"	0.00",L1,L1,常规体系,常规体系,双语故事表演L1暑假B2班,一年级双语故事表演暑假L1班,否,,连季续,一年级,一年级,一年级,2100.00,谭雅兰(720717),,暑假,暑假,正常,2026-08-18,2026-08-18,已审核,走读,常规面授,常规面授,,15,2026-02-26,每天10:40-12:30(上5休1),"有教材,开课前领取",2026-08-28,13,素养素质(智学),星沙筑梦203教室,星沙筑梦203教室,班级刷卡,15人,素养,星沙筑梦教学区,2026-08-28,10,12,分级阅读1
"素养智学部",双语故事表演,双语故事表演,双语故事表演,PMS327A0031,双语绘本K（暑）,双语故事表演S3暑假B1班,通用,10,10,900,900,90.0,"	0.00",S3,S3,常规体系,常规体系,双语故事表演S3暑假B1班,S3双语故事表演暑假S3班,否,,连季续,S3,S3,S3,1575.00,谭雅兰(720717),,暑假,暑假,正常,2026-07-23,2026-07-23,已审核,走读,常规面授,常规面授,,15,2026-02-26,每天10:40-12:10(上5休1),"有教材,开课前领取",2026-08-02,5,素养素质(智学),星沙湘龙310教室,星沙湘龙310教室,班级刷卡,15人,素养,星沙湘龙教学区,2026-08-02,10,12,分级阅读K
"国外考试部",全科,"阅读,写作,听力,口语",,YZG2708A,雅思大学生直通车高级班（A）,雅思大学生直通车高级班（FY26-A）,IELTS直通车,32,48,3840,3840,120.0,"	0.00",IELTS,IELTS,常规体系,常规体系,雅思大学生直通车高级班,雅思大学生直通车高级班,否,,可续,,,,12800.00,,,暑假,,正常,2026-07-17,2026-07-17,已审核,"走读,在线","常规面授,在线直播",在线直播,云教室小班（25人以下）,10,2025-12-23,"周一至周六10:10-12:10,13:30-15:30,15:40-17:40","有教材,开课前领取",2026-08-04,10,国外考试部,芙蓉广场教学区,芙蓉广场虚拟教室（16楼大会议室）,班级刷卡,6人,国外考试部,芙蓉广场教学区,2026-08-04,4,5,
"智慧学习部",语文,语文,语文,YWZH8A27031,取消YW暑假智慧学习空间8A,取消学习机托管八年级语文暑假A2服务,通用,10,0,1200,1200,120.0,"	0.00",A2,A2,A体系,A体系,学习机托管八年级语文暑假A2服务,YW暑假智慧学习空间8A,否,,连季续,初二,八年级,八年级,2000.00,王秋(703460),,暑假,暑假,取消班,2026-08-12,,已审核,"走读,在线","常规面授,在线录播",在线录播,智慧学习机,0,2026-03-24,每天10:40-12:40(上五休一）,"有教材,开课前领取",,0,学习机托管(智慧),月亮岛自习室5,月亮岛自习室5,班级刷卡,20人,学习机托管,月亮岛教学区,2026-08-22,8,12,初二语文
"高中班级部",化学,化学,化学,GRHXA523,取消高二化学暑假精进班,取消十一年级化学暑假A2班（面授）,通用,14,0,1680,1680,120.0,"	0.00",A2,A2,A体系,A体系,十一年级化学暑假A2班,高二化学暑假精进班,否,,连季续,高二,十一年级,高二,2660.00,王丽(098443),,暑假,暑假,取消班,2026-07-21,,已审核,走读,常规面授,常规面授,,0,2025-12-15,13:40-15:40,"有教材,开课前领取",,0,高中部,浏城桥523教室,浏城桥523教室,班级刷卡,25人,本地班课,浏城桥教学区,2026-08-04,10,15,高二化学
"智慧学习部",语文,语文,语文,OYWZH8A270001,取消SYYW暑假智慧学习小组8A,取消学习机线上八年级语文暑假A2服务（创新默认A）,通用,10,0,1200,1200,120.0,"	0.00",A2,A2,A体系,A体系,学习机线上八年级语文暑假A2服务,YW暑假智慧学习小组8A,否,,连季续,初二,八年级,八年级,1480.00,郑雅雯(354670),,暑假,暑假,取消班,2026-07-23,,已审核,在线,在线录播,在线录播,智慧学习机,0,2026-04-05,每天16:00-18:00,"有教材,快递配送",,0,学习机线上(智慧),省域初中网络虚拟教室2,省域初中网络虚拟教室2,班级刷卡,24人,学习机线上,省域网络教学区,2026-08-02,3,3,初二语文
"素养智学部",博文妙笔,博文妙笔,博文妙笔,BWZX127A0018,1级博文,一年级博文妙笔暑假YL（入口）班（默认1）,通用,10,10,900,900,90.0,"	0.00",YL（入口）,YL（入口）,专项体系,专项体系,一年级博文妙笔暑假YL（入口）班,一年级博文妙笔暑假引流班,否,,不可续,一年级,一年级,一年级,990.00,李雪晴(707039),,暑假,暑假,正常,2026-07-23,2026-07-23,已审核,走读,常规面授,常规面授,,15,2026-07-13,每天09:00-10:30(上5休1),"有教材,开课前领取",2026-08-02,4,素养素质(智学),吉联mall306教室,吉联mall306教室,班级刷卡,15人,素养,吉联mall教学区,2026-08-02,10,12,语商表达1
"素养智学部",数学,数学,数学,SXZH6A0701,思维智慧6A（暑）,六年级数学暑假A1服务（默认A）,通用,10,10,1200,1200,120.0,"	0.00",TG,TG,常规体系,常规体系,六年级数学暑假A1服务,六年级数学A暑假智慧学习空间,否,,连季续,六年级(小学),六年级,六年级,2000.00,赵早阳(411228),,暑假,暑假,正常,2026-08-18,2026-08-18,已审核,"走读,在线","常规面授,在线录播",在线录播,智慧学习机,24,2026-07-13,每天16:00-18:00(上5休1）,"有教材,开课前领取",2026-08-28,12,学习机托管(智学),湘江世纪城218教室,湘江世纪城218教室,班级刷卡,20人,学习机托管,湘江世纪城教学区,2026-08-28,8,12,六年级数学
"素养智学部",脑力与思维,脑力与思维,脑力与思维,SW1ZX27A0001,取消1级思维,取消一年级脑力与思维暑假YL（入口）班,通用,12,0,1080,1080,90.0,"	0.00",YL（入口）,YL（入口）,专项体系,专项体系,一年级脑力与思维暑假YL（入口）班,一年级脑力与思维暑假引流班,否,,不可续,一年级,一年级,一年级,1188.00,邹沁婷(364799),,暑假,暑假,取消班,2026-07-23,,已审核,走读,常规面授,常规面授,,0,2026-06-12,每天16:00-17:30(上5休1),"有教材,开课前领取",,0,素养素质(智学),洋湖新城303教室,洋湖新城303教室,班级刷卡,15人,素养,洋湖新城教学区,2026-08-05,10,12,思维1
"素养智学部",双语故事表演,双语故事表演,双语故事表演,PM427A0076,双语绘本4C（暑）,双语故事表演L4暑假B2班,通用,10,10,1100,1100,110.0,"	0.00",L4,L4,常规体系,常规体系,双语故事表演L4暑假B2班,四年级双语故事表演暑假L4班,否,,连季续,四年级,四年级,四年级,2000.00,周婵(361900),,暑假,暑假,正常,2026-08-18,2026-08-18,已审核,走读,常规面授,常规面授,,22,2026-02-26,每天10:40-12:30(上5休1),"有教材,开课前领取",2026-08-28,20,素养素质(智学),八方小区203教室,八方小区203教室,班级刷卡,15人,素养,八方小区教学区,2026-08-28,10,12,分级阅读4
"智慧学习部",语文,语文,语文,OYWZH9A270001,SYYW暑假智慧学习小组9A,学习机线上九年级语文暑假A2服务（创新默认A）,通用,10,10,1200,1200,120.0,"	0.00",A2,A2,A体系,A体系,学习机线上九年级语文暑假A2服务,YW暑假智慧学习小组9A,否,,连季续,中考,九年级,九年级,1480.00,郑雅雯(354670),,暑假,暑假,正常,2026-08-18,2026-08-18,已审核,在线,在线录播,在线录播,智慧学习机,24,2026-04-05,每天08:30-10:30,"有教材,快递配送",2026-08-28,6,学习机线上(智慧),省域初中网络虚拟教室2,省域初中网络虚拟教室2,班级刷卡,24人,学习机线上,省域网络教学区,2026-08-28,3,3,中考语文
"素养智学部",数学,数学,数学,OSXZH6A27002,SYSX暑假智慧学习小组6B,六年级数学暑假学习机线上B1服务（创新默认B）,通用,10,10,1200,1200,120.0,"	0.00",XXJ,XXJ,常规体系,常规体系,六年级数学暑假学习机线上B1服务,六年级数学B暑假智慧学习小组,否,,连季续,六年级(小学),六年级,六年级,1350.00,颜茜(253353),,暑假,暑假,正常,2026-08-18,2026-08-18,已审核,在线,在线录播,在线录播,智慧学习机,24,2026-04-05,每天13:50-15:50,"有教材,快递配送",2026-08-28,21,学习机线上(智学),省域儿童网络虚拟教室1,省域儿童网络虚拟教室1,班级刷卡,24人,学习机线上,省域网络教学区,2026-08-28,3,14,六年级数学
"素养智学部",英语,英语,英语,OYYZH5A27003,SYYY暑假智慧学习小组5A,五年级学习机线上英语暑假B1服务（创新默认A）,通用,10,10,1200,1200,120.0,"	0.00",XXJ,XXJ,常规体系,常规体系,五年级学习机线上英语暑假B1服务,五年级英语B暑假智慧学习小组,否,,连季续,五年级,五年级,五年级,1350.00,王雅娟(307764),,暑假,暑假,正常,2026-08-18,2026-08-18,已审核,在线,在线录播,在线录播,智慧学习机,24,2026-04-05,每天10:40-12:40,"有教材,快递配送",2026-08-28,18,学习机线上(智学),省域儿童网络虚拟教室1,省域儿童网络虚拟教室1,班级刷卡,24人,学习机线上,省域网络教学区,2026-08-28,3,14,五年级英语
"智慧学习部",数学,数学,数学,OSXZH9A270003,SYSX暑假智慧学习小组9B,学习机线上九年级数学暑假B1服务（创新默认B）,通用,10,10,1200,1200,120.0,"	0.00",B1,B1,B体系,B体系,学习机线上九年级数学暑假B1服务,SX暑假智慧学习小组9B,否,,连季续,中考,九年级,九年级,1480.00,刘欣言(674548),,暑假,暑假,正常,2026-08-18,2026-08-18,已审核,在线,在线录播,在线录播,智慧学习机,24,2026-04-05,每天08:30-10:30,"有教材,快递配送",2026-08-28,8,学习机线上(智慧),省域初中网络虚拟教室2,省域初中网络虚拟教室2,班级刷卡,24人,学习机线上,省域网络教学区,2026-08-28,3,3,中考数学
"智慧学习部",数学,数学,数学,OSXZH8A270005,SYSX暑假智慧学习小组8B,学习机线上八年级数学暑假B1服务（创新默认B）,通用,10,10,1200,1200,120.0,"	0.00",B1,B1,B体系,B体系,学习机线上八年级数学暑假B1服务,SX暑假智慧学习小组8B,否,,连季续,初二,八年级,八年级,1480.00,赵早阳(411228),,暑假,暑假,正常,2026-08-18,2026-08-18,已审核,在线,在线录播,在线录播,智慧学习机,24,2026-04-05,每天08:30-10:30,"有教材,快递配送",2026-08-28,11,学习机线上(智慧),省域初中网络虚拟教室2,省域初中网络虚拟教室2,班级刷卡,24人,学习机线上,省域网络教学区,2026-08-28,3,3,初二数学
"素养智学部",英语,英语,英语,OYYZH6A27003,SYYY暑假智慧学习小组6B,六年级学习机线上英语暑假B1服务（创新默认B）,通用,10,10,1200,1200,120.0,"	0.00",XXJ,XXJ,常规体系,常规体系,六年级学习机线上英语暑假B1服务,六年级英语B暑假智慧学习小组,否,,连季续,六年级(小学),六年级,六年级,1350.00,王思远(063684),,暑假,暑假,正常,2026-08-18,2026-08-18,已审核,在线,在线录播,在线录播,智慧学习机,24,2026-04-05,每天16:00-18:00,"有教材,快递配送",2026-08-28,15,学习机线上(智学),省域儿童网络虚拟教室1,省域儿童网络虚拟教室1,班级刷卡,24人,学习机线上,省域网络教学区,2026-08-28,3,14,六年级英语
"智慧学习部",英语,英语,英语,OYYZH9A270004,SYYY暑假智慧学习小组9B,学习机线上九年级英语暑假B1服务（创新默认B）,通用,10,10,1200,1200,120.0,"	0.00",B1,B1,B体系,B体系,学习机线上九年级英语暑假B1服务,YY暑假智慧学习小组9B,否,,连季续,中考,九年级,九年级,1480.00,欧阳霁云(266834),,暑假,暑假,正常,2026-08-18,2026-08-18,已审核,在线,在线录播,在线录播,智慧学习机,24,2026-04-05,每天16:00-18:00,"有教材,快递配送",2026-08-28,8,学习机线上(智慧),省域初中网络虚拟教室2,省域初中网络虚拟教室2,班级刷卡,24人,学习机线上,省域网络教学区,2026-08-28,3,3,中考英语
"素养智学部",双语故事表演,双语故事表演,双语故事表演,PM227A00301,取消（取消）SY双语绘本2B（暑）,取消双语故事表演L2暑假B2班（创新B2(走读)）,通用,10,0,1100,1100,110.0,"	0.00",L2,L2,常规体系,常规体系,双语故事表演L2暑假B2班,二年级双语故事表演暑假L2班,否,,连季续,二年级,二年级,二年级,1890.00,谢嘉炜(121372),,暑假,暑假,取消班,2026-08-18,,已审核,走读,常规面授,常规面授,,0,2026-04-05,每天10:40-12:30,"有教材,开课前领取",,0,素养素质(智学),湘潭东方名苑教学区,,班级刷卡,15人,素养,湘潭东方名苑教学区,2026-08-28,10,12,分级阅读2
"素养智学部",数学,数学,数学,OSXZH5A27012,取消（取消）SYSX暑假智慧学习小组5B,取消五年级数学暑假学习机线上B1服务（创新默认B）,通用,10,0,1200,1200,120.0,"	0.00",XXJ,XXJ,常规体系,常规体系,五年级数学暑假学习机线上B1服务,五年级数学B暑假智慧学习小组,否,,连季续,五年级,五年级,五年级,1350.00,熊广锋(442717),,暑假,暑假,取消班,2026-08-18,,已审核,在线,在线录播,在线录播,智慧学习机,0,2026-04-05,每天16:00-18:00,"有教材,快递配送",,0,学习机线上(智学),省域初中网络虚拟教室2,省域初中网络虚拟教室2,班级刷卡,24人,学习机线上,省域网络教学区,2026-08-28,3,14,五年级数学
"素养智学部",英语,英语,英语,OYYZH6A27002,取消（取消）SYYY暑假智慧学习小组6A,取消六年级学习机线上英语暑假A2服务（创新默认A）,通用,10,0,1200,1200,120.0,"	0.00",XXJ,XXJ,常规体系,常规体系,六年级学习机线上英语暑假A2服务,六年级英语A暑假智慧学习小组,否,,连季续,六年级(小学),六年级,六年级,1350.00,王雅娟(307764),,暑假,暑假,取消班,2026-08-18,,已审核,在线,在线录播,在线录播,智慧学习机,0,2026-04-05,每天16:00-18:00,"有教材,快递配送",,0,学习机线上(智学),省域儿童网络虚拟教室1,省域儿童网络虚拟教室1,班级刷卡,24人,学习机线上,省域网络教学区,2026-08-28,3,14,六年级英语
"素养智学部",英语,英语,英语,OYYZH4A27003,SYYY暑假智慧学习小组4B,四年级学习机线上英语暑假B1服务（创新默认B）,通用,10,10,1200,1200,120.0,"	0.00",XXJ,XXJ,常规体系,常规体系,四年级学习机线上英语暑假B1服务,四年级英语A暑假智慧学习小组,否,,连季续,四年级,四年级,四年级,1350.00,罗暄(176534),,暑假,暑假,正常,2026-08-18,2026-08-18,已审核,在线,在线录播,在线录播,智慧学习机,22,2026-04-05,每天16:00-18:00,"有教材,快递配送",2026-08-28,7,学习机线上(智学),省域儿童网络虚拟教室1,省域儿童网络虚拟教室1,班级刷卡,24人,学习机线上,省域网络教学区,2026-08-28,3,14,四年级英语
"素养智学部",数学,数学,数学,SXZH4A270281,取消（取消）SY思维智慧4B（暑）,取消四年级数学暑假B1服务（创新默认B+）,通用,10,0,1200,1200,120.0,"	0.00",TG,TG,常规体系,常规体系,四年级数学暑假B1服务,四年级数学B暑假智慧学习空间,否,,连季续,四年级,四年级,四年级,1800.00,,,暑假,暑假,取消班,2026-07-23,,已审核,"走读,在线","常规面授,在线录播",在线录播,智慧学习机,0,2026-04-05,每天13:50-15:50,"有教材,开课前领取",,0,学习机托管(智学),金湘潭教学区,,班级刷卡,20人,学习机托管,金湘潭教学区,2026-08-02,12,14,四年级数学
"素养智学部",英语,英语,英语,YYZH4A270399,取消（取消）SY双语智慧4A（暑）,取消四年级英语暑假B1服务（创新默认A）,通用,10,0,1200,1200,120.0,"	0.00",TG,TG,常规体系,常规体系,四年级英语暑假B1服务,四年级英语A暑假智慧学习空间,否,,连季续,四年级,四年级,四年级,1800.00,熊朗(702291),,暑假,暑假,取消班,2026-07-23,,已审核,"走读,在线","常规面授,在线录播",在线录播,智慧学习机,0,2026-04-05,每天16:00-18:00,"有教材,开课前领取",,0,学习机托管(智学),金湘潭教学区,,班级刷卡,20人,学习机托管,金湘潭教学区,2026-08-02,12,14,四年级英语
"素养智学部",数学,数学,数学,SXZH4A270280,取消（取消）SY思维智慧4B（暑）,取消四年级数学暑假B1服务（创新默认B+）,通用,10,0,1200,1200,120.0,"	0.00",TG,TG,常规体系,常规体系,四年级数学暑假B1服务,四年级数学B暑假智慧学习空间,否,,连季续,四年级,四年级,四年级,1800.00,陈露茜(253234),,暑假,暑假,取消班,2026-08-18,,已审核,"走读,在线","常规面授,在线录播",在线录播,智慧学习机,0,2026-04-05,每天13:50-15:50,"有教材,开课前领取",,0,学习机托管(智学),湘潭东方名苑教学区,,班级刷卡,20人,学习机托管,湘潭东方名苑教学区,2026-08-28,12,14,四年级数学
"智慧学习部",英语,英语,英语,OYYZH8A270004,SYYY暑假智慧学习小组8B,学习机线上八年级英语暑假B1服务（创新默认B）,通用,10,10,1200,1200,120.0,"	0.00",B1,B1,B体系,B体系,学习机线上八年级英语暑假B1服务,YY暑假智慧学习小组8B,否,,连季续,初二,八年级,八年级,1480.00,银欣(331241),,暑假,暑假,正常,2026-08-18,2026-08-18,已审核,在线,在线录播,在线录播,智慧学习机,31,2026-04-05,每天10:40-12:40,"有教材,快递配送",2026-08-28,31,学习机线上(智慧),省域初中网络虚拟教室2,省域初中网络虚拟教室2,班级刷卡,24人,学习机线上,省域网络教学区,2026-08-28,3,3,初二英语
"素养智学部",双语故事表演,双语故事表演,双语故事表演,PM327A0261,SY双语绘本3B（暑）,双语故事表演L3暑假B2班（创新B2(走读)）,通用,10,10,1100,1100,110.0,"	0.00",L3,L3,常规体系,常规体系,双语故事表演L3暑假B2班,三年级双语故事表演暑假L3班,否,,连季续,三年级,三年级,三年级,1800.00,谢嘉炜(121372),,暑假,暑假,正常,2026-07-23,2026-07-23,已审核,走读,常规面授,常规面授,,18,2026-04-05,每天08:30-10:20,"有教材,开课前领取",2026-08-02,10,素养素质(智学),湘潭东方名苑206自习室,湘潭东方名苑206自习室,班级刷卡,15人,素养,湘潭东方名苑教学区,2026-08-02,10,12,分级阅读3
"素养智学部",数学,数学,数学,OSXZH5A27001,取消（取消）SYSX暑假智慧学习小组5A,取消五年级数学暑假学习机线上A1服务（创新默认A）,通用,10,0,1200,1200,120.0,"	0.00",XXJ,XXJ,常规体系,常规体系,五年级数学暑假学习机线上A1服务,五年级数学A暑假智慧学习小组,否,,连季续,五年级,五年级,五年级,1350.00,宋紫薇(410139),,暑假,暑假,取消班,2026-08-18,,已审核,在线,在线录播,在线录播,智慧学习机,0,2026-04-05,每天13:50-15:50,"有教材,快递配送",,0,学习机线上(智学),省域儿童网络虚拟教室1,省域儿童网络虚拟教室1,班级刷卡,24人,学习机线上,省域网络教学区,2026-08-28,3,14,五年级数学
"素养智学部",数学,数学,数学,SXZH3A270275,SY思维智慧3B（暑）,三年级数学暑假B1服务（创新默认B+）,通用,10,10,1200,1200,120.0,"	0.00",TG,TG,常规体系,常规体系,三年级数学暑假B1服务,三年级数学B暑假智慧学习空间,否,,连季续,三年级,三年级,三年级,1800.00,陈露茜(253234),,暑假,暑假,正常,2026-07-23,2026-07-23,已审核,"走读,在线","常规面授,在线录播",在线录播,智慧学习机,22,2026-04-05,每天13:50-15:50,"有教材,开课前领取",2026-08-02,18,学习机托管(智学),湘潭东方名苑205自习室,湘潭东方名苑205自习室,班级刷卡,20人,学习机托管,湘潭东方名苑教学区,2026-08-02,12,14,三年级数学
"素养智学部",数学,数学,数学,SXZH4A270401,SY思维智慧4A（暑）,四年级数学暑假A1服务（创新默认A）,通用,10,10,1200,1200,120.0,"	0.00",TG,TG,常规体系,常规体系,四年级数学暑假A1服务,四年级数学A暑假智慧学习空间,否,,连季续,四年级,四年级,四年级,1800.00,刘欣言(674548),,暑假,暑假,正常,2026-07-23,2026-07-23,已审核,"走读,在线","常规面授,在线录播",在线录播,智慧学习机,20,2026-04-30,每天16:00-18:00,"有教材,开课前领取",2026-08-02,10,学习机托管(智学),湘潭东方名苑205自习室,湘潭东方名苑205自习室,班级刷卡,20人,学习机托管,湘潭东方名苑教学区,2026-08-02,8,12,四年级数学
"素养智学部",双语故事表演,双语故事表演,双语故事表演,PM127A00304,SY双语绘本1B（暑）,双语故事表演L1暑假B2班（创新B2(走读)）,通用,10,10,1100,1100,110.0,"	0.00",L1,L1,常规体系,常规体系,双语故事表演L1暑假B2班,一年级双语故事表演暑假L1班,否,,连季续,一年级,一年级,一年级,1890.00,谢嘉炜(121372),,暑假,暑假,正常,2026-07-23,2026-07-23,已审核,走读,常规面授,常规面授,,15,2026-04-27,每天10:40-12:30,"有教材,开课前领取",2026-08-02,9,素养素质(智学),湘潭东方名苑206自习室,湘潭东方名苑206自习室,班级刷卡,15人,素养,湘潭东方名苑教学区,2026-08-02,10,12,分级阅读1
"智慧学习部",英语,英语,英语,YYZH7A271004,SYYY暑假智慧学习空间7A,学习机托管七年级英语暑假A2服务（创新默认A）,通用,12,12,1440,1440,120.0,"	0.00",A2,A2,A体系,A体系,学习机托管七年级英语暑假A2服务,YY暑假智慧学习空间7A,否,,连季续,初一,七年级,七年级,2160.00,万晶晶(662142),,暑假,暑假,正常,2026-07-22,2026-07-22,已审核,"走读,在线","常规面授,在线录播",在线录播,智慧学习机,24,2026-04-27,每天08:30-10:30,"有教材,开课前领取",2026-08-03,19,学习机托管(智慧),湘潭东方名苑205自习室,湘潭东方名苑205自习室,班级刷卡,20人,学习机托管,湘潭东方名苑教学区,2026-08-03,8,12,初一英语
"素养智学部",英语,英语,英语,YYZH3A2703330,取消SY双语智慧3A（暑）,取消三年级英语暑假A1服务（创新默认A）,通用,10,0,1200,1200,120.0,"	0.00",TG,TG,常规体系,常规体系,三年级英语暑假A1服务,三年级英语A暑假智慧学习空间,否,,连季续,三年级,三年级,三年级,1800.00,裴辉(702290),,暑假,暑假,取消班,2026-08-18,,已审核,"走读,在线","常规面授,在线录播",在线录播,智慧学习机,0,2026-06-23,每天10:40-12:40,"有教材,开课前领取",,0,学习机托管(智学),湘潭东方名苑204自习室,湘潭东方名苑204自习室,班级刷卡,20人,学习机托管,湘潭东方名苑教学区,2026-08-28,12,14,三年级英语
"素养智学部",数学,数学,数学,SXZH4A270282,取消（取消）SY思维智慧4A（暑）,取消四年级数学暑假A1服务（创新默认A）,通用,10,0,1200,1200,120.0,"	0.00",TG,TG,常规体系,常规体系,四年级数学暑假A1服务,四年级数学A暑假智慧学习空间,否,,连季续,四年级,四年级,四年级,1800.00,颜茜(253353),,暑假,暑假,取消班,2026-08-18,,已审核,"走读,在线","常规面授,在线录播",在线录播,智慧学习机,0,2026-04-05,每天08:30-10:30,"有教材,开课前领取",,0,学习机托管(智学),株洲华人街自习室02,株洲华人街自习室02,班级刷卡,20人,学习机托管,株洲华人街教学区,2026-08-28,12,12,四年级数学
"素养智学部",英语,英语,英语,YYZH4A270400,取消（取消）SY双语智慧4A（暑）,取消四年级英语暑假B1服务（创新默认A）,通用,10,0,1200,1200,120.0,"	0.00",TG,TG,常规体系,常规体系,四年级英语暑假B1服务,四年级英语A暑假智慧学习空间,否,,连季续,四年级,四年级,四年级,1800.00,王思远(063684),,暑假,暑假,取消班,2026-08-18,,已审核,"走读,在线","常规面授,在线录播",在线录播,智慧学习机,0,2026-04-05,每天10:40-12:40,"有教材,开课前领取",,0,学习机托管(智学),株洲华人街203教室,株洲华人街203教室,班级刷卡,20人,学习机托管,株洲华人街教学区,2026-08-28,12,14,四年级英语
"智慧学习部",物理,物理,物理,OWLZH8A270002,SYWL暑假智慧学习小组8A,学习机线上八年级物理暑假A2服务（创新默认A）,通用,10,10,1200,1200,120.0,"	0.00",A2,A2,A体系,A体系,学习机线上八年级物理暑假A2服务,WL暑假智慧学习小组8A,否,,连季续,初二,八年级,初二,1480.00,董柯兵(697699),,暑假,暑假,正常,2026-07-23,2026-07-23,已审核,在线,在线录播,在线录播,智慧学习机,24,2026-04-22,每天18:30-20:30,"有教材,快递配送",2026-08-02,6,学习机线上(智慧),省域网络教学区,省域儿童网络虚拟教室1,班级刷卡,24人,学习机线上,省域网络教学区,2026-08-02,3,3,初二物理
"素养智学部",脑力与思维,脑力与思维,脑力与思维,SW227A0014,脑力思维2B（暑）,脑力与思维L2暑假B1班,通用,10,10,1100,1100,110.0,"	0.00",L2,L2,常规体系,常规体系,脑力与思维L2暑假B1班,二年级脑力与思维暑假L2班,否,,连季续,二年级,二年级,二年级,2100.00,杨春艳(613558),,暑假,暑假,正常,2026-08-18,2026-08-18,已审核,走读,常规面授,常规面授,,20,2026-02-26,每天10:40-12:30(上5休1),"有教材,开课前领取",2026-08-28,18,素养素质(智学),中信306教室,中信306教室,班级刷卡,15人,素养,中信教学区,2026-08-28,10,12,思维2
"素养智学部",双语故事表演,双语故事表演,双语故事表演,PMS327A0032,取消双语绘本K（暑）,取消双语故事表演S3暑假B1班,通用,10,0,900,900,90.0,"	0.00",S3,S3,常规体系,常规体系,双语故事表演S3暑假B1班,S3双语故事表演暑假S3班,否,,连季续,S3,S3,S3,1575.00,,,暑假,暑假,取消班,2026-07-23,,已审核,走读,常规面授,常规面授,,0,2026-02-26,每天16:00-17:30(上5休1),"有教材,开课前领取",,0,素养素质(智学),星沙筑梦204教室,星沙筑梦204教室,班级刷卡,15人,素养,星沙筑梦教学区,2026-08-02,10,12,分级阅读K
"素养智学部",博文妙笔,博文妙笔,博文妙笔,BWZX127A0016,取消1级博文,取消一年级博文妙笔暑假YL（入口）班,通用,12,0,1080,1080,90.0,"	0.00",YL（入口）,YL（入口）,专项体系,专项体系,一年级博文妙笔暑假YL（入口）班,一年级博文妙笔暑假引流班,否,,不可续,一年级,一年级,一年级,1188.00,戚娅娅(174926),,暑假,暑假,取消班,2026-08-18,,已审核,走读,常规面授,常规面授,,0,2026-07-07,每天13:50-15:20(上5休1),"有教材,开课前领取",,0,素养素质(智学),晚报旗舰店104教室,晚报旗舰店104教室,班级刷卡,15人,素养,晚报旗舰店教学区,2026-08-31,10,12,语商表达1
"素养智学部",脑力与思维,脑力与思维,脑力与思维,SW227A0033,取消脑力思维2B（暑）,取消脑力与思维L2暑假B1班,通用,10,0,1100,1100,110.0,"	0.00",L2,L2,常规体系,常规体系,脑力与思维L2暑假B1班,二年级脑力与思维暑假L2班,否,,连季续,二年级,二年级,二年级,2100.00,王艳琴(706986),,暑假,暑假,取消班,2026-08-18,,已审核,走读,常规面授,常规面授,,0,2026-03-10,每天16:00-17:50(上5休1),"有教材,开课前领取",,0,素养素质(智学),钰龙天下304教室,钰龙天下304教室,班级刷卡,15人,素养,钰龙天下教学区,2026-08-27,10,12,思维2
"素养智学部",双语故事表演,双语故事表演,双语故事表演,PM527A0067,双语绘本C5（暑）,双语故事表演L5暑假B2班,通用,10,10,1100,1100,110.0,"	0.00",L5,L5,常规体系,常规体系,双语故事表演L5暑假B2班,五年级双语故事表演暑假L5班,否,,连季续,五年级,五年级,五年级,2000.00,姜贵敏(366928),,暑假,暑假,正常,2026-08-18,2026-08-18,已审核,走读,常规面授,常规面授,,19,2026-02-26,每天16:00-17:50(上5休1),"有教材,开课前领取",2026-08-28,17,素养素质(智学),梅岭国际8自习室,梅岭国际8自习室,班级刷卡,15人,素养,梅岭国际教学区,2026-08-28,10,12,故事会5
"素养智学部",英语,英语,英语,YYZH3A0361,双语智慧3A（暑）,三年级英语暑假A1服务（默认A）,通用,10,10,1200,1200,120.0,"	0.00",TG,TG,常规体系,常规体系,三年级英语暑假A1服务,三年级英语A暑假智慧学习空间,否,,连季续,三年级,三年级,三年级,2000.00,徐洋(072892),,暑假,暑假,正常,2026-08-18,2026-08-18,已审核,"走读,在线","常规面授,在线录播",在线录播,智慧学习机,23,2026-02-28,每天16:00-18:00(上5休1）,"有教材,开课前领取",2026-08-28,21,学习机托管(智学),东塘11自习室,东塘11自习室,班级刷卡,20人,学习机托管,东塘智慧空间,2026-08-28,12,12,三年级英语
"素养智学部",脑力与思维,脑力与思维,脑力与思维,SW327A0053,脑力思维3B（暑）,脑力与思维L3暑假B1班,通用,10,10,1100,1100,110.0,"	0.00",L3,L3,常规体系,常规体系,脑力与思维L3暑假B1班,三年级脑力与思维暑假L3班,否,,连季续,三年级,三年级,三年级,2000.00,杨之薇(398981),,暑假,暑假,正常,2026-08-18,2026-08-18,已审核,走读,常规面授,常规面授,,18,2026-02-26,每天08:20-10:10(上5休1),"有教材,开课前领取",2026-08-28,15,素养素质(智学),二十四品302教室,二十四品302教室,班级刷卡,15人,素养,二十四品教学区,2026-08-28,10,12,思维3
"素养智学部",双语故事表演,双语故事表演,双语故事表演,PM627A0070,双语绘本C6（暑）,双语故事表演L6暑假B2班,通用,10,10,1100,1100,110.0,"	0.00",L6,L6,常规体系,常规体系,双语故事表演L6暑假B2班,六年级双语故事表演暑假L6班,否,,连季续,六年级(小学),六年级,六年级,2000.00,王静静(252025),,暑假,暑假,正常,2026-08-18,2026-08-18,已审核,走读,常规面授,常规面授,,20,2026-02-26,每天10:40-12:30(上5休1),"有教材,开课前领取",2026-08-28,20,素养素质(智学),井湾子教学区215教室,井湾子教学区215教室,班级刷卡,15人,素养,井湾子教学区,2026-08-28,10,12,故事会6
"素养智学部",博文妙笔,博文妙笔,博文妙笔,BW127A0016,博文口才 1（暑）,博文妙笔L1暑假B1班,通用,10,10,1100,1100,110.0,"	0.00",L1,L1,常规体系,常规体系,博文妙笔L1暑假B1班,一年级博文妙笔暑假L1班,否,,连季续,一年级,一年级,一年级,2100.00,许萃(289940),,暑假,暑假,正常,2026-08-18,2026-08-18,已审核,走读,常规面授,常规面授,,16,2026-02-26,每天16:00-17:50(上5休1),"有教材,开课前领取",2026-08-28,14,素养素质(智学),二十四品304教室,二十四品304教室,班级刷卡,15人,素养,二十四品教学区,2026-08-28,10,12,语商表达1
"素养智学部",双语故事表演,双语故事表演,双语故事表演,PM127A0182,双语绘本1C（暑）,双语故事表演L1暑假B2班,通用,10,10,1100,1100,110.0,"	0.00",L1,L1,常规体系,常规体系,双语故事表演L1暑假B2班,一年级双语故事表演暑假L1班,否,,连季续,一年级,一年级,一年级,2100.00,甘雨情(707011),,暑假,暑假,正常,2026-08-18,2026-08-18,已审核,走读,常规面授,常规面授,,15,2026-07-10,每天16:00-17:50(上5休1),"有教材,开课前领取",2026-08-28,8,素养素质(智学),方圆荟307教室,方圆荟307教室,班级刷卡,15人,素养,方圆荟智慧空间,2026-08-28,10,12,分级阅读1
"素养智学部",博文妙笔,博文妙笔,博文妙笔,BW427A0033,博文口才 4（暑）,博文妙笔L4暑假B1班,通用,10,10,1100,1100,110.0,"	0.00",L4,L4,常规体系,常规体系,博文妙笔L4暑假B1班,四年级博文妙笔暑假L4班,否,,连季续,四年级,四年级,四年级,2000.00,何琪(057970),,暑假,暑假,正常,2026-08-18,2026-08-18,已审核,走读,常规面授,常规面授,,22,2026-02-26,每天16:00-17:50(上5休1),"有教材,开课前领取",2026-08-28,21,素养素质(智学),梅岭国际213教室,梅岭国际213教室,班级刷卡,15人,素养,梅岭国际教学区,2026-08-28,10,12,语商表达4
"素养智学部",英语,英语,英语,YYZH4A0490,取消双语智慧4B（暑）,取消四年级英语暑假B1服务（默认B）,通用,10,0,1200,1200,120.0,"	0.00",TG,TG,常规体系,常规体系,四年级英语暑假B1服务,四年级英语A暑假智慧学习空间,否,,连季续,四年级,四年级,四年级,2000.00,凌芝(706979),,暑假,暑假,取消班,2026-08-18,,已审核,"走读,在线","常规面授,在线录播",在线录播,智慧学习机,0,2026-07-04,每天13:50-15:50(上5休1),"有教材,开课前领取",,0,学习机托管(智学),湘江世纪城216教室,湘江世纪城216教室,班级刷卡,20人,学习机托管,湘江世纪城教学区,2026-08-28,8,12,四年级英语
"素养智学部",脑力与思维,脑力与思维,脑力与思维,SW127A0030,取消脑力思维1B（暑）,取消脑力与思维L1暑假B1班,通用,10,0,1100,1100,110.0,"	0.00",L1,L1,常规体系,常规体系,脑力与思维L1暑假B1班,一年级脑力与思维暑假L1班,否,,连季续,一年级,一年级,一年级,2100.00,陶杜昀(364487),,暑假,暑假,取消班,2026-07-23,,已审核,走读,常规面授,常规面授,,0,2026-03-10,每天08:30-10:20(上5休1),"有教材,开课前领取",,0,素养素质(智学),吉联mall306教室,吉联mall306教室,班级刷卡,15人,素养,吉联mall教学区,2026-08-02,10,12,思维1
"国外考试部",全科,"阅读,写作,听力,口语",,YZG2718B,雅思大学生直通车高级班（B）,雅思大学生直通车高级班（FY26-B）,IELTS直通车,32,48,3840,3840,120.0,"	0.00",IELTS,IELTS,常规体系,常规体系,雅思大学生直通车高级班,雅思大学生直通车高级班,否,,可续,,,,12800.00,,,暑假,,正常,2026-07-20,2026-07-20,已审核,"走读,在线","常规面授,在线直播",在线直播,云教室小班（25人以下）,10,2025-12-23,"周一至周六08:00-10:00,10:10-12:10,13:30-15:30","有教材,开课前领取",2026-08-06,10,国外考试部,芙蓉广场教学区,芙蓉广场虚拟教室（16楼大会议室）,班级刷卡,6人,国外考试部,芙蓉广场教学区,2026-08-06,4,5,
"素养智学部",双语故事表演,双语故事表演,双语故事表演,PM627A0014,双语绘本6C+领航班（暑）,双语故事表演L6暑假C1班（C+）,通用,10,10,1100,1100,110.0,"	0.00",L6,L6,常规体系,常规体系,双语故事表演L6暑假C1班,六年级双语故事表演暑假L6班,否,,连季续,六年级(小学),六年级,六年级,2600.00,马慧玲(234909),,暑假,暑假,正常,2026-08-18,2026-08-18,已审核,走读,常规面授,常规面授,,22,2026-02-26,每天13:50-15:40(上5休1),"有教材,开课前领取",2026-08-28,22,素养素质(智学),东塘203教室,东塘203教室,班级刷卡,15人,素养,东塘教学区,2026-08-28,10,12,故事会6
"素养智学部",英语,英语,英语,YYZH5A0328,双语智慧5A（暑）,五年级英语暑假B1服务（默认A）,通用,10,10,1200,1200,120.0,"	0.00",TG,TG,常规体系,常规体系,五年级英语暑假B1服务,五年级英语A暑假智慧学习空间,否,,连季续,五年级,五年级,五年级,2000.00,彭念慈(612650),,暑假,暑假,正常,2026-08-18,2026-08-18,已审核,"走读,在线","常规面授,在线录播",在线录播,智慧学习机,23,2026-02-27,每天10:40-12:40(上5休1）,"有教材,开课前领取",2026-08-28,20,学习机托管(智学),二十四品03自习室,二十四品03自习室,班级刷卡,20人,学习机托管,二十四品教学区,2026-08-28,12,12,五年级英语
"素养智学部",博文妙笔,博文妙笔,博文妙笔,BW627A0030,博文口才 6（暑）,博文妙笔L6暑假B1班,通用,10,10,1100,1100,110.0,"	0.00",L6,L6,常规体系,常规体系,博文妙笔L6暑假B1班,六年级博文妙笔暑假L6班,否,,连季续,六年级(小学),六年级,六年级,2000.00,贺苗(354669),,暑假,暑假,正常,2026-08-18,2026-08-18,已审核,走读,常规面授,常规面授,,24,2026-02-26,每天13:50-15:40(上5休1),"有教材,开课前领取",2026-08-28,23,素养素质(智学),东塘205教室,东塘205教室,班级刷卡,15人,素养,东塘教学区,2026-08-28,10,12,语商表达6
"素养智学部",数学,数学,数学,SXZH6A0152,思维智慧6C领航（暑）,六年级数学暑假C1服务（C+）,通用,10,10,1200,1200,120.0,"	0.00",TG,TG,常规体系,常规体系,六年级数学暑假C1服务,六年级数学C暑假智慧学习空间,否,,连季续,六年级(小学),六年级,六年级,2600.00,席钢(328368),,暑假,暑假,正常,2026-08-18,2026-08-18,已审核,"走读,在线","常规面授,在线录播",在线录播,智慧学习机,24,2026-02-27,每天08:30-10:30(上5休1）,"有教材,开课前领取",2026-08-28,7,学习机托管(智学),湘江世纪城204教室,湘江世纪城204教室,班级刷卡,20人,学习机托管,湘江世纪城教学区,2026-08-28,12,12,六年级数学
"素养智学部",双语故事表演,双语故事表演,双语故事表演,PM127A0117,双语绘本1C（暑）,双语故事表演L1暑假B2班,通用,10,10,1100,1100,110.0,"	0.00",L1,L1,常规体系,常规体系,双语故事表演L1暑假B2班,一年级双语故事表演暑假L1班,否,,连季续,一年级,一年级,一年级,2100.00,杨帆(399003),,暑假,暑假,正常,2026-08-18,2026-08-18,已审核,走读,常规面授,常规面授,,16,2026-02-26,每天10:40-12:30(上5休1),"有教材,开课前领取",2026-08-28,16,素养素质(智学),二十四品304教室,二十四品304教室,班级刷卡,15人,素养,二十四品教学区,2026-08-28,10,12,分级阅读1
"素养智学部",双语故事表演,双语故事表演,双语故事表演,PM527A0015,双语绘本C5（暑）,双语故事表演L5暑假B2班,通用,10,10,1100,1100,110.0,"	0.00",L5,L5,常规体系,常规体系,双语故事表演L5暑假B2班,五年级双语故事表演暑假L5班,否,,连季续,五年级,五年级,五年级,2000.00,周婵(361900),,暑假,暑假,正常,2026-08-18,2026-08-18,已审核,走读,常规面授,常规面授,,20,2026-02-26,每天16:00-17:50(上5休1),"有教材,开课前领取",2026-08-28,19,素养素质(智学),八方小区203教室,八方小区203教室,班级刷卡,15人,素养,八方小区教学区,2026-08-28,10,12,故事会5
"素养智学部",英语,英语,英语,YYZH5A0401,双语智慧5B（暑）,五年级英语暑假B1服务（默认B）,通用,10,10,1200,1200,120.0,"	0.00",TG,TG,常规体系,常规体系,五年级英语暑假B1服务,五年级英语A暑假智慧学习空间,否,,连季续,五年级,五年级,五年级,2000.00,李婉琳(642977),,暑假,暑假,正常,2026-08-18,2026-08-18,已审核,"走读,在线","常规面授,在线录播",在线录播,智慧学习机,24,2026-07-10,每天18:30-20:30(上5休1）,"有教材,开课前领取",2026-08-28,8,学习机托管(智学),北辰106教室,北辰106教室,班级刷卡,20人,学习机托管,北辰教学区,2026-08-28,8,12,五年级英语
"智慧学习部",英语,英语,英语,OYYZH9A27034,取消YY暑假智慧学习小组9B取消,取消学习机线上九年级英语暑假B1服务,通用,10,0,1200,1200,120.0,"	0.00",B1,B1,B体系,B体系,学习机线上九年级英语暑假B1服务,YY暑假智慧学习小组9B,否,,连季续,中考,九年级,九年级,1650.00,金志红(345591),,暑假,暑假,取消班,2026-08-12,,已审核,在线,在线录播,在线录播,智慧学习机,0,2026-03-24,每天13:50-15:50(上五休一）,"有教材,快递配送",,0,学习机线上(智慧),长沙线上课,初中网络虚拟教室2,班级刷卡,24人,学习机线上,网络教学区,2026-08-22,3,3,中考英语
"智慧学习部",英语,英语,英语,OYYZH7A270001,取消YY暑假智慧学习小组7B取消,取消学习机线上七年级英语暑假B1服务,通用,12,0,1440,1440,120.0,"	0.00",B1,B1,B体系,B体系,学习机线上七年级英语暑假B1服务,YY暑假智慧学习小组7B,否,,连季续,初一,七年级,七年级,1980.00,金志红(345591),,暑假,暑假,取消班,2026-07-27,,已审核,在线,在线录播,在线录播,智慧学习机,0,2025-12-19,每天16:00-18:00(上六休一),"有教材,快递配送",,0,学习机线上(智慧),初中网络虚拟教室2,初中网络虚拟教室2,班级刷卡,24人,学习机线上,网络教学区,2026-08-08,3,3,初一英语
"智慧学习部",英语,英语,英语,YYZH7A270008,取消YY暑假智慧学习空间7A取消,取消学习机托管七年级英语暑假A2服务,通用,12,0,1440,1440,120.0,"	0.00",A2,A2,A体系,A体系,学习机托管七年级英语暑假A2服务,YY暑假智慧学习空间7A,否,,连季续,初一,七年级,七年级,2400.00,刘茂林(416614),,暑假,暑假,取消班,2026-08-12,,已审核,"走读,在线","常规面授,在线录播",在线录播,智慧学习机,0,2025-12-19,每天08:30-10:30,"有教材,开课前领取",,0,学习机托管(智慧),梅溪湖旗舰店206教室,梅溪湖旗舰店206教室,班级刷卡,20人,学习机托管,梅溪湖旗舰店教学区,2026-08-23,8,12,初一英语
"高中班级部",数学,数学,数学,GYSXA3790,取消高一数学暑假精进班,取消十年级数学暑假A2班（面授）,通用,14,0,1680,1680,120.0,"	0.00",A2,A2,A体系,A体系,十年级数学暑假A2班,高一数学暑假精进班,否,,连季续,高一,十年级,高一,2660.00,陈洁仪(384277),,暑假,暑假,取消班,2026-07-21,,已审核,走读,常规面授,常规面授,,0,2025-12-15,"	08:00-10:00","有教材,开课前领取",,0,高中部,湘江世纪城301教室,湘江世纪城301教室,班级刷卡,25人,本地班课,湘江世纪城教学区,2026-08-04,10,15,高一数学
"高中班级部",英语,英语,英语,GYA3744,取消高一英语暑假精进班,取消十年级英语暑假A2班（面授）,通用,14,0,1680,1680,120.0,"	0.00",A2,A2,A体系,A体系,十年级英语暑假A2班,高一英语暑假精进班,否,,连季续,高一,十年级,高一,2660.00,彭婷(365056),,暑假,暑假,取消班,2026-07-21,,已审核,走读,常规面授,常规面授,,0,2025-12-15,16:00-18:00,"有教材,开课前领取",,0,高中部,湘江世纪城301教室,湘江世纪城301教室,班级刷卡,25人,本地班课,湘江世纪城教学区,2026-08-04,10,15,高一英语
"高中班级部",物理,物理,物理,GYWLA3474,取消高一物理暑假精进班,取消十年级物理暑假A2班（面授）,通用,14,0,1680,1680,120.0,"	0.00",A2,A2,A体系,A体系,十年级物理暑假A2班,高一物理暑假精进班,否,,连季续,高一,十年级,高一,2660.00,魏林涛(366368),,暑假,暑假,取消班,2026-07-21,,已审核,走读,常规面授,常规面授,,0,2025-12-15,10:20-12:20,"有教材,开课前领取",,0,高中部,湘江世纪城301教室,湘江世纪城301教室,班级刷卡,25人,本地班课,湘江世纪城教学区,2026-08-04,10,15,高一物理
"高中班级部",化学,化学,化学,GYHXA3705,取消高一化学暑假精进班,取消十年级化学暑假A2班（面授）,通用,14,0,1680,1680,120.0,"	0.00",A2,A2,A体系,A体系,十年级化学暑假A2班,高一化学暑假精进班,否,,连季续,高一,十年级,高一,2660.00,杨盛(704633),,暑假,暑假,取消班,2026-07-21,,已审核,走读,常规面授,常规面授,,0,2025-12-15,13:40-15:40,"有教材,开课前领取",,0,高中部,湘江世纪城301教室,湘江世纪城301教室,班级刷卡,25人,本地班课,湘江世纪城教学区,2026-08-04,10,15,高一化学
"素养智学部",英语,英语,英语,YYZH4A0413,双语智慧4B（暑）,四年级英语暑假B1服务（默认B）,通用,10,10,1200,1200,120.0,"	0.00",TG,TG,常规体系,常规体系,四年级英语暑假B1服务,四年级英语A暑假智慧学习空间,否,,连季续,四年级,四年级,四年级,2000.00,邹文宇(404993),,暑假,暑假,正常,2026-08-18,2026-08-18,已审核,"走读,在线","常规面授,在线录播",在线录播,智慧学习机,23,2026-02-27,每天10:40-12:40(上5休1）,"有教材,开课前领取",2026-08-28,22,学习机托管(智学),晚报旗舰店106教室,晚报旗舰店106教室,班级刷卡,20人,学习机托管,晚报旗舰店教学区,2026-08-28,12,12,四年级英语
"素养智学部",双语故事表演,双语故事表演,双语故事表演,PM427A0138,取消(取消)双语绘本4C（暑）,取消双语故事表演L4暑假B2班,通用,10,0,1100,1100,110.0,"	0.00",L4,L4,常规体系,常规体系,双语故事表演L4暑假B2班,四年级双语故事表演暑假L4班,否,,连季续,四年级,四年级,四年级,2000.00,谢紫娟(254697),,暑假,暑假,取消班,2026-08-18,,已审核,走读,常规面授,常规面授,,0,2026-02-26,每天08:30-10:20(上5休1),"有教材,开课前领取",,0,素养素质(智学),雨花家园201教室,雨花家园201A教室,班级刷卡,15人,素养,雨花家园教学区,2026-08-28,10,12,分级阅读4
"素养智学部",双语故事表演,双语故事表演,双语故事表演,PM327A0164,取消(取消)双语绘本3C（暑）,取消双语故事表演L3暑假B2班,通用,10,0,1100,1100,110.0,"	0.00",L3,L3,常规体系,常规体系,双语故事表演L3暑假B2班,三年级双语故事表演暑假L3班,否,,连季续,三年级,三年级,三年级,2000.00,李晓娟(411182),,暑假,暑假,取消班,2026-08-18,,已审核,走读,常规面授,常规面授,,0,2026-02-26,每天08:30-10:20(上5休1),"有教材,开课前领取",,0,素养素质(智学),浏城桥504教室（新）,浏城桥504教室（新）,班级刷卡,15人,素养,浏城桥教学区,2026-08-28,10,12,分级阅读3
"素养智学部",科创,科创,机器人编程,SZ27ABC040,Python L4-1段班,机器人编程L4-1段暑假班,通用,10,10,1200,1200,120.0,"	0.00",L4,L4,常规体系,常规体系,机器人编程L4-1段暑假班,四年级机器人编程暑假L4班,否,,连季续,四年级,四年级,四年级,2400.00,孙鑫程(433195),,暑假,暑假,正常,2026-08-18,2026-08-18,已审核,"走读,在线","常规面授,在线直播",在线直播,云教室小班（25人以下）,12,2025-07-31,每天10:40-12:40（上5休1）,"有教材,开课前领取",2026-08-28,9,素养素质(智学),梅岭国际216A教室,梅岭国际216A教室,班级刷卡,12人,素质,梅岭国际教学区,2026-08-28,8,10,机器人编程L4
"素养智学部",科创,科创,机器人编程,SZ27AJQ042,Python L3-1段班（暑）,机器人编程L3-1段暑假班,通用,10,10,1200,1200,120.0,"	0.00",L3,L3,常规体系,常规体系,机器人编程L3-1段暑假班,三年级机器人编程暑假L3班,否,,连季续,三年级,三年级,三年级,2400.00,孙鑫程(433195),,暑假,暑假,正常,2026-08-18,2026-08-18,已审核,"走读,在线","常规面授,在线直播",在线直播,云教室小班（25人以下）,12,2025-07-31,每天16:00-18:00（上5休1）,"有教材,开课前领取",2026-08-28,8,素养素质(智学),梅岭国际216A教室,梅岭国际216A教室,班级刷卡,12人,素质,梅岭国际教学区,2026-08-28,8,10,机器人编程L3
"素养智学部",双语故事表演,双语故事表演,双语故事表演,PM227A0215,双语绘本2C（暑）,双语故事表演L2暑假B2班,通用,10,10,1100,1100,110.0,"	0.00",L2,L2,常规体系,常规体系,双语故事表演L2暑假B2班,二年级双语故事表演暑假L2班,否,,连季续,二年级,二年级,二年级,2100.00,徐思婷(131792),,暑假,暑假,正常,2026-08-18,2026-08-18,已审核,走读,常规面授,常规面授,,16,2026-02-26,每天10:40-12:30(上5休1),"有教材,开课前领取",2026-08-28,15,素养素质(智学),北辰107教室,北辰107教室,班级刷卡,15人,素养,北辰教学区,2026-08-28,10,12,分级阅读2
"素养智学部",博文妙笔,博文妙笔,博文妙笔,BW527A0017,博文口才 5（暑）,博文妙笔L5暑假B1班,通用,10,10,1100,1100,110.0,"	0.00",L5,L5,常规体系,常规体系,博文妙笔L5暑假B1班,五年级博文妙笔暑假L5班,否,,连季续,五年级,五年级,五年级,2000.00,周欣宇(438802),,暑假,暑假,正常,2026-08-18,2026-08-18,已审核,走读,常规面授,常规面授,,17,2026-02-26,每天08:30-10:20(上5休1),"有教材,开课前领取",2026-08-28,15,素养素质(智学),美林银谷312教室,美林银谷312教室,班级刷卡,15人,素养,美林银谷教学区,2026-08-28,10,12,语商表达5
"素养智学部",双语故事表演,双语故事表演,双语故事表演,PM227A0119,双语绘本2C（暑）,双语故事表演L2暑假B2班,通用,10,10,1100,1100,110.0,"	0.00",L2,L2,常规体系,常规体系,双语故事表演L2暑假B2班,二年级双语故事表演暑假L2班,否,,连季续,二年级,二年级,二年级,2100.00,陶思蓉(395723),,暑假,暑假,正常,2026-08-18,2026-08-18,已审核,走读,常规面授,常规面授,,15,2026-02-26,每天10:40-12:30(上5休1),"有教材,开课前领取",2026-08-28,15,素养素质(智学),美林银谷311教室,美林银谷311教室,班级刷卡,15人,素养,美林银谷教学区,2026-08-28,10,12,分级阅读2
"素养智学部",数学,数学,数学,SXZH5A0173,思维智慧5C领航（暑）,五年级数学暑假C1服务（C+）,通用,10,10,1200,1200,120.0,"	0.00",TG,TG,常规体系,常规体系,五年级数学暑假C1服务,五年级数学C暑假智慧学习空间,否,,连季续,五年级,五年级,五年级,2600.00,欧祥(445643),,暑假,暑假,正常,2026-08-18,2026-08-18,已审核,"走读,在线","常规面授,在线录播",在线录播,智慧学习机,24,2026-02-27,每天10:40-12:40(上5休1）,"有教材,开课前领取",2026-08-28,8,学习机托管(智学),二十四品01自习室,二十四品01自习室,班级刷卡,20人,学习机托管,二十四品教学区,2026-08-28,12,12,五年级数学
"素养智学部",数学,数学,数学,SXZH4A0642,思维智慧4C领航（暑）,四年级数学暑假C1服务（C+）,通用,10,10,1200,1200,120.0,"	0.00",TG,TG,常规体系,常规体系,四年级数学暑假C1服务,四年级数学C暑假智慧学习空间,否,,连季续,四年级,四年级,四年级,2600.00,欧祥(445643),,暑假,暑假,正常,2026-08-18,2026-08-18,已审核,"走读,在线","常规面授,在线录播",在线录播,智慧学习机,22,2026-02-27,每天13:50-15:50(上5休1）,"有教材,开课前领取",2026-08-28,22,学习机托管(智学),二十四品01自习室,二十四品01自习室,班级刷卡,20人,学习机托管,二十四品教学区,2026-08-28,12,12,四年级数学
"素养智学部",数学,数学,数学,SXZH5A0134,思维智慧5C领航（暑）,五年级数学暑假C1服务（C+）,通用,10,10,1200,1200,120.0,"	0.00",TG,TG,常规体系,常规体系,五年级数学暑假C1服务,五年级数学C暑假智慧学习空间,否,,连季续,五年级,五年级,五年级,2600.00,欧祥(445643),,暑假,暑假,正常,2026-08-18,2026-08-18,已审核,"走读,在线","常规面授,在线录播",在线录播,智慧学习机,24,2026-02-27,每天18:30-20:30(上5休1）,"有教材,开课前领取",2026-08-28,12,学习机托管(智学),梅岭国际2自习室,梅岭国际2自习室,班级刷卡,20人,学习机托管,梅岭国际教学区,2026-08-28,12,12,五年级数学
"素养智学部",数学,数学,数学,SXZH5A0132,思维智慧5C领航（暑）,五年级数学暑假C1服务（C+）,通用,10,10,1200,1200,120.0,"	0.00",TG,TG,常规体系,常规体系,五年级数学暑假C1服务,五年级数学C暑假智慧学习空间,否,,连季续,五年级,五年级,五年级,2600.00,欧祥(445643),,暑假,暑假,正常,2026-08-18,2026-08-18,已审核,"走读,在线","常规面授,在线录播",在线录播,智慧学习机,24,2026-02-27,每天08:30-10:30(上5休1）,"有教材,开课前领取",2026-08-28,22,学习机托管(智学),二十四品01自习室,二十四品01自习室,班级刷卡,20人,学习机托管,二十四品教学区,2026-08-28,12,12,五年级数学
"素养智学部",数学,数学,数学,SXZH6A0177,思维智慧6C领航（暑）,六年级数学暑假C1服务（C+）,通用,10,10,1200,1200,120.0,"	0.00",TG,TG,常规体系,常规体系,六年级数学暑假C1服务,六年级数学C暑假智慧学习空间,否,,连季续,六年级(小学),六年级,六年级,2600.00,徐嘉怡(438345),,暑假,暑假,正常,2026-08-18,2026-08-18,已审核,"走读,在线","常规面授,在线录播",在线录播,智慧学习机,24,2026-02-27,每天16:00-18:00(上5休1）,"有教材,开课前领取",2026-08-28,18,学习机托管(智学),二十四品04自习室,二十四品04自习室,班级刷卡,20人,学习机托管,二十四品教学区,2026-08-28,12,12,六年级数学
"素养智学部",数学,数学,数学,SXZH6A0173,思维智慧6C领航（暑）,六年级数学暑假C1服务（C+）,通用,10,10,1200,1200,120.0,"	0.00",TG,TG,常规体系,常规体系,六年级数学暑假C1服务,六年级数学C暑假智慧学习空间,否,,连季续,六年级(小学),六年级,六年级,2600.00,魏梦桐(183313),,暑假,暑假,正常,2026-08-18,2026-08-18,已审核,"走读,在线","常规面授,在线录播",在线录播,智慧学习机,24,2026-02-27,每天10:40-12:40(上5休1）,"有教材,开课前领取",2026-08-28,18,学习机托管(智学),井湾子03自习室,井湾子03自习室,班级刷卡,20人,学习机托管,井湾子智慧空间,2026-08-28,12,12,六年级数学
"素养智学部",数学,数学,数学,SXZH4A0636,思维智慧4C领航（暑）,四年级数学暑假C1服务（C+）,通用,10,10,1200,1200,120.0,"	0.00",TG,TG,常规体系,常规体系,四年级数学暑假C1服务,四年级数学C暑假智慧学习空间,否,,连季续,四年级,四年级,四年级,2600.00,徐铭悦(274583),,暑假,暑假,正常,2026-08-18,2026-08-18,已审核,"走读,在线","常规面授,在线录播",在线录播,智慧学习机,22,2026-02-27,每天10:40-12:40(上5休1）,"有教材,开课前领取",2026-08-28,7,学习机托管(智学),星沙筑梦自习室2,星沙筑梦自习室2,班级刷卡,20人,学习机托管,星沙筑梦教学区,2026-08-28,12,12,四年级数学
"素养智学部",数学,数学,数学,SXZH4A0660,思维智慧4C领航（暑）,四年级数学暑假C1服务（C+）,通用,10,10,1200,1200,120.0,"	0.00",TG,TG,常规体系,常规体系,四年级数学暑假C1服务,四年级数学C暑假智慧学习空间,否,,连季续,四年级,四年级,四年级,2600.00,魏梦桐(183313),,暑假,暑假,正常,2026-08-18,2026-08-18,已审核,"走读,在线","常规面授,在线录播",在线录播,智慧学习机,24,2026-02-27,每天13:50-15:50(上5休1）,"有教材,开课前领取",2026-08-28,23,学习机托管(智学),井湾子03自习室,井湾子03自习室,班级刷卡,20人,学习机托管,井湾子智慧空间,2026-08-28,12,12,四年级数学
"素养智学部",数学,数学,数学,SXZH4A0655,思维智慧4C领航（暑）,四年级数学暑假C1服务（C+）,通用,10,10,1200,1200,120.0,"	0.00",TG,TG,常规体系,常规体系,四年级数学暑假C1服务,四年级数学C暑假智慧学习空间,否,,连季续,四年级,四年级,四年级,2600.00,席钢(328368),,暑假,暑假,正常,2026-08-18,2026-08-18,已审核,"走读,在线","常规面授,在线录播",在线录播,智慧学习机,22,2026-02-27,每天13:50-15:50(上5休1）,"有教材,开课前领取",2026-08-28,11,学习机托管(智学),方圆荟307自习室,方圆荟307自习室,班级刷卡,20人,学习机托管,方圆荟智慧空间,2026-08-28,12,12,四年级数学
"素养智学部",数学,数学,数学,SXZH5A0133,思维智慧5C领航（暑）,五年级数学暑假C1服务（C+）,通用,10,10,1200,1200,120.0,"	0.00",TG,TG,常规体系,常规体系,五年级数学暑假C1服务,五年级数学C暑假智慧学习空间,否,,连季续,五年级,五年级,五年级,2600.00,席钢(328368),,暑假,暑假,正常,2026-08-18,2026-08-18,已审核,"走读,在线","常规面授,在线录播",在线录播,智慧学习机,24,2026-02-27,每天16:00-18:00(上5休1）,"有教材,开课前领取",2026-08-28,11,学习机托管(智学),方圆荟307自习室,方圆荟307自习室,班级刷卡,20人,学习机托管,方圆荟智慧空间,2026-08-28,12,12,五年级数学
"素养智学部",数学,数学,数学,SXZH3A0297,思维智慧3C领航（暑）,三年级数学暑假C1服务（C+）,通用,10,10,1200,1200,120.0,"	0.00",TG,TG,常规体系,常规体系,三年级数学暑假C1服务,三年级数学C暑假智慧学习空间,否,,连季续,三年级,三年级,三年级,2600.00,欧阳忆希(417573),,暑假,暑假,正常,2026-08-18,2026-08-18,已审核,"走读,在线","常规面授,在线录播",在线录播,智慧学习机,22,2026-03-18,每天13:50-15:50(上5休1),"有教材,开课前领取",2026-08-28,16,学习机托管(智学),井湾子教学区208教室,井湾子教学区208教室,班级刷卡,20人,学习机托管,井湾子教学区,2026-08-28,12,12,三年级数学
"素养智学部",数学,数学,数学,SXZH6A0168,思维智慧6C领航（暑）,六年级数学暑假C1服务（C+）,通用,10,10,1200,1200,120.0,"	0.00",TG,TG,常规体系,常规体系,六年级数学暑假C1服务,六年级数学C暑假智慧学习空间,否,,连季续,六年级(小学),六年级,六年级,2600.00,岑崟(149552),,暑假,暑假,正常,2026-08-18,2026-08-18,已审核,"走读,在线","常规面授,在线录播",在线录播,智慧学习机,26,2026-02-27,每天13:50-15:50(上5休1）,"有教材,开课前领取",2026-08-28,25,学习机托管(智学),雨花家园312教室,雨花家园312教室,班级刷卡,20人,学习机托管,雨花家园教学区,2026-08-28,12,12,六年级数学
"素养智学部",英语,英语,英语,YYZH6A0722,双语智慧6A（暑）,六年级英语暑假A2服务（默认A）,通用,10,10,1200,1200,120.0,"	0.00",TG,TG,常规体系,常规体系,六年级英语暑假A2服务,六年级英语A暑假智慧学习空间,否,,连季续,六年级(小学),六年级,六年级,2000.00,韩和平(416616),,暑假,暑假,正常,2026-08-18,2026-08-18,已审核,"走读,在线","常规面授,在线录播",在线录播,智慧学习机,24,2026-07-09,每天08:30-10:30(上5休1）,"有教材,开课前领取",2026-08-28,14,学习机托管(智学),雨花家园402自习室,雨花家园402自习室,班级刷卡,20人,学习机托管,雨花家园智慧空间,2026-08-28,8,12,六年级英语
"素养智学部",数学,数学,数学,SXZH6A0187,取消思维智慧6A（暑）,取消六年级数学暑假A1服务（默认A）,通用,10,0,1200,1200,120.0,"	0.00",TG,TG,常规体系,常规体系,六年级数学暑假A1服务,六年级数学A暑假智慧学习空间,否,,连季续,六年级(小学),六年级,六年级,2000.00,李宏洋(701207),,暑假,暑假,取消班,2026-08-05,,已审核,"走读,在线","常规面授,在线录播",在线录播,智慧学习机,0,2026-04-25,每天08:30-10:30(上5休1）,"有教材,开课前领取",,0,学习机托管(智学),中信07自习室,中信07自习室,班级刷卡,20人,学习机托管,中信教学区,2026-08-15,12,12,六年级数学
"素养智学部",博文妙笔,博文妙笔,博文妙笔,BW627A0036,博文口才 6（暑）,博文妙笔L6暑假B1班,通用,10,10,1100,1100,110.0,"	0.00",L6,L6,常规体系,常规体系,博文妙笔L6暑假B1班,六年级博文妙笔暑假L6班,否,,连季续,六年级(小学),六年级,六年级,2000.00,刘航(214343),,暑假,暑假,正常,2026-08-18,2026-08-18,已审核,走读,常规面授,常规面授,,19,2026-02-26,每天16:00-17:50(上5休1),"有教材,开课前领取",2026-08-28,16,素养素质(智学),美林银谷309教室,美林银谷309教室,班级刷卡,15人,素养,美林银谷教学区,2026-08-28,10,12,语商表达6
"素养智学部",双语故事表演,双语故事表演,双语故事表演,PMS227A0002,取消(取消)双语绘本PK（暑）,取消双语故事表演预备级S2暑假B2班,通用,10,0,900,900,90.0,"	0.00",S2,S2,常规体系,常规体系,双语故事表演预备级S2暑假B2班,S2双语故事表演暑假S2班,否,,连季续,S2,S2,S2,2250.00,,,暑假,暑假,取消班,2026-07-23,,已审核,走读,常规面授,常规面授,,0,2026-02-26,每天10:40-12:10(上5休1),"有教材,开课前领取",,0,素养素质(智学),梅岭国际203教室,梅岭国际203教室,班级刷卡,10人,素养,梅岭国际教学区,2026-08-02,7,7,分级阅读K
"素养智学部",双语故事表演,双语故事表演,双语故事表演,PM227A0055,双语绘本2C（暑）,双语故事表演L2暑假B2班,通用,10,10,1100,1100,110.0,"	0.00",L2,L2,常规体系,常规体系,双语故事表演L2暑假B2班,二年级双语故事表演暑假L2班,否,,连季续,二年级,二年级,二年级,2100.00,钟雨鑫(632994),,暑假,暑假,正常,2026-08-18,2026-08-18,已审核,走读,常规面授,常规面授,,18,2026-02-26,每天10:40-12:30(上5休1),"有教材,开课前领取",2026-08-28,18,素养素质(智学),洋湖卓伯根204教室,洋湖卓伯根204教室,班级刷卡,15人,素养,洋湖卓伯根教学区,2026-08-28,10,12,分级阅读2
"素养智学部",双语故事表演,双语故事表演,双语故事表演,PM227A0074,双语绘本2C（暑）,双语故事表演L2暑假B2班,通用,10,10,1100,1100,110.0,"	0.00",L2,L2,常规体系,常规体系,双语故事表演L2暑假B2班,二年级双语故事表演暑假L2班,否,,连季续,二年级,二年级,二年级,2100.00,曾仁杰(436720),,暑假,暑假,正常,2026-08-18,2026-08-18,已审核,走读,常规面授,常规面授,,16,2026-02-26,每天08:30-10:20(上5休1),"有教材,开课前领取",2026-08-28,13,素养素质(智学),八方小区205教室,八方小区205教室,班级刷卡,15人,素养,八方小区教学区,2026-08-28,10,12,分级阅读2
"素养智学部",双语故事表演,双语故事表演,双语故事表演,PM627A0050,双语绘本C6（暑）,双语故事表演L6暑假B2班,通用,10,10,1100,1100,110.0,"	0.00",L6,L6,常规体系,常规体系,双语故事表演L6暑假B2班,六年级双语故事表演暑假L6班,否,,连季续,六年级(小学),六年级,六年级,2000.00,刘兰(391104),,暑假,暑假,正常,2026-08-18,2026-08-18,已审核,走读,常规面授,常规面授,,21,2026-02-26,每天08:30-10:20(上5休1),"有教材,开课前领取",2026-08-28,19,素养素质(智学),梅岭国际204教室,梅岭国际204教室,班级刷卡,15人,素养,梅岭国际教学区,2026-08-28,10,12,故事会6
"素养智学部",英语,英语,英语,YYZH4A0437,双语智慧4B（暑）,四年级英语暑假B1服务（默认B）,通用,10,10,1200,1200,120.0,"	0.00",TG,TG,常规体系,常规体系,四年级英语暑假B1服务,四年级英语A暑假智慧学习空间,否,,连季续,四年级,四年级,四年级,2000.00,李蒙(396404),,暑假,暑假,正常,2026-08-18,2026-08-18,已审核,"走读,在线","常规面授,在线录播",在线录播,智慧学习机,23,2026-02-27,每天13:50-15:50(上5休1）,"有教材,开课前领取",2026-08-28,21,学习机托管(智学),湘江世纪城304教室,湘江世纪城304教室,班级刷卡,20人,学习机托管,湘江世纪城教学区,2026-08-28,12,12,四年级英语
"素养智学部",数学,数学,数学,SXZH6A0176,取消（取消）思维智慧6B（暑）,取消六年级数学暑假B1服务（默认B）,通用,10,0,1200,1200,120.0,"	0.00",TG,TG,常规体系,常规体系,六年级数学暑假B1服务,六年级数学B暑假智慧学习空间,否,,连季续,六年级(小学),六年级,六年级,2000.00,樊珂华(612648),,暑假,暑假,取消班,2026-08-18,,已审核,"走读,在线","常规面授,在线录播",在线录播,智慧学习机,0,2026-02-27,每天10:40-12:40(上5休1）,"有教材,开课前领取",,0,学习机托管(智学),井湾子01自习室,井湾子01自习室,班级刷卡,20人,学习机托管,井湾子智慧空间,2026-08-28,12,12,六年级数学
"素养智学部",双语故事表演,双语故事表演,双语故事表演,PM327A0054,取消双语绘本3C（暑）,取消双语故事表演L3暑假B2班,通用,10,0,1100,1100,110.0,"	0.00",L3,L3,常规体系,常规体系,双语故事表演L3暑假B2班,三年级双语故事表演暑假L3班,否,,连季续,三年级,三年级,三年级,2000.00,周敏(661636),,暑假,暑假,取消班,2026-08-18,,已审核,走读,常规面授,常规面授,,0,2026-02-26,每天08:30-10:20(上5休1),"有教材,开课前领取",,0,素养素质(智学),美林银谷302教室,美林银谷302教室,班级刷卡,15人,素养,美林银谷教学区,2026-08-28,10,12,分级阅读3
"素养智学部",脑力与思维,脑力与思维,脑力与思维,SW527A0020,取消脑力思维5B（暑）,取消脑力与思维L5暑假B1班,通用,10,0,1100,1100,110.0,"	0.00",L5,L5,常规体系,常规体系,脑力与思维L5暑假B1班,五年级脑力与思维暑假L5班,否,,连季续,五年级,五年级,五年级,2000.00,杨智博(706987),,暑假,暑假,取消班,2026-08-18,,已审核,走读,常规面授,常规面授,,0,2026-07-07,每天13:50-15:40(上5休1),"有教材,开课前领取",,0,素养素质(智学),洋湖新城313教室,洋湖新城313教室,班级刷卡,15人,素养,洋湖新城教学区,2026-08-28,10,12,思维5
"素养智学部",双语故事表演,双语故事表演,双语故事表演,PM127A0179,双语绘本1C（暑）,双语故事表演L1暑假B2班,通用,10,10,1100,1100,110.0,"	0.00",L1,L1,常规体系,常规体系,双语故事表演L1暑假B2班,一年级双语故事表演暑假L1班,否,,连季续,一年级,一年级,一年级,2100.00,袁佳乐(641414),,暑假,暑假,正常,2026-08-18,2026-08-18,已审核,走读,常规面授,常规面授,,15,2026-07-08,每天16:00-17:50(上5休1),"有教材,开课前领取",2026-08-28,8,素养素质(智学),北辰102教室,北辰102教室,班级刷卡,15人,素养,北辰教学区,2026-08-28,10,12,分级阅读1
"素养智学部",脑力与思维,脑力与思维,脑力与思维,SW327A0073,脑力思维3B（暑）,脑力与思维L3暑假B1班,通用,10,10,1100,1100,110.0,"	0.00",L3,L3,常规体系,常规体系,脑力与思维L3暑假B1班,三年级脑力与思维暑假L3班,否,,连季续,三年级,三年级,三年级,2000.00,胡欢欢(390767),,暑假,暑假,正常,2026-08-18,2026-08-18,已审核,走读,常规面授,常规面授,,18,2026-07-08,每天16:00-17:50(上5休1),"有教材,开课前领取",2026-08-28,6,素养素质(智学),方圆荟306教室,方圆荟306教室,班级刷卡,15人,素养,方圆荟智慧空间,2026-08-28,10,12,思维3
"素养智学部",英语,英语,英语,YYZH3A0369,双语智慧3A（暑）,三年级英语暑假A1服务（默认A）,通用,10,10,1200,1200,120.0,"	0.00",TG,TG,常规体系,常规体系,三年级英语暑假A1服务,三年级英语A暑假智慧学习空间,否,,连季续,三年级,三年级,三年级,2000.00,王颖(352672),,暑假,暑假,正常,2026-08-18,2026-08-18,已审核,"走读,在线","常规面授,在线录播",在线录播,智慧学习机,22,2026-07-07,每天10:40-12:40(上5休1）,"有教材,开课前领取",2026-08-28,17,学习机托管(智学),方圆荟307自习室,方圆荟307自习室,班级刷卡,20人,学习机托管,方圆荟智慧空间,2026-08-28,8,12,三年级英语
"素养智学部",科创,科创,机器人编程,SZ27ABC001,取消C++ L6-2段班,取消机器人编程L6-2段暑假班,通用,10,0,1200,1200,120.0,"	0.00",L6,L6,常规体系,常规体系,机器人编程L6-2段暑假班,六年级机器人编程暑假L6班,否,,连季续,六年级(小学),六年级,六年级,2400.00,赵宇熙(374630),,暑假,暑假,取消班,2026-08-18,,已审核,"走读,在线","常规面授,在线直播",在线直播,云教室小班（25人以下）,0,2026-03-02,每天16:00-18:00（上5休1）,"有教材,开课前领取",,0,素养素质(智学),湘江世纪城312教室,湘江世纪城312教室,班级刷卡,12人,素质,湘江世纪城教学区,2026-08-28,8,10,机器人编程L6
"素养智学部",双语故事表演,双语故事表演,双语故事表演,PM127A0018,双语绘本1C（暑）,双语故事表演L1暑假B2班,通用,10,10,1100,1100,110.0,"	0.00",L1,L1,常规体系,常规体系,双语故事表演L1暑假B2班,一年级双语故事表演暑假L1班,否,,连季续,一年级,一年级,一年级,2100.00,刘诗颖(612645),,暑假,暑假,正常,2026-08-18,2026-08-18,已审核,走读,常规面授,常规面授,,16,2026-02-26,每天13:50-15:40(上5休1),"有教材,开课前领取",2026-08-28,17,素养素质(智学),方圆荟305教室,方圆荟305教室,班级刷卡,15人,素养,方圆荟智慧空间,2026-08-28,10,12,分级阅读1
"素养智学部",双语故事表演,双语故事表演,双语故事表演,PM127A0081,双语绘本1C（暑）,双语故事表演L1暑假B2班,通用,10,10,1100,1100,110.0,"	0.00",L1,L1,常规体系,常规体系,双语故事表演L1暑假B2班,一年级双语故事表演暑假L1班,否,,连季续,一年级,一年级,一年级,2100.00,张嘉怡(661635),,暑假,暑假,正常,2026-08-18,2026-08-18,已审核,走读,常规面授,常规面授,,15,2026-02-26,每天13:50-15:40(上5休1),"有教材,开课前领取",2026-08-28,13,素养素质(智学),方圆荟306自习室,方圆荟306自习室,班级刷卡,15人,素养,方圆荟智慧空间,2026-08-28,10,12,分级阅读1
"素养智学部",双语故事表演,双语故事表演,双语故事表演,PMS227A0005,双语绘本PK（暑）,双语故事表演预备级S2暑假B2班,通用,10,10,900,900,90.0,"	0.00",S2,S2,常规体系,常规体系,双语故事表演预备级S2暑假B2班,S2双语故事表演暑假S2班,否,,连季续,S2,S2,S2,2250.00,刘丹(666965),,暑假,暑假,正常,2026-07-23,2026-07-23,已审核,走读,常规面授,常规面授,,10,2026-02-26,每天10:40-12:10(上5休1),"有教材,开课前领取",2026-08-02,7,素养素质(智学),二十四品304教室,二十四品304教室,班级刷卡,10人,素养,二十四品教学区,2026-08-02,7,7,分级阅读K
"素养智学部",双语故事表演,双语故事表演,双语故事表演,PM427A0131,双语绘本4C（暑）,双语故事表演L4暑假B2班,通用,10,10,1100,1100,110.0,"	0.00",L4,L4,常规体系,常规体系,双语故事表演L4暑假B2班,四年级双语故事表演暑假L4班,否,,连季续,四年级,四年级,四年级,2000.00,郭欣怡(384354),,暑假,暑假,正常,2026-08-18,2026-08-18,已审核,走读,常规面授,常规面授,,19,2026-02-26,每天13:50-15:40(上5休1),"有教材,开课前领取",2026-08-28,16,素养素质(智学),晚报旗舰店101教室,晚报旗舰店101教室,班级刷卡,15人,素养,晚报旗舰店教学区,2026-08-28,10,12,分级阅读4
"素养智学部",博文妙笔,博文妙笔,博文妙笔,BW427A0009,博文口才 4（暑）,博文妙笔L4暑假B1班,通用,10,10,1100,1100,110.0,"	0.00",L4,L4,常规体系,常规体系,博文妙笔L4暑假B1班,四年级博文妙笔暑假L4班,否,,连季续,四年级,四年级,四年级,2000.00,徐婧雯(254696),,暑假,暑假,正常,2026-08-18,2026-08-18,已审核,走读,常规面授,常规面授,,19,2026-02-26,每天13:50-15:40(上5休1),"有教材,开课前领取",2026-08-28,18,素养素质(智学),八方小区205教室,八方小区205教室,班级刷卡,15人,素养,八方小区教学区,2026-08-28,10,12,语商表达4
"素养智学部",英语,英语,英语,YYZH3A0356,双语智慧3A（暑）,三年级英语暑假A1服务（默认A）,通用,10,10,1200,1200,120.0,"	0.00",TG,TG,常规体系,常规体系,三年级英语暑假A1服务,三年级英语A暑假智慧学习空间,否,,连季续,三年级,三年级,三年级,2000.00,蒋媛媛(223063),,暑假,暑假,正常,2026-08-18,2026-08-18,已审核,"走读,在线","常规面授,在线录播",在线录播,智慧学习机,22,2026-02-27,每天08:30-10:30(上5休1）,"有教材,开课前领取",2026-08-28,13,学习机托管(智学),二十四品02自习室,二十四品02自习室,班级刷卡,20人,学习机托管,二十四品教学区,2026-08-28,12,12,三年级英语
"素养智学部",双语故事表演,双语故事表演,双语故事表演,PM427A0175,双语绘本4C（暑）,双语故事表演L4暑假B2班,通用,10,10,1100,1100,110.0,"	0.00",L4,L4,常规体系,常规体系,双语故事表演L4暑假B2班,四年级双语故事表演暑假L4班,否,,连季续,四年级,四年级,四年级,2000.00,周聪(254232),,暑假,暑假,正常,2026-08-18,2026-08-18,已审核,走读,常规面授,常规面授,,19,2026-03-26,每天10:40-12:30(上5休1),"有教材,开课前领取",2026-08-28,18,素养素质(智学),洋湖新城318教室,洋湖新城318教室,班级刷卡,15人,素养,洋湖新城教学区,2026-08-28,10,12,分级阅读4
"素养智学部",双语故事表演,双语故事表演,双语故事表演,PM527A0058,双语绘本C5（暑）,双语故事表演L5暑假B2班,通用,10,10,1100,1100,110.0,"	0.00",L5,L5,常规体系,常规体系,双语故事表演L5暑假B2班,五年级双语故事表演暑假L5班,否,,连季续,五年级,五年级,五年级,2000.00,李紫青(254227),,暑假,暑假,正常,2026-08-18,2026-08-18,已审核,走读,常规面授,常规面授,,22,2026-02-26,每天16:00-17:50(上5休1),"有教材,开课前领取",2026-08-28,20,素养素质(智学),湘江世纪城205教室,湘江世纪城205教室,班级刷卡,15人,素养,湘江世纪城教学区,2026-08-28,10,12,故事会5
"素养智学部",博文妙笔,博文妙笔,博文妙笔,BW427A0025,博文口才 4（暑）,博文妙笔L4暑假B1班,通用,10,10,1100,1100,110.0,"	0.00",L4,L4,常规体系,常规体系,博文妙笔L4暑假B1班,四年级博文妙笔暑假L4班,否,,连季续,四年级,四年级,四年级,2000.00,陆赛(365246),,暑假,暑假,正常,2026-08-18,2026-08-18,已审核,走读,常规面授,常规面授,,22,2026-02-26,每天13:50-15:40(上5休1),"有教材,开课前领取",2026-08-28,21,素养素质(智学),西子花苑旗舰店305教室,西子花苑旗舰店305教室,班级刷卡,15人,素养,西子花苑旗舰店教学区,2026-08-28,10,12,语商表达4
"素养智学部",博文妙笔,博文妙笔,博文妙笔,BW327A0005,博文口才 3（暑）,博文妙笔L3暑假B1班,通用,10,10,1100,1100,110.0,"	0.00",L3,L3,常规体系,常规体系,博文妙笔L3暑假B1班,三年级博文妙笔暑假L3班,否,,连季续,三年级,三年级,三年级,2000.00,陆赛(365246),,暑假,暑假,正常,2026-08-18,2026-08-18,已审核,走读,常规面授,常规面授,,20,2026-02-26,每天08:30-10:20(上5休1),"有教材,开课前领取",2026-08-28,17,素养素质(智学),西子花苑旗舰店305教室,西子花苑旗舰店305教室,班级刷卡,15人,素养,西子花苑旗舰店教学区,2026-08-28,10,12,语商表达3
"素养智学部",双语故事表演,双语故事表演,双语故事表演,PM327A0002,双语绘本3B（暑）,双语故事表演L3暑假B2班,通用,10,10,1100,1100,110.0,"	0.00",L3,L3,常规体系,常规体系,双语故事表演L3暑假B2班,三年级双语故事表演暑假L3班,否,,连季续,三年级,三年级,三年级,2000.00,陈鑫玉(631976),,暑假,暑假,正常,2026-08-18,2026-08-18,已审核,走读,常规面授,常规面授,,20,2026-02-26,每天08:30-10:20(上5休1),"有教材,开课前领取",2026-08-28,16,素养素质(智学),东塘02自习室,东塘02自习室,班级刷卡,15人,素养,东塘智慧空间,2026-08-28,10,12,分级阅读3
"国外考试部",全科,"阅读,写作,听力,口语",,FBJ2703,雅思大学生6.0分封闭营,雅思大学生6.0分封闭营（FY27）,IELTS进阶班,76,100,9120,9120,120.0,454.00,IELTS,IELTS,常规体系,常规体系,雅思大学生6.0分封闭营,雅思大学生6.0分封闭营,否,,可续,,,,24800.00,李凤霞(132280),,暑假,,正常,2026-07-16,2026-07-16,已审核,"走读,在线","常规面授,在线直播",在线直播,云教室小班（25人以下）,15,2026-04-15,周一至周六08:00-18:00上课，19:00-21:00晚自习,"有教材,开课前领取",2026-08-07,14,国外考试部,天马教学区,天马V233教室,班级刷卡,12人,国外考试部,天马教学区,2026-08-07,6,7,
"素养智学部",科创,科创,机器人编程,SZ27AJQ125,取消机器人S3（暑）,取消机器人编程S2-4段暑假班,通用,10,0,900,900,90.0,"	0.00",S2,S2,常规体系,常规体系,机器人编程S2-4段暑假班,S2机器人编程暑假S2班,否,,连季续,S2,S2,S2,1800.00,皮妮芳(433194),,暑假,暑假,取消班,2026-07-23,,已审核,"走读,在线","常规面授,在线直播",在线直播,云教室小班（25人以下）,0,2026-02-28,每天14:00-15:30（上5休1）,"有教材,开课前领取",,0,素养素质(智学),梅溪湖南202教室,梅溪湖南202教室,班级刷卡,12人,素质,梅溪湖南教学区,2026-08-02,8,10,机器人编程S2
"素养智学部",数学,数学,数学,SXZH3A0289,取消(取消）思维智慧3C领航（暑）,取消三年级数学暑假C1服务（C+）,通用,10,0,1200,1200,120.0,"	0.00",TG,TG,常规体系,常规体系,三年级数学暑假C1服务,三年级数学C暑假智慧学习空间,否,,连季续,三年级,三年级,三年级,2600.00,张需琴(202585),,暑假,暑假,取消班,2026-07-23,,已审核,"走读,在线","常规面授,在线录播",在线录播,智慧学习机,0,2026-02-27,每天13:50-15:50(上5休1）,"有教材,开课前领取",,0,学习机托管(智学),梅岭国际2自习室,梅岭国际2自习室,班级刷卡,20人,学习机托管,梅岭国际教学区,2026-08-02,12,12,三年级数学
"素养智学部",科创,科创,机器人编程,SZ27ABC036,取消（取消）C++ L6-2段班,取消机器人编程L6-2段暑假班,通用,10,0,1200,1200,120.0,"	0.00",L6,L6,常规体系,常规体系,机器人编程L6-2段暑假班,六年级机器人编程暑假L6班,否,,连季续,六年级(小学),六年级,六年级,2400.00,孙鑫程(433195),,暑假,暑假,取消班,2026-08-18,,已审核,"走读,在线","常规面授,在线直播",在线直播,云教室小班（25人以下）,0,2025-07-31,每天13:50-15:50（上5休1）,"有教材,开课前领取",,0,素养素质(智学),梅岭国际216A教室,梅岭国际216A教室,班级刷卡,12人,素质,梅岭国际教学区,2026-08-27,8,10,机器人编程L6
"素养智学部",博文妙笔,博文妙笔,博文妙笔,BW427A0035,博文口才 4（暑）,博文妙笔L4暑假B1班,通用,10,10,1100,1100,110.0,"	0.00",L4,L4,常规体系,常规体系,博文妙笔L4暑假B1班,四年级博文妙笔暑假L4班,否,,连季续,四年级,四年级,四年级,2000.00,陈力僮(454078),,暑假,暑假,正常,2026-08-18,2026-08-18,已审核,走读,常规面授,常规面授,,22,2026-02-26,每天13:50-15:40(上5休1),"有教材,开课前领取",2026-08-28,18,素养素质(智学),洋湖新城318教室,洋湖新城318教室,班级刷卡,15人,素养,洋湖新城教学区,2026-08-28,10,12,语商表达4
"素养智学部",脑力与思维,脑力与思维,脑力与思维,SW227A0003,脑力思维2B（暑）,脑力与思维L2暑假B1班,通用,10,10,1100,1100,110.0,"	0.00",L2,L2,常规体系,常规体系,脑力与思维L2暑假B1班,二年级脑力与思维暑假L2班,否,,连季续,二年级,二年级,二年级,2100.00,肖静媛(659914),,暑假,暑假,正常,2026-08-18,2026-08-18,已审核,走读,常规面授,常规面授,,16,2026-02-26,每天10:40-12:30(上5休1),"有教材,开课前领取",2026-08-28,15,素养素质(智学),月亮岛301教室,月亮岛301教室,班级刷卡,15人,素养,月亮岛教学区,2026-08-28,10,12,思维2
"素养智学部",双语故事表演,双语故事表演,双语故事表演,PM127A0055,双语绘本1C（暑）,双语故事表演L1暑假B2班,通用,10,10,1100,1100,110.0,"	0.00",L1,L1,常规体系,常规体系,双语故事表演L1暑假B2班,一年级双语故事表演暑假L1班,否,,连季续,一年级,一年级,一年级,2100.00,童兰婷(320803),,暑假,暑假,正常,2026-08-18,2026-08-18,已审核,走读,常规面授,常规面授,,17,2026-02-26,每天13:50-15:40(上5休1),"有教材,开课前领取",2026-08-28,14,素养素质(智学),梅岭国际201教室,梅岭国际201教室,班级刷卡,15人,素养,梅岭国际教学区,2026-08-28,10,12,分级阅读1
"素养智学部",双语故事表演,双语故事表演,双语故事表演,PM527A0053,双语绘本C5（暑）,双语故事表演L5暑假B2班,通用,10,10,1100,1100,110.0,"	0.00",L5,L5,常规体系,常规体系,双语故事表演L5暑假B2班,五年级双语故事表演暑假L5班,否,,连季续,五年级,五年级,五年级,2000.00,铁林林(180938),,暑假,暑假,正常,2026-08-18,2026-08-18,已审核,走读,常规面授,常规面授,,19,2026-02-26,每天08:30-10:20(上5休1),"有教材,开课前领取",2026-08-28,17,素养素质(智学),洋湖新城305教室,洋湖新城305教室,班级刷卡,15人,素养,洋湖新城教学区,2026-08-28,10,12,故事会5
"素养智学部",双语故事表演,双语故事表演,双语故事表演,PM627A0059,双语绘本C6（暑）,双语故事表演L6暑假B2班,通用,10,10,1100,1100,110.0,"	0.00",L6,L6,常规体系,常规体系,双语故事表演L6暑假B2班,六年级双语故事表演暑假L6班,否,,连季续,六年级(小学),六年级,六年级,2000.00,焦广城(332958),,暑假,暑假,正常,2026-08-18,2026-08-18,已审核,走读,常规面授,常规面授,,20,2026-02-26,每天10:40-12:30(上5休1),"有教材,开课前领取",2026-08-28,18,素养素质(智学),星沙筑梦204教室,星沙筑梦204教室,班级刷卡,15人,素养,星沙筑梦教学区,2026-08-28,10,12,故事会6
"素养智学部",英语,英语,英语,GJZH27A005,国际语音,学习机托管三年级英语暑假ZT1服务,通用,10,10,1200,1200,120.0,"	0.00",ZT1,ZT1,专项体系,专项体系,学习机托管三年级英语暑假ZT1服务,三年级英语暑假专题班,否,,不可续,三年级,三年级,三年级,2000.00,张仔豪(457818),,暑假,暑假,正常,2026-08-18,2026-08-18,已审核,走读,常规面授,常规面授,,18,2026-07-07,每天16:00-18:00(上5休1）,"有教材,开课前领取",2026-08-28,4,学习机托管(智学),井湾子教学区214教室,井湾子教学区214教室,班级刷卡,20人,学习机托管,井湾子教学区,2026-08-28,12,14,专项音标
"素养智学部",英语,英语,英语,GJZH27A016,国际语音,学习机托管三年级英语暑假ZT1服务,通用,10,10,1200,1200,120.0,"	0.00",ZT1,ZT1,专项体系,专项体系,学习机托管三年级英语暑假ZT1服务,三年级英语暑假专题班,否,,不可续,三年级,三年级,三年级,2000.00,瞿玉娟(707009),,暑假,暑假,正常,2026-08-05,2026-08-05,已审核,走读,常规面授,常规面授,,16,2026-07-07,每天16:00-18:00(上5休1）,"有教材,开课前领取",2026-08-15,9,学习机托管(智学),西子花苑旗舰店302教室,西子花苑旗舰店302教室,班级刷卡,20人,学习机托管,西子花苑旗舰店教学区,2026-08-15,12,14,专项音标
"素养智学部",英语,英语,英语,GJZH27A017,国际语音,学习机托管三年级英语暑假ZT1服务,通用,10,10,1200,1200,120.0,"	0.00",ZT1,ZT1,专项体系,专项体系,学习机托管三年级英语暑假ZT1服务,三年级英语暑假专题班,否,,不可续,三年级,三年级,三年级,2000.00,徐涛(619507),,暑假,暑假,正常,2026-07-23,2026-07-23,已审核,走读,常规面授,常规面授,,20,2026-07-07,每天10:40-12:40(上5休1）,"有教材,开课前领取",2026-08-02,11,学习机托管(智学),星沙湘龙311教室,星沙湘龙311教室,班级刷卡,20人,学习机托管,星沙湘龙教学区,2026-08-02,12,14,专项音标
"素养智学部",英语,英语,英语,GJZH27A024,国际语音,学习机托管三年级英语暑假ZT1服务,通用,10,10,1200,1200,120.0,"	0.00",ZT1,ZT1,专项体系,专项体系,学习机托管三年级英语暑假ZT1服务,三年级英语暑假专题班,否,,不可续,三年级,三年级,三年级,2000.00,何欣怡(672480),,暑假,暑假,正常,2026-08-18,2026-08-18,已审核,走读,常规面授,常规面授,,20,2026-07-07,每天13:50-15:50(上5休1）,"有教材,开课前领取",2026-08-28,8,学习机托管(智学),月亮岛306教室,月亮岛306教室,班级刷卡,20人,学习机托管,月亮岛教学区,2026-08-28,12,14,专项音标
"素养智学部",英语,英语,英语,GJZH27A001,国际语音,学习机托管三年级英语暑假ZT1服务,通用,10,10,1200,1200,120.0,"	0.00",ZT1,ZT1,专项体系,专项体系,学习机托管三年级英语暑假ZT1服务,三年级英语暑假专题班,否,,不可续,三年级,三年级,三年级,2000.00,杨帆(399003),,暑假,暑假,正常,2026-07-23,2026-07-23,已审核,走读,常规面授,常规面授,,20,2026-07-07,每天08:30-10:30(上5休1）,"有教材,开课前领取",2026-08-02,16,学习机托管(智学),二十四品309教室,二十四品309教室,班级刷卡,20人,学习机托管,二十四品教学区,2026-08-02,12,14,专项音标
"素养智学部",双语故事表演,双语故事表演,双语故事表演,PM427A0003,取消双语绘本4C（暑）,取消双语故事表演L4暑假B2班,通用,10,0,1100,1100,110.0,"	0.00",L4,L4,常规体系,常规体系,双语故事表演L4暑假B2班,四年级双语故事表演暑假L4班,否,,连季续,四年级,四年级,四年级,2000.00,杨倩(425911),,暑假,暑假,取消班,2026-08-18,,已审核,走读,常规面授,常规面授,,0,2026-02-26,每天16:00-17:50(上5休1),"有教材,开课前领取",,0,素养素质(智学),星沙筑梦203教室,星沙筑梦203教室,班级刷卡,15人,素养,星沙筑梦教学区,2026-08-28,10,12,分级阅读4
"素养智学部",科创,科创,机器人编程,SZ27AJQ177,机器人L1（暑）,机器人编程S3-4段暑假班,通用,10,10,900,900,90.0,"	0.00",S3,S3,常规体系,常规体系,科创S3-4段暑假班,S3机器人编程暑假S3班,否,,连季续,S3,S3,S3,1800.00,曹子健(434107),,暑假,暑假,正常,2026-08-18,2026-08-18,已审核,"走读,在线","常规面授,在线直播",在线直播,云教室小班（25人以下）,12,2026-07-07,每天10:40-12:10（上5休1）,"有教材,开课前领取",2026-08-28,7,素养素质(智学),洋湖新城312教室,洋湖新城312教室,班级刷卡,12人,素质,洋湖新城教学区,2026-08-28,8,10,机器人编程S3
"素养智学部",双语故事表演,双语故事表演,双语故事表演,PMS327A0018,双语绘本K（暑）,双语故事表演S3暑假B1班,通用,10,10,900,900,90.0,"	0.00",S3,S3,常规体系,常规体系,双语故事表演S3暑假B1班,S3双语故事表演暑假S3班,否,,连季续,S3,S3,S3,1575.00,金珉志(706976),,暑假,暑假,正常,2026-08-18,2026-08-18,已审核,走读,常规面授,常规面授,,15,2026-02-26,每天16:00-17:30(上5休1),"有教材,开课前领取",2026-08-28,11,素养素质(智学),梅岭国际212B教室,梅岭国际212B教室,班级刷卡,15人,素养,梅岭国际教学区,2026-08-28,10,12,分级阅读K
"素养智学部",脑力与思维,脑力与思维,脑力与思维,SW427A0027,脑力思维4B+（暑）,脑力与思维L4暑假B1班,通用,10,10,1100,1100,110.0,"	0.00",L4,L4,常规体系,常规体系,脑力与思维L4暑假B1班,四年级脑力与思维暑假L4班,否,,连季续,四年级,四年级,四年级,2000.00,杨之薇(398981),,暑假,暑假,正常,2026-08-18,2026-08-18,已审核,走读,常规面授,常规面授,,21,2026-02-26,每天10:40-12:30(上5休1),"有教材,开课前领取",2026-08-28,20,素养素质(智学),八方小区201教室,八方小区201教室,班级刷卡,15人,素养,八方小区教学区,2026-08-28,10,12,思维4
"素养智学部",双语故事表演,双语故事表演,双语故事表演,PM527A0075,双语绘本C5（暑）,双语故事表演L5暑假B2班,通用,10,10,1100,1100,110.0,"	0.00",L5,L5,常规体系,常规体系,双语故事表演L5暑假B2班,五年级双语故事表演暑假L5班,否,,连季续,五年级,五年级,五年级,2000.00,朱文韬(383983),,暑假,暑假,正常,2026-08-18,2026-08-18,已审核,走读,常规面授,常规面授,,23,2026-02-26,每天13:50-15:40(上5休1),"有教材,开课前领取",2026-08-28,23,素养素质(智学),东塘206教室,东塘206教室,班级刷卡,15人,素养,东塘教学区,2026-08-28,10,12,故事会5
"素养智学部",英语,英语,英语,YYZH4A0462,双语智慧4A（暑）,四年级英语暑假B1服务（默认A）,通用,10,10,1200,1200,120.0,"	0.00",TG,TG,常规体系,常规体系,四年级英语暑假B1服务,四年级英语A暑假智慧学习空间,否,,连季续,四年级,四年级,四年级,2000.00,张子萱(668100),,暑假,暑假,正常,2026-08-18,2026-08-18,已审核,"走读,在线","常规面授,在线录播",在线录播,智慧学习机,22,2026-02-27,每天10:40-12:40(上5休1）,"有教材,开课前领取",2026-08-28,20,学习机托管(智学),雨花家园412自习室,雨花家园412自习室,班级刷卡,20人,学习机托管,雨花家园智慧空间,2026-08-28,12,12,四年级英语
"素养智学部",双语故事表演,双语故事表演,双语故事表演,PM327A0132,双语绘本3C（暑）,双语故事表演L3暑假B2班,通用,10,10,1100,1100,110.0,"	0.00",L3,L3,常规体系,常规体系,双语故事表演L3暑假B2班,三年级双语故事表演暑假L3班,否,,连季续,三年级,三年级,三年级,2000.00,刘利亭(438750),,暑假,暑假,正常,2026-08-18,2026-08-18,已审核,走读,常规面授,常规面授,,19,2026-02-26,每天16:00-17:50(上5休1),"有教材,开课前领取",2026-08-28,18,素养素质(智学),八方小区202教室,八方小区202教室,班级刷卡,15人,素养,八方小区教学区,2026-08-28,10,12,分级阅读3
"素养智学部",双语故事表演,双语故事表演,双语故事表演,PM327A0362,双语绘本3B（暑）,双语故事表演L3暑假B2班,通用,10,10,1100,1100,110.0,"	0.00",L3,L3,常规体系,常规体系,双语故事表演L3暑假B2班,三年级双语故事表演暑假L3班,否,,连季续,三年级,三年级,三年级,2000.00,张涵(652450),,暑假,暑假,正常,2026-08-18,2026-08-18,已审核,走读,常规面授,常规面授,,18,2026-07-07,每天10:40-12:30(上5休1),"有教材,开课前领取",2026-08-28,18,素养素质(智学),梅岭国际205教室,梅岭国际205教室,班级刷卡,15人,素养,梅岭国际教学区,2026-08-28,10,12,分级阅读3
"素养智学部",双语故事表演,双语故事表演,双语故事表演,PM227A0193,取消双语绘本2C（暑）,取消双语故事表演L2暑假B2班,通用,10,0,1100,1100,110.0,"	0.00",L2,L2,常规体系,常规体系,双语故事表演L2暑假B2班,二年级双语故事表演暑假L2班,否,,连季续,二年级,二年级,二年级,2100.00,何丽萍(640266),,暑假,暑假,取消班,2026-07-23,,已审核,走读,常规面授,常规面授,,0,2026-02-26,每天10:40-12:30(上5休1),"有教材,开课前领取",,0,素养素质(智学),梅岭国际215教室,梅岭国际215教室,班级刷卡,15人,素养,梅岭国际教学区,2026-08-02,10,12,分级阅读2
"素养智学部",双语故事表演,双语故事表演,双语故事表演,PMS327A0051,双语绘本K（暑）,双语故事表演S3暑假B1班,通用,10,10,900,900,90.0,"	0.00",S3,S3,常规体系,常规体系,双语故事表演S3暑假B1班,S3双语故事表演暑假S3班,否,,连季续,S3,S3,S3,1575.00,黄子幸(715855),,暑假,暑假,正常,2026-07-23,2026-07-23,已审核,走读,常规面授,常规面授,,15,2026-07-07,每天10:40-12:10(上5休1),"有教材,开课前领取",2026-08-02,9,素养素质(智学),方圆荟304教室,方圆荟304教室,班级刷卡,15人,素养,方圆荟智慧空间,2026-08-02,10,12,分级阅读K
"素养智学部",双语故事表演,双语故事表演,双语故事表演,PM327A0118,取消双语绘本3C（暑）,取消双语故事表演L3暑假B2班,通用,10,0,1100,1100,110.0,"	0.00",L3,L3,常规体系,常规体系,双语故事表演L3暑假B2班,三年级双语故事表演暑假L3班,否,,连季续,三年级,三年级,三年级,2000.00,陈思颖(584395),,暑假,暑假,取消班,2026-07-23,,已审核,走读,常规面授,常规面授,,0,2026-02-26,每天10:40-12:30(上5休1),"有教材,开课前领取",,0,素养素质(智学),雨花家园301B教室,雨花家园301B教室,班级刷卡,15人,素养,雨花家园教学区,2026-08-02,10,12,分级阅读3
"素养智学部",科创,科创,机器人编程,SZ27AJQ019,机器人L2（暑）,机器人编程L1-4段暑假班,通用,10,10,900,900,90.0,"	0.00",L1,L1,常规体系,常规体系,机器人编程L1-4段暑假班,一年级机器人编程暑假L1班,否,,连季续,一年级,一年级,一年级,1800.00,颜俊敏(416482),,暑假,暑假,正常,2026-08-18,2026-08-18,已审核,"走读,在线","常规面授,在线直播",在线直播,云教室小班（25人以下）,12,2025-07-31,每天09:00-10:30（上5休1）,"有教材,开课前领取",2026-08-28,11,素养素质(智学),洋湖新城312教室,洋湖新城312教室,班级刷卡,12人,素质,洋湖新城教学区,2026-08-28,8,10,机器人编程L1
"素养智学部",科创,科创,机器人编程,SZ27ABC043,Python L4-1段班,机器人编程L4-1段暑假班,通用,10,10,1200,1200,120.0,"	0.00",L4,L4,常规体系,常规体系,机器人编程L4-1段暑假班,四年级机器人编程暑假L4班,否,,连季续,四年级,四年级,四年级,2400.00,刘博夫(590420),,暑假,暑假,正常,2026-08-18,2026-08-18,已审核,"走读,在线","常规面授,在线直播",在线直播,云教室小班（25人以下）,12,2025-07-31,每天10:40-12:40（上5休1）,"有教材,开课前领取",2026-08-28,7,素养素质(智学),雨花家园313教室,雨花家园313教室,班级刷卡,12人,素质,雨花家园教学区,2026-08-28,8,10,机器人编程L4
"素养智学部",科创,科创,机器人编程,SZ27ABC053,Python L3-4段班,机器人编程L3-4段暑假班,通用,10,10,1200,1200,120.0,"	0.00",L3,L3,常规体系,常规体系,机器人编程L3-4段暑假班,三年级机器人编程暑假L3班,否,,连季续,三年级,三年级,三年级,2400.00,赵宇熙(374630),,暑假,暑假,正常,2026-08-18,2026-08-18,已审核,"走读,在线","常规面授,在线直播",在线直播,云教室小班（25人以下）,12,2025-07-31,每天14:00-16:00（上5休1）,"有教材,开课前领取",2026-08-28,6,素养素质(智学),湘江世纪城312教室,湘江世纪城312教室,班级刷卡,12人,素质,湘江世纪城教学区,2026-08-28,8,10,机器人编程L3
"素养智学部",科创,科创,机器人编程,SZ27AJQ049,机器人L2（暑）,机器人编程L1-4段暑假班,通用,10,10,900,900,90.0,"	0.00",L1,L1,常规体系,常规体系,机器人编程L1-4段暑假班,一年级机器人编程暑假L1班,否,,连季续,一年级,一年级,一年级,1800.00,彭开云(450665),,暑假,暑假,正常,2026-08-18,2026-08-18,已审核,"走读,在线","常规面授,在线直播",在线直播,云教室小班（25人以下）,12,2025-07-31,每天10:40-12:10（上5休1）,"有教材,开课前领取",2026-08-28,10,素养素质(智学),雨花家园201B教室,雨花家园201B教室,班级刷卡,12人,素质,雨花家园教学区,2026-08-28,8,10,机器人编程L1
"素养智学部",科创,科创,机器人编程,SZ27AJQ069,机器人S3（暑）,机器人编程S2-4段暑假班,通用,10,10,900,900,90.0,"	0.00",S2,S2,常规体系,常规体系,机器人编程S2-4段暑假班,S2机器人编程暑假S2班,否,,连季续,S2,S2,S2,1800.00,彭开云(450665),,暑假,暑假,正常,2026-08-18,2026-08-18,已审核,"走读,在线","常规面授,在线直播",在线直播,云教室小班（25人以下）,12,2025-07-31,每天16:00-17:30（上5休1）,"有教材,开课前领取",2026-08-28,8,素养素质(智学),雨花家园201B教室,雨花家园201B教室,班级刷卡,12人,素质,雨花家园教学区,2026-08-28,8,10,机器人编程S2
"素养智学部",围棋,围棋,围棋,SZWQ27A131,围棋N2-2段班,围棋L1-4段暑假班（暑10次课100）,通用,10,10,900,900,90.0,"	0.00",L1,L1,常规体系,常规体系,围棋L1-4段暑假班,围棋L1-4段暑假班,否,,连季续,一年级,一年级,一年级,1500.00,赵华强(625322),,暑假,暑假,正常,2026-08-18,2026-08-18,已审核,走读,常规面授,常规面授,,12,2025-10-22,每天10:40-12:10（上5休1）,"有教材,开课前领取",2026-08-28,7,素养素质(智学),雨花家园204教室,雨花家园204教室,班级刷卡,12人,素质,雨花家园教学区,2026-08-28,8,10,围棋-L1
"素养智学部",双语故事表演,双语故事表演,双语故事表演,PM627A0039,取消双语绘本C6（暑）,取消双语故事表演L6暑假B2班,通用,10,0,1100,1100,110.0,"	0.00",L6,L6,常规体系,常规体系,双语故事表演L6暑假B2班,六年级双语故事表演暑假L6班,否,,连季续,六年级(小学),六年级,六年级,2000.00,黄颖(394859),,暑假,暑假,取消班,2026-08-18,,已审核,走读,常规面授,常规面授,,0,2026-02-26,每天08:30-10:20(上5休1),"有教材,开课前领取",,0,素养素质(智学),湘江世纪城305教室,湘江世纪城305教室,班级刷卡,15人,素养,湘江世纪城教学区,2026-08-28,10,12,故事会6
"素养智学部",数学,数学,数学,SXZH3A0283,取消思维智慧3B+（暑）,取消三年级数学暑假B1服务（默认B）,通用,10,0,1200,1200,120.0,"	0.00",TG,TG,常规体系,常规体系,三年级数学暑假B1服务,三年级数学B暑假智慧学习空间,否,,连季续,三年级,三年级,三年级,2000.00,徐铭悦(274583),,暑假,暑假,取消班,2026-08-18,,已审核,"走读,在线","常规面授,在线录播",在线录播,智慧学习机,0,2026-02-27,每天08:30-10:30(上5休1）,"有教材,开课前领取",,0,学习机托管(智学),星沙筑梦自习室L1,星沙筑梦自习室L1,班级刷卡,20人,学习机托管,星沙筑梦教学区,2026-08-28,12,12,三年级数学
"素养智学部",围棋,围棋,围棋,SZ27AWQ057,取消围棋N3-1段班,取消围棋L2-1段暑假班（暑10次课100）,通用,10,0,900,900,90.0,"	0.00",L2,L2,常规体系,常规体系,围棋L2-1段暑假班,围棋L2-1段暑假班,否,,连季续,二年级,二年级,二年级,1500.00,刘源清(368312),,暑假,暑假,取消班,2026-08-18,,已审核,走读,常规面授,常规面授,,0,2025-07-31,每天10:40-12:10（上5休1）,"有教材,开课前领取",,0,素养素质(智学),八方小区教学区,,班级刷卡,12人,素质,八方小区教学区,2026-08-27,8,10,围棋L2
"素养智学部",脑力与思维,脑力与思维,脑力与思维,SW327A0057,脑力思维3B（暑）,脑力与思维L3暑假B1班,通用,10,10,1100,1100,110.0,"	0.00",L3,L3,常规体系,常规体系,脑力与思维L3暑假B1班,三年级脑力与思维暑假L3班,否,,连季续,三年级,三年级,三年级,2000.00,徐铭悦(274583),,暑假,暑假,正常,2026-08-18,2026-08-18,已审核,走读,常规面授,常规面授,,18,2026-03-06,每天08:30-10:20(上5休1),"有教材,开课前领取",2026-08-28,16,素养素质(智学),星沙筑梦208教室,星沙筑梦208教室,班级刷卡,15人,素养,星沙筑梦教学区,2026-08-28,10,12,思维3
"素养智学部",英语,英语,英语,YYZH3A0315,双语智慧3A（暑）,三年级英语暑假A1服务（默认A）,通用,10,10,1200,1200,120.0,"	0.00",TG,TG,常规体系,常规体系,三年级英语暑假A1服务,三年级英语A暑假智慧学习空间,否,,连季续,三年级,三年级,三年级,2000.00,凌芝(706979),,暑假,暑假,正常,2026-08-18,2026-08-18,已审核,"走读,在线","常规面授,在线录播",在线录播,智慧学习机,22,2026-02-27,每天08:30-10:30(上5休1）,"有教材,开课前领取",2026-08-28,20,学习机托管(智学),北辰110教室,北辰110教室,班级刷卡,20人,学习机托管,北辰教学区,2026-08-28,12,12,三年级英语
"素养智学部",脑力与思维,脑力与思维,脑力与思维,SW327A0006,取消(取消)脑力思维3A（暑）,取消脑力与思维L3暑假A2班,通用,10,0,1100,1100,110.0,"	0.00",L3,L3,常规体系,常规体系,脑力与思维L3暑假A2班,三年级脑力与思维暑假L3班,否,,连季续,三年级,三年级,三年级,2000.00,郑婕(612636),,暑假,暑假,取消班,2026-08-18,,已审核,走读,常规面授,常规面授,,0,2026-02-26,每天08:30-10:20(上5休1),"有教材,开课前领取",,0,素养素质(智学),星沙湘龙308教室,星沙湘龙308教室,班级刷卡,15人,素养,星沙湘龙教学区,2026-08-28,10,12,思维3
"素养智学部",双语故事表演,双语故事表演,双语故事表演,PM427A0150,双语绘本4C（暑）,双语故事表演L4暑假B2班,通用,10,10,1100,1100,110.0,"	0.00",L4,L4,常规体系,常规体系,双语故事表演L4暑假B2班,四年级双语故事表演暑假L4班,否,,连季续,四年级,四年级,四年级,2000.00,颜芬芬(430608),,暑假,暑假,正常,2026-08-18,2026-08-18,已审核,走读,常规面授,常规面授,,20,2026-02-26,每天13:50-15:40(上5休1),"有教材,开课前领取",2026-08-28,20,素养素质(智学),八方小区204教室,八方小区204教室,班级刷卡,15人,素养,八方小区教学区,2026-08-28,10,12,分级阅读4
"素养智学部",双语故事表演,双语故事表演,双语故事表演,PM327A0084,双语绘本3C（暑）,双语故事表演L3暑假B2班,通用,10,10,1100,1100,110.0,"	0.00",L3,L3,常规体系,常规体系,双语故事表演L3暑假B2班,三年级双语故事表演暑假L3班,否,,连季续,三年级,三年级,三年级,2000.00,陈蕾萌(398993),,暑假,暑假,正常,2026-08-18,2026-08-18,已审核,走读,常规面授,常规面授,,19,2026-02-26,每天13:50-15:40(上5休1),"有教材,开课前领取",2026-08-28,18,素养素质(智学),时光汇209教室,时光汇209教室,班级刷卡,15人,素养,时光汇教学区,2026-08-28,10,12,分级阅读3
"素养智学部",双语故事表演,双语故事表演,双语故事表演,PM227A0269,双语绘本2B（暑）,双语故事表演L2暑假B2班,通用,10,10,1100,1100,110.0,"	0.00",L2,L2,常规体系,常规体系,双语故事表演L2暑假B2班,二年级双语故事表演暑假L2班,否,,连季续,二年级,二年级,二年级,2100.00,陈思颖(584395),,暑假,暑假,正常,2026-08-18,2026-08-18,已审核,走读,常规面授,常规面授,,15,2026-07-07,每天13:50-15:40(上5休1),"有教材,开课前领取",2026-08-28,11,素养素质(智学),雨花家园301B教室,雨花家园301B教室,班级刷卡,15人,素养,雨花家园教学区,2026-08-28,10,12,分级阅读2
"素养智学部",英语,英语,英语,YYZH3A0368,双语智慧3A（暑）,三年级英语暑假A1服务（默认A）,通用,10,10,1200,1200,120.0,"	0.00",TG,TG,常规体系,常规体系,三年级英语暑假A1服务,三年级英语A暑假智慧学习空间,否,,连季续,三年级,三年级,三年级,2000.00,徐洋(072892),,暑假,暑假,正常,2026-08-18,2026-08-18,已审核,"走读,在线","常规面授,在线录播",在线录播,智慧学习机,22,2026-07-07,每天10:40-12:40(上5休1）,"有教材,开课前领取",2026-08-28,13,学习机托管(智学),东塘11自习室,东塘11自习室,班级刷卡,20人,学习机托管,东塘智慧空间,2026-08-28,8,12,三年级英语
"素养智学部",双语故事表演,双语故事表演,双语故事表演,PMS227A0014,取消双语绘本PK（暑）,取消双语故事表演预备级S2暑假B2班,通用,10,0,900,900,90.0,"	0.00",S2,S2,常规体系,常规体系,双语故事表演预备级S2暑假B2班,S2双语故事表演暑假S2班,否,,连季续,S2,S2,S2,2250.00,黄子幸(715855),,暑假,暑假,取消班,2026-08-05,,已审核,走读,常规面授,常规面授,,0,2026-02-26,每天13:50-15:20(上5休1),"有教材,开课前领取",,0,素养素质(智学),方圆荟304教室,方圆荟304教室,班级刷卡,10人,素养,方圆荟智慧空间,2026-08-15,7,7,分级阅读K
"素养智学部",双语故事表演,双语故事表演,双语故事表演,PM127A0027,取消双语绘本1C（暑）,取消双语故事表演L1暑假B2班,通用,10,0,1100,1100,110.0,"	0.00",L1,L1,常规体系,常规体系,双语故事表演L1暑假B2班,一年级双语故事表演暑假L1班,否,,连季续,一年级,一年级,一年级,2100.00,肖薇(613301),,暑假,暑假,取消班,2026-07-23,,已审核,走读,常规面授,常规面授,,0,2026-02-26,每天13:50-15:40(上5休1),"有教材,开课前领取",,0,素养素质(智学),东塘03自习室,东塘03自习室,班级刷卡,15人,素养,东塘智慧空间,2026-08-02,10,12,分级阅读1
"素养智学部",博文妙笔,博文妙笔,博文妙笔,BW327A0033,博文口才 3（暑）,博文妙笔L3暑假B1班,通用,10,10,1100,1100,110.0,"	0.00",L3,L3,常规体系,常规体系,博文妙笔L3暑假B1班,三年级博文妙笔暑假L3班,否,,连季续,三年级,三年级,三年级,2000.00,张明珠(267049),,暑假,暑假,正常,2026-08-18,2026-08-18,已审核,走读,常规面授,常规面授,,18,2026-02-26,每天08:30-10:20(上5休1),"有教材,开课前领取",2026-08-28,2,素养素质(智学),梅溪湖南208教室,梅溪湖南208教室,班级刷卡,15人,素养,梅溪湖南教学区,2026-08-28,10,12,语商表达3
"高中班级部",物理,物理,物理,GYWLA3495,取消高一物理暑假精进班,取消十年级物理暑假A2班（面授）,通用,14,0,1680,1680,120.0,"	0.00",A2,A2,A体系,A体系,十年级物理暑假A2班,高一物理暑假精进班,否,,连季续,高一,十年级,高一,2660.00,邹志超(248531),,暑假,暑假,取消班,2026-07-21,,已审核,走读,常规面授,常规面授,,0,2025-12-15,10:20-12:20,"有教材,开课前领取",,0,高中部,晚报大厦305教室,晚报大厦305教室,班级刷卡,25人,本地班课,晚报大厦教学区,2026-08-04,10,15,高一物理
"高中班级部",数学,数学,数学,GYSXA3810,取消高一数学暑假精进班,取消十年级数学暑假A2班（面授）,通用,14,0,1680,1680,120.0,"	0.00",A2,A2,A体系,A体系,十年级数学暑假A2班,高一数学暑假精进班,否,,连季续,高一,十年级,高一,2660.00,王嘉盛(264065),,暑假,暑假,取消班,2026-07-21,,已审核,走读,常规面授,常规面授,,0,2025-12-15,"	08:00-10:00","有教材,开课前领取",,0,高中部,晚报大厦305教室,晚报大厦305教室,班级刷卡,25人,本地班课,晚报大厦教学区,2026-08-04,10,15,高一数学
"素养智学部",博文妙笔,博文妙笔,博文妙笔,BW527A0014,博文口才 5（暑）,博文妙笔L5暑假B1班,通用,10,10,1100,1100,110.0,"	0.00",L5,L5,常规体系,常规体系,博文妙笔L5暑假B1班,五年级博文妙笔暑假L5班,否,,连季续,五年级,五年级,五年级,2000.00,罗瑶(237674),,暑假,暑假,正常,2026-08-18,2026-08-18,已审核,走读,常规面授,常规面授,,22,2026-02-26,每天16:00-17:50(上5休1),"有教材,开课前领取",2026-08-28,21,素养素质(智学),梅岭国际214教室,梅岭国际214教室,班级刷卡,15人,素养,梅岭国际教学区,2026-08-28,10,12,语商表达5
"素养智学部",双语故事表演,双语故事表演,双语故事表演,PM127A0021,双语绘本1C（暑）,双语故事表演L1暑假B2班,通用,10,10,1100,1100,110.0,"	0.00",L1,L1,常规体系,常规体系,双语故事表演L1暑假B2班,一年级双语故事表演暑假L1班,否,,连季续,一年级,一年级,一年级,2100.00,卫文可(661617),,暑假,暑假,正常,2026-08-18,2026-08-18,已审核,走读,常规面授,常规面授,,16,2026-02-26,每天16:00-17:50(上5休1),"有教材,开课前领取",2026-08-28,13,素养素质(智学),梅溪湖南207教室,梅溪湖南207教室,班级刷卡,15人,素养,梅溪湖南教学区,2026-08-28,10,12,分级阅读1
"素养智学部",双语故事表演,双语故事表演,双语故事表演,PM227A0129,双语绘本2C（暑）,双语故事表演L2暑假B2班,通用,10,10,1100,1100,110.0,"	0.00",L2,L2,常规体系,常规体系,双语故事表演L2暑假B2班,二年级双语故事表演暑假L2班,否,,连季续,二年级,二年级,二年级,2100.00,张嘉怡(661635),,暑假,暑假,正常,2026-08-18,2026-08-18,已审核,走读,常规面授,常规面授,,17,2026-02-26,每天10:40-12:30(上5休1),"有教材,开课前领取",2026-08-28,16,素养素质(智学),方圆荟306自习室,方圆荟306自习室,班级刷卡,15人,素养,方圆荟智慧空间,2026-08-28,10,12,分级阅读2
"素养智学部",博文妙笔,博文妙笔,博文妙笔,BW327A0039,博文口才 3（暑）,博文妙笔L3暑假B1班,通用,10,10,1100,1100,110.0,"	0.00",L3,L3,常规体系,常规体系,博文妙笔L3暑假B1班,三年级博文妙笔暑假L3班,否,,连季续,三年级,三年级,三年级,2000.00,冯慧(214832),,暑假,暑假,正常,2026-08-18,2026-08-18,已审核,走读,常规面授,常规面授,,18,2026-02-26,每天13:50-15:40(上5休1),"有教材,开课前领取",2026-08-28,7,素养素质(智学),北辰105教室,北辰105教室,班级刷卡,15人,素养,北辰教学区,2026-08-28,10,12,语商表达3
"素养智学部",双语故事表演,双语故事表演,双语故事表演,PM227A0054,双语绘本2C（暑）,双语故事表演L2暑假B2班,通用,10,10,1100,1100,110.0,"	0.00",L2,L2,常规体系,常规体系,双语故事表演L2暑假B2班,二年级双语故事表演暑假L2班,否,,连季续,二年级,二年级,二年级,2100.00,张茡实(612635),,暑假,暑假,正常,2026-08-18,2026-08-18,已审核,走读,常规面授,常规面授,,16,2026-02-26,每天08:30-10:20(上5休1),"有教材,开课前领取",2026-08-28,15,素养素质(智学),星沙湘龙311教室,星沙湘龙311教室,班级刷卡,15人,素养,星沙湘龙教学区,2026-08-28,10,12,分级阅读2
"素养智学部",双语故事表演,双语故事表演,双语故事表演,PM227A0109,双语绘本2C（暑）,双语故事表演L2暑假B2班,通用,10,10,1100,1100,110.0,"	0.00",L2,L2,常规体系,常规体系,双语故事表演L2暑假B2班,二年级双语故事表演暑假L2班,否,,连季续,二年级,二年级,二年级,2100.00,刘巧(137765),,暑假,暑假,正常,2026-08-18,2026-08-18,已审核,走读,常规面授,常规面授,,19,2026-02-26,每天08:30-10:20(上5休1),"有教材,开课前领取",2026-08-28,16,素养素质(智学),雨花家园306教室,雨花家园306教室,班级刷卡,15人,素养,雨花家园教学区,2026-08-28,10,12,分级阅读2
"素养智学部",双语故事表演,双语故事表演,双语故事表演,PM527A0038,双语绘本C5（暑）,双语故事表演L5暑假B2班,通用,10,10,1100,1100,110.0,"	0.00",L5,L5,常规体系,常规体系,双语故事表演L5暑假B2班,五年级双语故事表演暑假L5班,否,,连季续,五年级,五年级,五年级,2000.00,周婵(361900),,暑假,暑假,正常,2026-08-18,2026-08-18,已审核,走读,常规面授,常规面授,,21,2026-02-26,每天08:30-10:20(上5休1),"有教材,开课前领取",2026-08-28,16,素养素质(智学),八方小区203教室,八方小区203教室,班级刷卡,15人,素养,八方小区教学区,2026-08-28,10,12,故事会5
"素养智学部",双语故事表演,双语故事表演,双语故事表演,PM227A0090,双语绘本2C（暑）,双语故事表演L2暑假B2班,通用,10,10,1100,1100,110.0,"	0.00",L2,L2,常规体系,常规体系,双语故事表演L2暑假B2班,二年级双语故事表演暑假L2班,否,,连季续,二年级,二年级,二年级,2100.00,刘莉芝(416599),,暑假,暑假,正常,2026-08-18,2026-08-18,已审核,走读,常规面授,常规面授,,16,2026-02-26,每天16:00-17:50(上5休1),"有教材,开课前领取",2026-08-28,12,素养素质(智学),西子花苑旗舰店209教室,西子花苑旗舰店209教室,班级刷卡,15人,素养,西子花苑旗舰店教学区,2026-08-28,10,12,分级阅读2
"素养智学部",数学,数学,数学,SXZH4A0664,思维智慧4A（暑）,四年级数学暑假A2服务（默认A）,通用,10,10,1200,1200,120.0,"	0.00",TG,TG,常规体系,常规体系,四年级数学暑假A2服务,四年级数学A暑假智慧学习空间,否,,连季续,四年级,四年级,四年级,2000.00,杨智博(706987),,暑假,暑假,正常,2026-08-18,2026-08-18,已审核,"走读,在线","常规面授,在线录播",在线录播,智慧学习机,22,2026-02-27,每天16:00-18:00(上5休1）,"有教材,开课前领取",2026-08-28,19,学习机托管(智学),洋湖新城313教室,洋湖新城313教室,班级刷卡,20人,学习机托管,洋湖新城教学区,2026-08-28,12,12,四年级数学
"国外考试部",英语,英语,,GYSY1001D,Global Primary外语1D,Global Primary外语1B 下（FY26）,Global Primary 英语,16,16,1920,1920,120.0,120.00,国际教育,国际教育,常规体系,常规体系,Global Primary外语1B 下,Global Primary外语1B 下,否,,可续,,,,6600.00,童瑛(589073),,"春季,暑假,秋季,寒假",,正常,2026-05-17,2026-05-17,已审核,"走读,在线","常规面授,在线直播",在线直播,云教室小班（25人以下）,10,2024-12-04,"秋季每周日10:30-12:30，寒假集中上课 ","有教材,开课前领取",2026-08-22,8,国际教育青少部,芙蓉广场,芙蓉广场5-05教室,班级刷卡,6人,国外考试部,芙蓉广场教学区,2026-08-22,3,4,
"素养智学部",双语故事表演,双语故事表演,双语故事表演,PM527A0019,双语绘本C5（暑）,双语故事表演L5暑假B2班,通用,10,10,1100,1100,110.0,"	0.00",L5,L5,常规体系,常规体系,双语故事表演L5暑假B2班,五年级双语故事表演暑假L5班,否,,连季续,五年级,五年级,五年级,2000.00,刘月平(619574),,暑假,暑假,正常,2026-08-18,2026-08-18,已审核,走读,常规面授,常规面授,,20,2026-02-26,每天16:00-17:50(上5休1),"有教材,开课前领取",2026-08-28,17,素养素质(智学),湘江世纪城309教室,湘江世纪城309教室,班级刷卡,15人,素养,湘江世纪城教学区,2026-08-28,10,12,故事会5
"素养智学部",双语故事表演,双语故事表演,双语故事表演,PM627A0075,双语绘本C6（暑）,双语故事表演L6暑假B2班,通用,10,10,1100,1100,110.0,"	0.00",L6,L6,常规体系,常规体系,双语故事表演L6暑假B2班,六年级双语故事表演暑假L6班,否,,连季续,六年级(小学),六年级,六年级,2000.00,谢晨曦(443733),,暑假,暑假,正常,2026-08-18,2026-08-18,已审核,走读,常规面授,常规面授,,18,2026-02-26,每天08:30-10:20(上5休1),"有教材,开课前领取",2026-08-28,9,素养素质(智学),雨花家园206A教室,雨花家园206A教室,班级刷卡,15人,素养,雨花家园教学区,2026-08-28,10,12,故事会6
"素养智学部",双语故事表演,双语故事表演,双语故事表演,PM427A0121,双语绘本4C（暑）,双语故事表演L4暑假B2班,通用,10,10,1100,1100,110.0,"	0.00",L4,L4,常规体系,常规体系,双语故事表演L4暑假B2班,四年级双语故事表演暑假L4班,否,,连季续,四年级,四年级,四年级,2000.00,李紫青(254227),,暑假,暑假,正常,2026-08-18,2026-08-18,已审核,走读,常规面授,常规面授,,20,2026-02-26,每天13:50-15:40(上5休1),"有教材,开课前领取",2026-08-28,14,素养素质(智学),湘江世纪城205教室,湘江世纪城205教室,班级刷卡,15人,素养,湘江世纪城教学区,2026-08-28,10,12,分级阅读4
"素养智学部",双语故事表演,双语故事表演,双语故事表演,PM427A0174,双语绘本4C（暑）,双语故事表演L4暑假B2班,通用,10,10,1100,1100,110.0,"	0.00",L4,L4,常规体系,常规体系,双语故事表演L4暑假B2班,四年级双语故事表演暑假L4班,否,,连季续,四年级,四年级,四年级,2000.00,李紫青(254227),,暑假,暑假,正常,2026-08-18,2026-08-18,已审核,走读,常规面授,常规面授,,20,2026-03-26,每天08:30-10:20(上5休1),"有教材,开课前领取",2026-08-28,14,素养素质(智学),湘江世纪城205教室,湘江世纪城205教室,班级刷卡,15人,素养,湘江世纪城教学区,2026-08-28,10,12,分级阅读4
"素养智学部",双语故事表演,双语故事表演,双语故事表演,PM327A0040,取消双语绘本3C（暑）,取消双语故事表演L3暑假B2班,通用,10,0,1100,1100,110.0,"	0.00",L3,L3,常规体系,常规体系,双语故事表演L3暑假B2班,三年级双语故事表演暑假L3班,否,,连季续,三年级,三年级,三年级,2000.00,唐禹睿(640813),,暑假,暑假,取消班,2026-08-18,,已审核,走读,常规面授,常规面授,,0,2026-02-26,每天13:50-15:40(上5休1),"有教材,开课前领取",,0,素养素质(智学),时光汇210教室,时光汇210教室,班级刷卡,15人,素养,时光汇教学区,2026-08-28,10,12,分级阅读3
"素养智学部",博文妙笔,博文妙笔,博文妙笔,BW327A0004,博文口才 3（暑）,博文妙笔L3暑假B1班,通用,10,10,1100,1100,110.0,"	0.00",L3,L3,常规体系,常规体系,博文妙笔L3暑假B1班,三年级博文妙笔暑假L3班,否,,连季续,三年级,三年级,三年级,2000.00,高玮(438769),,暑假,暑假,正常,2026-08-18,2026-08-18,已审核,走读,常规面授,常规面授,,20,2026-02-26,每天08:30-10:20(上5休1),"有教材,开课前领取",2026-08-28,14,素养素质(智学),二十四品307教室,二十四品307教室,班级刷卡,15人,素养,二十四品教学区,2026-08-28,10,12,语商表达3
"素养智学部",英语,英语,英语,YYZH5A0283,双语智慧5A（暑）,五年级英语暑假B1服务（默认A）,通用,10,10,1200,1200,120.0,"	0.00",TG,TG,常规体系,常规体系,五年级英语暑假B1服务,五年级英语A暑假智慧学习空间,否,,连季续,五年级,五年级,五年级,2000.00,蒋媛媛(223063),,暑假,暑假,正常,2026-08-18,2026-08-18,已审核,"走读,在线","常规面授,在线录播",在线录播,智慧学习机,24,2026-02-27,每天16:00-18:00(上5休1）,"有教材,开课前领取",2026-08-28,22,学习机托管(智学),二十四品02自习室,二十四品02自习室,班级刷卡,20人,学习机托管,二十四品教学区,2026-08-28,12,12,五年级英语
"素养智学部",博文妙笔,博文妙笔,博文妙笔,BW127A0005,取消博文口才 1（暑）,取消博文妙笔L1暑假B1班,通用,10,0,1100,1100,110.0,"	0.00",L1,L1,常规体系,常规体系,博文妙笔L1暑假B1班,一年级博文妙笔暑假L1班,否,,连季续,一年级,一年级,一年级,2100.00,贺苗(354669),,暑假,暑假,取消班,2026-08-18,,已审核,走读,常规面授,常规面授,,0,2026-02-26,每天10:40-12:30(上5休1),"有教材,开课前领取",,0,素养素质(智学),浏城桥516教室（新）,浏城桥516教室（新）,班级刷卡,15人,素养,浏城桥教学区,2026-08-28,10,12,语商表达1
"素养智学部",脑力与思维,脑力与思维,脑力与思维,SW327A0072,脑力思维3B（暑）,脑力与思维L3暑假B1班,通用,10,10,1100,1100,110.0,"	0.00",L3,L3,常规体系,常规体系,脑力与思维L3暑假B1班,三年级脑力与思维暑假L3班,否,,连季续,三年级,三年级,三年级,2000.00,郑婕(612636),,暑假,暑假,正常,2026-08-18,2026-08-18,已审核,走读,常规面授,常规面授,,18,2026-07-04,每天08:30-10:20(上5休1),"有教材,开课前领取",2026-08-28,7,素养素质(智学),星沙湘龙308教室,星沙湘龙308教室,班级刷卡,15人,素养,星沙湘龙教学区,2026-08-28,10,12,思维3
"素养智学部",脑力与思维,脑力与思维,脑力与思维,SW627A0004,脑力思维6B（暑）,脑力与思维L6暑假B1班,通用,10,10,1100,1100,110.0,"	0.00",L6,L6,常规体系,常规体系,脑力与思维L6暑假B1班,六年级脑力与思维暑假L6班,否,,连季续,六年级(小学),六年级,六年级,2000.00,康瑞欣(442810),,暑假,暑假,正常,2026-08-18,2026-08-18,已审核,走读,常规面授,常规面授,,19,2026-02-26,每天16:00-17:50(上5休1),"有教材,开课前领取",2026-08-28,17,素养素质(智学),东塘02自习室,东塘02自习室,班级刷卡,15人,素养,东塘智慧空间,2026-08-28,10,12,思维6
"素养智学部",围棋,围棋,围棋,SZWQ27A028,围棋N5-1段班,围棋L3-1段暑假班（暑10次课100）,通用,10,10,900,900,90.0,"	0.00",L3,L3,常规体系,常规体系,围棋L3-1段暑假班,围棋L3-1段暑假班,否,,连季续,三年级,三年级,三年级,1500.00,聂翰林(435932),,暑假,暑假,正常,2026-08-18,2026-08-18,已审核,走读,常规面授,常规面授,,13,2025-10-22,每天10:40-12:10（上5休1）,"有教材,开课前领取",2026-08-28,12,素养素质(智学),西子花苑旗舰店201教室,西子花苑旗舰店201教室,班级刷卡,12人,素质,西子花苑旗舰店教学区,2026-08-28,8,10,围棋L3
"素养智学部",双语故事表演,双语故事表演,双语故事表演,PM327A0168,取消(取消)双语绘本3C（暑）,取消双语故事表演L3暑假B2班,通用,10,0,1100,1100,110.0,"	0.00",L3,L3,常规体系,常规体系,双语故事表演L3暑假B2班,三年级双语故事表演暑假L3班,否,,连季续,三年级,三年级,三年级,2000.00,段佳慧(432282),,暑假,暑假,取消班,2026-08-18,,已审核,走读,常规面授,常规面授,,0,2026-02-26,每天16:00-17:50(上5休1),"有教材,开课前领取",,0,素养素质(智学),井湾子教学区210教室,井湾子教学区210教室,班级刷卡,15人,素养,井湾子教学区,2026-08-28,10,12,分级阅读3
"素养智学部",书法,书法,书法,XZ227A0014,素质成长营（写字2）（暑）,一年级书法暑假ZT1班,通用,10,10,900,900,90.0,"	0.00",ZT1,ZT1,专项体系,专项体系,一年级书法暑假ZT1班,一年级书法暑假ZT1班,否,,不可续,一年级,一年级,一年级,975.00,彭博(658241),,暑假,暑假,正常,2026-08-18,2026-08-18,已审核,走读,常规面授,常规面授,,15,2026-02-26,每天10:40-12:10(上5休1),"有教材,开课前领取",2026-08-28,3,素养素质(智学),中信308教室,中信308教室,班级刷卡,12人,素质,中信教学区,2026-08-28,7,8,书法2
"素养智学部",脑力与思维,脑力与思维,脑力与思维,SW327A0015,脑力思维3B（暑）,脑力与思维L3暑假B1班,通用,10,10,1100,1100,110.0,"	0.00",L3,L3,常规体系,常规体系,脑力与思维L3暑假B1班,三年级脑力与思维暑假L3班,否,,连季续,三年级,三年级,三年级,2000.00,谢春(366872),,暑假,暑假,正常,2026-08-18,2026-08-18,已审核,走读,常规面授,常规面授,,20,2026-02-26,每天13:50-15:40(上5休1),"有教材,开课前领取",2026-08-28,20,素养素质(智学),八方小区209教室,八方小区209教室,班级刷卡,15人,素养,八方小区教学区,2026-08-28,10,12,思维3
"素养智学部",双语故事表演,双语故事表演,双语故事表演,PM227A0066,双语绘本2C（暑）,双语故事表演L2暑假B2班,通用,10,10,1100,1100,110.0,"	0.00",L2,L2,常规体系,常规体系,双语故事表演L2暑假B2班,二年级双语故事表演暑假L2班,否,,连季续,二年级,二年级,二年级,2100.00,邓佳敏(174958),,暑假,暑假,正常,2026-08-18,2026-08-18,已审核,走读,常规面授,常规面授,,15,2026-02-26,每天10:40-12:30(上5休1),"有教材,开课前领取",2026-08-28,9,素养素质(智学),井湾子教学区214教室,井湾子教学区214教室,班级刷卡,15人,素养,井湾子教学区,2026-08-28,10,12,分级阅读2
"素养智学部",双语故事表演,双语故事表演,双语故事表演,PM127A0024,双语绘本1C（暑）,双语故事表演L1暑假B2班,通用,10,10,1100,1100,110.0,"	0.00",L1,L1,常规体系,常规体系,双语故事表演L1暑假B2班,一年级双语故事表演暑假L1班,否,,连季续,一年级,一年级,一年级,2100.00,彭思琪(514257),,暑假,暑假,正常,2026-08-18,2026-08-18,已审核,走读,常规面授,常规面授,,16,2026-02-26,每天10:40-12:30(上5休1),"有教材,开课前领取",2026-08-28,13,素养素质(智学),井湾子教学区216教室,井湾子教学区216教室,班级刷卡,15人,素养,井湾子教学区,2026-08-28,10,12,分级阅读1
"素养智学部",英语,英语,英语,OYYZH6A0009,YY暑假智慧学习小组6A,六年级学习机线上英语暑假A2服务（默认A）,通用,10,10,1200,1200,120.0,"	0.00",XXJ,XXJ,常规体系,常规体系,六年级学习机线上英语暑假A2服务,六年级英语A暑假智慧学习小组,否,,连季续,六年级(小学),六年级,六年级,1500.00,洪金霞(269456),,暑假,暑假,正常,2026-08-18,2026-08-18,已审核,在线,在线录播,在线录播,智慧学习机,24,2026-02-27,每天13:50-15:50(上5休1）,"有教材,快递配送",2026-08-28,18,学习机线上(智学),长沙线上课,儿童网络虚拟教室1,班级刷卡,24人,学习机线上,网络教学区,2026-08-28,3,14,六年级英语
"素养智学部",英语,英语,英语,OYYZH6A0010,YY暑假智慧学习小组6B,六年级学习机线上英语暑假B1服务（默认B）,通用,10,10,1200,1200,120.0,"	0.00",XXJ,XXJ,常规体系,常规体系,六年级学习机线上英语暑假B1服务,六年级英语B暑假智慧学习小组,否,,连季续,六年级(小学),六年级,六年级,1500.00,王德波(349391),,暑假,暑假,正常,2026-08-18,2026-08-18,已审核,在线,在线录播,在线录播,智慧学习机,24,2026-02-27,每天16:00-18:00(上5休1）,"有教材,快递配送",2026-08-28,20,学习机线上(智学),长沙线上课,儿童网络虚拟教室1,班级刷卡,24人,学习机线上,网络教学区,2026-08-28,3,14,六年级英语
"素养智学部",数学,数学,数学,OSXZH5A0004,SX暑假智慧学习小组5B,五年级数学暑假学习机线上B1服务（默认B）,通用,10,10,1200,1200,120.0,"	0.00",XXJ,XXJ,常规体系,常规体系,五年级数学暑假学习机线上B1服务,五年级数学B暑假智慧学习小组,否,,连季续,五年级,五年级,五年级,1500.00,李欣儒(612654),,暑假,暑假,正常,2026-08-18,2026-08-18,已审核,在线,在线录播,在线录播,智慧学习机,24,2026-02-27,每天13:50-15:50(上5休1）,"有教材,快递配送",2026-08-28,21,学习机线上(智学),长沙线上课,儿童网络虚拟教室1,班级刷卡,24人,学习机线上,网络教学区,2026-08-28,3,14,五年级数学
"素养智学部",语文,语文,语文,OYWZH4A0003,YW暑假智慧学习小组4A,四年级语文暑假学习机线上A1服务（默认A）,通用,10,10,1200,1200,120.0,"	0.00",XXJ,XXJ,常规体系,常规体系,四年级语文暑假学习机线上A1服务,四年级语文A暑假智慧学习小组,否,,连季续,四年级,四年级,四年级,1500.00,李娟(072666),,暑假,暑假,正常,2026-08-18,2026-08-18,已审核,在线,在线录播,在线录播,智慧学习机,22,2026-02-27,每天08:30-10:30(上5休1）,"有教材,快递配送",2026-08-28,10,学习机线上(智学),长沙线上课,儿童网络虚拟教室1,班级刷卡,24人,学习机线上,网络教学区,2026-08-28,3,14,四年级语文
"素养智学部",语文,语文,语文,OYWZH6A0004,YW暑假智慧学习小组6A,六年级语文暑假学习机线上A1服务（默认A）,通用,10,10,1200,1200,120.0,"	0.00",XXJ,XXJ,常规体系,常规体系,六年级语文暑假学习机线上A1服务,六年级语文A暑假智慧学习小组,否,,连季续,六年级(小学),六年级,六年级,1500.00,宋宇晖(361477),,暑假,暑假,正常,2026-08-18,2026-08-18,已审核,在线,在线录播,在线录播,智慧学习机,24,2026-02-27,每天16:00-18:00(上5休1）,"有教材,快递配送",2026-08-28,11,学习机线上(智学),长沙线上课,儿童网络虚拟教室1,班级刷卡,24人,学习机线上,网络教学区,2026-08-28,3,14,六年级语文
"素养智学部",双语故事表演,双语故事表演,双语故事表演,PM227A0126,双语绘本2C（暑）,双语故事表演L2暑假B2班,通用,10,10,1100,1100,110.0,"	0.00",L2,L2,常规体系,常规体系,双语故事表演L2暑假B2班,二年级双语故事表演暑假L2班,否,,连季续,二年级,二年级,二年级,2100.00,张仔豪(457818),,暑假,暑假,正常,2026-08-18,2026-08-18,已审核,走读,常规面授,常规面授,,15,2026-02-26,每天10:40-12:30(上5休1),"有教材,开课前领取",2026-08-28,10,素养素质(智学),井湾子教学区202教室,井湾子教学区202教室,班级刷卡,15人,素养,井湾子教学区,2026-08-28,10,12,分级阅读2
"素养智学部",双语故事表演,双语故事表演,双语故事表演,PM127A0119,双语绘本1C（暑）,双语故事表演L1暑假B2班,通用,10,10,1100,1100,110.0,"	0.00",L1,L1,常规体系,常规体系,双语故事表演L1暑假B2班,一年级双语故事表演暑假L1班,否,,连季续,一年级,一年级,一年级,2100.00,黄子幸(715855),,暑假,暑假,正常,2026-08-18,2026-08-18,已审核,走读,常规面授,常规面授,,15,2026-02-26,每天08:30-10:20(上5休1),"有教材,开课前领取",2026-08-28,15,素养素质(智学),北辰105教室,北辰105教室,班级刷卡,15人,素养,北辰教学区,2026-08-28,10,12,分级阅读1
"素养智学部",数学,数学,数学,SXZH4A0647,思维智慧4B+（暑）,四年级数学暑假B1服务（默认B）,通用,10,10,1200,1200,120.0,"	0.00",TG,TG,常规体系,常规体系,四年级数学暑假B1服务,四年级数学B暑假智慧学习空间,否,,连季续,四年级,四年级,四年级,2000.00,李欣儒(612654),,暑假,暑假,正常,2026-08-18,2026-08-18,已审核,"走读,在线","常规面授,在线录播",在线录播,智慧学习机,22,2026-02-27,每天08:30-10:30(上5休1）,"有教材,开课前领取",2026-08-28,12,学习机托管(智学),晚报旗舰店105教室,晚报旗舰店105教室,班级刷卡,20人,学习机托管,晚报旗舰店教学区,2026-08-28,12,12,四年级数学
"素养智学部",数学,数学,数学,SXZH6A0185,思维智慧6B（暑）,六年级数学暑假B1服务（默认B）,通用,10,10,1200,1200,120.0,"	0.00",TG,TG,常规体系,常规体系,六年级数学暑假B1服务,六年级数学B暑假智慧学习空间,否,,连季续,六年级(小学),六年级,六年级,2000.00,曾飘飘(413517),,暑假,暑假,正常,2026-08-18,2026-08-18,已审核,"走读,在线","常规面授,在线录播",在线录播,智慧学习机,24,2026-04-02,每天16:00-18:00(上5休1）,"有教材,开课前领取",2026-08-28,10,学习机托管(智学),雨花家园310教室,雨花家园310教室,班级刷卡,20人,学习机托管,雨花家园教学区,2026-08-28,12,12,六年级数学
"素养智学部",英语,英语,英语,YYZH4A0443,双语智慧4A（暑）,四年级英语暑假B1服务（默认A）,通用,10,10,1200,1200,120.0,"	0.00",TG,TG,常规体系,常规体系,四年级英语暑假B1服务,四年级英语A暑假智慧学习空间,否,,连季续,四年级,四年级,四年级,2000.00,杨成慧(551243),,暑假,暑假,正常,2026-08-18,2026-08-18,已审核,"走读,在线","常规面授,在线录播",在线录播,智慧学习机,22,2026-02-27,每天13:50-15:50(上5休1）,"有教材,开课前领取",2026-08-28,19,学习机托管(智学),月亮岛自习室2,月亮岛自习室2,班级刷卡,20人,学习机托管,月亮岛教学区,2026-08-28,12,12,四年级英语
"素养智学部",脑力与思维,脑力与思维,脑力与思维,SW427A0032,脑力思维4B（暑）,脑力与思维L4暑假B1班,通用,10,10,1100,1100,110.0,"	0.00",L4,L4,常规体系,常规体系,脑力与思维L4暑假B1班,四年级脑力与思维暑假L4班,否,,连季续,四年级,四年级,四年级,2000.00,牛子琪(176608),,暑假,暑假,正常,2026-08-18,2026-08-18,已审核,走读,常规面授,常规面授,,18,2026-02-26,每天10:40-12:30(上5休1),"有教材,开课前领取",2026-08-28,17,素养素质(智学),月亮岛202教室,月亮岛202教室,班级刷卡,15人,素养,月亮岛教学区,2026-08-28,10,12,思维4
"素养智学部",博文妙笔,博文妙笔,博文妙笔,BW527A0032,博文口才 5（暑）,博文妙笔L5暑假B1班,通用,10,10,1100,1100,110.0,"	0.00",L5,L5,常规体系,常规体系,博文妙笔L5暑假B1班,五年级博文妙笔暑假L5班,否,,连季续,五年级,五年级,五年级,2000.00,欧阳巧(294529),,暑假,暑假,正常,2026-08-18,2026-08-18,已审核,走读,常规面授,常规面授,,18,2026-02-26,每天16:00-17:50(上5休1),"有教材,开课前领取",2026-08-28,12,素养素质(智学),雨花家园207教室,雨花家园207教室,班级刷卡,15人,素养,雨花家园教学区,2026-08-28,10,12,语商表达5
"素养智学部",博文妙笔,博文妙笔,博文妙笔,BW227A0021,博文口才 2（暑）,博文妙笔L2暑假B1班,通用,10,10,1100,1100,110.0,"	0.00",L2,L2,常规体系,常规体系,博文妙笔L2暑假B1班,二年级博文妙笔暑假L2班,否,,连季续,二年级,二年级,二年级,2100.00,欧阳巧(294529),,暑假,暑假,正常,2026-08-18,2026-08-18,已审核,走读,常规面授,常规面授,,15,2026-02-26,每天10:40-12:30(上5休1）,"有教材,开课前领取",2026-08-28,5,素养素质(智学),雨花家园207教室,雨花家园207教室,班级刷卡,15人,素养,雨花家园教学区,2026-08-28,10,12,语商表达2
"素养智学部",博文妙笔,博文妙笔,博文妙笔,BW427A0023,博文口才 4（暑）,博文妙笔L4暑假B1班,通用,10,10,1100,1100,110.0,"	0.00",L4,L4,常规体系,常规体系,博文妙笔L4暑假B1班,四年级博文妙笔暑假L4班,否,,连季续,四年级,四年级,四年级,2000.00,欧阳巧(294529),,暑假,暑假,正常,2026-08-18,2026-08-18,已审核,走读,常规面授,常规面授,,18,2026-02-26,每天08:30-10:20(上5休1),"有教材,开课前领取",2026-08-28,14,素养素质(智学),雨花家园207教室,雨花家园207教室,班级刷卡,15人,素养,雨花家园教学区,2026-08-28,10,12,语商表达4
"素养智学部",博文妙笔,博文妙笔,博文妙笔,BW327A0041,博文口才 3（暑）,博文妙笔L3暑假B1班,通用,10,10,1100,1100,110.0,"	0.00",L3,L3,常规体系,常规体系,博文妙笔L3暑假B1班,三年级博文妙笔暑假L3班,否,,连季续,三年级,三年级,三年级,2000.00,王慧玲(176202),,暑假,暑假,正常,2026-08-18,2026-08-18,已审核,走读,常规面授,常规面授,,24,2026-02-26,每天18:40-20:30(上5休1),"有教材,开课前领取",2026-08-28,23,素养素质(智学),雨花家园206教室,雨花家园206教室,班级刷卡,15人,素养,雨花家园教学区,2026-08-28,10,12,语商表达3
"素养智学部",博文妙笔,博文妙笔,博文妙笔,BW627A0034,博文口才 6（暑）,博文妙笔L6暑假B1班,通用,10,10,1100,1100,110.0,"	0.00",L6,L6,常规体系,常规体系,博文妙笔L6暑假B1班,六年级博文妙笔暑假L6班,否,,连季续,六年级(小学),六年级,六年级,2000.00,王慧玲(176202),,暑假,暑假,正常,2026-08-18,2026-08-18,已审核,走读,常规面授,常规面授,,24,2026-02-26,每天13:50-15:40(上5休1),"有教材,开课前领取",2026-08-28,24,素养素质(智学),雨花家园206教室,雨花家园206教室,班级刷卡,15人,素养,雨花家园教学区,2026-08-28,10,12,语商表达6
"素养智学部",双语故事表演,双语故事表演,双语故事表演,PM227A0128,取消双语绘本2C（暑）,取消双语故事表演L2暑假B2班,通用,10,0,1100,1100,110.0,"	0.00",L2,L2,常规体系,常规体系,双语故事表演L2暑假B2班,二年级双语故事表演暑假L2班,否,,连季续,二年级,二年级,二年级,2100.00,张亮(438808),,暑假,暑假,取消班,2026-08-18,,已审核,走读,常规面授,常规面授,,0,2026-02-26,每天18:40-20:30(上5休1),"有教材,开课前领取",,0,素养素质(智学),浏城桥502教室（新）,浏城桥502教室（新）,班级刷卡,15人,素养,浏城桥教学区,2026-08-28,10,12,分级阅读2
"素养智学部",书法,书法,书法,XZ127A0008,素质成长营（写字1）（暑）,S3书法暑假ZT1班,通用,10,10,900,900,90.0,"	0.00",ZT1,ZT1,专项体系,专项体系,S3书法暑假ZT1班,S3书法暑假ZT1班,否,,不可续,S3,S3,S3,975.00,廖思年(342029),,暑假,暑假,正常,2026-08-18,2026-08-18,已审核,走读,常规面授,常规面授,,15,2026-02-26,每天09:00-10:30(上5休1),"有教材,开课前领取",2026-08-28,7,素养素质(智学),洋湖新城316教室,洋湖新城316教室,班级刷卡,12人,素质,洋湖新城教学区,2026-08-28,7,8,书法1
"素养智学部",英语,英语,英语,YYZH4A0488,双语智慧4A（暑）,四年级英语暑假B1服务（默认A）,通用,10,10,1200,1200,120.0,"	0.00",TG,TG,常规体系,常规体系,四年级英语暑假B1服务,四年级英语A暑假智慧学习空间,否,,连季续,四年级,四年级,四年级,2000.00,粟颜聪(612637),,暑假,暑假,正常,2026-08-18,2026-08-18,已审核,"走读,在线","常规面授,在线录播",在线录播,智慧学习机,22,2026-05-08,每天13:50-15:50(上5休1）,"有教材,开课前领取",2026-08-28,14,学习机托管(智学),美林银谷305教室,美林银谷305教室,班级刷卡,20人,学习机托管,美林银谷教学区,2026-08-28,12,12,四年级英语
"素养智学部",英语,英语,英语,YYZH6A0721,双语智慧6A（暑）,六年级英语暑假A2服务（默认A）,通用,10,10,1200,1200,120.0,"	0.00",TG,TG,常规体系,常规体系,六年级英语暑假A2服务,六年级英语A暑假智慧学习空间,否,,连季续,六年级(小学),六年级,六年级,2000.00,孙覃芹(457391),,暑假,暑假,正常,2026-08-18,2026-08-18,已审核,"走读,在线","常规面授,在线录播",在线录播,智慧学习机,24,2026-07-03,每天10:40-12:40(上5休1）,"有教材,开课前领取",2026-08-28,9,学习机托管(智学),星沙湘龙自习室2,星沙湘龙自习室2,班级刷卡,20人,学习机托管,星沙湘龙教学区,2026-08-28,8,12,六年级英语
"素养智学部",博文妙笔,博文妙笔,博文妙笔,BW127A0032,博文口才 1（暑）,博文妙笔L1暑假B1班,通用,10,10,1100,1100,110.0,"	0.00",L1,L1,常规体系,常规体系,博文妙笔L1暑假B1班,一年级博文妙笔暑假L1班,否,,连季续,一年级,一年级,一年级,2100.00,杨旭东(364488),,暑假,暑假,正常,2026-08-18,2026-08-18,已审核,走读,常规面授,常规面授,,15,2026-03-22,每天16:10-18:00(上5休1),"有教材,开课前领取",2026-08-28,14,素养素质(智学),方圆荟308教室,方圆荟308教室,班级刷卡,15人,素养,方圆荟智慧空间,2026-08-28,10,12,语商表达1
"素养智学部",双语故事表演,双语故事表演,双语故事表演,GY27A004,取消国际语音班,取消二年级双语故事表演暑假ZT1班,通用,10,0,1100,1100,110.0,"	0.00",ZT1,ZT1,专项体系,专项体系,二年级双语故事表演暑假ZT1班,二年级双语故事表演暑假专题班,否,,不可续,二年级,二年级,二年级,2100.00,胡钰(694156),,暑假,暑假,取消班,2026-07-23,,已审核,走读,常规面授,常规面授,,0,2026-06-24,每天10:40-12:30,"有教材,开课前领取",,0,素养素质(智学),洋湖卓伯根202教室,洋湖卓伯根202教室,班级刷卡,15人,素养,洋湖卓伯根教学区,2026-08-02,10,12,专项音标
"素养智学部",双语故事表演,双语故事表演,双语故事表演,ZM27A001,取消字母书写班,取消一年级双语故事表演暑假ZT1班,通用,10,0,1100,1100,110.0,"	0.00",ZT1,ZT1,专项体系,专项体系,一年级双语故事表演暑假ZT1班,一年级双语故事表演暑假专题班,否,,不可续,一年级,一年级,一年级,2100.00,胡钰(694156),,暑假,暑假,取消班,2026-07-23,,已审核,走读,常规面授,常规面授,,0,2026-06-24,每天08:30-10:20,"有教材,开课前领取",,0,素养素质(智学),洋湖卓伯根202教室,洋湖卓伯根202教室,班级刷卡,15人,素养,洋湖卓伯根教学区,2026-08-02,10,12,专项拼读
"素养智学部",双语故事表演,双语故事表演,双语故事表演,GY27A002,取消国际语音班,取消二年级双语故事表演暑假ZT1班,通用,10,0,1100,1100,110.0,"	0.00",ZT1,ZT1,专项体系,专项体系,二年级双语故事表演暑假ZT1班,二年级双语故事表演暑假专题班,否,,不可续,二年级,二年级,二年级,2100.00,胡钰(694156),,暑假,暑假,取消班,2026-07-23,,已审核,走读,常规面授,常规面授,,0,2026-06-24,每天16:00-17:50,"有教材,开课前领取",,0,素养素质(智学),洋湖新城311教室,洋湖新城311教室,班级刷卡,15人,素养,洋湖新城教学区,2026-08-02,10,12,专项音标
"素养智学部",双语故事表演,双语故事表演,双语故事表演,ZM27A002,取消字母书写班,取消一年级双语故事表演暑假ZT1班,通用,10,0,1100,1100,110.0,"	0.00",ZT1,ZT1,专项体系,专项体系,一年级双语故事表演暑假ZT1班,一年级双语故事表演暑假专题班,否,,不可续,一年级,一年级,一年级,2100.00,罗嘉媛(264319),,暑假,暑假,取消班,2026-07-23,,已审核,走读,常规面授,常规面授,,0,2026-06-24,每天16:00-17:50,"有教材,开课前领取",,0,素养素质(智学),洋湖新城310教室,洋湖新城310教室,班级刷卡,15人,素养,洋湖新城教学区,2026-08-02,10,12,专项拼读
"素养智学部",双语故事表演,双语故事表演,双语故事表演,GY27A001,取消国际语音班,取消二年级双语故事表演暑假ZT1班,通用,10,0,1100,1100,110.0,"	0.00",ZT1,ZT1,专项体系,专项体系,二年级双语故事表演暑假ZT1班,二年级双语故事表演暑假专题班,否,,不可续,二年级,二年级,二年级,2100.00,杨帆(399003),,暑假,暑假,取消班,2026-07-23,,已审核,走读,常规面授,常规面授,,0,2026-06-24,每天 08:30~10:20,"有教材,开课前领取",,0,素养素质(智学),二十四品309教室,二十四品309教室,班级刷卡,15人,素养,二十四品教学区,2026-08-02,10,12,专项音标
"素养智学部",双语故事表演,双语故事表演,双语故事表演,PM327A0361,取消双语绘本3B（暑）,取消双语故事表演L3暑假B2班,通用,10,0,1100,1100,110.0,"	0.00",L3,L3,常规体系,常规体系,双语故事表演L3暑假B2班,三年级双语故事表演暑假L3班,否,,连季续,三年级,三年级,三年级,2000.00,龙治义(383134),,暑假,暑假,取消班,2026-08-18,,已审核,走读,常规面授,常规面授,,0,2026-06-23,每天13:50-15:40,"有教材,开课前领取",,0,素养素质(智学),西子花苑旗舰店303教室,西子花苑旗舰店303教室,班级刷卡,15人,素养,西子花苑旗舰店教学区,2026-08-28,10,12,分级阅读3
"素养智学部",双语故事表演,双语故事表演,双语故事表演,PM227A0145,取消双语绘本2C（暑）,取消双语故事表演L2暑假B2班,通用,10,0,1100,1100,110.0,"	0.00",L2,L2,常规体系,常规体系,双语故事表演L2暑假B2班,二年级双语故事表演暑假L2班,否,,连季续,二年级,二年级,二年级,2100.00,甘雨情(707011),,暑假,暑假,取消班,2026-08-18,,已审核,走读,常规面授,常规面授,,0,2026-02-26,每天13:50-15:40(上5休1),"有教材,开课前领取",,0,素养素质(智学),西子花苑旗舰店207教室,西子花苑旗舰店207教室,班级刷卡,15人,素养,西子花苑旗舰店教学区,2026-08-28,10,12,分级阅读2
"素养智学部",双语故事表演,双语故事表演,双语故事表演,PM627A0047,取消双语绘本C6（暑）,取消双语故事表演L6暑假B2班,通用,10,0,1100,1100,110.0,"	0.00",L6,L6,常规体系,常规体系,双语故事表演L6暑假B2班,六年级双语故事表演暑假L6班,否,,连季续,六年级(小学),六年级,六年级,2000.00,田乐萱(136825),,暑假,暑假,取消班,2026-08-18,,已审核,走读,常规面授,常规面授,,0,2026-02-26,每天08:30-10:20(上5休1),"有教材,开课前领取",,0,素养素质(智学),湘江世纪城308教室,湘江世纪城308教室,班级刷卡,15人,素养,湘江世纪城教学区,2026-08-28,10,12,故事会6
"素养智学部",博文妙笔,博文妙笔,博文妙笔,BW427A0044,博文口才 4（暑）,博文妙笔L4暑假B1班,通用,10,10,1100,1100,110.0,"	0.00",L4,L4,常规体系,常规体系,博文妙笔L4暑假B1班,四年级博文妙笔暑假L4班,否,,连季续,四年级,四年级,四年级,2000.00,梁艳云(612643),,暑假,暑假,正常,2026-08-18,2026-08-18,已审核,走读,常规面授,常规面授,,18,2026-02-26,每天08:30-10:20(上5休1),"有教材,开课前领取",2026-08-28,15,素养素质(智学),洋湖新城311教室,洋湖新城311教室,班级刷卡,15人,素养,洋湖新城教学区,2026-08-28,10,12,语商表达4
"素养智学部",双语故事表演,双语故事表演,双语故事表演,PM227A0007,双语绘本2B（暑）,双语故事表演L2暑假B2班,通用,10,10,1100,1100,110.0,"	0.00",L2,L2,常规体系,常规体系,双语故事表演L2暑假B2班,二年级双语故事表演暑假L2班,否,,连季续,二年级,二年级,二年级,2100.00,朱文韬(383983),,暑假,暑假,正常,2026-07-23,2026-07-23,已审核,走读,常规面授,常规面授,,15,2026-02-26,每天10:40-12:30(上5休1),"有教材,开课前领取",2026-08-02,10,素养素质(智学),浏城桥516教室（新）,浏城桥516教室（新）,班级刷卡,15人,素养,浏城桥教学区,2026-08-02,10,12,分级阅读2
"素养智学部",双语故事表演,双语故事表演,双语故事表演,PM427A0184,双语绘本4C（暑）,双语故事表演L4暑假B2班,通用,10,10,1100,1100,110.0,"	0.00",L4,L4,常规体系,常规体系,双语故事表演L4暑假B2班,四年级双语故事表演暑假L4班,否,,连季续,四年级,四年级,四年级,2000.00,段佳慧(432282),,暑假,暑假,正常,2026-08-18,2026-08-18,已审核,走读,常规面授,常规面授,,18,2026-07-03,每天16:00-17:50,"有教材,开课前领取",2026-08-28,18,素养素质(智学),井湾子教学区210教室,井湾子教学区210教室,班级刷卡,15人,素养,井湾子教学区,2026-08-28,10,12,分级阅读4
"素养智学部",书法,书法,书法,XZ127A0013,素质成长营（写字1）（暑）,S3书法暑假ZT1班,通用,10,10,900,900,90.0,"	0.00",ZT1,ZT1,专项体系,专项体系,S3书法暑假ZT1班,S3书法暑假ZT1班,否,,不可续,S3,S3,S3,975.00,彭博(658241),,暑假,暑假,正常,2026-08-18,2026-08-18,已审核,走读,常规面授,常规面授,,15,2026-03-06,每天13:50-15:20(上5休1),"有教材,开课前领取",2026-08-28,13,素养素质(智学),中信308教室,中信308教室,班级刷卡,12人,素质,中信教学区,2026-08-28,7,8,书法1
"素养智学部",脑力与思维,脑力与思维,脑力与思维,SW227A0013,脑力思维2B（暑）,脑力与思维L2暑假B1班,通用,10,10,1100,1100,110.0,"	0.00",L2,L2,常规体系,常规体系,脑力与思维L2暑假B1班,二年级脑力与思维暑假L2班,否,,连季续,二年级,二年级,二年级,2100.00,曾丹(444561),,暑假,暑假,正常,2026-08-18,2026-08-18,已审核,走读,常规面授,常规面授,,17,2026-02-26,每天08:30-10:20(上5休1),"有教材,开课前领取",2026-08-28,17,素养素质(智学),二十四品301教室,二十四品301教室,班级刷卡,15人,素养,二十四品教学区,2026-08-28,10,12,思维2
"素养智学部",双语故事表演,双语故事表演,双语故事表演,PM127A0100,双语绘本1B（暑）,双语故事表演L1暑假B2班,通用,10,10,1100,1100,110.0,"	0.00",L1,L1,常规体系,常规体系,双语故事表演L1暑假B2班,一年级双语故事表演暑假L1班,否,,连季续,一年级,一年级,一年级,2100.00,戚娅娅(174926),,暑假,暑假,正常,2026-08-18,2026-08-18,已审核,走读,常规面授,常规面授,,15,2026-02-26,每天10:40-12:30(上5休1),"有教材,开课前领取",2026-08-28,10,素养素质(智学),晚报旗舰店102教室,晚报旗舰店102教室,班级刷卡,15人,素养,晚报旗舰店教学区,2026-08-28,10,12,分级阅读1
"素养智学部",博文妙笔,博文妙笔,博文妙笔,BW227A0028,博文口才 2（暑）,博文妙笔L2暑假B1班,通用,10,10,1100,1100,110.0,"	0.00",L2,L2,常规体系,常规体系,博文妙笔L2暑假B1班,二年级博文妙笔暑假L2班,否,,连季续,二年级,二年级,二年级,2100.00,付丹(119114),,暑假,暑假,正常,2026-08-18,2026-08-18,已审核,走读,常规面授,常规面授,,15,2026-03-31,每天08:30-10:20(上5休1),"有教材,开课前领取",2026-08-28,7,素养素质(智学),晚报旗舰店103教室,晚报旗舰店103教室,班级刷卡,15人,素养,晚报旗舰店教学区,2026-08-28,10,12,语商表达2
"素养智学部",脑力与思维,脑力与思维,脑力与思维,SW227A0028,脑力思维2B（暑）,脑力与思维L2暑假B1班,通用,10,10,1100,1100,110.0,"	0.00",L2,L2,常规体系,常规体系,脑力与思维L2暑假B1班,二年级脑力与思维暑假L2班,否,,连季续,二年级,二年级,二年级,2100.00,曹嘉珊(254200),,暑假,暑假,正常,2026-08-18,2026-08-18,已审核,走读,常规面授,常规面授,,15,2026-02-26,每天08:30-10:20(上5休1),"有教材,开课前领取",2026-08-28,9,素养素质(智学),雨花家园209教室,雨花家园209教室,班级刷卡,15人,素养,雨花家园教学区,2026-08-28,10,12,思维2
"素养智学部",数学,数学,数学,SXZH6A0178,思维智慧6B（暑）,六年级数学暑假B1服务（默认B）,通用,10,10,1200,1200,120.0,"	0.00",TG,TG,常规体系,常规体系,六年级数学暑假B1服务,六年级数学B暑假智慧学习空间,否,,连季续,六年级(小学),六年级,六年级,2000.00,杨丽萍(618473),,暑假,暑假,正常,2026-08-18,2026-08-18,已审核,"走读,在线","常规面授,在线录播",在线录播,智慧学习机,24,2026-02-27,每天16:00-18:00(上5休1）,"有教材,开课前领取",2026-08-28,14,学习机托管(智学),雨花家园410自习室,雨花家园410自习室,班级刷卡,20人,学习机托管,雨花家园智慧空间,2026-08-28,12,12,六年级数学
"素养智学部",双语故事表演,双语故事表演,双语故事表演,PM227A0103,双语绘本2C（暑）,双语故事表演L2暑假B2班,通用,10,10,1100,1100,110.0,"	0.00",L2,L2,常规体系,常规体系,双语故事表演L2暑假B2班,二年级双语故事表演暑假L2班,否,,连季续,二年级,二年级,二年级,2100.00,刘巧(137765),,暑假,暑假,正常,2026-08-18,2026-08-18,已审核,走读,常规面授,常规面授,,16,2026-02-26,每天16:10-18:00(上5休1),"有教材,开课前领取",2026-08-28,13,素养素质(智学),雨花家园306教室,雨花家园306教室,班级刷卡,15人,素养,雨花家园教学区,2026-08-28,10,12,分级阅读2
"素养智学部",围棋,围棋,围棋,SZWQ27A154,围棋N1-1段班,围棋L1-1段暑假班（暑10次课100）,通用,10,10,900,900,90.0,"	0.00",L1,L1,常规体系,常规体系,围棋L1-1段暑假班,围棋L1-1段暑假班,否,,连季续,一年级,一年级,一年级,1500.00,赵华强(625322),,暑假,暑假,正常,2026-08-18,2026-08-18,已审核,走读,常规面授,常规面授,,12,2026-02-28,每天14:00-15:30（上5休1）,"有教材,开课前领取",2026-08-28,4,素养素质(智学),雨花家园204教室,雨花家园204教室,班级刷卡,12人,素质,雨花家园教学区,2026-08-28,8,10,围棋-L1
"素养智学部",科创,科创,机器人编程,SZ27AJQ030,Python L3-1段班（暑）,机器人编程L3-1段暑假班,通用,10,10,1200,1200,120.0,"	0.00",L3,L3,常规体系,常规体系,机器人编程L3-1段暑假班,三年级机器人编程暑假L3班,否,,连季续,三年级,三年级,三年级,2400.00,刘博夫(590420),,暑假,暑假,正常,2026-08-18,2026-08-18,已审核,"走读,在线","常规面授,在线直播",在线直播,云教室小班（25人以下）,12,2025-07-31,每天13:50-15:50（上5休1）,"有教材,开课前领取",2026-08-28,12,素养素质(智学),雨花家园313教室,雨花家园313教室,班级刷卡,12人,素质,雨花家园教学区,2026-08-28,8,10,机器人编程L3
"素养智学部",围棋,围棋,围棋,SZWQ27A055,围棋N3-1段班,围棋L2-1段暑假班（暑10次课100）,通用,10,10,900,900,90.0,"	0.00",L2,L2,常规体系,常规体系,围棋L2-1段暑假班,围棋L2-1段暑假班,否,,连季续,二年级,二年级,二年级,1500.00,赵华强(625322),,暑假,暑假,正常,2026-08-18,2026-08-18,已审核,走读,常规面授,常规面授,,12,2025-10-22,每天08:50-10:20（上5休1）,"有教材,开课前领取",2026-08-28,8,素养素质(智学),雨花家园204教室,雨花家园204教室,班级刷卡,12人,素质,雨花家园教学区,2026-08-28,8,10,围棋L2
"素养智学部",科创,科创,机器人编程,SZ27AJQ110,机器人L1（暑）,机器人编程S3-4段暑假班,通用,10,10,900,900,90.0,"	0.00",S3,S3,常规体系,常规体系,机器人编程S3-4段暑假班,S3机器人编程暑假S3班,否,,连季续,S3,S3,S3,1800.00,颜俊敏(416482),,暑假,暑假,正常,2026-07-04,2026-07-04,已审核,"走读,在线","常规面授,在线直播",在线直播,云教室小班（25人以下）,12,2025-11-03,周六周日10:40-12:10,"有教材,开课前领取",2026-08-02,9,素养素质(智学),洋湖新城312教室,洋湖新城312教室,班级刷卡,12人,素质,洋湖新城教学区,2026-08-02,8,10,机器人编程S3
"素养智学部",脑力与思维,脑力与思维,脑力与思维,SW127A0012,脑力思维1B（暑）,脑力与思维L1暑假B1班,通用,10,10,1100,1100,110.0,"	0.00",L1,L1,常规体系,常规体系,脑力与思维L1暑假B1班,一年级脑力与思维暑假L1班,否,,连季续,一年级,一年级,一年级,2100.00,邹沁婷(364799),,暑假,暑假,正常,2026-08-18,2026-08-18,已审核,走读,常规面授,常规面授,,15,2026-02-26,每天16:00-17:50(上5休1),"有教材,开课前领取",2026-08-28,14,素养素质(智学),洋湖新城319教室,洋湖新城319教室,班级刷卡,15人,素养,洋湖新城教学区,2026-08-28,10,12,思维1
"素养智学部",双语故事表演,双语故事表演,双语故事表演,PM127A0065,双语绘本1C（暑）,双语故事表演L1暑假B2班,通用,10,10,1100,1100,110.0,"	0.00",L1,L1,常规体系,常规体系,双语故事表演L1暑假B2班,一年级双语故事表演暑假L1班,否,,连季续,一年级,一年级,一年级,2100.00,罗嘉媛(264319),,暑假,暑假,正常,2026-08-18,2026-08-18,已审核,走读,常规面授,常规面授,,15,2026-02-26,每天08:30-10:20(上5休1),"有教材,开课前领取",2026-08-28,13,素养素质(智学),洋湖新城313教室,洋湖新城313教室,班级刷卡,15人,素养,洋湖新城教学区,2026-08-28,10,12,分级阅读1
"素养智学部",博文妙笔,博文妙笔,博文妙笔,BW327A0018,博文口才 3（暑）,博文妙笔L3暑假B1班,通用,10,10,1100,1100,110.0,"	0.00",L3,L3,常规体系,常规体系,博文妙笔L3暑假B1班,三年级博文妙笔暑假L3班,否,,连季续,三年级,三年级,三年级,2000.00,梁艳云(612643),,暑假,暑假,正常,2026-08-18,2026-08-18,已审核,走读,常规面授,常规面授,,18,2026-02-26,每天16:00-17:50(上5休1),"有教材,开课前领取",2026-08-28,7,素养素质(智学),洋湖新城311教室,洋湖新城311教室,班级刷卡,15人,素养,洋湖新城教学区,2026-08-28,10,12,语商表达3
"素养智学部",双语故事表演,双语故事表演,双语故事表演,PM627A0022,双语绘本C6（暑）,双语故事表演L6暑假B2班,通用,10,10,1100,1100,110.0,"	0.00",L6,L6,常规体系,常规体系,双语故事表演L6暑假B2班,六年级双语故事表演暑假L6班,否,,连季续,六年级(小学),六年级,六年级,2000.00,谢紫娟(254697),,暑假,暑假,正常,2026-08-18,2026-08-18,已审核,走读,常规面授,常规面授,,18,2026-02-26,每天16:00-17:50(上5休1),"有教材,开课前领取",2026-08-28,11,素养素质(智学),雨花家园305教室,雨花家园305教室,班级刷卡,15人,素养,雨花家园教学区,2026-08-28,10,12,故事会6
"素养智学部",双语故事表演,双语故事表演,双语故事表演,PM527A0054,双语绘本C5（暑）,双语故事表演L5暑假B2班,通用,10,10,1100,1100,110.0,"	0.00",L5,L5,常规体系,常规体系,双语故事表演L5暑假B2班,五年级双语故事表演暑假L5班,否,,连季续,五年级,五年级,五年级,2000.00,谢紫娟(254697),,暑假,暑假,正常,2026-08-18,2026-08-18,已审核,走读,常规面授,常规面授,,15,2026-02-26,每天13:50-15:40(上5休1),"有教材,开课前领取",2026-08-28,22,素养素质(智学),雨花家园305教室,雨花家园305教室,班级刷卡,15人,素养,雨花家园教学区,2026-08-28,10,12,故事会5
"素养智学部",英语,英语,英语,YYZH6A0719,双语智慧6B（暑）,六年级英语暑假B1服务（默认B）,通用,10,10,1200,1200,120.0,"	0.00",TG,TG,常规体系,常规体系,六年级英语暑假B1服务,六年级英语B暑假智慧学习空间,否,,连季续,六年级(小学),六年级,六年级,2000.00,张子萱(668100),,暑假,暑假,正常,2026-08-18,2026-08-18,已审核,"走读,在线","常规面授,在线录播",在线录播,智慧学习机,24,2026-05-21,每天13:50-15:50(上5休1）,"有教材,开课前领取",2026-08-28,7,学习机托管(智学),雨花家园412自习室,雨花家园412自习室,班级刷卡,20人,学习机托管,雨花家园智慧空间,2026-08-28,8,12,六年级英语
"素养智学部",双语故事表演,双语故事表演,双语故事表演,PM227A0238,双语绘本2C（暑）,双语故事表演L2暑假B2班,通用,10,10,1100,1100,110.0,"	0.00",L2,L2,常规体系,常规体系,双语故事表演L2暑假B2班,二年级双语故事表演暑假L2班,否,,连季续,二年级,二年级,二年级,2100.00,许凤英(304488),,暑假,暑假,正常,2026-08-18,2026-08-18,已审核,走读,常规面授,常规面授,,16,2026-03-26,每天16:00-17:50(上5休1),"有教材,开课前领取",2026-08-28,8,素养素质(智学),雨花家园201教室,雨花家园201A教室,班级刷卡,15人,素养,雨花家园教学区,2026-08-28,10,12,分级阅读2
"素养智学部",脑力与思维,脑力与思维,脑力与思维,SW127A0031,脑力思维1B（暑）,脑力与思维L1暑假B1班,通用,10,10,1100,1100,110.0,"	0.00",L1,L1,常规体系,常规体系,脑力与思维L1暑假B1班,一年级脑力与思维暑假L1班,否,,连季续,一年级,一年级,一年级,2100.00,陈炣均(706984),,暑假,暑假,正常,2026-08-18,2026-08-18,已审核,走读,常规面授,常规面授,,15,2026-03-10,每天16:20-18:10(上5休1),"有教材,开课前领取",2026-08-28,10,素养素质(智学),雨花家园304教室,雨花家园304教室,班级刷卡,15人,素养,雨花家园教学区,2026-08-28,10,12,思维1
"素养智学部",英语,英语,英语,YYZH5A0395,双语智慧5A（暑）,五年级英语暑假B1服务（默认A）,通用,10,10,1200,1200,120.0,"	0.00",TG,TG,常规体系,常规体系,五年级英语暑假B1服务,五年级英语A暑假智慧学习空间,否,,连季续,五年级,五年级,五年级,2000.00,陈学凤(420679),,暑假,暑假,正常,2026-08-18,2026-08-18,已审核,"走读,在线","常规面授,在线录播",在线录播,智慧学习机,24,2026-04-14,每天08:30-10:30(上5休1）,"有教材,开课前领取",2026-08-28,10,学习机托管(智学),雨花家园312教室,雨花家园312教室,班级刷卡,20人,学习机托管,雨花家园教学区,2026-08-28,12,12,五年级英语
"素养智学部",双语故事表演,双语故事表演,双语故事表演,PM227A0231,双语绘本2C+领航班（暑）,双语故事表演L2暑假C1班（C+）,通用,10,10,1100,1100,110.0,"	0.00",L2,L2,常规体系,常规体系,双语故事表演L2暑假C1班,二年级双语故事表演暑假L2班,否,,连季续,二年级,二年级,二年级,2100.00,庹芯瑷(438752),,暑假,暑假,正常,2026-07-23,2026-07-23,已审核,走读,常规面授,常规面授,,15,2026-02-26,每天16:00-17:50(上5休1),"有教材,开课前领取",2026-08-02,8,素养素质(智学),雨花家园303教室,雨花家园303教室,班级刷卡,15人,素养,雨花家园教学区,2026-08-02,10,12,分级阅读2
"素养智学部",双语故事表演,双语故事表演,双语故事表演,PM227A0201,双语绘本2C（暑）,双语故事表演L2暑假B2班,通用,10,10,1100,1100,110.0,"	0.00",L2,L2,常规体系,常规体系,双语故事表演L2暑假B2班,二年级双语故事表演暑假L2班,否,,连季续,二年级,二年级,二年级,2100.00,王裴(663449),,暑假,暑假,正常,2026-07-23,2026-07-23,已审核,走读,常规面授,常规面授,,15,2026-02-26,每天08:30-10:20(上5休1),"有教材,开课前领取",2026-08-02,4,素养素质(智学),雨花家园202教室,雨花家园202教室,班级刷卡,15人,素养,雨花家园教学区,2026-08-02,10,12,分级阅读2
"素养智学部",双语故事表演,双语故事表演,双语故事表演,PM127A0031,双语绘本1C（暑）,双语故事表演L1暑假B2班,通用,10,10,1100,1100,110.0,"	0.00",L1,L1,常规体系,常规体系,双语故事表演L1暑假B2班,一年级双语故事表演暑假L1班,否,,连季续,一年级,一年级,一年级,2100.00,佘语嫣(618513),,暑假,暑假,正常,2026-07-23,2026-07-23,已审核,走读,常规面授,常规面授,,15,2026-02-26,每天10:40-12:30(上5休1),"有教材,开课前领取",2026-08-02,10,素养素质(智学),雨花家园302教室,雨花家园302教室,班级刷卡,15人,素养,雨花家园教学区,2026-08-02,10,12,分级阅读1
"素养智学部",双语故事表演,双语故事表演,双语故事表演,PM227A0200,双语绘本2C（暑）,双语故事表演L2暑假B2班,通用,10,10,1100,1100,110.0,"	0.00",L2,L2,常规体系,常规体系,双语故事表演L2暑假B2班,二年级双语故事表演暑假L2班,否,,连季续,二年级,二年级,二年级,2100.00,王裴(663449),,暑假,暑假,正常,2026-07-23,2026-07-23,已审核,走读,常规面授,常规面授,,15,2026-02-26,每天10:40-12:30(上5休1),"有教材,开课前领取",2026-08-02,9,素养素质(智学),雨花家园202教室,雨花家园202教室,班级刷卡,15人,素养,雨花家园教学区,2026-08-02,10,12,分级阅读2
"素养智学部",书法,书法,书法,XZ227A0002,素质成长营（写字2）（暑）,一年级书法暑假ZT1班,通用,10,10,900,900,90.0,"	0.00",ZT1,ZT1,专项体系,专项体系,一年级书法暑假ZT1班,一年级书法暑假ZT1班,否,,不可续,一年级,一年级,一年级,975.00,朱庆香(342027),,暑假,暑假,正常,2026-08-18,2026-08-18,已审核,走读,常规面授,常规面授,,15,2026-02-26,每天10:40-12:10(上5休1),"有教材,开课前领取",2026-08-28,10,素养素质(智学),雨花家园301A教室,雨花家园301A教室,班级刷卡,12人,素质,雨花家园教学区,2026-08-28,7,8,书法2
"素养智学部",双语故事表演,双语故事表演,双语故事表演,PMS227A0012,双语绘本PK（暑）,双语故事表演预备级S2暑假B2班,通用,10,10,900,900,90.0,"	0.00",S2,S2,常规体系,常规体系,双语故事表演预备级S2暑假B2班,S2双语故事表演暑假S2班,否,,连季续,S2,S2,S2,2250.00,唐子璇(442827),,暑假,暑假,正常,2026-08-18,2026-08-18,已审核,走读,常规面授,常规面授,,10,2026-02-26,每天10:40-12:10(上5休1),"有教材,开课前领取",2026-08-28,6,素养素质(智学),雨花家园301C教室,雨花家园301C教室,班级刷卡,10人,素养,雨花家园教学区,2026-08-28,7,7,分级阅读K
"素养智学部",脑力与思维,脑力与思维,脑力与思维,SW127A0027,脑力思维1B（暑）,脑力与思维L1暑假B1班,通用,10,10,1100,1100,110.0,"	0.00",L1,L1,常规体系,常规体系,脑力与思维L1暑假B1班,一年级脑力与思维暑假L1班,否,,连季续,一年级,一年级,一年级,2100.00,陶杜昀(364487),,暑假,暑假,正常,2026-07-23,2026-07-23,已审核,走读,常规面授,常规面授,,15,2026-02-26,每天16:00-17:50(上5休1),"有教材,开课前领取",2026-08-02,13,素养素质(智学),雨花家园203教室,雨花家园203教室,班级刷卡,15人,素养,雨花家园教学区,2026-08-02,10,12,思维1
"素养智学部",双语故事表演,双语故事表演,双语故事表演,PMS327A0037,双语绘本K（暑）,双语故事表演S3暑假B1班,通用,10,10,900,900,90.0,"	0.00",S3,S3,常规体系,常规体系,双语故事表演S3暑假B1班,S3双语故事表演暑假S3班,否,,连季续,S3,S3,S3,1575.00,丁宇(641918),,暑假,暑假,正常,2026-07-23,2026-07-23,已审核,走读,常规面授,常规面授,,15,2026-02-26,每天16:00-17:30(上5休1),"有教材,开课前领取",2026-08-02,6,素养素质(智学),雨花家园201教室,雨花家园201A教室,班级刷卡,15人,素养,雨花家园教学区,2026-08-02,10,12,分级阅读K
"素养智学部",双语故事表演,双语故事表演,双语故事表演,PM627A0088,双语绘本C6（暑）,双语故事表演L6暑假B2班,通用,10,10,1100,1100,110.0,"	0.00",L6,L6,常规体系,常规体系,双语故事表演L6暑假B2班,六年级双语故事表演暑假L6班,否,,连季续,六年级(小学),六年级,六年级,2000.00,谢晨曦(443733),,暑假,暑假,正常,2026-08-18,2026-08-18,已审核,走读,常规面授,常规面授,,18,2026-04-02,每天16:00-17:50(上5休1),"有教材,开课前领取",2026-08-28,16,素养素质(智学),雨花家园206A教室,雨花家园206A教室,班级刷卡,15人,素养,雨花家园教学区,2026-08-28,10,12,故事会6
"国外考试部",英语,英语,,GYBF02006D,Global Primary 英语 Prep 2B,Global Primary 英语 Prep 2B（PREP 2B（春/秋））,Global Primary 英语,16,16,1920,1920,120.0,120.00,国际教育,国际教育,常规体系,常规体系,Global Primary 英语 Prep 2B,Global Primary 英语 Prep 2B,否,,可续,,,,6600.00,朱茜(412241),,"春季,暑假,秋季,寒假",,正常,2026-05-17,2026-05-17,已审核,"走读,在线","常规面授,在线直播",在线直播,云教室小班（25人以下）,10,2025-08-02,春秋季周日16:00-18:00，寒暑假集中上课,"有教材,开课前领取",2026-08-22,7,国际教育青少部,八方24品,八方304教室,班级刷卡,6人,国外考试部,八方24品教学区,2026-08-22,3,4,
"国外考试部",英语,英语,,GYBF01008D,Global Primary 英语 Prep 1B,Global Primary 英语 Prep 1B（Prep 1B（春/秋））,Global Primary 英语,16,16,1920,1920,120.0,120.00,国际教育,国际教育,常规体系,常规体系,Global Primary 英语 Prep 1B,Global Primary 英语 Prep 1B,否,,可续,,,,6600.00,朱茜(412241),,"春季,暑假,秋季,寒假",,正常,2026-05-17,2026-05-17,已审核,"走读,在线","常规面授,在线直播",在线直播,云教室小班（25人以下）,10,2025-08-02,春秋季每周日13:30-15:30，寒暑假集中上课,"有教材,开课前领取",2026-08-22,8,国际教育青少部,八方24品,八方304教室,班级刷卡,6人,国外考试部,八方24品教学区,2026-08-22,3,4,
"国外考试部",英语,英语,,GYBF02008D,Global Primary 英语 Prep 2B,Global Primary 英语 Prep 2B（PREP 2B（春/秋））,Global Primary 英语,16,16,1920,1920,120.0,120.00,国际教育,国际教育,常规体系,常规体系,Global Primary 英语 Prep 2B,Global Primary 英语 Prep 2B,否,,可续,,,,6600.00,陈佳蕊(441735),,"春季,暑假,秋季,寒假",,正常,2026-05-17,2026-05-17,已审核,"走读,在线","常规面授,在线直播",在线直播,云教室小班（25人以下）,10,2025-09-01,春秋季周日13:30-15:30，寒暑假集中上课,"有教材,开课前领取",2026-08-26,7,国际教育青少部,八方,八方304教室,班级刷卡,6人,国外考试部,八方24品教学区,2026-08-26,3,4,
"国外考试部",英语,英语,,GYTM01005D,Global Primary 英语 Prep 1B,Global Primary 英语 Prep 1B（Prep 1B（春/秋））,Global Primary 英语,16,16,1920,1920,120.0,120.00,国际教育,国际教育,常规体系,常规体系,Global Primary 英语 Prep 1B,Global Primary 英语 Prep 1B,否,,可续,,,,6600.00,杨婧(371358),,"春季,暑假,秋季,寒假",,正常,2026-05-17,2026-05-17,已审核,"走读,在线","常规面授,在线直播",在线直播,云教室小班（25人以下）,10,2025-08-02,春秋季每周日8:00-10:00，寒暑假集中上课,"有教材,开课前领取",2026-08-22,3,国际教育青少部,天马,天马V213教室,班级刷卡,6人,国外考试部,天马教学区,2026-08-22,3,4,
"国外考试部",英语,英语,,GYTM01003D,Global Primary 英语 Prep 1B,Global Primary 英语 Prep 1B（Prep 1B（春/秋））,Global Primary 英语,16,16,1920,1920,120.0,120.00,国际教育,国际教育,常规体系,常规体系,Global Primary 英语 Prep 1B,Global Primary 英语 Prep 1B,否,,可续,,,,6600.00,杨婧(371358),,"春季,暑假,秋季,寒假",,正常,2026-03-08,2026-03-08,已审核,"走读,在线","常规面授,在线直播",在线直播,云教室小班（25人以下）,9,2025-04-27,春秋季周日13:30-15:30，寒暑假集中上课,"有教材,开课前领取",2026-08-13,5,国际教育青少部,天马,天马03教室,班级刷卡,6人,国外考试部,天马教学区,2026-08-13,3,4,
"国外考试部",英语,英语,,GYBF01001D,Global Primary 英语 Prep 1B,Global Primary 英语 Prep 1B（Prep 1B（春/秋））,Global Primary 英语,16,16,1920,1920,120.0,120.00,国际教育,国际教育,常规体系,常规体系,Global Primary 英语 Prep 1B,Global Primary 英语 Prep 1B,否,,可续,,,,6600.00,谭银平(339722),,"春季,暑假,秋季,寒假",,正常,2026-03-15,2026-03-15,已审核,"走读,在线","常规面授,在线直播",在线直播,云教室小班（25人以下）,10,2025-04-11,春秋季周日10:10-12:10，寒暑假集中上课,"有教材,开课前领取",2026-08-13,10,国际教育青少部,八方24品,八方301教室,班级刷卡,6人,国外考试部,八方24品教学区,2026-08-13,3,4,
"素养智学部",双语故事表演,双语故事表演,双语故事表演,PM127A0035,双语绘本1C（暑）,双语故事表演L1暑假B2班,通用,10,10,1100,1100,110.0,"	0.00",L1,L1,常规体系,常规体系,双语故事表演L1暑假B2班,一年级双语故事表演暑假L1班,否,,连季续,一年级,一年级,一年级,2100.00,林家美(411215),,暑假,暑假,正常,2026-07-23,2026-07-23,已审核,走读,常规面授,常规面授,,15,2026-02-26,每天13:50-15:40(上5休1),"有教材,开课前领取",2026-08-02,8,素养素质(智学),月亮岛302教室,月亮岛302教室,班级刷卡,15人,素养,月亮岛教学区,2026-08-02,10,12,分级阅读1
"素养智学部",双语故事表演,双语故事表演,双语故事表演,PM427A0066,双语绘本4C（暑）,双语故事表演L4暑假B2班,通用,10,10,1100,1100,110.0,"	0.00",L4,L4,常规体系,常规体系,双语故事表演L4暑假B2班,四年级双语故事表演暑假L4班,否,,连季续,四年级,四年级,四年级,2000.00,刘威扬(230159),,暑假,暑假,正常,2026-08-18,2026-08-18,已审核,走读,常规面授,常规面授,,19,2026-02-26,每天16:00-17:50(上5休1),"有教材,开课前领取",2026-08-28,18,素养素质(智学),雨花家园301D教室,雨花家园301D教室,班级刷卡,15人,素养,雨花家园教学区,2026-08-28,10,12,分级阅读4
"素养智学部",双语故事表演,双语故事表演,双语故事表演,PM127A0032,双语绘本1C（暑）,双语故事表演L1暑假B2班,通用,10,10,1100,1100,110.0,"	0.00",L1,L1,常规体系,常规体系,双语故事表演L1暑假B2班,一年级双语故事表演暑假L1班,否,,连季续,一年级,一年级,一年级,2100.00,王裴(663449),,暑假,暑假,正常,2026-08-18,2026-08-18,已审核,走读,常规面授,常规面授,,17,2026-02-26,每天16:00-17:50(上5休1),"有教材,开课前领取",2026-08-28,16,素养素质(智学),中信301教室,中信301教室,班级刷卡,15人,素养,中信教学区,2026-08-28,10,12,分级阅读1
"素养智学部",双语故事表演,双语故事表演,双语故事表演,PM227A0042,取消双语绘本2C（暑）,取消双语故事表演L2暑假B2班,通用,10,0,1100,1100,110.0,"	0.00",L2,L2,常规体系,常规体系,双语故事表演L2暑假B2班,二年级双语故事表演暑假L2班,否,,连季续,二年级,二年级,二年级,2100.00,张涵(652450),,暑假,暑假,取消班,2026-08-18,,已审核,走读,常规面授,常规面授,,0,2026-02-26,每天10:40-12:30(上5休1),"有教材,开课前领取",,0,素养素质(智学),梅岭国际205教室,梅岭国际205教室,班级刷卡,15人,素养,梅岭国际教学区,2026-08-28,10,12,分级阅读2
"素养智学部",英语,英语,英语,YYZH4A0720,双语智慧4A（暑）,四年级英语暑假B1服务（默认A）,通用,10,10,1200,1200,120.0,"	0.00",TG,TG,常规体系,常规体系,四年级英语暑假B1服务,四年级英语A暑假智慧学习空间,否,,连季续,四年级,四年级,四年级,2000.00,赵丽华(230165),,暑假,暑假,正常,2026-08-18,2026-08-18,已审核,"走读,在线","常规面授,在线录播",在线录播,智慧学习机,24,2026-06-25,每天16:00-18:00(上5休1）,"有教材,开课前领取",2026-08-28,13,学习机托管(智学),梅岭国际7自习室,梅岭国际7自习室,班级刷卡,20人,学习机托管,梅岭国际教学区,2026-08-28,8,12,四年级英语
"高中班级部",数学,数学,数学,GYSXA3795,取消高一数学暑假精进班,取消十年级数学暑假A2班（面授）,通用,14,0,1680,1680,120.0,"	0.00",A2,A2,A体系,A体系,十年级数学暑假A2班,高一数学暑假精进班,否,,连季续,高一,十年级,高一,2660.00,杨盼(128090),,暑假,暑假,取消班,2026-07-21,,已审核,走读,常规面授,常规面授,,0,2025-12-15,16:00-18:00,"有教材,开课前领取",,0,高中部,沁园春302教室,沁园春302教室,班级刷卡,25人,本地班课,沁园春教学区,2026-08-04,10,15,高一数学
"高中班级部",化学,化学,化学,GYHXA3698,取消高一化学暑假精进班,取消十年级化学暑假A2班（面授）,通用,14,0,1680,1680,120.0,"	0.00",A2,A2,A体系,A体系,十年级化学暑假A2班,高一化学暑假精进班,否,,连季续,高一,十年级,高一,2660.00,潘奇(271539),,暑假,暑假,取消班,2026-07-21,,已审核,走读,常规面授,常规面授,,0,2025-12-15,13:40-15:40,"有教材,开课前领取",,0,高中部,沁园春302教室,沁园春302教室,班级刷卡,25人,本地班课,沁园春教学区,2026-08-04,10,15,高一化学
"素养智学部",双语故事表演,双语故事表演,双语故事表演,YB627A0001B,PET考培集训班,S2双语故事表演暑假ZT1班（默认2）,通用,10,10,900,900,90.0,"	0.00",ZT1,ZT1,专项体系,专项体系,S2双语故事表演暑假ZT1班,S2双语故事表演暑假专题班,否,,不可续,S2,S2,S2,2250.00,陈佳妮(203358),,暑假,暑假,正常,2026-07-23,2026-07-23,已审核,走读,常规面授,常规面授,,10,2026-05-09,每天15:21-16:51(上5休1),"有教材,开课前领取",2026-08-02,3,素养素质(智学),东塘202教室,东塘202教室,班级刷卡,10人,素养,东塘教学区,2026-08-02,7,8,留学预备营
"素养智学部",双语故事表演,双语故事表演,双语故事表演,YB627A0001A,PET考培集训班,S2双语故事表演暑假ZT1班（默认2）,通用,10,10,900,900,90.0,"	0.00",ZT1,ZT1,专项体系,专项体系,S2双语故事表演暑假ZT1班,S2双语故事表演暑假专题班,否,,不可续,S2,S2,S2,2250.00,陈佳妮(203358),,暑假,暑假,正常,2026-07-23,2026-07-23,已审核,走读,常规面授,常规面授,,10,2026-05-09,每天13:50-15:20(上5休1),"有教材,开课前领取",2026-08-02,3,素养素质(智学),东塘202教室,东塘202教室,班级刷卡,10人,素养,东塘教学区,2026-08-02,7,8,留学预备营
"素养智学部",脑力与思维,脑力与思维,脑力与思维,SW427A0035,脑力思维4B（暑）,脑力与思维L4暑假B1班,通用,10,10,1100,1100,110.0,"	0.00",L4,L4,常规体系,常规体系,脑力与思维L4暑假B1班,四年级脑力与思维暑假L4班,否,,连季续,四年级,四年级,四年级,2000.00,王妍玉(706981),,暑假,暑假,正常,2026-08-18,2026-08-18,已审核,走读,常规面授,常规面授,,16,2026-03-10,每天10:40-12:30(上5休1）,"有教材,开课前领取",2026-08-28,6,素养素质(智学),钰龙天下305教室,钰龙天下305教室,班级刷卡,15人,素养,钰龙天下教学区,2026-08-28,10,12,思维4
"素养智学部",脑力与思维,脑力与思维,脑力与思维,SW527A0017,脑力思维5B（暑）,脑力与思维L5暑假B1班,通用,10,10,1100,1100,110.0,"	0.00",L5,L5,常规体系,常规体系,脑力与思维L5暑假B1班,五年级脑力与思维暑假L5班,否,,连季续,五年级,五年级,五年级,2000.00,王妍玉(706981),,暑假,暑假,正常,2026-08-18,2026-08-18,已审核,走读,常规面授,常规面授,,16,2026-03-10,每天08:30-10:20(上5休1）,"有教材,开课前领取",2026-08-28,5,素养素质(智学),钰龙天下305教室,钰龙天下305教室,班级刷卡,15人,素养,钰龙天下教学区,2026-08-28,10,12,思维5
"素养智学部",博文妙笔,博文妙笔,博文妙笔,BWZX127A0012,1级博文,一年级博文妙笔暑假YL（入口）班,通用,12,12,1080,1080,90.0,"	0.00",YL（入口）,YL（入口）,专项体系,专项体系,一年级博文妙笔暑假YL（入口）班,一年级博文妙笔暑假引流班,否,,不可续,一年级,一年级,一年级,1188.00,张幸(184160),,暑假,暑假,正常,2026-07-23,2026-07-23,已审核,走读,常规面授,常规面授,,15,2026-06-05,每天16:00-17:30(上5休1),"有教材,开课前领取",2026-08-05,11,素养素质(智学),东塘201教室,东塘201教室,班级刷卡,15人,素养,东塘教学区,2026-08-05,10,12,语商表达1
"素养智学部",博文妙笔,博文妙笔,博文妙笔,BW127A0042,博文口才 1（暑）,博文妙笔L1暑假B1班,通用,10,10,1100,1100,110.0,"	0.00",L1,L1,常规体系,常规体系,博文妙笔L1暑假B1班,一年级博文妙笔暑假L1班,否,,连季续,一年级,一年级,一年级,2100.00,贺苗(354669),,暑假,暑假,正常,2026-08-18,2026-08-18,已审核,走读,常规面授,常规面授,,15,2026-05-23,每天16:00-17:50(上5休1),"有教材,开课前领取",2026-08-28,8,素养素质(智学),东塘205教室,东塘205教室,班级刷卡,15人,素养,东塘教学区,2026-08-28,10,12,语商表达1
"素养智学部",博文妙笔,博文妙笔,博文妙笔,BW427A0034,博文口才 4（暑）,博文妙笔L4暑假B1班,通用,10,10,1100,1100,110.0,"	0.00",L4,L4,常规体系,常规体系,博文妙笔L4暑假B1班,四年级博文妙笔暑假L4班,否,,连季续,四年级,四年级,四年级,2000.00,杨颖帆(612649),,暑假,暑假,正常,2026-08-18,2026-08-18,已审核,走读,常规面授,常规面授,,16,2026-02-26,每天16:00-17:50(上5休1),"有教材,开课前领取",2026-08-28,8,素养素质(智学),中信311教室,中信311教室,班级刷卡,15人,素养,中信教学区,2026-08-28,10,12,语商表达4
"素养智学部",数学,数学,数学,SXZH6A0190,思维智慧6A（暑）,六年级数学暑假A1服务（默认A）,通用,10,10,1200,1200,120.0,"	0.00",TG,TG,常规体系,常规体系,六年级数学暑假A1服务,六年级数学A暑假智慧学习空间,否,,连季续,六年级(小学),六年级,六年级,2000.00,蔡平(612639),,暑假,暑假,正常,2026-08-18,2026-08-18,已审核,"走读,在线","常规面授,在线录播",在线录播,智慧学习机,24,2026-06-03,每天16:00-18:00(上5休1）,"有教材,开课前领取",2026-08-28,7,学习机托管(智学),美林银谷307教室,美林银谷307教室,班级刷卡,20人,学习机托管,美林银谷教学区,2026-08-28,8,12,六年级数学
"素养智学部",博文妙笔,博文妙笔,博文妙笔,BW227A0008,博文口才 2（暑）,博文妙笔L2暑假B1班,通用,10,10,1100,1100,110.0,"	0.00",L2,L2,常规体系,常规体系,博文妙笔L2暑假B1班,二年级博文妙笔暑假L2班,否,,连季续,二年级,二年级,二年级,2100.00,周欣宇(438802),,暑假,暑假,正常,2026-08-18,2026-08-18,已审核,走读,常规面授,常规面授,,15,2026-02-26,每天16:00-17:50(上5休1),"有教材,开课前领取",2026-08-28,11,素养素质(智学),美林银谷312教室,美林银谷312教室,班级刷卡,15人,素养,美林银谷教学区,2026-08-28,10,12,语商表达2
"素养智学部",博文妙笔,博文妙笔,博文妙笔,BW327A0034,博文口才 3（暑）,博文妙笔L3暑假B1班,通用,10,10,1100,1100,110.0,"	0.00",L3,L3,常规体系,常规体系,博文妙笔L3暑假B1班,三年级博文妙笔暑假L3班,否,,连季续,三年级,三年级,三年级,2000.00,周欣宇(438802),,暑假,暑假,正常,2026-08-18,2026-08-18,已审核,走读,常规面授,常规面授,,18,2026-02-26,每天13:50-15:40(上5休1),"有教材,开课前领取",2026-08-28,7,素养素质(智学),美林银谷312教室,美林银谷312教室,班级刷卡,15人,素养,美林银谷教学区,2026-08-28,10,12,语商表达3
"素养智学部",科创,科创,机器人编程,SZ27AJQ041,机器人L1（暑）,机器人编程S3-4段暑假班,通用,10,10,900,900,90.0,"	0.00",S3,S3,常规体系,常规体系,机器人编程S3-4段暑假班,S3机器人编程暑假S3班,否,,连季续,S3,S3,S3,1800.00,张智博(411871),,暑假,暑假,正常,2026-07-04,2026-07-04,已审核,"走读,在线","常规面授,在线直播",在线直播,云教室小班（25人以下）,12,2025-07-31,周六周日10:40-12:10,"有教材,开课前领取",2026-08-02,9,素养素质(智学),梅岭国际211教室,梅岭国际211教室,班级刷卡,12人,素质,梅岭国际教学区,2026-08-02,8,10,机器人编程S3
"素养智学部",英语,英语,英语,YYZH4A0477,双语智慧4A（暑）,四年级英语暑假B1服务（默认A）,通用,10,10,1200,1200,120.0,"	0.00",TG,TG,常规体系,常规体系,四年级英语暑假B1服务,四年级英语A暑假智慧学习空间,否,,连季续,四年级,四年级,四年级,2000.00,蓝雨林(707018),,暑假,暑假,正常,2026-08-18,2026-08-18,已审核,"走读,在线","常规面授,在线录播",在线录播,智慧学习机,22,2026-03-09,每天08:30-10:30(上5休1）,"有教材,开课前领取",2026-08-28,15,学习机托管(智学),吉联mall302自习室,吉联mall302自习室,班级刷卡,20人,学习机托管,吉联mall教学区,2026-08-28,12,12,四年级英语
"素养智学部",数学,数学,数学,SXZH6A0174,思维智慧6B（暑）,六年级数学暑假B1服务（默认B）,通用,10,10,1200,1200,120.0,"	0.00",TG,TG,常规体系,常规体系,六年级数学暑假B1服务,六年级数学B暑假智慧学习空间,否,,连季续,六年级(小学),六年级,六年级,2000.00,杨丽萍(618473),,暑假,暑假,正常,2026-08-18,2026-08-18,已审核,"走读,在线","常规面授,在线录播",在线录播,智慧学习机,24,2026-02-27,每天13:50-15:50(上5休1）,"有教材,开课前领取",2026-08-28,17,学习机托管(智学),雨花家园410自习室,雨花家园410自习室,班级刷卡,20人,学习机托管,雨花家园智慧空间,2026-08-28,12,12,六年级数学
"素养智学部",数学,数学,数学,SXZH5A0149,思维智慧5B（暑）,五年级数学暑假B1服务（默认B）,通用,10,10,1200,1200,120.0,"	0.00",TG,TG,常规体系,常规体系,五年级数学暑假B1服务,五年级数学B暑假智慧学习空间,否,,连季续,五年级,五年级,五年级,2000.00,蔡平(612639),,暑假,暑假,正常,2026-08-18,2026-08-18,已审核,"走读,在线","常规面授,在线录播",在线录播,智慧学习机,24,2026-02-27,每天13:50-15:50(上5休1）,"有教材,开课前领取",2026-08-28,16,学习机托管(智学),美林银谷307教室,美林银谷307教室,班级刷卡,20人,学习机托管,美林银谷教学区,2026-08-28,12,12,五年级数学
"素养智学部",数学,数学,数学,SXZH6A0184,思维智慧6B（暑）,六年级数学暑假B1服务（默认B）,通用,10,10,1200,1200,120.0,"	0.00",TG,TG,常规体系,常规体系,六年级数学暑假B1服务,六年级数学B暑假智慧学习空间,否,,连季续,六年级(小学),六年级,六年级,2000.00,李美玲(175205),,暑假,暑假,正常,2026-08-18,2026-08-18,已审核,"走读,在线","常规面授,在线录播",在线录播,智慧学习机,24,2026-04-02,每天10:40-12:40(上5休1）,"有教材,开课前领取",2026-08-28,9,学习机托管(智学),美林银谷307教室,美林银谷307教室,班级刷卡,20人,学习机托管,美林银谷教学区,2026-08-28,12,12,六年级数学
"素养智学部",脑力与思维,脑力与思维,脑力与思维,SW427A0038,脑力思维4B（暑）,脑力与思维L4暑假B1班,通用,10,10,1100,1100,110.0,"	0.00",L4,L4,常规体系,常规体系,脑力与思维L4暑假B1班,四年级脑力与思维暑假L4班,否,,连季续,四年级,四年级,四年级,2000.00,李珠辉(144188),,暑假,暑假,正常,2026-08-18,2026-08-18,已审核,走读,常规面授,常规面授,,18,2026-04-02,每天08:30-10:20(上5休1),"有教材,开课前领取",2026-08-28,17,素养素质(智学),北辰108教室,北辰108教室,班级刷卡,15人,素养,北辰教学区,2026-08-28,10,12,思维4
"素养智学部",脑力与思维,脑力与思维,脑力与思维,SW527A0007,脑力思维5B（暑）,脑力与思维L5暑假B1班,通用,10,10,1100,1100,110.0,"	0.00",L5,L5,常规体系,常规体系,脑力与思维L5暑假B1班,五年级脑力与思维暑假L5班,否,,连季续,五年级,五年级,五年级,2000.00,李珠辉(144188),,暑假,暑假,正常,2026-08-18,2026-08-18,已审核,走读,常规面授,常规面授,,18,2026-02-26,每天13:50-15:40(上5休1),"有教材,开课前领取",2026-08-28,14,素养素质(智学),北辰108教室,北辰108教室,班级刷卡,15人,素养,北辰教学区,2026-08-28,10,12,思维5
"素养智学部",脑力与思维,脑力与思维,脑力与思维,SW627A0019,脑力思维6B（暑）,脑力与思维L6暑假B1班,通用,10,10,1100,1100,110.0,"	0.00",L6,L6,常规体系,常规体系,脑力与思维L6暑假B1班,六年级脑力与思维暑假L6班,否,,连季续,六年级(小学),六年级,六年级,2000.00,魏梦桐(183313),,暑假,暑假,正常,2026-08-18,2026-08-18,已审核,走读,常规面授,常规面授,,20,2026-02-26,每天08:30-10:20(上5休1),"有教材,开课前领取",2026-08-28,20,素养素质(智学),井湾子教学区208教室,井湾子教学区208教室,班级刷卡,15人,素养,井湾子教学区,2026-08-28,10,12,思维6
"素养智学部",双语故事表演,双语故事表演,双语故事表演,PM227A0154,双语绘本2C（暑）,双语故事表演L2暑假B2班,通用,10,10,1100,1100,110.0,"	0.00",L2,L2,常规体系,常规体系,双语故事表演L2暑假B2班,二年级双语故事表演暑假L2班,否,,连季续,二年级,二年级,二年级,2100.00,陈思(706975),,暑假,暑假,正常,2026-08-18,2026-08-18,已审核,走读,常规面授,常规面授,,15,2026-02-26,每天08:30-10:20(上5休1),"有教材,开课前领取",2026-08-28,9,素养素质(智学),西子花苑旗舰店207教室,西子花苑旗舰店207教室,班级刷卡,15人,素养,西子花苑旗舰店教学区,2026-08-28,10,12,分级阅读2
"素养智学部",双语故事表演,双语故事表演,双语故事表演,PM327A0125,双语绘本3C（暑）,双语故事表演L3暑假B2班,通用,10,10,1100,1100,110.0,"	0.00",L3,L3,常规体系,常规体系,双语故事表演L3暑假B2班,三年级双语故事表演暑假L3班,否,,连季续,三年级,三年级,三年级,2000.00,王亭力(706969),,暑假,暑假,正常,2026-08-18,2026-08-18,已审核,走读,常规面授,常规面授,,18,2026-02-26,每天16:00-17:50(上5休1),"有教材,开课前领取",2026-08-28,16,素养素质(智学),洋湖新城301教室,洋湖新城301教室,班级刷卡,15人,素养,洋湖新城教学区,2026-08-28,10,12,分级阅读3
"素养智学部",双语故事表演,双语故事表演,双语故事表演,PM327A0116,双语绘本3C（暑）,双语故事表演L3暑假B2班,通用,10,10,1100,1100,110.0,"	0.00",L3,L3,常规体系,常规体系,双语故事表演L3暑假B2班,三年级双语故事表演暑假L3班,否,,连季续,三年级,三年级,三年级,2000.00,陈思(706975),,暑假,暑假,正常,2026-08-18,2026-08-18,已审核,走读,常规面授,常规面授,,18,2026-02-26,每天10:40-12:30(上5休1),"有教材,开课前领取",2026-08-28,10,素养素质(智学),西子花苑旗舰店207教室,西子花苑旗舰店207教室,班级刷卡,15人,素养,西子花苑旗舰店教学区,2026-08-28,10,12,分级阅读3
"素养智学部",双语故事表演,双语故事表演,双语故事表演,PMS327A0007,双语绘本K（暑）,双语故事表演S3暑假B1班,通用,10,10,900,900,90.0,"	0.00",S3,S3,常规体系,常规体系,双语故事表演S3暑假B1班,S3双语故事表演暑假S3班,否,,连季续,S3,S3,S3,1575.00,甘雨情(707011),,暑假,暑假,正常,2026-07-23,2026-07-23,已审核,走读,常规面授,常规面授,,15,2026-02-26,每天18:40-20:10(上5休1),"有教材,开课前领取",2026-08-02,7,素养素质(智学),听香水榭308教室,听香水榭308教室,班级刷卡,15人,素养,听香水榭教学区,2026-08-02,10,12,分级阅读K
"素养智学部",双语故事表演,双语故事表演,双语故事表演,PM627A0015,双语绘本6C+领航班（暑）,双语故事表演L6暑假C1班（C+）,通用,10,10,1100,1100,110.0,"	0.00",L6,L6,常规体系,常规体系,双语故事表演L6暑假C1班,六年级双语故事表演暑假L6班,否,,连季续,六年级(小学),六年级,六年级,2600.00,罗嘉媛(264319),,暑假,暑假,正常,2026-08-18,2026-08-18,已审核,走读,常规面授,常规面授,,18,2026-02-26,每天10:40-12:30(上5休1),"有教材,开课前领取",2026-08-28,11,素养素质(智学),洋湖新城313教室,洋湖新城313教室,班级刷卡,15人,素养,洋湖新城教学区,2026-08-28,10,12,故事会6
"素养智学部",双语故事表演,双语故事表演,双语故事表演,PM427A0019,双语绘本4C（暑）,双语故事表演L4暑假B2班,通用,10,10,1100,1100,110.0,"	0.00",L4,L4,常规体系,常规体系,双语故事表演L4暑假B2班,四年级双语故事表演暑假L4班,否,,连季续,四年级,四年级,四年级,2000.00,陈思(706975),,暑假,暑假,正常,2026-08-18,2026-08-18,已审核,走读,常规面授,常规面授,,18,2026-02-26,每天16:00-17:50(上5休1),"有教材,开课前领取",2026-08-28,8,素养素质(智学),西子花苑旗舰店207教室,西子花苑旗舰店207教室,班级刷卡,15人,素养,西子花苑旗舰店教学区,2026-08-28,10,12,分级阅读4
"素养智学部",脑力与思维,脑力与思维,脑力与思维,SW527A0002,脑力思维5B（暑）,脑力与思维L5暑假B1班,通用,10,10,1100,1100,110.0,"	0.00",L5,L5,常规体系,常规体系,脑力与思维L5暑假B1班,五年级脑力与思维暑假L5班,否,,连季续,五年级,五年级,五年级,2000.00,倪胜鹏(706985),,暑假,暑假,正常,2026-08-18,2026-08-18,已审核,走读,常规面授,常规面授,,18,2026-02-26,每天13:50-15:40(上5休1),"有教材,开课前领取",2026-08-28,17,素养素质(智学),月亮岛204教室,月亮岛204教室,班级刷卡,15人,素养,月亮岛教学区,2026-08-28,10,12,思维5
"素养智学部",双语故事表演,双语故事表演,双语故事表演,PM427A0082,双语绘本4C（暑）,双语故事表演L4暑假B2班,通用,10,10,1100,1100,110.0,"	0.00",L4,L4,常规体系,常规体系,双语故事表演L4暑假B2班,四年级双语故事表演暑假L4班,否,,连季续,四年级,四年级,四年级,2000.00,郑惠芝(706977),,暑假,暑假,正常,2026-08-18,2026-08-18,已审核,走读,常规面授,常规面授,,18,2026-02-26,每天13:50-15:40(上5休1),"有教材,开课前领取",2026-08-28,13,素养素质(智学),二十四品308教室,二十四品308教室,班级刷卡,15人,素养,二十四品教学区,2026-08-28,10,12,分级阅读4
"素养智学部",双语故事表演,双语故事表演,双语故事表演,PM627A0077,双语绘本C6（暑）,双语故事表演L6暑假B2班,通用,10,10,1100,1100,110.0,"	0.00",L6,L6,常规体系,常规体系,双语故事表演L6暑假B2班,六年级双语故事表演暑假L6班,否,,连季续,六年级(小学),六年级,六年级,2000.00,郑惠芝(706977),,暑假,暑假,正常,2026-08-18,2026-08-18,已审核,走读,常规面授,常规面授,,18,2026-02-26,每天16:00-17:50(上5休1),"有教材,开课前领取",2026-08-28,12,素养素质(智学),二十四品308教室,二十四品308教室,班级刷卡,15人,素养,二十四品教学区,2026-08-28,10,12,故事会6
"素养智学部",脑力与思维,脑力与思维,脑力与思维,SW427A0021,脑力思维4B（暑）,脑力与思维L4暑假B1班,通用,10,10,1100,1100,110.0,"	0.00",L4,L4,常规体系,常规体系,脑力与思维L4暑假B1班,四年级脑力与思维暑假L4班,否,,连季续,四年级,四年级,四年级,2000.00,杨之薇(398981),,暑假,暑假,正常,2026-08-18,2026-08-18,已审核,走读,常规面授,常规面授,,18,2026-02-26,每天13:50-15:40(上5休1),"有教材,开课前领取",2026-08-28,16,素养素质(智学),八方小区201教室,八方小区201教室,班级刷卡,15人,素养,八方小区教学区,2026-08-28,10,12,思维4
"素养智学部",双语故事表演,双语故事表演,双语故事表演,PM327A0086,双语绘本3C（暑）,双语故事表演L3暑假B2班,通用,10,10,1100,1100,110.0,"	0.00",L3,L3,常规体系,常规体系,双语故事表演L3暑假B2班,三年级双语故事表演暑假L3班,否,,连季续,三年级,三年级,三年级,2000.00,王子墨(708706),,暑假,暑假,正常,2026-08-18,2026-08-18,已审核,走读,常规面授,常规面授,,20,2026-02-26,每天08:30-10:20(上5休1),"有教材,开课前领取",2026-08-28,16,素养素质(智学),洋湖新城302教室,洋湖新城302教室,班级刷卡,15人,素养,洋湖新城教学区,2026-08-28,10,12,分级阅读3
"素养智学部",脑力与思维,脑力与思维,脑力与思维,SW627A0026,脑力思维6B（暑）,脑力与思维L6暑假B1班,通用,10,10,1100,1100,110.0,"	0.00",L6,L6,常规体系,常规体系,脑力与思维L6暑假B1班,六年级脑力与思维暑假L6班,否,,连季续,六年级(小学),六年级,六年级,2000.00,倪胜鹏(706985),,暑假,暑假,正常,2026-08-18,2026-08-18,已审核,走读,常规面授,常规面授,,18,2026-06-06,每天16:00-17:50(上5休1),"有教材,开课前领取",2026-08-28,10,素养素质(智学),月亮岛204教室,月亮岛204教室,班级刷卡,15人,素养,月亮岛教学区,2026-08-28,10,12,思维6
"素养智学部",双语故事表演,双语故事表演,双语故事表演,PM527A0076,双语绘本C5（暑）,双语故事表演L5暑假B2班,通用,10,10,1100,1100,110.0,"	0.00",L5,L5,常规体系,常规体系,双语故事表演L5暑假B2班,五年级双语故事表演暑假L5班,否,,连季续,五年级,五年级,五年级,2000.00,童斌(694181),,暑假,暑假,正常,2026-08-18,2026-08-18,已审核,走读,常规面授,常规面授,,18,2026-02-26,每天10:40-12:30(上5休1),"有教材,开课前领取",2026-08-28,15,素养素质(智学),中信302教室,中信302教室,班级刷卡,15人,素养,中信教学区,2026-08-28,10,12,故事会5
"素养智学部",脑力与思维,脑力与思维,脑力与思维,SW427A0031,脑力思维4B+（暑）,脑力与思维L4暑假B1班,通用,10,10,1100,1100,110.0,"	0.00",L4,L4,常规体系,常规体系,脑力与思维L4暑假B1班,四年级脑力与思维暑假L4班,否,,连季续,四年级,四年级,四年级,2000.00,杨之薇(398981),,暑假,暑假,正常,2026-08-18,2026-08-18,已审核,走读,常规面授,常规面授,,19,2026-02-26,每天16:00-17:50(上5休1),"有教材,开课前领取",2026-08-28,18,素养素质(智学),八方小区201教室,八方小区201教室,班级刷卡,15人,素养,八方小区教学区,2026-08-28,10,12,思维4
"智慧学习部",数学,数学,数学,SXZH7A2700061,取消SX暑假智慧学习空间7A,取消学习机托管七年级数学暑假A2服务,通用,12,0,1440,1440,120.0,"	0.00",A2,A2,A体系,A体系,学习机托管七年级数学暑假A2服务,SX暑假智慧学习空间7A,否,,连季续,初一,七年级,七年级,2400.00,屈文隽(422968),,暑假,暑假,取消班,2026-07-30,,已审核,"走读,在线","常规面授,在线录播",在线录播,智慧学习机,0,2025-12-19,每天16:00-18:00,"有教材,开课前领取",,0,学习机托管(智慧),洋湖新城303自习室,洋湖新城303自习室,班级刷卡,20人,学习机托管,洋湖新城智慧空间,2026-08-10,8,12,初一数学
"素养智学部",双语故事表演,双语故事表演,双语故事表演,PM227A0250,双语绘本2C（暑）,双语故事表演L2暑假B2班,通用,10,10,1100,1100,110.0,"	0.00",L2,L2,常规体系,常规体系,双语故事表演L2暑假B2班,二年级双语故事表演暑假L2班,否,,连季续,二年级,二年级,二年级,2100.00,黎诗丹(661615),,暑假,暑假,正常,2026-08-18,2026-08-18,已审核,走读,常规面授,常规面授,,17,2026-04-13,每天10:40-12:30(上5休1),"有教材,开课前领取",2026-08-28,17,素养素质(智学),星沙筑梦201教室,星沙筑梦201教室,班级刷卡,15人,素养,星沙筑梦教学区,2026-08-28,10,12,分级阅读2
"素养智学部",双语故事表演,双语故事表演,双语故事表演,PMS327A0019,双语绘本K（暑）,双语故事表演S3暑假B1班,通用,10,10,900,900,90.0,"	0.00",S3,S3,常规体系,常规体系,双语故事表演S3暑假B1班,S3双语故事表演暑假S3班,否,,连季续,S3,S3,S3,1575.00,刘诗颖(612645),,暑假,暑假,正常,2026-08-18,2026-08-18,已审核,走读,常规面授,常规面授,,15,2026-02-26,每天09:00-10:30(上5休1),"有教材,开课前领取",2026-08-28,10,素养素质(智学),方圆荟304教室,方圆荟304教室,班级刷卡,15人,素养,方圆荟智慧空间,2026-08-28,10,12,分级阅读K
"素养智学部",英语,英语,英语,YYZH5A0301,双语智慧5A（暑）,五年级英语暑假B1服务（默认A）,通用,10,10,1200,1200,120.0,"	0.00",TG,TG,常规体系,常规体系,五年级英语暑假B1服务,五年级英语A暑假智慧学习空间,否,,连季续,五年级,五年级,五年级,2000.00,何晓梅(706988),,暑假,暑假,正常,2026-08-18,2026-08-18,已审核,"走读,在线","常规面授,在线录播",在线录播,智慧学习机,24,2026-02-27,每天16:00-18:00(上5休1）,"有教材,开课前领取",2026-08-28,18,学习机托管(智学),洋湖卓伯根自习室2,洋湖卓伯根自习室2,班级刷卡,20人,学习机托管,洋湖卓伯根教学区,2026-08-28,12,12,五年级英语
"素养智学部",英语,英语,英语,YYZH5A0284,双语智慧5A（暑）,五年级英语暑假B1服务（默认A）,通用,10,10,1200,1200,120.0,"	0.00",TG,TG,常规体系,常规体系,五年级英语暑假B1服务,五年级英语A暑假智慧学习空间,否,,连季续,五年级,五年级,五年级,2000.00,王秀慧(707016),,暑假,暑假,正常,2026-08-18,2026-08-18,已审核,"走读,在线","常规面授,在线录播",在线录播,智慧学习机,24,2026-02-27,每天13:50-15:50(上5休1）,"有教材,开课前领取",2026-08-28,24,学习机托管(智学),梅岭国际4自习室,梅岭国际4自习室,班级刷卡,20人,学习机托管,梅岭国际教学区,2026-08-28,12,12,五年级英语
"素养智学部",英语,英语,英语,YYZH5A0311,双语智慧5B（暑）,五年级英语暑假B1服务（默认B）,通用,10,10,1200,1200,120.0,"	0.00",TG,TG,常规体系,常规体系,五年级英语暑假B1服务,五年级英语A暑假智慧学习空间,否,,连季续,五年级,五年级,五年级,2000.00,王秀慧(707016),,暑假,暑假,正常,2026-08-18,2026-08-18,已审核,"走读,在线","常规面授,在线录播",在线录播,智慧学习机,24,2026-02-27,每天08:30-10:30(上5休1）,"有教材,开课前领取",2026-08-28,21,学习机托管(智学),梅岭国际4自习室,梅岭国际4自习室,班级刷卡,20人,学习机托管,梅岭国际教学区,2026-08-28,12,12,五年级英语
"国外考试部",全科,"物理,化学,生物,科学,高等数学,经济,计算机科学,商务,会计,美国历史,文学,基础数学,英语语言",,LXB1014C,海外留学菁英班（卓越班一）,海外留学菁英班（B班寒暑）,美国同步课程,8,8,960,960,120.0,"	0.00",北美同步课程,北美同步课程,常规体系,常规体系,海外留学菁英班,海外留学菁英班,否,,可续,,,,3300.00,许青兰(134452),,暑假,,正常,2026-07-29,2026-07-29,已审核,"走读,在线","常规面授,在线直播",在线直播,云教室小班（25人以下）,10,2025-10-29,春秋季每周六13:30~15:30，寒暑假集中上课,无教材,2026-08-07,6,国外考试部,芙蓉,芙蓉广场16-A10教室,班级刷卡,6人,国外考试部,芙蓉广场教学区,2026-08-07,3,4,
"国外考试部",全科,"英语,阅读,写作,听力,口语,综合能力,综合听说,综合读写",,LXB1019A,初中国际双优体系二级A（卓越一）,初中国际双优体系二级A（B班寒暑卓越一）,美国同步课程,8,8,960,960,120.0,"	0.00",学术衔接,学术衔接,专项体系,专项体系,初中国际双优体系二级A,初中国际双优体系二级A,否,,可续,,,,3300.00,陈培(373286),,暑假,,正常,2026-07-26,2026-07-26,已审核,"走读,在线","常规面授,在线直播",在线直播,云教室小班（25人以下）,10,2025-12-24,春秋季每周六10:30~12:30，寒暑假集中上课,无教材,2026-08-04,6,国外考试部,芙蓉广场教学区,芙蓉广场虚拟教室（16楼大会议室）,班级刷卡,12人,国外考试部,芙蓉广场教学区,2026-08-04,6,7,
"国外考试部",全科,"英语,阅读,写作,听力,口语,综合能力,综合听说,综合读写",,LXB1023A,初中国际双优体系二级A（卓越一）,初中国际双优体系二级A（B班寒暑卓越一）,美国同步课程,8,8,960,960,120.0,"	0.00",学术衔接,学术衔接,专项体系,专项体系,初中国际双优体系二级A,初中国际双优体系二级A,否,,可续,,,,3300.00,刘志鹏(346763),,暑假,,正常,2026-07-27,2026-07-27,已审核,"走读,在线","常规面授,在线直播",在线直播,云教室小班（25人以下）,9,2025-12-24,春秋季每周日13:30~15:30，寒暑假集中上课,无教材,2026-08-04,4,国外考试部,八方,八方虚拟教室1,班级刷卡,12人,国外考试部,八方24品教学区,2026-08-04,6,7,
"国外考试部",全科,"英语,阅读,写作,听力,口语,综合能力,综合听说,综合读写",,LXB2013A,初中国际双优体系三级A（卓越二）,初中国际双优体系三级A（B班寒暑卓越二）,美国同步课程,8,8,960,960,120.0,"	0.00",学术衔接,学术衔接,专项体系,专项体系,初中国际双优体系三级A,初中国际双优体系三级A,否,,可续,,,,3300.00,秦姜姝煜(356632),,暑假,,正常,2026-07-24,2026-07-24,已审核,"走读,在线","常规面授,在线直播",在线直播,云教室小班（25人以下）,12,2026-04-21,春秋季每周日13:30-15:30，寒暑假集中上课,无教材,2026-08-01,9,国外考试部,芙蓉广场教学区,芙蓉广场虚拟教室（16楼大会议室）,班级刷卡,12人,国外考试部,芙蓉广场教学区,2026-08-01,6,7,
"国外考试部",英语,英语,,GYDT01006D,Global Primary 英语 Prep 1B,Global Primary 英语 Prep 1B（Prep 1B（春/秋））,Global Primary 英语,16,16,1920,1920,120.0,120.00,国际教育,国际教育,常规体系,常规体系,Global Primary 英语 Prep 1B,Global Primary 英语 Prep 1B,否,,可续,,,,6600.00,罗竹瑜(182705),,"春季,暑假,秋季,寒假",,正常,2026-05-17,2026-05-17,已审核,"走读,在线","常规面授,在线直播",在线直播,云教室小班（25人以下）,8,2025-04-27,春秋季周日13:30-15:30，寒暑假集中上课,"有教材,开课前领取",2026-08-21,7,国际教育青少部,东塘,东塘A3教室,班级刷卡,6人,国外考试部,东塘中设广场教学区,2026-08-21,3,4,
"国外考试部",英语,英语,,GYTM02002D,Global Primary 英语 Prep 2B,Global Primary 英语 Prep 2B（PREP 2B（春/秋））,Global Primary 英语,16,16,1920,1920,120.0,120.00,国际教育,国际教育,常规体系,常规体系,Global Primary 英语 Prep 2B,Global Primary 英语 Prep 2B,否,,可续,,,,6600.00,张婉晴(660070),,"春季,暑假,秋季,寒假",,正常,2026-05-17,2026-05-17,已审核,"走读,在线","常规面授,在线直播",在线直播,云教室小班（25人以下）,10,2025-04-27,春秋季每周日16:00-18:00，寒暑假集中上课,"有教材,开课前领取",2026-08-22,5,国际教育青少部,天马,天马04教室,班级刷卡,6人,国外考试部,天马教学区,2026-08-22,3,4,
"素养智学部",博文妙笔,博文妙笔,博文妙笔,BW427A0050,博文口才 4（暑）,博文妙笔L4暑假B1班,通用,10,10,1100,1100,110.0,"	0.00",L4,L4,常规体系,常规体系,博文妙笔L4暑假B1班,四年级博文妙笔暑假L4班,否,,连季续,四年级,四年级,四年级,2000.00,吕琛(332789),,暑假,暑假,正常,2026-08-18,2026-08-18,已审核,走读,常规面授,常规面授,,15,2026-06-30,每天08:30-10:20(上5休1),"有教材,开课前领取",2026-08-28,6,素养素质(智学),井湾子教学区211教室,井湾子教学区211教室,班级刷卡,15人,素养,井湾子教学区,2026-08-28,10,12,语商表达4
"素养智学部",双语故事表演,双语故事表演,双语故事表演,PM227A0120,取消双语绘本2C（暑）,取消双语故事表演L2暑假B2班,通用,10,0,1100,1100,110.0,"	0.00",L2,L2,常规体系,常规体系,双语故事表演L2暑假B2班,二年级双语故事表演暑假L2班,否,,连季续,二年级,二年级,二年级,2100.00,王星星(117102),,暑假,暑假,取消班,2026-08-18,,已审核,走读,常规面授,常规面授,,0,2026-02-26,每天10:40-12:30(上5休1),"有教材,开课前领取",,0,素养素质(智学),梅岭国际206教室,梅岭国际206教室,班级刷卡,15人,素养,梅岭国际教学区,2026-08-28,10,12,分级阅读2
"素养智学部",双语故事表演,双语故事表演,双语故事表演,PM227A0265,双语绘本2B（暑）,双语故事表演L2暑假B2班,通用,10,10,1100,1100,110.0,"	0.00",L2,L2,常规体系,常规体系,双语故事表演L2暑假B2班,二年级双语故事表演暑假L2班,否,,连季续,二年级,二年级,二年级,2100.00,朱文韬(383983),,暑假,暑假,正常,2026-07-23,2026-07-23,已审核,走读,常规面授,常规面授,,15,2026-06-30,每天16:00-17:50(上5休1),"有教材,开课前领取",2026-08-02,9,素养素质(智学),东塘206教室,东塘206教室,班级刷卡,15人,素养,东塘教学区,2026-08-02,10,12,分级阅读2
"素养智学部",脑力与思维,脑力与思维,脑力与思维,SW127A0041,脑力思维1B（暑）,脑力与思维L1暑假B1班,通用,10,10,1100,1100,110.0,"	0.00",L1,L1,常规体系,常规体系,脑力与思维L1暑假B1班,一年级脑力与思维暑假L1班,否,,连季续,一年级,一年级,一年级,2100.00,王艳琴(706986),,暑假,暑假,正常,2026-08-18,2026-08-18,已审核,走读,常规面授,常规面授,,15,2026-06-30,每天10:40-12:30(上5休1),"有教材,开课前领取",2026-08-28,6,素养素质(智学),美林银谷309教室,美林银谷309教室,班级刷卡,15人,素养,美林银谷教学区,2026-08-28,10,12,思维1
"素养智学部",双语故事表演,双语故事表演,双语故事表演,PM327A0131,取消双语绘本3C（暑）,取消双语故事表演L3暑假B2班,通用,10,0,1100,1100,110.0,"	0.00",L3,L3,常规体系,常规体系,双语故事表演L3暑假B2班,三年级双语故事表演暑假L3班,否,,连季续,三年级,三年级,三年级,2000.00,刘晨曦(332871),,暑假,暑假,取消班,2026-08-18,,已审核,走读,常规面授,常规面授,,0,2026-02-26,每天08:30-10:20(上5休1),"有教材,开课前领取",,0,素养素质(智学),东塘202教室,东塘202教室,班级刷卡,15人,素养,东塘教学区,2026-08-28,10,12,分级阅读3
"国外考试部",全科,"阅读,写作,听力,口语",,FD2701,英联邦非标课程（芙蓉校区口语陪练）,英联邦非标课程（校区口语陪练）,非标班型（英联邦）,80,80,9600,9600,120.0,"	0.00",非标项目,非标项目,专项体系,专项体系,英联邦非标课程,英联邦非标课程,否,,可续,,,,6400.00,蒋燕鹂(498445),,暑假,,正常,2026-06-04,2026-06-04,已审核,"走读,在线","常规面授,在线直播",在线直播,云教室精品班（25人以上）,40,2026-06-01,待定,无教材,2026-08-23,4,国外考试部,芙蓉广场教学区,芙蓉广场16-A4教室,班级刷卡,40人以上,国外考试部,芙蓉广场教学区,2026-08-22,12,21,
"智慧学习部",数学,数学,数学,OSXZH7A270001,取消SX暑假智慧学习小组7B取消,取消学习机线上七年级数学暑假B1服务,通用,12,0,1440,1440,120.0,"	0.00",B1,B1,B体系,B体系,学习机线上七年级数学暑假B1服务,SX暑假智慧学习小组7B,否,,连季续,初一,七年级,七年级,1980.00,张桂林(358976),,暑假,暑假,取消班,2026-07-27,,已审核,在线,在线录播,在线录播,智慧学习机,0,2025-12-19,每天10:40-12:40(上六休一),"有教材,快递配送",,0,学习机线上(智慧),初中网络虚拟教室2,初中网络虚拟教室2,班级刷卡,24人,学习机线上,网络教学区,2026-08-08,3,3,初一数学
"智慧学习部",英语,英语,英语,YYZH7A27018,取消YY暑假智慧学习空间7B取消,取消学习机托管七年级英语暑假B1服务,通用,12,0,1440,1440,120.0,"	0.00",B1,B1,B体系,B体系,学习机托管七年级英语暑假B1服务,YY暑假智慧学习空间7B,否,,连季续,初一,七年级,七年级,2400.00,,,暑假,暑假,取消班,2026-07-27,,已审核,"走读,在线","常规面授,在线录播",在线录播,智慧学习机,0,2026-03-24,每天10:40-12:40(上六休一）,"有教材,开课前领取",,0,学习机托管(智慧),大润发303教室,大润发303教室,班级刷卡,20人,学习机托管,大润发教学区,2026-08-08,8,12,初一英语
"智慧学习部",数学,数学,数学,SXZH7A27056,取消SX暑假智慧学习空间7C取消,取消学习机托管七年级数学暑假B2服务（C+）,通用,12,0,1440,1440,120.0,"	0.00",B2,B2,B体系,B体系,学习机托管七年级数学暑假B2服务,SX暑假智慧学习空间7C,否,,连季续,初一,七年级,七年级,2880.00,罗畅(441059),,暑假,暑假,取消班,2026-07-27,,已审核,"走读,在线","常规面授,在线录播",在线录播,智慧学习机,0,2026-03-25,每天16:00-18:00（上六休一）,"有教材,开课前领取",,0,学习机托管(智慧),井湾子08自习室,井湾子08自习室,班级刷卡,20人,学习机托管,井湾子智慧空间,2026-08-08,8,12,初一数学
"智慧学习部",英语,英语,英语,OYYZH7A27001,取消YY暑假智慧学习小组7B取消,取消学习机线上七年级英语暑假B1服务,通用,12,0,1440,1440,120.0,"	0.00",B1,B1,B体系,B体系,学习机线上七年级英语暑假B1服务,YY暑假智慧学习小组7B,否,,连季续,初一,七年级,七年级,1980.00,金志红(345591),,暑假,暑假,取消班,2026-07-27,,已审核,在线,在线录播,在线录播,智慧学习机,0,2025-12-18,每天08:30-10:30（上六休一）,"有教材,快递配送",,0,学习机线上(智慧),长沙线上课,初中网络虚拟教室2,班级刷卡,24人,学习机线上,网络教学区,2026-08-08,3,3,初一英语
"智慧学习部",语文,语文,语文,OYWZH7A27001,取消YW暑假智慧学习小组7B取消,取消学习机线上七年级语文暑假B1服务,通用,12,0,1440,1440,120.0,"	0.00",B1,B1,B体系,B体系,学习机线上七年级语文暑假B1服务,YW暑假智慧学习小组7B,否,,连季续,初一,七年级,七年级,1980.00,郑雅雯(354670),,暑假,暑假,取消班,2026-07-27,,已审核,在线,在线录播,在线录播,智慧学习机,0,2025-12-18,每天10:40-12:40（上六休一）,"有教材,快递配送",,0,学习机线上(智慧),长沙线上课,初中网络虚拟教室2,班级刷卡,24人,学习机线上,网络教学区,2026-08-08,3,3,初一语文
"素养智学部",双语故事表演,双语故事表演,双语故事表演,PM327A0187,双语绘本3C（暑）,双语故事表演L3暑假B2班,通用,10,10,1100,1100,110.0,"	0.00",L3,L3,常规体系,常规体系,双语故事表演L3暑假B2班,三年级双语故事表演暑假L3班,否,,连季续,三年级,三年级,三年级,2000.00,杨倩(425911),,暑假,暑假,正常,2026-08-18,2026-08-18,已审核,走读,常规面授,常规面授,,20,2026-03-26,每天08:30-10:20(上5休1),"有教材,开课前领取",2026-08-28,18,素养素质(智学),星沙筑梦207教室,星沙筑梦207教室,班级刷卡,15人,素养,星沙筑梦教学区,2026-08-28,10,12,分级阅读3
"素养智学部",双语故事表演,双语故事表演,双语故事表演,PM427A0092,双语绘本4C（暑）,双语故事表演L4暑假B2班,通用,10,10,1100,1100,110.0,"	0.00",L4,L4,常规体系,常规体系,双语故事表演L4暑假B2班,四年级双语故事表演暑假L4班,否,,连季续,四年级,四年级,四年级,2000.00,肖嘉惠(230164),,暑假,暑假,正常,2026-08-18,2026-08-18,已审核,走读,常规面授,常规面授,,20,2026-02-26,每天13:50-15:40(上5休1),"有教材,开课前领取",2026-08-28,20,素养素质(智学),洋湖新城308教室,洋湖新城308教室,班级刷卡,15人,素养,洋湖新城教学区,2026-08-28,10,12,分级阅读4
"素养智学部",双语故事表演,双语故事表演,双语故事表演,PM427A0001,双语绘本4C（暑）,双语故事表演L4暑假B2班,通用,10,10,1100,1100,110.0,"	0.00",L4,L4,常规体系,常规体系,双语故事表演L4暑假B2班,四年级双语故事表演暑假L4班,否,,连季续,四年级,四年级,四年级,2000.00,张景(300666),,暑假,暑假,正常,2026-08-18,2026-08-18,已审核,走读,常规面授,常规面授,,19,2026-02-26,每天10:40-12:30(上5休1),"有教材,开课前领取",2026-08-28,14,素养素质(智学),二十四品305教室,二十四品305教室,班级刷卡,15人,素养,二十四品教学区,2026-08-28,10,12,分级阅读4
"素养智学部",围棋,围棋,围棋,SZWQ27A020,围棋N8-1段班,围棋L4-3段暑假班（暑10次课100）,通用,10,10,900,900,90.0,"	0.00",L4,L4,常规体系,常规体系,围棋L4-3段暑假班,围棋L4-3段暑假班,否,,连季续,四年级,四年级,四年级,1500.00,刘源清(368312),,暑假,暑假,正常,2026-08-18,2026-08-18,已审核,走读,常规面授,常规面授,,12,2025-10-22,每天16:30-18:00（上5休1）,"有教材,开课前领取",2026-08-28,10,素养素质(智学),东塘218教室,东塘218教室,班级刷卡,12人,素质,东塘教学区,2026-08-28,8,10,围棋L4
"素养智学部",围棋,围棋,围棋,SZWQ27A127,取消围棋N2-2段班,取消围棋L1-4段暑假班（暑10次课100）,通用,10,0,900,900,90.0,"	0.00",L1,L1,常规体系,常规体系,围棋L1-4段暑假班,围棋L1-4段暑假班,否,,连季续,一年级,一年级,一年级,1500.00,赵华强(625322),,暑假,暑假,取消班,2026-08-18,,已审核,走读,常规面授,常规面授,,0,2025-10-22,每天10:40-12:10（上5休1）,"有教材,开课前领取",,0,素养素质(智学),雨花家园教学区,,班级刷卡,12人,素质,雨花家园教学区,2026-08-27,8,10,围棋-L1
"素养智学部",围棋,围棋,围棋,SZWQ27A136,取消围棋N3-1段班,取消围棋L2-1段暑假班（暑10次课100）,通用,10,0,900,900,90.0,"	0.00",L2,L2,常规体系,常规体系,围棋L2-1段暑假班,围棋L2-1段暑假班,否,,连季续,二年级,二年级,二年级,1500.00,聂翰林(435932),,暑假,暑假,取消班,2026-08-18,,已审核,走读,常规面授,常规面授,,0,2026-01-08,每天14:00-15:30（上5休1）,"有教材,开课前领取",,0,素养素质(智学),西子花苑旗舰店201教室,西子花苑旗舰店201教室,班级刷卡,12人,素质,西子花苑旗舰店教学区,2026-08-27,8,10,围棋L2
"素养智学部",围棋,围棋,围棋,SZWQ27A112,取消围棋N4-1段班,取消围棋L2-3段暑假班（暑10次课100）,通用,10,0,900,900,90.0,"	0.00",L2,L2,常规体系,常规体系,围棋L2-3段暑假班,围棋L2-3段暑假班,否,,连季续,二年级,二年级,二年级,1500.00,潘志(444580),,暑假,暑假,取消班,2026-08-18,,已审核,走读,常规面授,常规面授,,0,2025-10-22,每天09:00-10:30（上5休1）,"有教材,开课前领取",,0,素养素质(智学),洋湖新城教学区,,班级刷卡,12人,素质,洋湖新城教学区,2026-08-27,8,10,围棋L2
"素养智学部",围棋,围棋,围棋,SZWQ27A022,取消围棋N6-2段班,取消围棋L3-4段暑假班（暑10次课100）,通用,10,0,900,900,90.0,"	0.00",L3,L3,常规体系,常规体系,围棋L3-4段暑假班,围棋L3-4段暑假班,否,,连季续,三年级,三年级,三年级,1500.00,聂翰林(435932),,暑假,暑假,取消班,2026-08-18,,已审核,走读,常规面授,常规面授,,0,2025-10-22,每天09:00-10:30（上5休1）,"有教材,开课前领取",,0,素养素质(智学),西子花苑旗舰店201教室,西子花苑旗舰店201教室,班级刷卡,12人,素质,西子花苑旗舰店教学区,2026-08-27,8,10,围棋L3
"素养智学部",围棋,围棋,围棋,SZWQ27A126,取消（取消）围棋N2-2段班,取消围棋L1-4段暑假班（暑10次课100）,通用,10,0,900,900,90.0,"	0.00",L1,L1,常规体系,常规体系,围棋L1-4段暑假班,围棋L1-4段暑假班,否,,连季续,一年级,一年级,一年级,1500.00,聂翰林(435932),,暑假,暑假,取消班,2026-08-18,,已审核,走读,常规面授,常规面授,,0,2025-10-22,每天16:00-17:30（上5休1）,"有教材,开课前领取",,0,素养素质(智学),西子花苑智慧空间,,班级刷卡,12人,素质,西子花苑智慧空间,2026-08-27,8,10,围棋-L1
"素养智学部",围棋,围棋,围棋,SZWQ27A118,取消（取消）围棋N3-2段班,取消围棋L2-2段暑假班（暑10次课100）,通用,10,0,900,900,90.0,"	0.00",L2,L2,常规体系,常规体系,围棋L2-2段暑假班,围棋L2-2段暑假班,否,,连季续,二年级,二年级,二年级,1500.00,聂翰林(435932),,暑假,暑假,取消班,2026-08-18,,已审核,走读,常规面授,常规面授,,0,2025-10-22,每天13:50-15:20（上5休1）,"有教材,开课前领取",,0,素养素质(智学),西子花苑02自习室,西子花苑02自习室,班级刷卡,12人,素质,西子花苑智慧空间,2026-08-27,8,10,围棋L2
"素养智学部",双语故事表演,双语故事表演,双语故事表演,PM227A0122,取消双语绘本2C（暑）,取消双语故事表演L2暑假B2班,通用,10,0,1100,1100,110.0,"	0.00",L2,L2,常规体系,常规体系,双语故事表演L2暑假B2班,二年级双语故事表演暑假L2班,否,,连季续,二年级,二年级,二年级,2100.00,刘月平(619574),,暑假,暑假,取消班,2026-08-18,,已审核,走读,常规面授,常规面授,,0,2026-02-26,每天08:30-10:20(上5休1),"有教材,开课前领取",,0,素养素质(智学),方圆荟307教室,方圆荟307教室,班级刷卡,15人,素养,方圆荟智慧空间,2026-08-28,10,12,分级阅读2
"素养智学部",围棋,围棋,围棋,SZWQ27A121,取消围棋N3-1段班,取消围棋L2-1段暑假班（暑10次课100）,通用,10,0,900,900,90.0,"	0.00",L2,L2,常规体系,常规体系,围棋L2-1段暑假班,围棋L2-1段暑假班,否,,连季续,二年级,二年级,二年级,1500.00,赵华强(625322),,暑假,暑假,取消班,2026-08-18,,已审核,走读,常规面授,常规面授,,0,2025-10-22,每天16:00-17:30（上5休1）,"有教材,开课前领取",,0,素养素质(智学),梅岭国际209教室,梅岭国际209教室,班级刷卡,12人,素质,梅岭国际教学区,2026-08-27,8,10,围棋L2
"素养智学部",围棋,围棋,围棋,SZWQ27A0142,围棋N2-2段班,围棋L1-4段暑假班（暑10次课100）,通用,10,10,900,900,90.0,"	0.00",L1,L1,常规体系,常规体系,围棋L1-4段暑假班,围棋L1-4段暑假班,否,,连季续,一年级,一年级,一年级,1500.00,刘宇喆(700254),,暑假,暑假,正常,2026-08-18,2026-08-18,已审核,走读,常规面授,常规面授,,12,2025-11-29,每天16:00-17:30（上5休1）,"有教材,开课前领取",2026-08-28,9,素养素质(智学),梅岭国际212A教室,梅岭国际212A教室,班级刷卡,12人,素质,梅岭国际教学区,2026-08-28,8,10,围棋-L1
"素养智学部",双语故事表演,双语故事表演,双语故事表演,PM227A0030,双语绘本2C（暑）,双语故事表演L2暑假B2班,通用,10,10,1100,1100,110.0,"	0.00",L2,L2,常规体系,常规体系,双语故事表演L2暑假B2班,二年级双语故事表演暑假L2班,否,,连季续,二年级,二年级,二年级,2100.00,张茡实(612635),,暑假,暑假,正常,2026-08-18,2026-08-18,已审核,走读,常规面授,常规面授,,16,2026-02-26,每天10:40-12:30(上5休1),"有教材,开课前领取",2026-08-28,16,素养素质(智学),星沙湘龙311教室,星沙湘龙311教室,班级刷卡,15人,素养,星沙湘龙教学区,2026-08-28,10,12,分级阅读2
"素养智学部",双语故事表演,双语故事表演,双语故事表演,PM527A0060,双语绘本C5（暑）,双语故事表演L5暑假B2班,通用,10,10,1100,1100,110.0,"	0.00",L5,L5,常规体系,常规体系,双语故事表演L5暑假B2班,五年级双语故事表演暑假L5班,否,,连季续,五年级,五年级,五年级,2000.00,姜贵敏(366928),,暑假,暑假,正常,2026-08-18,2026-08-18,已审核,走读,常规面授,常规面授,,23,2026-02-26,每天10:40-12:30(上5休1),"有教材,开课前领取",2026-08-28,19,素养素质(智学),梅岭国际8自习室,梅岭国际8自习室,班级刷卡,15人,素养,梅岭国际教学区,2026-08-28,10,12,故事会5
"素养智学部",英语,英语,英语,YYZH5A0385,双语智慧5A（暑）,五年级英语暑假B1服务（默认A）,通用,10,10,1200,1200,120.0,"	0.00",TG,TG,常规体系,常规体系,五年级英语暑假B1服务,五年级英语A暑假智慧学习空间,否,,连季续,五年级,五年级,五年级,2000.00,李婉琳(642977),,暑假,暑假,正常,2026-08-18,2026-08-18,已审核,"走读,在线","常规面授,在线录播",在线录播,智慧学习机,22,2026-02-27,每天10:40-12:40(上5休1）,"有教材,开课前领取",2026-08-28,21,学习机托管(智学),北辰106教室,北辰106教室,班级刷卡,20人,学习机托管,北辰教学区,2026-08-28,12,12,五年级英语
"素养智学部",博文妙笔,博文妙笔,博文妙笔,BW127A0033,博文口才 1（暑）,博文妙笔L1暑假B1班,通用,10,10,1100,1100,110.0,"	0.00",L1,L1,常规体系,常规体系,博文妙笔L1暑假B1班,一年级博文妙笔暑假L1班,否,,连季续,一年级,一年级,一年级,2100.00,陈镜如(433197),,暑假,暑假,正常,2026-08-18,2026-08-18,已审核,走读,常规面授,常规面授,,17,2026-03-26,每天08:30-10:20(上5休1),"有教材,开课前领取",2026-08-28,13,素养素质(智学),中信304教室,中信304教室,班级刷卡,15人,素养,中信教学区,2026-08-28,10,12,语商表达1
"素养智学部",脑力与思维,脑力与思维,脑力与思维,SW427A0005,脑力思维4B（暑）,脑力与思维L4暑假B1班,通用,10,10,1100,1100,110.0,"	0.00",L4,L4,常规体系,常规体系,脑力与思维L4暑假B1班,四年级脑力与思维暑假L4班,否,,连季续,四年级,四年级,四年级,2000.00,孙天宜(438765),,暑假,暑假,正常,2026-08-18,2026-08-18,已审核,走读,常规面授,常规面授,,23,2026-02-26,每天10:40-12:30(上5休1),"有教材,开课前领取",2026-08-28,23,素养素质(智学),井湾子教学区208教室,井湾子教学区208教室,班级刷卡,15人,素养,井湾子教学区,2026-08-28,10,12,思维4
"素养智学部",脑力与思维,脑力与思维,脑力与思维,SW527A0019,取消脑力思维5B（暑）,取消脑力与思维L5暑假B1班,通用,10,0,1100,1100,110.0,"	0.00",L5,L5,常规体系,常规体系,脑力与思维L5暑假B1班,五年级脑力与思维暑假L5班,否,,连季续,五年级,五年级,五年级,2000.00,陶杜昀(364487),,暑假,暑假,取消班,2026-08-18,,已审核,走读,常规面授,常规面授,,0,2026-04-02,每天08:30-10:20(上5休1),"有教材,开课前领取",,0,素养素质(智学),西子花苑旗舰店211教室,西子花苑旗舰店211教室,班级刷卡,15人,素养,西子花苑旗舰店教学区,2026-08-28,10,12,思维5
"素养智学部",英语,英语,英语,YYZH5A0391,双语智慧5A（暑）,五年级英语暑假B1服务（默认A）,通用,10,10,1200,1200,120.0,"	0.00",TG,TG,常规体系,常规体系,五年级英语暑假B1服务,五年级英语A暑假智慧学习空间,否,,连季续,五年级,五年级,五年级,2000.00,李芯怡(707017),,暑假,暑假,正常,2026-08-18,2026-08-18,已审核,"走读,在线","常规面授,在线录播",在线录播,智慧学习机,24,2026-03-09,每天10:40-12:40(上5休1）,"有教材,开课前领取",2026-08-28,13,学习机托管(智学),钰龙天下自习室04,钰龙天下自习室04,班级刷卡,20人,学习机托管,钰龙天下教学区,2026-08-28,12,12,五年级英语
"素养智学部",英语,英语,英语,YYZH4A0476,双语智慧4B（暑）,四年级英语暑假B1服务（默认B）,通用,10,10,1200,1200,120.0,"	0.00",TG,TG,常规体系,常规体系,四年级英语暑假B1服务,四年级英语A暑假智慧学习空间,否,,连季续,四年级,四年级,四年级,2000.00,李芯怡(707017),,暑假,暑假,正常,2026-08-18,2026-08-18,已审核,"走读,在线","常规面授,在线录播",在线录播,智慧学习机,22,2026-03-09,每天08:30-10:30(上5休1）,"有教材,开课前领取",2026-08-28,7,学习机托管(智学),钰龙天下自习室04,钰龙天下自习室04,班级刷卡,20人,学习机托管,钰龙天下教学区,2026-08-28,12,12,四年级英语
"素养智学部",英语,英语,英语,YYZH4A0475,双语智慧4A（暑）,四年级英语暑假B1服务（默认A）,通用,10,10,1200,1200,120.0,"	0.00",TG,TG,常规体系,常规体系,四年级英语暑假B1服务,四年级英语A暑假智慧学习空间,否,,连季续,四年级,四年级,四年级,2000.00,李芯怡(707017),,暑假,暑假,正常,2026-08-18,2026-08-18,已审核,"走读,在线","常规面授,在线录播",在线录播,智慧学习机,22,2026-03-09,每天13:50-15:50(上5休1）,"有教材,开课前领取",2026-08-28,8,学习机托管(智学),钰龙天下自习室04,钰龙天下自习室04,班级刷卡,20人,学习机托管,钰龙天下教学区,2026-08-28,12,12,四年级英语
"素养智学部",双语故事表演,双语故事表演,双语故事表演,PM127A0015,双语绘本1C（暑）,双语故事表演L1暑假B2班,通用,10,10,1100,1100,110.0,"	0.00",L1,L1,常规体系,常规体系,双语故事表演L1暑假B2班,一年级双语故事表演暑假L1班,否,,连季续,一年级,一年级,一年级,2100.00,彭思琪(514257),,暑假,暑假,正常,2026-08-18,2026-08-18,已审核,走读,常规面授,常规面授,,15,2026-02-26,每天16:00-17:50(上5休1),"有教材,开课前领取",2026-08-28,7,素养素质(智学),井湾子教学区206教室,井湾子教学区206教室,班级刷卡,15人,素养,井湾子教学区,2026-08-28,10,12,分级阅读1
"素养智学部",双语故事表演,双语故事表演,双语故事表演,PM327A0144,双语绘本3C（暑）,双语故事表演L3暑假B2班,通用,10,10,1100,1100,110.0,"	0.00",L3,L3,常规体系,常规体系,双语故事表演L3暑假B2班,三年级双语故事表演暑假L3班,否,,连季续,三年级,三年级,三年级,2000.00,彭思琪(514257),,暑假,暑假,正常,2026-08-18,2026-08-18,已审核,走读,常规面授,常规面授,,18,2026-02-26,每天13:50-15:40(上5休1),"有教材,开课前领取",2026-08-28,10,素养素质(智学),井湾子教学区206教室,井湾子教学区206教室,班级刷卡,15人,素养,井湾子教学区,2026-08-28,10,12,分级阅读3
"素养智学部",双语故事表演,双语故事表演,双语故事表演,PM427A0162,双语绘本4C+领航班（暑）,双语故事表演L4暑假C1班（C+）,通用,10,10,1100,1100,110.0,"	0.00",L4,L4,常规体系,常规体系,双语故事表演L4暑假C1班,四年级双语故事表演暑假L4班,否,,连季续,四年级,四年级,四年级,2600.00,吴灿红(662111),,暑假,暑假,正常,2026-08-18,2026-08-18,已审核,走读,常规面授,常规面授,,18,2026-02-26,每天13:50-15:40(上5休1),"有教材,开课前领取",2026-08-28,8,素养素质(智学),井湾子教学区213教室,井湾子教学区213教室,班级刷卡,15人,素养,井湾子教学区,2026-08-28,10,12,分级阅读4
"素养智学部",脑力与思维,脑力与思维,脑力与思维,SW127A0039,脑力思维1B（暑）,脑力与思维L1暑假B1班,通用,10,10,1100,1100,110.0,"	0.00",L1,L1,常规体系,常规体系,脑力与思维L1暑假B1班,一年级脑力与思维暑假L1班,否,,连季续,一年级,一年级,一年级,2100.00,彭贯西(706983),,暑假,暑假,正常,2026-07-23,2026-07-23,已审核,走读,常规面授,常规面授,,15,2026-06-05,每天16:00-17:50(上5休1),"有教材,开课前领取",2026-08-02,10,素养素质(智学),时光汇203教室,时光汇203教室,班级刷卡,15人,素养,时光汇教学区,2026-08-02,10,12,思维1
"素养智学部",博文妙笔,博文妙笔,博文妙笔,BW127A0001,博文口才 1（暑）,博文妙笔L1暑假B1班,通用,10,10,1100,1100,110.0,"	0.00",L1,L1,常规体系,常规体系,博文妙笔L1暑假B1班,一年级博文妙笔暑假L1班,否,,连季续,一年级,一年级,一年级,2100.00,谭若雨(706971),,暑假,暑假,正常,2026-07-23,2026-07-23,已审核,走读,常规面授,常规面授,,15,2026-02-26,每天10:40-12:30(上5休1),"有教材,开课前领取",2026-08-02,6,素养素质(智学),时光汇209教室,时光汇209教室,班级刷卡,15人,素养,时光汇教学区,2026-08-02,10,12,语商表达1
"素养智学部",双语故事表演,双语故事表演,双语故事表演,PM227A0209,双语绘本2C（暑）,双语故事表演L2暑假B2班,通用,10,10,1100,1100,110.0,"	0.00",L2,L2,常规体系,常规体系,双语故事表演L2暑假B2班,二年级双语故事表演暑假L2班,否,,连季续,二年级,二年级,二年级,2100.00,张茡实(612635),,暑假,暑假,正常,2026-08-18,2026-08-18,已审核,走读,常规面授,常规面授,,15,2026-02-26,每天16:00-17:50(上5休1),"有教材,开课前领取",2026-08-28,15,素养素质(智学),星沙湘龙311教室,星沙湘龙311教室,班级刷卡,15人,素养,星沙湘龙教学区,2026-08-28,10,12,分级阅读2
"素养智学部",脑力与思维,脑力与思维,脑力与思维,SW227A0029,脑力思维2B（暑）,脑力与思维L2暑假B1班,通用,10,10,1100,1100,110.0,"	0.00",L2,L2,常规体系,常规体系,脑力与思维L2暑假B1班,二年级脑力与思维暑假L2班,否,,连季续,二年级,二年级,二年级,2100.00,彭贯西(706983),,暑假,暑假,正常,2026-08-18,2026-08-18,已审核,走读,常规面授,常规面授,,15,2026-02-26,每天16:00-17:50(上5休1),"有教材,开课前领取",2026-08-28,9,素养素质(智学),星沙湘龙308教室,星沙湘龙308教室,班级刷卡,15人,素养,星沙湘龙教学区,2026-08-28,10,12,思维2
"素养智学部",博文妙笔,博文妙笔,博文妙笔,BW127A0009,博文口才 1（暑）,博文妙笔L1暑假B1班,通用,10,10,1100,1100,110.0,"	0.00",L1,L1,常规体系,常规体系,博文妙笔L1暑假B1班,一年级博文妙笔暑假L1班,否,,连季续,一年级,一年级,一年级,2100.00,李晓倩(387250),,暑假,暑假,正常,2026-08-18,2026-08-18,已审核,走读,常规面授,常规面授,,15,2026-02-26,每天10:40-12:30(上5休1),"有教材,开课前领取",2026-08-28,10,素养素质(智学),星沙湘龙309教室,星沙湘龙309教室,班级刷卡,15人,素养,星沙湘龙教学区,2026-08-28,10,12,语商表达1
"素养智学部",脑力与思维,脑力与思维,脑力与思维,SW127A0028,脑力思维1B（暑）,脑力与思维L1暑假B1班,通用,10,10,1100,1100,110.0,"	0.00",L1,L1,常规体系,常规体系,脑力与思维L1暑假B1班,一年级脑力与思维暑假L1班,否,,连季续,一年级,一年级,一年级,2100.00,彭贯西(706983),,暑假,暑假,正常,2026-08-18,2026-08-18,已审核,走读,常规面授,常规面授,,15,2026-02-26,每天13:50-15:40(上5休1),"有教材,开课前领取",2026-08-28,11,素养素质(智学),星沙湘龙308教室,星沙湘龙308教室,班级刷卡,15人,素养,星沙湘龙教学区,2026-08-28,10,12,思维1
"素养智学部",脑力与思维,脑力与思维,脑力与思维,SW427A0009,脑力思维4B（暑）,脑力与思维L4暑假B1班,通用,10,10,1100,1100,110.0,"	0.00",L4,L4,常规体系,常规体系,脑力与思维L4暑假B1班,四年级脑力与思维暑假L4班,否,,连季续,四年级,四年级,四年级,2000.00,郑婕(612636),,暑假,暑假,正常,2026-08-18,2026-08-18,已审核,走读,常规面授,常规面授,,18,2026-02-26,每天10:40-12:30(上5休1),"有教材,开课前领取",2026-08-28,13,素养素质(智学),星沙湘龙308教室,星沙湘龙308教室,班级刷卡,15人,素养,星沙湘龙教学区,2026-08-28,10,12,思维4
"素养智学部",英语,英语,英语,YYZH3A0344,双语智慧3A（暑）,三年级英语暑假A1服务（默认A）,通用,10,10,1200,1200,120.0,"	0.00",TG,TG,常规体系,常规体系,三年级英语暑假A1服务,三年级英语A暑假智慧学习空间,否,,连季续,三年级,三年级,三年级,2000.00,陈晨(612642),,暑假,暑假,正常,2026-08-18,2026-08-18,已审核,"走读,在线","常规面授,在线录播",在线录播,智慧学习机,22,2026-02-27,每天10:40-12:40(上5休1）,"有教材,开课前领取",2026-08-28,11,学习机托管(智学),星沙湘龙305教室,星沙湘龙305教室,班级刷卡,20人,学习机托管,星沙湘龙教学区,2026-08-28,12,12,三年级英语
"素养智学部",英语,英语,英语,YYZH4A0408,双语智慧4A（暑）,四年级英语暑假B1服务（默认A）,通用,10,10,1200,1200,120.0,"	0.00",TG,TG,常规体系,常规体系,四年级英语暑假B1服务,四年级英语A暑假智慧学习空间,否,,连季续,四年级,四年级,四年级,2000.00,陈晨(612642),,暑假,暑假,正常,2026-08-18,2026-08-18,已审核,"走读,在线","常规面授,在线录播",在线录播,智慧学习机,22,2026-02-27,每天08:30-10:30(上5休1）,"有教材,开课前领取",2026-08-28,18,学习机托管(智学),星沙湘龙305教室,星沙湘龙305教室,班级刷卡,20人,学习机托管,星沙湘龙教学区,2026-08-28,12,12,四年级英语
"素养智学部",英语,英语,英语,YYZH4A0402,双语智慧4A（暑）,四年级英语暑假B1服务（默认A）,通用,10,10,1200,1200,120.0,"	0.00",TG,TG,常规体系,常规体系,四年级英语暑假B1服务,四年级英语A暑假智慧学习空间,否,,连季续,四年级,四年级,四年级,2000.00,陈晨(612642),,暑假,暑假,正常,2026-08-18,2026-08-18,已审核,"走读,在线","常规面授,在线录播",在线录播,智慧学习机,22,2026-02-27,每天13:50-15:50(上5休1）,"有教材,开课前领取",2026-08-28,13,学习机托管(智学),星沙湘龙305教室,星沙湘龙305教室,班级刷卡,20人,学习机托管,星沙湘龙教学区,2026-08-28,12,12,四年级英语
"素养智学部",英语,英语,英语,YYZH5A0303,双语智慧5A（暑）,五年级英语暑假B1服务（默认A）,通用,10,10,1200,1200,120.0,"	0.00",TG,TG,常规体系,常规体系,五年级英语暑假B1服务,五年级英语A暑假智慧学习空间,否,,连季续,五年级,五年级,五年级,2000.00,陈晨(612642),,暑假,暑假,正常,2026-08-18,2026-08-18,已审核,"走读,在线","常规面授,在线录播",在线录播,智慧学习机,24,2026-02-27,每天16:00-18:00(上5休1）,"有教材,开课前领取",2026-08-28,18,学习机托管(智学),星沙湘龙305教室,星沙湘龙305教室,班级刷卡,20人,学习机托管,星沙湘龙教学区,2026-08-28,12,12,五年级英语
"素养智学部",英语,英语,英语,YYZH6A0698,双语智慧6A（暑）,六年级英语暑假A2服务（默认A）,通用,10,10,1200,1200,120.0,"	0.00",TG,TG,常规体系,常规体系,六年级英语暑假A2服务,六年级英语A暑假智慧学习空间,否,,连季续,六年级(小学),六年级,六年级,2000.00,胡轶凡(551244),,暑假,暑假,正常,2026-08-18,2026-08-18,已审核,"走读,在线","常规面授,在线录播",在线录播,智慧学习机,24,2026-02-27,每天13:50-15:50(上5休1）,"有教材,开课前领取",2026-08-28,19,学习机托管(智学),月亮岛自习室1,月亮岛自习室1,班级刷卡,20人,学习机托管,月亮岛教学区,2026-08-28,12,12,六年级英语
"素养智学部",双语故事表演,双语故事表演,双语故事表演,PMS227A0009,双语绘本PK（暑）,双语故事表演预备级S2暑假B2班,通用,10,10,900,900,90.0,"	0.00",S2,S2,常规体系,常规体系,双语故事表演预备级S2暑假B2班,S2双语故事表演暑假S2班,否,,连季续,S2,S2,S2,2250.00,李晓娟(411182),,暑假,暑假,正常,2026-07-23,2026-07-23,已审核,走读,常规面授,常规面授,,10,2026-02-26,每天10:40-12:10(上5休1),"有教材,开课前领取",2026-08-02,10,素养素质(智学),浏城桥502教室（新）,浏城桥502教室（新）,班级刷卡,10人,素养,浏城桥教学区,2026-08-02,7,7,分级阅读K
"素养智学部",脑力与思维,脑力与思维,脑力与思维,SW427A0042,脑力思维4B（暑）,脑力与思维L4暑假B1班,通用,10,10,1100,1100,110.0,"	0.00",L4,L4,常规体系,常规体系,脑力与思维L4暑假B1班,四年级脑力与思维暑假L4班,否,,连季续,四年级,四年级,四年级,2000.00,杨智博(706987),,暑假,暑假,正常,2026-08-18,2026-08-18,已审核,走读,常规面授,常规面授,,18,2026-04-20,每天08:30-10:20(上5休1),"有教材,开课前领取",2026-08-28,8,素养素质(智学),洋湖卓伯根203教室,洋湖卓伯根203教室,班级刷卡,15人,素养,洋湖卓伯根教学区,2026-08-28,10,12,思维4
"素养智学部",博文妙笔,博文妙笔,博文妙笔,BW327A0037,博文口才 3（暑）,博文妙笔L3暑假B1班,通用,10,10,1100,1100,110.0,"	0.00",L3,L3,常规体系,常规体系,博文妙笔L3暑假B1班,三年级博文妙笔暑假L3班,否,,连季续,三年级,三年级,三年级,2000.00,游湘(706973),,暑假,暑假,正常,2026-08-18,2026-08-18,已审核,走读,常规面授,常规面授,,14,2026-02-26,每天08:30-10:20(上5休1),"有教材,开课前领取",2026-08-28,9,素养素质(智学),洋湖卓伯根205教室,洋湖卓伯根205教室,班级刷卡,15人,素养,洋湖卓伯根教学区,2026-08-28,10,12,语商表达3
"素养智学部",英语,英语,英语,YYZH6A0718,双语智慧6B（暑）,六年级英语暑假B1服务（默认B）,通用,10,10,1200,1200,120.0,"	0.00",TG,TG,常规体系,常规体系,六年级英语暑假B1服务,六年级英语B暑假智慧学习空间,否,,连季续,六年级(小学),六年级,六年级,2000.00,谭祥涛(288547),,暑假,暑假,正常,2026-08-18,2026-08-18,已审核,"走读,在线","常规面授,在线录播",在线录播,智慧学习机,24,2026-05-09,每天16:30-18:30(上5休1）,"有教材,开课前领取",2026-08-28,17,学习机托管(智学),东塘08自习室,东塘08自习室,班级刷卡,20人,学习机托管,东塘智慧空间,2026-08-28,12,12,六年级英语
"素养智学部",双语故事表演,双语故事表演,双语故事表演,PMS227A0007,双语绘本PK（暑）,双语故事表演预备级S2暑假B2班,通用,10,10,900,900,90.0,"	0.00",S2,S2,常规体系,常规体系,双语故事表演预备级S2暑假B2班,S2双语故事表演暑假S2班,否,,连季续,S2,S2,S2,2250.00,李晓娟(411182),,暑假,暑假,正常,2026-08-18,2026-08-18,已审核,走读,常规面授,常规面授,,10,2026-02-26,每天16:30-18:00(上5休1),"有教材,开课前领取",2026-08-28,7,素养素质(智学),东塘214教室,东塘214教室,班级刷卡,10人,素养,东塘教学区,2026-08-28,7,7,分级阅读K
"素养智学部",双语故事表演,双语故事表演,双语故事表演,PMS327A0026,双语绘本K（暑）,双语故事表演S3暑假B1班,通用,10,10,900,900,90.0,"	0.00",S3,S3,常规体系,常规体系,双语故事表演S3暑假B1班,S3双语故事表演暑假S3班,否,,连季续,S3,S3,S3,1575.00,史好(621266),,暑假,暑假,正常,2026-07-23,2026-07-23,已审核,走读,常规面授,常规面授,,15,2026-02-26,每天09:00-10:30(上5休1),"有教材,开课前领取",2026-08-02,11,素养素质(智学),东塘214教室,东塘214教室,班级刷卡,15人,素养,东塘教学区,2026-08-02,10,12,分级阅读K
"素养智学部",双语故事表演,双语故事表演,双语故事表演,PM327A0018,双语绘本3B（暑）,双语故事表演L3暑假B2班,通用,10,10,1100,1100,110.0,"	0.00",L3,L3,常规体系,常规体系,双语故事表演L3暑假B2班,三年级双语故事表演暑假L3班,否,,连季续,三年级,三年级,三年级,2000.00,陈鑫玉(631976),,暑假,暑假,正常,2026-08-18,2026-08-18,已审核,走读,常规面授,常规面授,,18,2026-02-26,每天10:40-12:30(上5休1),"有教材,开课前领取",2026-08-28,11,素养素质(智学),东塘02自习室,东塘02自习室,班级刷卡,15人,素养,东塘智慧空间,2026-08-28,10,12,分级阅读3
"素养智学部",双语故事表演,双语故事表演,双语故事表演,PM127A0067,双语绘本1B（暑）,双语故事表演L1暑假B2班,通用,10,10,1100,1100,110.0,"	0.00",L1,L1,常规体系,常规体系,双语故事表演L1暑假B2班,一年级双语故事表演暑假L1班,否,,连季续,一年级,一年级,一年级,2100.00,刘颖逸(254207),,暑假,暑假,正常,2026-07-23,2026-07-23,已审核,走读,常规面授,常规面授,,15,2026-02-26,每天10:40-12:30(上5休1),"有教材,开课前领取",2026-08-02,13,素养素质(智学),东塘205教室,东塘205教室,班级刷卡,15人,素养,东塘教学区,2026-08-02,10,12,分级阅读1
"素养智学部",脑力与思维,脑力与思维,脑力与思维,SW327A0054,脑力思维3B+（暑）,脑力与思维L3暑假B1班,通用,10,10,1100,1100,110.0,"	0.00",L3,L3,常规体系,常规体系,脑力与思维L3暑假B1班,三年级脑力与思维暑假L3班,否,,连季续,三年级,三年级,三年级,2000.00,丁金群(444560),,暑假,暑假,正常,2026-08-18,2026-08-18,已审核,走读,常规面授,常规面授,,18,2026-02-26,每天08:30-10:20(上5休1),"有教材,开课前领取",2026-08-28,9,素养素质(智学),东塘204教室,东塘204教室,班级刷卡,15人,素养,东塘教学区,2026-08-28,10,12,思维3
"素养智学部",双语故事表演,双语故事表演,双语故事表演,PM227A0038,双语绘本2C（暑）,双语故事表演L2暑假B2班,通用,10,10,1100,1100,110.0,"	0.00",L2,L2,常规体系,常规体系,双语故事表演L2暑假B2班,二年级双语故事表演暑假L2班,否,,连季续,二年级,二年级,二年级,2100.00,张仔豪(457818),,暑假,暑假,正常,2026-07-23,2026-07-23,已审核,走读,常规面授,常规面授,,15,2026-02-26,每天10:40-12:30(上5休1),"有教材,开课前领取",2026-08-02,15,素养素质(智学),东塘207教室,东塘207教室,班级刷卡,15人,素养,东塘教学区,2026-08-02,10,12,分级阅读2
"素养智学部",数学,数学,数学,SXZH4A0651,思维智慧4B+（暑）,四年级数学暑假B1服务（默认B）,通用,10,10,1200,1200,120.0,"	0.00",TG,TG,常规体系,常规体系,四年级数学暑假B1服务,四年级数学B暑假智慧学习空间,否,,连季续,四年级,四年级,四年级,2000.00,张媛媛(164583),,暑假,暑假,正常,2026-08-18,2026-08-18,已审核,"走读,在线","常规面授,在线录播",在线录播,智慧学习机,22,2026-02-27,每天13:50-15:50(上5休1）,"有教材,开课前领取",2026-08-28,11,学习机托管(智学),东塘09自习室,东塘09自习室,班级刷卡,20人,学习机托管,东塘智慧空间,2026-08-28,12,12,四年级数学
"素养智学部",英语,英语,英语,YYZH6A0652,双语智慧6A（暑）,六年级英语暑假A2服务（默认A）,通用,10,10,1200,1200,120.0,"	0.00",TG,TG,常规体系,常规体系,六年级英语暑假A2服务,六年级英语A暑假智慧学习空间,否,,连季续,六年级(小学),六年级,六年级,2000.00,谭祥涛(288547),,暑假,暑假,正常,2026-08-18,2026-08-18,已审核,"走读,在线","常规面授,在线录播",在线录播,智慧学习机,24,2026-02-27,每天13:50-15:50(上5休1）,"有教材,开课前领取",2026-08-28,21,学习机托管(智学),东塘08自习室,东塘08自习室,班级刷卡,20人,学习机托管,东塘智慧空间,2026-08-28,12,12,六年级英语
"素养智学部",双语故事表演,双语故事表演,双语故事表演,PMS327A0004,双语绘本K（暑）,双语故事表演S3暑假B1班,通用,10,10,900,900,90.0,"	0.00",S3,S3,常规体系,常规体系,双语故事表演S3暑假B1班,S3双语故事表演暑假S3班,否,,连季续,S3,S3,S3,1575.00,肖薇(613301),,暑假,暑假,正常,2026-08-18,2026-08-18,已审核,走读,常规面授,常规面授,,15,2026-02-26,每天16:00-17:30(上5休1),"有教材,开课前领取",2026-08-28,13,素养素质(智学),东塘03自习室,东塘03自习室,班级刷卡,15人,素养,东塘智慧空间,2026-08-28,10,12,分级阅读K
"素养智学部",双语故事表演,双语故事表演,双语故事表演,PM127A0153,取消（取消）双语绘本1C+领航班（暑）,取消双语故事表演L1暑假C1班（C+）,通用,10,0,1100,1100,110.0,"	0.00",L1,L1,常规体系,常规体系,双语故事表演L1暑假C1班,一年级双语故事表演暑假L1班,否,,连季续,一年级,一年级,一年级,2100.00,高灿(354326),,暑假,暑假,取消班,2026-07-23,,已审核,走读,常规面授,常规面授,,0,2026-03-06,每天10:40-12:30(上5休1),"有教材,开课前领取",,0,素养素质(智学),雨花家园205教室,雨花家园205教室,班级刷卡,15人,素养,雨花家园教学区,2026-08-02,10,12,分级阅读1
"素养智学部",双语故事表演,双语故事表演,双语故事表演,PM627A0067,双语绘本C6（暑）,双语故事表演L6暑假B2班,通用,10,10,1100,1100,110.0,"	0.00",L6,L6,常规体系,常规体系,双语故事表演L6暑假B2班,六年级双语故事表演暑假L6班,否,,连季续,六年级(小学),六年级,六年级,2000.00,黄颖(394859),,暑假,暑假,正常,2026-08-18,2026-08-18,已审核,走读,常规面授,常规面授,,18,2026-02-26,每天16:00-17:50(上5休1),"有教材,开课前领取",2026-08-28,7,素养素质(智学),湘江世纪城305教室,湘江世纪城305教室,班级刷卡,15人,素养,湘江世纪城教学区,2026-08-28,10,12,故事会6
"素养智学部",双语故事表演,双语故事表演,双语故事表演,PM427A0153,双语绘本4C（暑）,双语故事表演L4暑假B2班,通用,10,10,1100,1100,110.0,"	0.00",L4,L4,常规体系,常规体系,双语故事表演L4暑假B2班,四年级双语故事表演暑假L4班,否,,连季续,四年级,四年级,四年级,2000.00,黄颖(394859),,暑假,暑假,正常,2026-08-18,2026-08-18,已审核,走读,常规面授,常规面授,,18,2026-02-26,每天10:40-12:30(上5休1),"有教材,开课前领取",2026-08-28,10,素养素质(智学),湘江世纪城305教室,湘江世纪城305教室,班级刷卡,15人,素养,湘江世纪城教学区,2026-08-28,10,12,分级阅读4
"素养智学部",数学,数学,数学,SXZH5A0181,思维智慧5A（暑）,五年级数学暑假A1服务（默认A）,通用,10,10,1200,1200,120.0,"	0.00",TG,TG,常规体系,常规体系,五年级数学暑假A1服务,五年级数学A暑假智慧学习空间,否,,连季续,五年级,五年级,五年级,2000.00,蔡平(612639),,暑假,暑假,正常,2026-08-18,2026-08-18,已审核,"走读,在线","常规面授,在线录播",在线录播,智慧学习机,24,2026-06-03,每天10:40-12:40(上5休1）,"有教材,开课前领取",2026-08-28,7,学习机托管(智学),湘江世纪城310教室,湘江世纪城310教室,班级刷卡,20人,学习机托管,湘江世纪城教学区,2026-08-28,8,12,五年级数学
"素养智学部",语文,语文,语文,YWZH4A0018,博文智慧4A（暑）,四年级语文暑假A1服务（默认A）,通用,10,10,1200,1200,120.0,"	0.00",TG,TG,常规体系,常规体系,四年级语文暑假A1服务,四年级语文A暑假智慧学习空间,否,,连季续,四年级,四年级,四年级,2000.00,李娟(072666),,暑假,暑假,正常,2026-08-18,2026-08-18,已审核,"走读,在线","常规面授,在线录播",在线录播,智慧学习机,22,2026-02-27,每天10:40-12:40(上5休1）,"有教材,开课前领取",2026-08-28,19,学习机托管(智学),湘江世纪城204教室,湘江世纪城204教室,班级刷卡,20人,学习机托管,湘江世纪城教学区,2026-08-28,12,12,四年级语文
"素养智学部",英语,英语,英语,YYZH4A0421,双语智慧4A（暑）,四年级英语暑假B1服务（默认A）,通用,10,10,1200,1200,120.0,"	0.00",TG,TG,常规体系,常规体系,四年级英语暑假B1服务,四年级英语A暑假智慧学习空间,否,,连季续,四年级,四年级,四年级,2000.00,李蒙(396404),,暑假,暑假,正常,2026-08-18,2026-08-18,已审核,"走读,在线","常规面授,在线录播",在线录播,智慧学习机,22,2026-02-27,每天16:00-18:00(上5休1）,"有教材,开课前领取",2026-08-28,14,学习机托管(智学),湘江世纪城304教室,湘江世纪城304教室,班级刷卡,20人,学习机托管,湘江世纪城教学区,2026-08-28,12,12,四年级英语
"素养智学部",英语,英语,英语,YYZH6A0662,双语智慧6B（暑）,六年级英语暑假B1服务（默认B）,通用,10,10,1200,1200,120.0,"	0.00",TG,TG,常规体系,常规体系,六年级英语暑假B1服务,六年级英语B暑假智慧学习空间,否,,连季续,六年级(小学),六年级,六年级,2000.00,李蒙(396404),,暑假,暑假,正常,2026-08-18,2026-08-18,已审核,"走读,在线","常规面授,在线录播",在线录播,智慧学习机,24,2026-02-27,每天10:40-12:40(上5休1）,"有教材,开课前领取",2026-08-28,17,学习机托管(智学),湘江世纪城304教室,湘江世纪城304教室,班级刷卡,20人,学习机托管,湘江世纪城教学区,2026-08-28,12,12,六年级英语
"素养智学部",英语,英语,英语,YYZH5A0331,双语智慧5B（暑）,五年级英语暑假B1服务（默认B）,通用,10,10,1200,1200,120.0,"	0.00",TG,TG,常规体系,常规体系,五年级英语暑假B1服务,五年级英语A暑假智慧学习空间,否,,连季续,五年级,五年级,五年级,2000.00,李蒙(396404),,暑假,暑假,正常,2026-08-18,2026-08-18,已审核,"走读,在线","常规面授,在线录播",在线录播,智慧学习机,24,2026-02-27,每天08:30-10:30(上5休1）,"有教材,开课前领取",2026-08-28,19,学习机托管(智学),湘江世纪城304教室,湘江世纪城304教室,班级刷卡,20人,学习机托管,湘江世纪城教学区,2026-08-28,12,12,五年级英语
"素养智学部",英语,英语,英语,YYZH3A0342,双语智慧3A（暑）,三年级英语暑假A1服务（默认A）,通用,10,10,1200,1200,120.0,"	0.00",TG,TG,常规体系,常规体系,三年级英语暑假A1服务,三年级英语A暑假智慧学习空间,否,,连季续,三年级,三年级,三年级,2000.00,雷路(409485),,暑假,暑假,正常,2026-08-18,2026-08-18,已审核,"走读,在线","常规面授,在线录播",在线录播,智慧学习机,22,2026-02-27,每天16:00-18:00(上5休1）,"有教材,开课前领取",2026-08-28,20,学习机托管(智学),湘江世纪城215教室,湘江世纪城215教室,班级刷卡,20人,学习机托管,湘江世纪城教学区,2026-08-28,12,12,三年级英语
"素养智学部",双语故事表演,双语故事表演,双语故事表演,PM327A0120,双语绘本3C（暑）,双语故事表演L3暑假B2班,通用,10,10,1100,1100,110.0,"	0.00",L3,L3,常规体系,常规体系,双语故事表演L3暑假B2班,三年级双语故事表演暑假L3班,否,,连季续,三年级,三年级,三年级,2000.00,易彬(272756),,暑假,暑假,正常,2026-08-18,2026-08-18,已审核,走读,常规面授,常规面授,,18,2026-02-26,每天08:30-10:20(上5休1),"有教材,开课前领取",2026-08-28,14,素养素质(智学),方圆荟303自习室,方圆荟303自习室,班级刷卡,15人,素养,方圆荟智慧空间,2026-08-28,10,12,分级阅读3
"素养智学部",双语故事表演,双语故事表演,双语故事表演,PM427A0165,双语绘本4C+领航班（暑）,双语故事表演L4暑假C1班（C+）,通用,10,10,1100,1100,110.0,"	0.00",L4,L4,常规体系,常规体系,双语故事表演L4暑假C1班,四年级双语故事表演暑假L4班,否,,连季续,四年级,四年级,四年级,2600.00,陈佳妮(203358),,暑假,暑假,正常,2026-08-18,2026-08-18,已审核,走读,常规面授,常规面授,,18,2026-02-26,每天08:30-10:20(上5休1),"有教材,开课前领取",2026-08-28,18,素养素质(智学),方圆荟301自习室,方圆荟301自习室,班级刷卡,15人,素养,方圆荟智慧空间,2026-08-28,10,12,分级阅读4
"素养智学部",脑力与思维,脑力与思维,脑力与思维,SW127A0032,脑力思维1B（暑）,脑力与思维L1暑假B1班,通用,10,10,1100,1100,110.0,"	0.00",L1,L1,常规体系,常规体系,脑力与思维L1暑假B1班,一年级脑力与思维暑假L1班,否,,连季续,一年级,一年级,一年级,2100.00,胡欢欢(390767),,暑假,暑假,正常,2026-08-18,2026-08-18,已审核,走读,常规面授,常规面授,,15,2026-03-19,每天08:30-10:20(上5休1),"有教材,开课前领取",2026-08-28,12,素养素质(智学),方圆荟306教室,方圆荟306教室,班级刷卡,15人,素养,方圆荟智慧空间,2026-08-28,10,12,思维1
"素养智学部",博文妙笔,博文妙笔,博文妙笔,BW327A0047,博文口才 3（暑）,博文妙笔L3暑假B1班,通用,10,10,1100,1100,110.0,"	0.00",L3,L3,常规体系,常规体系,博文妙笔L3暑假B1班,三年级博文妙笔暑假L3班,否,,连季续,三年级,三年级,三年级,2000.00,龙雯(241037),,暑假,暑假,正常,2026-08-18,2026-08-18,已审核,走读,常规面授,常规面授,,18,2026-03-22,每天08:30-10:20(上5休1),"有教材,开课前领取",2026-08-28,8,素养素质(智学),方圆荟308教室,方圆荟308教室,班级刷卡,15人,素养,方圆荟智慧空间,2026-08-28,10,12,语商表达3
"素养智学部",脑力与思维,脑力与思维,脑力与思维,SW127A0024,脑力思维1B（暑）,脑力与思维L1暑假B1班,通用,10,10,1100,1100,110.0,"	0.00",L1,L1,常规体系,常规体系,脑力与思维L1暑假B1班,一年级脑力与思维暑假L1班,否,,连季续,一年级,一年级,一年级,2100.00,胡欢欢(390767),,暑假,暑假,正常,2026-08-18,2026-08-18,已审核,走读,常规面授,常规面授,,15,2026-02-26,每天13:50-15:40(上5休1),"有教材,开课前领取",2026-08-28,14,素养素质(智学),方圆荟306教室,方圆荟306教室,班级刷卡,15人,素养,方圆荟智慧空间,2026-08-28,10,12,思维1
"素养智学部",博文妙笔,博文妙笔,博文妙笔,BW627A0021,博文口才 6（暑）,博文妙笔L6暑假B1班,通用,10,10,1100,1100,110.0,"	0.00",L6,L6,常规体系,常规体系,博文妙笔L6暑假B1班,六年级博文妙笔暑假L6班,否,,连季续,六年级(小学),六年级,六年级,2000.00,朱芊(606164),,暑假,暑假,正常,2026-08-18,2026-08-18,已审核,走读,常规面授,常规面授,,17,2026-02-26,每天10:40-12:30(上5休1),"有教材,开课前领取",2026-08-28,11,素养素质(智学),中信309教室,中信309教室,班级刷卡,15人,素养,中信教学区,2026-08-28,10,12,语商表达6
"素养智学部",博文妙笔,博文妙笔,博文妙笔,BW227A0002,博文口才 2（暑）,博文妙笔L2暑假B1班,通用,10,10,1100,1100,110.0,"	0.00",L2,L2,常规体系,常规体系,博文妙笔L2暑假B1班,二年级博文妙笔暑假L2班,否,,连季续,二年级,二年级,二年级,2100.00,朱芊(606164),,暑假,暑假,正常,2026-08-18,2026-08-18,已审核,走读,常规面授,常规面授,,17,2026-02-26,每天08:30-10:20(上5休1),"有教材,开课前领取",2026-08-28,16,素养素质(智学),中信309教室,中信309教室,班级刷卡,15人,素养,中信教学区,2026-08-28,10,12,语商表达2
"素养智学部",脑力与思维,脑力与思维,脑力与思维,SW127A0013,脑力思维1B（暑）,脑力与思维L1暑假B1班,通用,10,10,1100,1100,110.0,"	0.00",L1,L1,常规体系,常规体系,脑力与思维L1暑假B1班,一年级脑力与思维暑假L1班,否,,连季续,一年级,一年级,一年级,2100.00,王泽涛(707694),,暑假,暑假,正常,2026-08-18,2026-08-18,已审核,走读,常规面授,常规面授,,15,2026-02-26,每天13:50-15:40(上5休1),"有教材,开课前领取",2026-08-28,6,素养素质(智学),中信311教室,中信311教室,班级刷卡,15人,素养,中信教学区,2026-08-28,10,12,思维1
"素养智学部",脑力与思维,脑力与思维,脑力与思维,SW127A0033,脑力思维1B（暑）,脑力与思维L1暑假B1班,通用,10,10,1100,1100,110.0,"	0.00",L1,L1,常规体系,常规体系,脑力与思维L1暑假B1班,一年级脑力与思维暑假L1班,否,,连季续,一年级,一年级,一年级,2100.00,王泽涛(707694),,暑假,暑假,正常,2026-08-18,2026-08-18,已审核,走读,常规面授,常规面授,,15,2026-03-26,每天10:40-12:30(上5休1),"有教材,开课前领取",2026-08-28,9,素养素质(智学),中信311教室,中信311教室,班级刷卡,15人,素养,中信教学区,2026-08-28,10,12,思维1
"素养智学部",双语故事表演,双语故事表演,双语故事表演,PM227A0001,双语绘本2B（暑）,双语故事表演L2暑假B2班,通用,10,10,1100,1100,110.0,"	0.00",L2,L2,常规体系,常规体系,双语故事表演L2暑假B2班,二年级双语故事表演暑假L2班,否,,连季续,二年级,二年级,二年级,2100.00,王梓奇(707013),,暑假,暑假,正常,2026-08-18,2026-08-18,已审核,走读,常规面授,常规面授,,16,2026-02-26,每天13:50-15:40(上5休1),"有教材,开课前领取",2026-08-28,14,素养素质(智学),中信310教室,中信310教室,班级刷卡,15人,素养,中信教学区,2026-08-28,10,12,分级阅读2
"素养智学部",双语故事表演,双语故事表演,双语故事表演,PM227A0237,双语绘本2C（暑）,双语故事表演L2暑假B2班,通用,10,10,1100,1100,110.0,"	0.00",L2,L2,常规体系,常规体系,双语故事表演L2暑假B2班,二年级双语故事表演暑假L2班,否,,连季续,二年级,二年级,二年级,2100.00,丁宇(641918),,暑假,暑假,正常,2026-08-18,2026-08-18,已审核,走读,常规面授,常规面授,,16,2026-03-26,每天16:00-17:50(上5休1),"有教材,开课前领取",2026-08-28,13,素养素质(智学),中信307教室,中信307教室,班级刷卡,15人,素养,中信教学区,2026-08-28,10,12,分级阅读2
"素养智学部",双语故事表演,双语故事表演,双语故事表演,PM227A0206,双语绘本2B（暑）,双语故事表演L2暑假B2班,通用,10,10,1100,1100,110.0,"	0.00",L2,L2,常规体系,常规体系,双语故事表演L2暑假B2班,二年级双语故事表演暑假L2班,否,,连季续,二年级,二年级,二年级,2100.00,丁宇(641918),,暑假,暑假,正常,2026-08-18,2026-08-18,已审核,走读,常规面授,常规面授,,15,2026-02-26,每天13:50-15:40(上5休1),"有教材,开课前领取",2026-08-28,9,素养素质(智学),中信307教室,中信307教室,班级刷卡,15人,素养,中信教学区,2026-08-28,10,12,分级阅读2
"素养智学部",双语故事表演,双语故事表演,双语故事表演,PM227A0100,双语绘本2C（暑）,双语故事表演L2暑假B2班,通用,10,10,1100,1100,110.0,"	0.00",L2,L2,常规体系,常规体系,双语故事表演L2暑假B2班,二年级双语故事表演暑假L2班,否,,连季续,二年级,二年级,二年级,2100.00,丁宇(641918),,暑假,暑假,正常,2026-08-18,2026-08-18,已审核,走读,常规面授,常规面授,,16,2026-02-26,每天10:40-12:30(上5休1),"有教材,开课前领取",2026-08-28,13,素养素质(智学),中信307教室,中信307教室,班级刷卡,15人,素养,中信教学区,2026-08-28,10,12,分级阅读2
"素养智学部",双语故事表演,双语故事表演,双语故事表演,PM227A0053,双语绘本2C（暑）,双语故事表演L2暑假B2班,通用,10,10,1100,1100,110.0,"	0.00",L2,L2,常规体系,常规体系,双语故事表演L2暑假B2班,二年级双语故事表演暑假L2班,否,,连季续,二年级,二年级,二年级,2100.00,丁宇(641918),,暑假,暑假,正常,2026-08-18,2026-08-18,已审核,走读,常规面授,常规面授,,15,2026-02-26,每天08:30-10:20(上5休1),"有教材,开课前领取",2026-08-28,13,素养素质(智学),中信307教室,中信307教室,班级刷卡,15人,素养,中信教学区,2026-08-28,10,12,分级阅读2
"素养智学部",双语故事表演,双语故事表演,双语故事表演,PM227A0033,双语绘本2C（暑）,双语故事表演L2暑假B2班,通用,10,10,1100,1100,110.0,"	0.00",L2,L2,常规体系,常规体系,双语故事表演L2暑假B2班,二年级双语故事表演暑假L2班,否,,连季续,二年级,二年级,二年级,2100.00,李林(580732),,暑假,暑假,正常,2026-08-18,2026-08-18,已审核,走读,常规面授,常规面授,,16,2026-02-26,每天16:00-17:50(上5休1),"有教材,开课前领取",2026-08-28,15,素养素质(智学),中信304教室,中信304教室,班级刷卡,15人,素养,中信教学区,2026-08-28,10,12,分级阅读2
"素养智学部",双语故事表演,双语故事表演,双语故事表演,PM227A0011,双语绘本2C（暑）,双语故事表演L2暑假B2班,通用,10,10,1100,1100,110.0,"	0.00",L2,L2,常规体系,常规体系,双语故事表演L2暑假B2班,二年级双语故事表演暑假L2班,否,,连季续,二年级,二年级,二年级,2100.00,李林(580732),,暑假,暑假,正常,2026-08-18,2026-08-18,已审核,走读,常规面授,常规面授,,15,2026-02-26,每天13:50-15:40(上5休1),"有教材,开课前领取",2026-08-28,13,素养素质(智学),中信304教室,中信304教室,班级刷卡,15人,素养,中信教学区,2026-08-28,10,12,分级阅读2
"素养智学部",双语故事表演,双语故事表演,双语故事表演,PM227A0165,双语绘本2C（暑）,双语故事表演L2暑假B2班,通用,10,10,1100,1100,110.0,"	0.00",L2,L2,常规体系,常规体系,双语故事表演L2暑假B2班,二年级双语故事表演暑假L2班,否,,连季续,二年级,二年级,二年级,2100.00,王裴(663449),,暑假,暑假,正常,2026-08-18,2026-08-18,已审核,走读,常规面授,常规面授,,15,2026-02-26,每天10:40-12:30(上5休1),"有教材,开课前领取",2026-08-28,9,素养素质(智学),中信304教室,中信304教室,班级刷卡,15人,素养,中信教学区,2026-08-28,10,12,分级阅读2
"素养智学部",双语故事表演,双语故事表演,双语故事表演,PMS327A0040,双语绘本K（暑）,双语故事表演S3暑假B1班,通用,10,10,900,900,90.0,"	0.00",S3,S3,常规体系,常规体系,双语故事表演S3暑假B1班,S3双语故事表演暑假S3班,否,,连季续,S3,S3,S3,1575.00,王梓奇(707013),,暑假,暑假,正常,2026-08-18,2026-08-18,已审核,走读,常规面授,常规面授,,15,2026-02-26,每天10:40-12:10(上5休1),"有教材,开课前领取",2026-08-28,12,素养素质(智学),中信303教室,中信303教室,班级刷卡,15人,素养,中信教学区,2026-08-28,10,12,分级阅读K
"素养智学部",双语故事表演,双语故事表演,双语故事表演,PM327A0178,双语绘本3C（暑）,双语故事表演L3暑假B2班,通用,10,10,1100,1100,110.0,"	0.00",L3,L3,常规体系,常规体系,双语故事表演L3暑假B2班,三年级双语故事表演暑假L3班,否,,连季续,三年级,三年级,三年级,2000.00,童斌(694181),,暑假,暑假,正常,2026-08-05,2026-08-05,已审核,走读,常规面授,常规面授,,17,2026-02-26,每天13:50-15:40(上5休1),"有教材,开课前领取",2026-08-15,11,素养素质(智学),中信302教室,中信302教室,班级刷卡,15人,素养,中信教学区,2026-08-15,10,12,分级阅读3
"素养智学部",双语故事表演,双语故事表演,双语故事表演,PM127A0107,双语绘本1B（暑）,双语故事表演L1暑假B2班,通用,10,10,1100,1100,110.0,"	0.00",L1,L1,常规体系,常规体系,双语故事表演L1暑假B2班,一年级双语故事表演暑假L1班,否,,连季续,一年级,一年级,一年级,2100.00,童斌(694181),,暑假,暑假,正常,2026-08-05,2026-08-05,已审核,走读,常规面授,常规面授,,15,2026-02-26,每天08:30-10:20(上5休1),"有教材,开课前领取",2026-08-15,8,素养素质(智学),中信302教室,中信302教室,班级刷卡,15人,素养,中信教学区,2026-08-15,10,12,分级阅读1
"素养智学部",双语故事表演,双语故事表演,双语故事表演,PM127A0106,双语绘本1B（暑）,双语故事表演L1暑假B2班,通用,10,10,1100,1100,110.0,"	0.00",L1,L1,常规体系,常规体系,双语故事表演L1暑假B2班,一年级双语故事表演暑假L1班,否,,连季续,一年级,一年级,一年级,2100.00,童斌(694181),,暑假,暑假,正常,2026-07-23,2026-07-23,已审核,走读,常规面授,常规面授,,15,2026-02-26,每天10:40-12:30(上5休1),"有教材,开课前领取",2026-08-02,6,素养素质(智学),中信302教室,中信302教室,班级刷卡,15人,素养,中信教学区,2026-08-02,10,12,分级阅读1
"素养智学部",双语故事表演,双语故事表演,双语故事表演,PM127A0040,双语绘本1C（暑）,双语故事表演L1暑假B2班,通用,10,10,1100,1100,110.0,"	0.00",L1,L1,常规体系,常规体系,双语故事表演L1暑假B2班,一年级双语故事表演暑假L1班,否,,连季续,一年级,一年级,一年级,2100.00,樊蓉(618600),,暑假,暑假,正常,2026-08-18,2026-08-18,已审核,走读,常规面授,常规面授,,15,2026-02-26,每天18:40-20:30(上5休1),"有教材,开课前领取",2026-08-28,15,素养素质(智学),中信301教室,中信301教室,班级刷卡,15人,素养,中信教学区,2026-08-28,10,12,分级阅读1
"素养智学部",双语故事表演,双语故事表演,双语故事表演,PM327A0003,双语绘本3B（暑）,双语故事表演L3暑假B2班,通用,10,10,1100,1100,110.0,"	0.00",L3,L3,常规体系,常规体系,双语故事表演L3暑假B2班,三年级双语故事表演暑假L3班,否,,连季续,三年级,三年级,三年级,2000.00,樊蓉(618600),,暑假,暑假,正常,2026-08-18,2026-08-18,已审核,走读,常规面授,常规面授,,19,2026-02-26,每天10:40-12:30(上5休1),"有教材,开课前领取",2026-08-28,19,素养素质(智学),中信301教室,中信301教室,班级刷卡,15人,素养,中信教学区,2026-08-28,10,12,分级阅读3
"素养智学部",双语故事表演,双语故事表演,双语故事表演,PM227A0235,双语绘本2C（暑）,双语故事表演L2暑假B2班,通用,10,10,1100,1100,110.0,"	0.00",L2,L2,常规体系,常规体系,双语故事表演L2暑假B2班,二年级双语故事表演暑假L2班,否,,连季续,二年级,二年级,二年级,2100.00,樊蓉(618600),,暑假,暑假,正常,2026-08-18,2026-08-18,已审核,走读,常规面授,常规面授,,15,2026-03-26,每天08:30-10:20(上5休1),"有教材,开课前领取",2026-08-28,12,素养素质(智学),中信301教室,中信301教室,班级刷卡,15人,素养,中信教学区,2026-08-28,10,12,分级阅读2
"素养智学部",双语故事表演,双语故事表演,双语故事表演,PM227A0048,双语绘本2C（暑）,双语故事表演L2暑假B2班,通用,10,10,1100,1100,110.0,"	0.00",L2,L2,常规体系,常规体系,双语故事表演L2暑假B2班,二年级双语故事表演暑假L2班,否,,连季续,二年级,二年级,二年级,2100.00,樊蓉(618600),,暑假,暑假,正常,2026-08-05,2026-08-05,已审核,走读,常规面授,常规面授,,15,2026-02-26,每天13:50-15:40(上5休1),"有教材,开课前领取",2026-08-15,14,素养素质(智学),中信301教室,中信301教室,班级刷卡,15人,素养,中信教学区,2026-08-15,10,12,分级阅读2
"素养智学部",双语故事表演,双语故事表演,双语故事表演,PM327A0180,双语绘本3C（暑）,双语故事表演L3暑假B2班,通用,10,10,1100,1100,110.0,"	0.00",L3,L3,常规体系,常规体系,双语故事表演L3暑假B2班,三年级双语故事表演暑假L3班,否,,连季续,三年级,三年级,三年级,2000.00,杨晴(707014),,暑假,暑假,正常,2026-08-18,2026-08-18,已审核,走读,常规面授,常规面授,,15,2026-03-10,每天10:40-12:30(上5休1),"有教材,开课前领取",2026-08-28,4,素养素质(智学),钰龙天下303教室,钰龙天下303教室,班级刷卡,15人,素养,钰龙天下教学区,2026-08-28,10,12,分级阅读3
"素养智学部",脑力与思维,脑力与思维,脑力与思维,SW327A0059,脑力思维3B（暑）,脑力与思维L3暑假B1班,通用,10,10,1100,1100,110.0,"	0.00",L3,L3,常规体系,常规体系,脑力与思维L3暑假B1班,三年级脑力与思维暑假L3班,否,,连季续,三年级,三年级,三年级,2000.00,谭欣佳(158017),,暑假,暑假,正常,2026-08-18,2026-08-18,已审核,走读,常规面授,常规面授,,15,2026-03-10,每天13:50-15:40(上5休1),"有教材,开课前领取",2026-08-28,10,素养素质(智学),吉联mall310教室,吉联mall310教室,班级刷卡,15人,素养,吉联mall教学区,2026-08-28,10,12,思维3
"素养智学部",双语故事表演,双语故事表演,双语故事表演,PMS327A0047,双语绘本K（暑）,双语故事表演S3暑假B1班,通用,10,10,900,900,90.0,"	0.00",S3,S3,常规体系,常规体系,双语故事表演S3暑假B1班,S3双语故事表演暑假S3班,否,,连季续,S3,S3,S3,1575.00,周扬四海(707010),,暑假,暑假,正常,2026-07-23,2026-07-23,已审核,走读,常规面授,常规面授,,15,2026-03-10,每天10:40-12:10(上5休1),"有教材,开课前领取",2026-08-02,9,素养素质(智学),吉联mall307教室,吉联mall307教室,班级刷卡,15人,素养,吉联mall教学区,2026-08-02,10,12,分级阅读K
"素养智学部",双语故事表演,双语故事表演,双语故事表演,PM127A0159,双语绘本1B（暑）,双语故事表演L1暑假B2班,通用,10,10,1100,1100,110.0,"	0.00",L1,L1,常规体系,常规体系,双语故事表演L1暑假B2班,一年级双语故事表演暑假L1班,否,,连季续,一年级,一年级,一年级,2100.00,周扬四海(707010),,暑假,暑假,正常,2026-07-23,2026-07-23,已审核,走读,常规面授,常规面授,,15,2026-03-10,每天08:30-10:20(上5休1),"有教材,开课前领取",2026-08-02,6,素养素质(智学),吉联mall307教室,吉联mall307教室,班级刷卡,15人,素养,吉联mall教学区,2026-08-02,10,12,分级阅读1
"素养智学部",双语故事表演,双语故事表演,双语故事表演,PM527A0003,双语绘本5C+领航班（暑）,双语故事表演L5暑假C1班（C+）,通用,10,10,1100,1100,110.0,"	0.00",L5,L5,常规体系,常规体系,双语故事表演L5暑假C1班,五年级双语故事表演暑假L5班,否,,连季续,五年级,五年级,五年级,2600.00,马慧玲(234909),,暑假,暑假,正常,2026-08-18,2026-08-18,已审核,走读,常规面授,常规面授,,18,2026-02-26,每天10:40-12:30(上5休1),"有教材,开课前领取",2026-08-28,17,素养素质(智学),东塘203教室,东塘203教室,班级刷卡,15人,素养,东塘教学区,2026-08-28,10,12,故事会5
"素养智学部",科创,科创,机器人编程,SZ27AJQ116,机器人S3（暑）,机器人编程S2-4段暑假班,通用,10,10,900,900,90.0,"	0.00",S2,S2,常规体系,常规体系,机器人编程S2-4段暑假班,S2机器人编程暑假S2班,否,,连季续,S2,S2,S2,1800.00,张智博(411871),,暑假,暑假,正常,2026-07-04,2026-07-04,已审核,"走读,在线","常规面授,在线直播",在线直播,云教室小班（25人以下）,12,2025-11-03,周六周日16:00-17:30（上5休1）,"有教材,开课前领取",2026-08-02,10,素养素质(智学),梅岭国际211教室,梅岭国际211教室,班级刷卡,12人,素质,梅岭国际教学区,2026-08-02,8,10,机器人编程S2
"素养智学部",科创,科创,机器人编程,SZ27AJQ121,机器人L1（暑）,机器人编程S3-4段暑假班,通用,10,10,900,900,90.0,"	0.00",S3,S3,常规体系,常规体系,机器人编程S3-4段暑假班,S3机器人编程暑假S3班,否,,连季续,S3,S3,S3,1800.00,颜俊敏(416482),,暑假,暑假,正常,2026-07-04,2026-07-04,已审核,"走读,在线","常规面授,在线直播",在线直播,云教室小班（25人以下）,12,2026-02-11,周六周日16:00-17:30,"有教材,开课前领取",2026-08-02,9,素养素质(智学),洋湖新城312教室,洋湖新城312教室,班级刷卡,12人,素质,洋湖新城教学区,2026-08-02,8,10,机器人编程S3
"素养智学部",双语故事表演,双语故事表演,双语故事表演,PM427A0079,双语绘本4C（暑）,双语故事表演L4暑假B2班,通用,10,10,1100,1100,110.0,"	0.00",L4,L4,常规体系,常规体系,双语故事表演L4暑假B2班,四年级双语故事表演暑假L4班,否,,连季续,四年级,四年级,四年级,2000.00,刘威扬(230159),,暑假,暑假,正常,2026-08-18,2026-08-18,已审核,走读,常规面授,常规面授,,18,2026-02-26,每天08:30-10:20(上5休1),"有教材,开课前领取",2026-08-28,14,素养素质(智学),井湾子教学区205教室,井湾子教学区205教室,班级刷卡,15人,素养,井湾子教学区,2026-08-28,10,12,分级阅读4
"素养智学部",双语故事表演,双语故事表演,双语故事表演,PM227A0188,双语绘本2C（暑）,双语故事表演L2暑假B2班,通用,10,10,1100,1100,110.0,"	0.00",L2,L2,常规体系,常规体系,双语故事表演L2暑假B2班,二年级双语故事表演暑假L2班,否,,连季续,二年级,二年级,二年级,2100.00,李妮(034955),,暑假,暑假,正常,2026-08-18,2026-08-18,已审核,走读,常规面授,常规面授,,18,2026-02-26,每天13:50-15:40(上5休1),"有教材,开课前领取",2026-08-28,14,素养素质(智学),井湾子教学区205教室,井湾子教学区205教室,班级刷卡,15人,素养,井湾子教学区,2026-08-28,10,12,分级阅读2
"素养智学部",双语故事表演,双语故事表演,双语故事表演,PM227A0081,双语绘本2C（暑）,双语故事表演L2暑假B2班,通用,10,10,1100,1100,110.0,"	0.00",L2,L2,常规体系,常规体系,双语故事表演L2暑假B2班,二年级双语故事表演暑假L2班,否,,连季续,二年级,二年级,二年级,2100.00,刘月平(619574),,暑假,暑假,正常,2026-08-18,2026-08-18,已审核,走读,常规面授,常规面授,,15,2026-02-26,每天10:40-12:30(上5休1),"有教材,开课前领取",2026-08-28,15,素养素质(智学),方圆荟307教室,方圆荟307教室,班级刷卡,15人,素养,方圆荟智慧空间,2026-08-28,10,12,分级阅读2
"国外考试部",全科,"阅读,写作,听力,口语,语法",,KTFTM001,KET腾飞班,KET腾飞班（FY26）,KET进阶班,30,30,3600,3600,120.0,120.00,KET,KET,常规体系,常规体系,KET腾飞班,KET腾飞班,否,,可续,,,,12375.00,谭梦琼(420122),,寒假,,正常,2026-02-02,2026-02-02,已审核,"走读,在线","常规面授,在线直播",在线直播,云教室小班（25人以下）,9,2025-08-05,春秋季周日10:10-12:10，寒暑假集中上课,"有教材,开课前领取",2026-08-07,7,国际教育青少部,天马,天马01教室,班级刷卡,6人,国外考试部,天马教学区,2026-08-08,3,4,
"素养智学部",博文妙笔,博文妙笔,博文妙笔,BW327A0025,博文口才 3（暑）,博文妙笔L3暑假B1班,通用,10,10,1100,1100,110.0,"	0.00",L3,L3,常规体系,常规体系,博文妙笔L3暑假B1班,三年级博文妙笔暑假L3班,否,,连季续,三年级,三年级,三年级,2000.00,付丹(119114),,暑假,暑假,正常,2026-08-18,2026-08-18,已审核,走读,常规面授,常规面授,,18,2026-02-26,每天13:50-15:40(上5休1),"有教材,开课前领取",2026-08-28,15,素养素质(智学),晚报旗舰店103教室,晚报旗舰店103教室,班级刷卡,15人,素养,晚报旗舰店教学区,2026-08-28,10,12,语商表达3
"素养智学部",双语故事表演,双语故事表演,双语故事表演,PM427A0086,双语绘本4C（暑）,双语故事表演L4暑假B2班,通用,10,10,1100,1100,110.0,"	0.00",L4,L4,常规体系,常规体系,双语故事表演L4暑假B2班,四年级双语故事表演暑假L4班,否,,连季续,四年级,四年级,四年级,2000.00,刘廷(368042),,暑假,暑假,正常,2026-08-18,2026-08-18,已审核,走读,常规面授,常规面授,,22,2026-02-26,每天10:40-12:30(上5休1),"有教材,开课前领取",2026-08-28,22,素养素质(智学),星沙筑梦202教室,星沙筑梦202教室,班级刷卡,15人,素养,星沙筑梦教学区,2026-08-28,10,12,分级阅读4
"素养智学部",双语故事表演,双语故事表演,双语故事表演,PM227A0218,双语绘本2C（暑）,双语故事表演L2暑假B2班,通用,10,10,1100,1100,110.0,"	0.00",L2,L2,常规体系,常规体系,双语故事表演L2暑假B2班,二年级双语故事表演暑假L2班,否,,连季续,二年级,二年级,二年级,2100.00,陈思颖(584395),,暑假,暑假,正常,2026-08-18,2026-08-18,已审核,走读,常规面授,常规面授,,16,2026-02-26,每天10:40-12:30(上5休1),"有教材,开课前领取",2026-08-28,16,素养素质(智学),雨花家园301B教室,雨花家园301B教室,班级刷卡,15人,素养,雨花家园教学区,2026-08-28,10,12,分级阅读2
"素养智学部",博文妙笔,博文妙笔,博文妙笔,BW227A0030,博文口才 2（暑）,博文妙笔L2暑假B1班,通用,10,10,1100,1100,110.0,"	0.00",L2,L2,常规体系,常规体系,博文妙笔L2暑假B1班,二年级博文妙笔暑假L2班,否,,连季续,二年级,二年级,二年级,2100.00,陈力僮(454078),,暑假,暑假,正常,2026-08-18,2026-08-18,已审核,走读,常规面授,常规面授,,15,2026-06-08,每天16:00-17:50(上5休1),"有教材,开课前领取",2026-08-28,9,素养素质(智学),洋湖新城318教室,洋湖新城318教室,班级刷卡,15人,素养,洋湖新城教学区,2026-08-28,10,12,语商表达2
"素养智学部",双语故事表演,双语故事表演,双语故事表演,PM527A0062,双语绘本C5（暑）,双语故事表演L5暑假B2班,通用,10,10,1100,1100,110.0,"	0.00",L5,L5,常规体系,常规体系,双语故事表演L5暑假B2班,五年级双语故事表演暑假L5班,否,,连季续,五年级,五年级,五年级,2000.00,焦广城(332958),,暑假,暑假,正常,2026-08-18,2026-08-18,已审核,走读,常规面授,常规面授,,21,2026-02-26,每天13:50-15:40(上5休1),"有教材,开课前领取",2026-08-28,18,素养素质(智学),星沙筑梦204教室,星沙筑梦204教室,班级刷卡,15人,素养,星沙筑梦教学区,2026-08-28,10,12,故事会5
"素养智学部",双语故事表演,双语故事表演,双语故事表演,PM427A0030,取消双语绘本4C（暑）,取消双语故事表演L4暑假B2班,通用,10,0,1100,1100,110.0,"	0.00",L4,L4,常规体系,常规体系,双语故事表演L4暑假B2班,四年级双语故事表演暑假L4班,否,,连季续,四年级,四年级,四年级,2000.00,伍紫沅(332879),,暑假,暑假,取消班,2026-08-18,,已审核,走读,常规面授,常规面授,,0,2026-02-26,每天08:30-10:20(上5休1),"有教材,开课前领取",,0,素养素质(智学),井湾子教学区216教室,井湾子教学区216教室,班级刷卡,15人,素养,井湾子教学区,2026-08-28,10,12,分级阅读4
"素养智学部",围棋,围棋,围棋,SZWQ27A060,取消围棋N3-1段班,取消围棋L2-1段暑假班（暑10次课100）,通用,10,0,900,900,90.0,"	0.00",L2,L2,常规体系,常规体系,围棋L2-1段暑假班,围棋L2-1段暑假班,否,,连季续,二年级,二年级,二年级,1500.00,李福涛(348557),,暑假,暑假,取消班,2026-08-18,,已审核,走读,常规面授,常规面授,,0,2025-10-22,每天16:00-17:30（上5休1）,"有教材,开课前领取",,0,素养素质(智学),方圆荟智慧空间,,班级刷卡,12人,素质,方圆荟智慧空间,2026-08-27,8,10,围棋L2
"素养智学部",双语故事表演,双语故事表演,双语故事表演,PM427A0116,双语绘本4C（暑）,双语故事表演L4暑假B2班,通用,10,10,1100,1100,110.0,"	0.00",L4,L4,常规体系,常规体系,双语故事表演L4暑假B2班,四年级双语故事表演暑假L4班,否,,连季续,四年级,四年级,四年级,2000.00,陶思蓉(395723),,暑假,暑假,正常,2026-08-18,2026-08-18,已审核,走读,常规面授,常规面授,,20,2026-02-26,每天13:50-15:40(上5休1),"有教材,开课前领取",2026-08-28,20,素养素质(智学),美林银谷311教室,美林银谷311教室,班级刷卡,15人,素养,美林银谷教学区,2026-08-28,10,12,分级阅读4
"高中班级部",语文,语文,语文,GYYWZT016,取消高一语文暑假诊断班,取消十年级语文暑假ZT1班（面授）,通用,7,0,840,840,120.0,"	0.00",ZT1,ZT1,专项体系,专项体系,十年级语文暑假ZT1班,高一语文暑假诊断班,否,,不可续,高一,十年级,高一,1001.00,,,暑假,暑假,取消班,2026-08-06,,已审核,走读,常规面授,常规面授,,0,2026-03-27,13:40-15:40,"有教材,开课前领取",,0,高中部,浏城桥523教室,浏城桥523教室,班级刷卡,25人,本地班课,浏城桥教学区,2026-08-12,10,15,高一语文
"素养智学部",英语,英语,英语,YYZH4A0472,双语智慧4B（暑）,四年级英语暑假B1服务（默认B）,通用,10,10,1200,1200,120.0,"	0.00",TG,TG,常规体系,常规体系,四年级英语暑假B1服务,四年级英语A暑假智慧学习空间,否,,连季续,四年级,四年级,四年级,2000.00,何晓梅(706988),,暑假,暑假,正常,2026-08-18,2026-08-18,已审核,"走读,在线","常规面授,在线录播",在线录播,智慧学习机,22,2026-02-27,每天10:40-12:40(上5休1）,"有教材,开课前领取",2026-08-28,14,学习机托管(智学),洋湖卓伯根自习室2,洋湖卓伯根自习室2,班级刷卡,20人,学习机托管,洋湖卓伯根教学区,2026-08-28,12,12,四年级英语
"素养智学部",英语,英语,英语,YYZH6A0715,双语智慧6A（暑）,六年级英语暑假A2服务（默认A）,通用,10,10,1200,1200,120.0,"	0.00",TG,TG,常规体系,常规体系,六年级英语暑假A2服务,六年级英语A暑假智慧学习空间,否,,连季续,六年级(小学),六年级,六年级,2000.00,孙覃芹(457391),,暑假,暑假,正常,2026-08-18,2026-08-18,已审核,"走读,在线","常规面授,在线录播",在线录播,智慧学习机,22,2026-04-02,每天13:50-15:50(上5休1）,"有教材,开课前领取",2026-08-28,19,学习机托管(智学),星沙筑梦自习室5,星沙筑梦自习室5,班级刷卡,20人,学习机托管,星沙筑梦教学区,2026-08-28,12,12,六年级英语
"素养智学部",双语故事表演,双语故事表演,双语故事表演,PM327A0192,取消(取消)双语绘本3C（暑）,取消双语故事表演L3暑假B2班,通用,10,0,1100,1100,110.0,"	0.00",L3,L3,常规体系,常规体系,双语故事表演L3暑假B2班,三年级双语故事表演暑假L3班,否,,连季续,三年级,三年级,三年级,2000.00,伍紫沅(332879),,暑假,暑假,取消班,2026-08-18,,已审核,走读,常规面授,常规面授,,0,2026-03-26,每天13:50-15:40(上5休1),"有教材,开课前领取",,0,素养素质(智学),井湾子教学区216教室,井湾子教学区216教室,班级刷卡,15人,素养,井湾子教学区,2026-08-28,10,12,分级阅读3
"素养智学部",双语故事表演,双语故事表演,双语故事表演,PM127A0092,双语绘本1B（暑）,双语故事表演L1暑假B2班,通用,10,10,1100,1100,110.0,"	0.00",L1,L1,常规体系,常规体系,双语故事表演L1暑假B2班,一年级双语故事表演暑假L1班,否,,连季续,一年级,一年级,一年级,2100.00,肖倩(365844),,暑假,暑假,正常,2026-07-23,2026-07-23,已审核,走读,常规面授,常规面授,,15,2026-02-26,每天16:00-17:50(上5休1),"有教材,开课前领取",2026-08-02,7,素养素质(智学),梅岭国际203教室,梅岭国际203教室,班级刷卡,15人,素养,梅岭国际教学区,2026-08-02,10,12,分级阅读1
"素养智学部",脑力与思维,脑力与思维,脑力与思维,SW327A0047,脑力思维3B（暑）,脑力与思维L3暑假B1班,通用,10,10,1100,1100,110.0,"	0.00",L3,L3,常规体系,常规体系,脑力与思维L3暑假B1班,三年级脑力与思维暑假L3班,否,,连季续,三年级,三年级,三年级,2000.00,杨春艳(613558),,暑假,暑假,正常,2026-08-05,2026-08-05,已审核,走读,常规面授,常规面授,,16,2026-02-26,每天16:00-17:50(上5休1),"有教材,开课前领取",2026-08-15,15,素养素质(智学),中信306教室,中信306教室,班级刷卡,15人,素养,中信教学区,2026-08-15,10,12,思维3
"素养智学部",脑力与思维,脑力与思维,脑力与思维,SW327A0060,脑力思维3B（暑）,脑力与思维L3暑假B1班,通用,10,10,1100,1100,110.0,"	0.00",L3,L3,常规体系,常规体系,脑力与思维L3暑假B1班,三年级脑力与思维暑假L3班,否,,连季续,三年级,三年级,三年级,2000.00,肖静媛(659914),,暑假,暑假,正常,2026-08-18,2026-08-18,已审核,走读,常规面授,常规面授,,18,2026-03-10,每天16:00-17:50(上5休1),"有教材,开课前领取",2026-08-28,7,素养素质(智学),美林银谷302教室,美林银谷302教室,班级刷卡,15人,素养,美林银谷教学区,2026-08-28,10,12,思维3
"素养智学部",脑力与思维,脑力与思维,脑力与思维,SW227A0025,脑力思维2B（暑）,脑力与思维L2暑假B1班,通用,10,10,1100,1100,110.0,"	0.00",L2,L2,常规体系,常规体系,脑力与思维L2暑假B1班,二年级脑力与思维暑假L2班,否,,连季续,二年级,二年级,二年级,2100.00,邹沁婷(364799),,暑假,暑假,正常,2026-08-18,2026-08-18,已审核,走读,常规面授,常规面授,,15,2026-02-26,每天08:30-10:20(上5休1),"有教材,开课前领取",2026-08-28,13,素养素质(智学),洋湖新城319教室,洋湖新城319教室,班级刷卡,15人,素养,洋湖新城教学区,2026-08-28,10,12,思维2
"素养智学部",英语,英语,英语,YYZH3A0327,取消（取消）双语智慧3A（暑）,取消三年级英语暑假A1服务（默认A）,通用,10,0,1200,1200,120.0,"	0.00",TG,TG,常规体系,常规体系,三年级英语暑假A1服务,三年级英语A暑假智慧学习空间,否,,连季续,三年级,三年级,三年级,2000.00,卢雨薇(302726),,暑假,暑假,取消班,2026-08-05,,已审核,"走读,在线","常规面授,在线录播",在线录播,智慧学习机,0,2026-02-27,每天13:50-15:50(上5休1）,"有教材,开课前领取",,0,学习机托管(智学),井湾子02自习室,井湾子02自习室,班级刷卡,20人,学习机托管,井湾子智慧空间,2026-08-15,12,12,三年级英语
"素养智学部",数学,数学,数学,SXZH3A0278,取消（取消）思维智慧3B+（暑）,取消三年级数学暑假B1服务（默认B）,通用,10,0,1200,1200,120.0,"	0.00",TG,TG,常规体系,常规体系,三年级数学暑假B1服务,三年级数学B暑假智慧学习空间,否,,连季续,三年级,三年级,三年级,2000.00,蔡平(612639),,暑假,暑假,取消班,2026-08-18,,已审核,"走读,在线","常规面授,在线录播",在线录播,智慧学习机,0,2026-02-27,每天16:00-18:00(上5休1）,"有教材,开课前领取",,0,学习机托管(智学),美林银谷313教室,美林银谷313教室,班级刷卡,20人,学习机托管,美林银谷教学区,2026-08-28,12,12,三年级数学
"素养智学部",数学,数学,数学,SXZH6A0160,取消（取消）思维智慧6B（暑）,取消六年级数学暑假B1服务（默认B）,通用,10,0,1200,1200,120.0,"	0.00",TG,TG,常规体系,常规体系,六年级数学暑假B1服务,六年级数学B暑假智慧学习空间,否,,连季续,六年级(小学),六年级,六年级,2000.00,杨丽萍(618473),,暑假,暑假,取消班,2026-08-18,,已审核,"走读,在线","常规面授,在线录播",在线录播,智慧学习机,0,2026-02-27,每天16:00-18:00(上5休1）,"有教材,开课前领取",,0,学习机托管(智学),月亮岛自习室3,月亮岛自习室3,班级刷卡,20人,学习机托管,月亮岛教学区,2026-08-28,12,12,六年级数学
"素养智学部",英语,英语,英语,YYZH3A0330,取消（取消）双语智慧3A（暑）,取消三年级英语暑假A1服务（默认A）,通用,10,0,1200,1200,120.0,"	0.00",TG,TG,常规体系,常规体系,三年级英语暑假A1服务,三年级英语A暑假智慧学习空间,否,,连季续,三年级,三年级,三年级,2000.00,李玉婷(514777),,暑假,暑假,取消班,2026-08-18,,已审核,"走读,在线","常规面授,在线录播",在线录播,智慧学习机,0,2026-02-27,每天08:30-10:30(上5休1）,"有教材,开课前领取",,0,学习机托管(智学),梅岭国际2自习室,梅岭国际2自习室,班级刷卡,20人,学习机托管,梅岭国际教学区,2026-08-28,12,12,三年级英语
"素养智学部",脑力与思维,脑力与思维,脑力与思维,SW327A0019,脑力思维3B（暑）,脑力与思维L3暑假B1班,通用,10,10,1100,1100,110.0,"	0.00",L3,L3,常规体系,常规体系,脑力与思维L3暑假B1班,三年级脑力与思维暑假L3班,否,,连季续,三年级,三年级,三年级,2000.00,陶杜昀(364487),,暑假,暑假,正常,2026-08-18,2026-08-18,已审核,走读,常规面授,常规面授,,20,2026-02-26,每天13:50-15:40(上5休1),"有教材,开课前领取",2026-08-28,19,素养素质(智学),东塘204教室,东塘204教室,班级刷卡,15人,素养,东塘教学区,2026-08-28,10,12,思维3
"国外考试部",全科,"阅读,写作,听力,口语",,GY2581D,Global Primary外语2D,Global Primary外语2B 下（FY26）,Global Primary 英语,16,16,1920,1920,120.0,120.00,国际教育,国际教育,常规体系,常规体系,Global Primary外语2B 下,Global Primary外语2B 下,否,,可续,,,,6600.00,朱茜(412241),,春季,,正常,2026-05-17,2026-05-17,已审核,"走读,在线","常规面授,在线直播",在线直播,云教室小班（25人以下）,10,2024-10-23,春秋季每周日10:10-12:10，寒暑假集中上课,"有教材,开课前领取",2026-07-17,6,国际教育青少部,芙蓉广场,芙蓉广场5-05教室,班级刷卡,6人,国外考试部,芙蓉广场教学区,2026-08-22,3,4,
"素养智学部",博文妙笔,博文妙笔,博文妙笔,BW127A0044,博文口才 1（暑）,博文妙笔L1暑假B1班,通用,10,10,1100,1100,110.0,"	0.00",L1,L1,常规体系,常规体系,博文妙笔L1暑假B1班,一年级博文妙笔暑假L1班,否,,连季续,一年级,一年级,一年级,2100.00,许萃(289940),,暑假,暑假,正常,2026-08-18,2026-08-18,已审核,走读,常规面授,常规面授,,12,2026-06-05,每天10:40-12:30(上5休1),"有教材,开课前领取",2026-08-28,8,素养素质(智学),二十四品311教室,二十四品311教室,班级刷卡,15人,素养,二十四品教学区,2026-08-28,10,12,语商表达1
"素养智学部",双语故事表演,双语故事表演,双语故事表演,PM527A0081,双语绘本5C+领航班（暑）,双语故事表演L5暑假C1班（C+）,通用,10,10,1100,1100,110.0,"	0.00",L5,L5,常规体系,常规体系,双语故事表演L5暑假C1班,五年级双语故事表演暑假L5班,否,,连季续,五年级,五年级,五年级,2600.00,蔡滢楚(707015),,暑假,暑假,正常,2026-08-18,2026-08-18,已审核,走读,常规面授,常规面授,,18,2026-04-16,每天10:40-12:30(上5休1),"有教材,开课前领取",2026-08-28,16,素养素质(智学),二十四品306教室,二十四品306教室,班级刷卡,15人,素养,二十四品教学区,2026-08-28,10,12,故事会5
"素养智学部",双语故事表演,双语故事表演,双语故事表演,PMS327A0021,双语绘本K（暑）,双语故事表演S3暑假B1班,通用,10,10,900,900,90.0,"	0.00",S3,S3,常规体系,常规体系,双语故事表演S3暑假B1班,S3双语故事表演暑假S3班,否,,连季续,S3,S3,S3,1575.00,刘丹(666965),,暑假,暑假,正常,2026-08-18,2026-08-18,已审核,走读,常规面授,常规面授,,15,2026-02-26,每天09:00-10:30(上5休1),"有教材,开课前领取",2026-08-28,12,素养素质(智学),二十四品304教室,二十四品304教室,班级刷卡,15人,素养,二十四品教学区,2026-08-28,10,12,分级阅读K
"素养智学部",双语故事表演,双语故事表演,双语故事表演,PM127A0138,双语绘本1C+领航班（暑）,双语故事表演L1暑假C1班（C+）,通用,10,10,1100,1100,110.0,"	0.00",L1,L1,常规体系,常规体系,双语故事表演L1暑假C1班,一年级双语故事表演暑假L1班,否,,连季续,一年级,一年级,一年级,2100.00,唐芷怡(667001),,暑假,暑假,正常,2026-08-18,2026-08-18,已审核,走读,常规面授,常规面授,,15,2026-02-26,每天08:30-10:20(上5休1）,"有教材,开课前领取",2026-08-28,14,素养素质(智学),八方小区206教室,八方小区206教室,班级刷卡,15人,素养,八方小区教学区,2026-08-28,10,12,分级阅读1
"素养智学部",双语故事表演,双语故事表演,双语故事表演,PM227A0187,双语绘本2C（暑）,双语故事表演L2暑假B2班,通用,10,10,1100,1100,110.0,"	0.00",L2,L2,常规体系,常规体系,双语故事表演L2暑假B2班,二年级双语故事表演暑假L2班,否,,连季续,二年级,二年级,二年级,2100.00,何丽萍(640266),,暑假,暑假,正常,2026-08-18,2026-08-18,已审核,走读,常规面授,常规面授,,16,2026-02-26,每天10:40-12:30(上5休1),"有教材,开课前领取",2026-08-28,14,素养素质(智学),二十四品302教室,二十四品302教室,班级刷卡,15人,素养,二十四品教学区,2026-08-28,10,12,分级阅读2
"素养智学部",博文妙笔,博文妙笔,博文妙笔,BW527A0042,博文口才 5（暑）,博文妙笔L5暑假B1班,通用,10,10,1100,1100,110.0,"	0.00",L5,L5,常规体系,常规体系,博文妙笔L5暑假B1班,五年级博文妙笔暑假L5班,否,,连季续,五年级,五年级,五年级,2000.00,徐婧雯(254696),,暑假,暑假,正常,2026-08-18,2026-08-18,已审核,走读,常规面授,常规面授,,18,2026-02-26,每天10:40-12:30(上5休1),"有教材,开课前领取",2026-08-28,14,素养素质(智学),二十四品303教室,二十四品303教室,班级刷卡,15人,素养,二十四品教学区,2026-08-28,10,12,语商表达5
"素养智学部",博文妙笔,博文妙笔,博文妙笔,BW327A0008,博文口才 3（暑）,博文妙笔L3暑假B1班,通用,10,10,1100,1100,110.0,"	0.00",L3,L3,常规体系,常规体系,博文妙笔L3暑假B1班,三年级博文妙笔暑假L3班,否,,连季续,三年级,三年级,三年级,2000.00,徐婧雯(254696),,暑假,暑假,正常,2026-08-18,2026-08-18,已审核,走读,常规面授,常规面授,,18,2026-02-26,每天16:00-17:50(上5休1),"有教材,开课前领取",2026-08-28,17,素养素质(智学),八方小区209教室,八方小区209教室,班级刷卡,15人,素养,八方小区教学区,2026-08-28,10,12,语商表达3
"素养智学部",书法,书法,书法,XZ327A0002,素质成长营（写字3）（暑）,二年级书法暑假ZT1班,通用,10,10,900,900,90.0,"	0.00",ZT1,ZT1,专项体系,专项体系,二年级书法暑假ZT1班,二年级书法暑假ZT1班,否,,不可续,二年级,二年级,二年级,975.00,金莉英(342028),,暑假,暑假,正常,2026-08-18,2026-08-18,已审核,走读,常规面授,常规面授,,15,2026-02-26,每天10:40-12:10(上5休1),"有教材,开课前领取",2026-08-28,11,素养素质(智学),八方小区207教室,八方小区207教室,班级刷卡,12人,素质,八方小区教学区,2026-08-28,7,8,书法3
"素养智学部",双语故事表演,双语故事表演,双语故事表演,PM427A0104,双语绘本4C（暑）,双语故事表演L4暑假B2班,通用,10,10,1100,1100,110.0,"	0.00",L4,L4,常规体系,常规体系,双语故事表演L4暑假B2班,四年级双语故事表演暑假L4班,否,,连季续,四年级,四年级,四年级,2000.00,唐翠萍(468682),,暑假,暑假,正常,2026-08-18,2026-08-18,已审核,走读,常规面授,常规面授,,18,2026-02-26,每天16:00-17:50(上5休1),"有教材,开课前领取",2026-08-28,12,素养素质(智学),八方小区208教室,八方小区208教室,班级刷卡,15人,素养,八方小区教学区,2026-08-28,10,12,分级阅读4
"素养智学部",双语故事表演,双语故事表演,双语故事表演,PM427A0103,双语绘本4C（暑）,双语故事表演L4暑假B2班,通用,10,10,1100,1100,110.0,"	0.00",L4,L4,常规体系,常规体系,双语故事表演L4暑假B2班,四年级双语故事表演暑假L4班,否,,连季续,四年级,四年级,四年级,2000.00,唐翠萍(468682),,暑假,暑假,正常,2026-08-18,2026-08-18,已审核,走读,常规面授,常规面授,,18,2026-02-26,每天08:30-10:20(上5休1),"有教材,开课前领取",2026-08-28,17,素养素质(智学),八方小区208教室,八方小区208教室,班级刷卡,15人,素养,八方小区教学区,2026-08-28,10,12,分级阅读4
"素养智学部",脑力与思维,脑力与思维,脑力与思维,SW127A0006,脑力思维1B（暑）,脑力与思维L1暑假B1班,通用,10,10,1100,1100,110.0,"	0.00",L1,L1,常规体系,常规体系,脑力与思维L1暑假B1班,一年级脑力与思维暑假L1班,否,,连季续,一年级,一年级,一年级,2100.00,张需琴(202585),,暑假,暑假,正常,2026-08-18,2026-08-18,已审核,走读,常规面授,常规面授,,15,2026-02-26,每天08:30-10:20(上5休1),"有教材,开课前领取",2026-08-28,12,素养素质(智学),梅岭国际207教室,梅岭国际207教室,班级刷卡,15人,素养,梅岭国际教学区,2026-08-28,10,12,思维1
"素养智学部",博文妙笔,博文妙笔,博文妙笔,BW327A0031,博文口才 3（暑）,博文妙笔L3暑假B1班,通用,10,10,1100,1100,110.0,"	0.00",L3,L3,常规体系,常规体系,博文妙笔L3暑假B1班,三年级博文妙笔暑假L3班,否,,连季续,三年级,三年级,三年级,2000.00,彭娟贵(438806),,暑假,暑假,正常,2026-08-18,2026-08-18,已审核,走读,常规面授,常规面授,,18,2026-02-26,每天08:30-10:20(上5休1),"有教材,开课前领取",2026-08-28,12,素养素质(智学),梅岭国际215教室,梅岭国际215教室,班级刷卡,15人,素养,梅岭国际教学区,2026-08-28,10,12,语商表达3
"素养智学部",博文妙笔,博文妙笔,博文妙笔,BW127A0008,博文口才 1（暑）,博文妙笔L1暑假B1班,通用,10,10,1100,1100,110.0,"	0.00",L1,L1,常规体系,常规体系,博文妙笔L1暑假B1班,一年级博文妙笔暑假L1班,否,,连季续,一年级,一年级,一年级,2100.00,罗瑶(237674),,暑假,暑假,正常,2026-08-18,2026-08-18,已审核,走读,常规面授,常规面授,,15,2026-02-26,每天08:30-10:20(上5休1),"有教材,开课前领取",2026-08-28,8,素养素质(智学),梅岭国际214教室,梅岭国际214教室,班级刷卡,15人,素养,梅岭国际教学区,2026-08-28,10,12,语商表达1
"素养智学部",双语故事表演,双语故事表演,双语故事表演,PM327A0160,双语绘本3C（暑）,双语故事表演L3暑假B2班,通用,10,10,1100,1100,110.0,"	0.00",L3,L3,常规体系,常规体系,双语故事表演L3暑假B2班,三年级双语故事表演暑假L3班,否,,连季续,三年级,三年级,三年级,2000.00,童兰婷(320803),,暑假,暑假,正常,2026-08-18,2026-08-18,已审核,走读,常规面授,常规面授,,18,2026-02-26,每天08:30-10:20(上5休1),"有教材,开课前领取",2026-08-28,9,素养素质(智学),梅岭国际201教室,梅岭国际201教室,班级刷卡,15人,素养,梅岭国际教学区,2026-08-28,10,12,分级阅读3
"素养智学部",博文妙笔,博文妙笔,博文妙笔,BW327A0023,博文口才 3（暑）,博文妙笔L3暑假B1班,通用,10,10,1100,1100,110.0,"	0.00",L3,L3,常规体系,常规体系,博文妙笔L3暑假B1班,三年级博文妙笔暑假L3班,否,,连季续,三年级,三年级,三年级,2000.00,刘雨晨(640812),,暑假,暑假,正常,2026-08-18,2026-08-18,已审核,走读,常规面授,常规面授,,18,2026-02-26,每天13:50-15:40(上5休1),"有教材,开课前领取",2026-08-28,11,素养素质(智学),星沙筑梦206教室,星沙筑梦206教室,班级刷卡,15人,素养,星沙筑梦教学区,2026-08-28,10,12,语商表达3
"国外考试部",全科,"阅读,写作,听力,口语",,GYSY1009D,Global Primary外语1D,Global Primary 外语1B 下（FY26）,Global Primary 英语,16,16,1920,1920,120.0,120.00,国际教育,国际教育,常规体系,常规体系,Global Primary外语1B 下,Global Primary 外语1B 下,否,,可续,,,,6600.00,陈媛(002791),,春季,,正常,2026-03-08,2026-03-08,已审核,"走读,在线","常规面授,在线直播",在线直播,云教室小班（25人以下）,10,2025-03-19,寒暑假集中上课，春季每周日10:10-12:10,"有教材,开课前领取",2026-08-13,6,国际教育青少部,芙蓉广场,芙蓉广场5-05教室,班级刷卡,6人,国外考试部,芙蓉广场教学区,2026-08-13,3,4,
"素养智学部",双语故事表演,双语故事表演,双语故事表演,PM527A0084,取消(取消)双语绘本5C+领航班（暑）,取消双语故事表演L5暑假C1班（C+）,通用,10,0,1100,1100,110.0,"	0.00",L5,L5,常规体系,常规体系,双语故事表演L5暑假C1班,五年级双语故事表演暑假L5班,否,,连季续,五年级,五年级,五年级,2600.00,吴灿红(662111),,暑假,暑假,取消班,2026-08-18,,已审核,走读,常规面授,常规面授,,0,2026-04-16,每天13:50-15:40(上5休1),"有教材,开课前领取",,0,素养素质(智学),井湾子教学区213教室,井湾子教学区213教室,班级刷卡,15人,素养,井湾子教学区,2026-08-28,10,12,故事会5
"素养智学部",双语故事表演,双语故事表演,双语故事表演,PM227A0191,取消(取消)双语绘本2C（暑）,取消双语故事表演L2暑假B2班,通用,10,0,1100,1100,110.0,"	0.00",L2,L2,常规体系,常规体系,双语故事表演L2暑假B2班,二年级双语故事表演暑假L2班,否,,连季续,二年级,二年级,二年级,2100.00,聂鑫鑫(513757),,暑假,暑假,取消班,2026-08-18,,已审核,走读,常规面授,常规面授,,0,2026-02-26,每天13:50-15:40(上5休1),"有教材,开课前领取",,0,素养素质(智学),东塘208教室,东塘208教室,班级刷卡,15人,素养,东塘教学区,2026-08-28,10,12,分级阅读2
"素养智学部",双语故事表演,双语故事表演,双语故事表演,PM227A0068,取消(取消)双语绘本2C（暑）,取消双语故事表演L2暑假B2班,通用,10,0,1100,1100,110.0,"	0.00",L2,L2,常规体系,常规体系,双语故事表演L2暑假B2班,二年级双语故事表演暑假L2班,否,,连季续,二年级,二年级,二年级,2100.00,聂鑫鑫(513757),,暑假,暑假,取消班,2026-08-18,,已审核,走读,常规面授,常规面授,,0,2026-02-26,每天16:00-17:50(上5休1),"有教材,开课前领取",,0,素养素质(智学),东塘208教室,东塘208教室,班级刷卡,15人,素养,东塘教学区,2026-08-28,10,12,分级阅读2
"素养智学部",双语故事表演,双语故事表演,双语故事表演,PM527A0080,取消(取消)双语绘本5C+领航班（暑）,取消双语故事表演L5暑假C1班（C+）,通用,10,0,1100,1100,110.0,"	0.00",L5,L5,常规体系,常规体系,双语故事表演L5暑假C1班,五年级双语故事表演暑假L5班,否,,连季续,五年级,五年级,五年级,2600.00,,,暑假,暑假,取消班,2026-08-18,,已审核,走读,常规面授,常规面授,,0,2026-04-16,每天08:30-10:20(上5休1),"有教材,开课前领取",,0,素养素质(智学),洋湖新城311教室,洋湖新城311教室,班级刷卡,15人,素养,洋湖新城教学区,2026-08-28,10,12,故事会5
"素养智学部",双语故事表演,双语故事表演,双语故事表演,PM227A0003,取消(取消)双语绘本2B（暑）,取消双语故事表演L2暑假B2班,通用,10,0,1100,1100,110.0,"	0.00",L2,L2,常规体系,常规体系,双语故事表演L2暑假B2班,二年级双语故事表演暑假L2班,否,,连季续,二年级,二年级,二年级,2100.00,焦广城(332958),,暑假,暑假,取消班,2026-07-23,,已审核,走读,常规面授,常规面授,,0,2026-02-26,每天10:40-12:30(上5休1),"有教材,开课前领取",,0,素养素质(智学),星沙筑梦202教室,星沙筑梦202教室,班级刷卡,15人,素养,星沙筑梦教学区,2026-08-02,10,12,分级阅读2
"素养智学部",双语故事表演,双语故事表演,双语故事表演,PM127A0123,取消(取消)双语绘本1B（暑）,取消双语故事表演L1暑假B2班,通用,10,0,1100,1100,110.0,"	0.00",L1,L1,常规体系,常规体系,双语故事表演L1暑假B2班,一年级双语故事表演暑假L1班,否,,连季续,一年级,一年级,一年级,2100.00,陈鑫玉(631976),,暑假,暑假,取消班,2026-08-18,,已审核,走读,常规面授,常规面授,,0,2026-02-26,每天16:00-17:50(上5休1),"有教材,开课前领取",,0,素养素质(智学),井湾子教学区201教室,井湾子教学区201教室,班级刷卡,15人,素养,井湾子教学区,2026-08-28,10,12,分级阅读1
"素养智学部",双语故事表演,双语故事表演,双语故事表演,PM127A0109,取消(取消)双语绘本1B（暑）,取消双语故事表演L1暑假B2班,通用,10,0,1100,1100,110.0,"	0.00",L1,L1,常规体系,常规体系,双语故事表演L1暑假B2班,一年级双语故事表演暑假L1班,否,,连季续,一年级,一年级,一年级,2100.00,,,暑假,暑假,取消班,2026-08-18,,已审核,走读,常规面授,常规面授,,0,2026-02-26,每天08:30-10:20(上5休1）,"有教材,开课前领取",,0,素养素质(智学),中信307教室,中信307教室,班级刷卡,15人,素养,中信教学区,2026-08-28,10,12,分级阅读1
"素养智学部",脑力与思维,脑力与思维,脑力与思维,SW327A0043,取消(取消)脑力思维3B（暑）,取消脑力与思维L3暑假B1班,通用,10,0,1100,1100,110.0,"	0.00",L3,L3,常规体系,常规体系,脑力与思维L3暑假B1班,三年级脑力与思维暑假L3班,否,,连季续,三年级,三年级,三年级,2000.00,李圳(438236),,暑假,暑假,取消班,2026-07-23,,已审核,走读,常规面授,常规面授,,0,2026-02-26,每天10:40-12:30(上5休1),"有教材,开课前领取",,0,素养素质(智学),梅岭国际204教室,梅岭国际204教室,班级刷卡,15人,素养,梅岭国际教学区,2026-08-02,10,12,思维3
"素养智学部",双语故事表演,双语故事表演,双语故事表演,PM227A0086,取消(取消)双语绘本2C（暑）,取消双语故事表演L2暑假B2班,通用,10,0,1100,1100,110.0,"	0.00",L2,L2,常规体系,常规体系,双语故事表演L2暑假B2班,二年级双语故事表演暑假L2班,否,,连季续,二年级,二年级,二年级,2100.00,曾仁杰(436720),,暑假,暑假,取消班,2026-08-18,,已审核,走读,常规面授,常规面授,,0,2026-02-26,每天10:40-12:30(上5休1),"有教材,开课前领取",,0,素养素质(智学),八方小区206教室,八方小区206教室,班级刷卡,15人,素养,八方小区教学区,2026-08-28,10,12,分级阅读2
"素养智学部",双语故事表演,双语故事表演,双语故事表演,PM427A0004,双语绘本4C（暑）,双语故事表演L4暑假B2班,通用,10,10,1100,1100,110.0,"	0.00",L4,L4,常规体系,常规体系,双语故事表演L4暑假B2班,四年级双语故事表演暑假L4班,否,,连季续,四年级,四年级,四年级,2000.00,张景(300666),,暑假,暑假,正常,2026-08-18,2026-08-18,已审核,走读,常规面授,常规面授,,19,2026-02-26,每天16:00-17:50(上5休1),"有教材,开课前领取",2026-08-28,15,素养素质(智学),二十四品305教室,二十四品305教室,班级刷卡,15人,素养,二十四品教学区,2026-08-28,10,12,分级阅读4
"素养智学部",双语故事表演,双语故事表演,双语故事表演,PM227A0257,取消双语绘本2C+领航班（暑）,取消双语故事表演L2暑假C1班（C+）,通用,10,0,1100,1100,110.0,"	0.00",L2,L2,常规体系,常规体系,双语故事表演L2暑假C1班,二年级双语故事表演暑假L2班,否,,连季续,二年级,二年级,二年级,2100.00,曾佳琳(443719),,暑假,暑假,取消班,2026-07-23,,已审核,走读,常规面授,常规面授,,0,2026-04-16,每天08:30-10:20(上5休1),"有教材,开课前领取",,0,素养素质(智学),晚报旗舰店101教室,晚报旗舰店101教室,班级刷卡,15人,素养,晚报旗舰店教学区,2026-08-02,10,12,分级阅读2
"素养智学部",双语故事表演,双语故事表演,双语故事表演,PM227A0255,取消双语绘本2C+领航班（暑）,取消双语故事表演L2暑假C1班（C+）,通用,10,0,1100,1100,110.0,"	0.00",L2,L2,常规体系,常规体系,双语故事表演L2暑假C1班,二年级双语故事表演暑假L2班,否,,连季续,二年级,二年级,二年级,2100.00,彭娟(409141),,暑假,暑假,取消班,2026-08-18,,已审核,走读,常规面授,常规面授,,0,2026-04-16,每天13:50-15:40(上5休1),"有教材,开课前领取",,0,素养素质(智学),美林银谷303教室,美林银谷303教室,班级刷卡,15人,素养,美林银谷教学区,2026-08-28,10,12,分级阅读2
"素养智学部",双语故事表演,双语故事表演,双语故事表演,PM227A0254,取消双语绘本2C+领航班（暑）,取消双语故事表演L2暑假C1班（C+）,通用,10,0,1100,1100,110.0,"	0.00",L2,L2,常规体系,常规体系,双语故事表演L2暑假C1班,二年级双语故事表演暑假L2班,否,,连季续,二年级,二年级,二年级,2100.00,徐欢(612651),,暑假,暑假,取消班,2026-07-23,,已审核,走读,常规面授,常规面授,,0,2026-04-16,每天10:40-12:30(上5休1),"有教材,开课前领取",,0,素养素质(智学),梅溪湖南209教室,梅溪湖南209教室,班级刷卡,15人,素养,梅溪湖南教学区,2026-08-02,10,12,分级阅读2
"素养智学部",双语故事表演,双语故事表演,双语故事表演,PM227A0142,取消双语绘本2C（暑）,取消双语故事表演L2暑假B2班,通用,10,0,1100,1100,110.0,"	0.00",L2,L2,常规体系,常规体系,双语故事表演L2暑假B2班,二年级双语故事表演暑假L2班,否,,连季续,二年级,二年级,二年级,2100.00,钟雨鑫(632994),,暑假,暑假,取消班,2026-08-18,,已审核,走读,常规面授,常规面授,,0,2026-02-26,每天16:00-17:50(上5休1),"有教材,开课前领取",,0,素养素质(智学),洋湖卓伯根204教室,洋湖卓伯根204教室,班级刷卡,15人,素养,洋湖卓伯根教学区,2026-08-28,10,12,分级阅读2
"素养智学部",双语故事表演,双语故事表演,双语故事表演,PM227A0264,双语绘本2C+领航班（暑）,双语故事表演L2暑假C1班（C+）,通用,10,10,1100,1100,110.0,"	0.00",L2,L2,常规体系,常规体系,双语故事表演L2暑假C1班,二年级双语故事表演暑假L2班,否,,连季续,二年级,二年级,二年级,2100.00,蔡滢楚(707015),,暑假,暑假,正常,2026-07-23,2026-07-23,已审核,走读,常规面授,常规面授,,15,2026-06-17,每天10:40-12:30(上5休1),"有教材,开课前领取",2026-08-02,11,素养素质(智学),二十四品310教室,二十四品310教室,班级刷卡,15人,素养,二十四品教学区,2026-08-02,10,12,分级阅读2
"素养智学部",双语故事表演,双语故事表演,双语故事表演,PM527A0082,取消双语绘本5C+领航班（暑）,取消双语故事表演L5暑假C1班（C+）,通用,10,0,1100,1100,110.0,"	0.00",L5,L5,常规体系,常规体系,双语故事表演L5暑假C1班,五年级双语故事表演暑假L5班,否,,连季续,五年级,五年级,五年级,2600.00,李玉婷(514777),,暑假,暑假,取消班,2026-07-23,,已审核,走读,常规面授,常规面授,,0,2026-04-16,每天10:40-12:30(上5休1),"有教材,开课前领取",,0,素养素质(智学),梅岭国际209教室,梅岭国际209教室,班级刷卡,15人,素养,梅岭国际教学区,2026-08-02,10,12,故事会5
"素养智学部",双语故事表演,双语故事表演,双语故事表演,PMS227A0001,双语绘本PK（暑）,双语故事表演预备级S2暑假B2班,通用,10,10,900,900,90.0,"	0.00",S2,S2,常规体系,常规体系,双语故事表演预备级S2暑假B2班,S2双语故事表演暑假S2班,否,,连季续,S2,S2,S2,2250.00,瞿玉娟(707009),,暑假,暑假,正常,2026-08-18,2026-08-18,已审核,走读,常规面授,常规面授,,10,2026-02-26,每天09:00-10:30(上5休1),"有教材,开课前领取",2026-08-28,10,素养素质(智学),西子花苑旗舰店212教室,西子花苑旗舰店212教室,班级刷卡,10人,素养,西子花苑旗舰店教学区,2026-08-28,7,7,分级阅读K
"素养智学部",双语故事表演,双语故事表演,双语故事表演,PM527A0088,双语绘本5C+领航班（暑）,双语故事表演L5暑假C1班（C+）,通用,10,10,1100,1100,110.0,"	0.00",L5,L5,常规体系,常规体系,双语故事表演L5暑假C1班,五年级双语故事表演暑假L5班,否,,连季续,五年级,五年级,五年级,2600.00,蔡滢楚(707015),,暑假,暑假,正常,2026-08-18,2026-08-18,已审核,走读,常规面授,常规面授,,18,2026-06-08,每天16:00-17:50(上5休1),"有教材,开课前领取",2026-08-28,7,素养素质(智学),月亮岛203教室,月亮岛203教室,班级刷卡,15人,素养,月亮岛教学区,2026-08-28,10,12,故事会5
"素养智学部",围棋,围棋,围棋,SZWQ27A147,围棋N1-1段班,围棋L1-1段暑假班（暑10次课100）,通用,10,10,900,900,90.0,"	0.00",L1,L1,常规体系,常规体系,围棋L1-1段暑假班,围棋L1-1段暑假班,否,,连季续,一年级,一年级,一年级,1500.00,李福涛(348557),,暑假,暑假,正常,2026-08-18,2026-08-18,已审核,走读,常规面授,常规面授,,12,2026-02-28,每天16:10-17:40（上5休1）,"有教材,开课前领取",2026-08-28,11,素养素质(智学),方圆荟303教室,方圆荟303教室,班级刷卡,12人,素质,方圆荟智慧空间,2026-08-28,8,10,围棋-L1
"素养智学部",脑力与思维,脑力与思维,脑力与思维,SW127A0001,脑力思维1B（暑）,脑力与思维L1暑假B1班,通用,10,10,1100,1100,110.0,"	0.00",L1,L1,常规体系,常规体系,脑力与思维L1暑假B1班,一年级脑力与思维暑假L1班,否,,连季续,一年级,一年级,一年级,2100.00,王泽涛(707694),,暑假,暑假,正常,2026-07-23,2026-07-23,已审核,走读,常规面授,常规面授,,15,2026-02-26,每天13:50-15:40(上5休1),"有教材,开课前领取",2026-08-02,7,素养素质(智学),东塘204教室,东塘204教室,班级刷卡,15人,素养,东塘教学区,2026-08-02,10,12,思维1
"素养智学部",双语故事表演,双语故事表演,双语故事表演,PM127A0130,双语绘本1B（暑）,双语故事表演L1暑假B2班,通用,10,10,1100,1100,110.0,"	0.00",L1,L1,常规体系,常规体系,双语故事表演L1暑假B2班,一年级双语故事表演暑假L1班,否,,连季续,一年级,一年级,一年级,2100.00,柳烨(364316),,暑假,暑假,正常,2026-08-18,2026-08-18,已审核,走读,常规面授,常规面授,,15,2026-02-26,每天08:30-10:20,"有教材,开课前领取",2026-08-28,11,素养素质(智学),方圆荟304自习室,方圆荟304自习室,班级刷卡,15人,素养,方圆荟智慧空间,2026-08-28,10,12,分级阅读1
"素养智学部",双语故事表演,双语故事表演,双语故事表演,PM427A0173,取消双语绘本4C（暑）,取消双语故事表演L4暑假B2班,通用,10,0,1100,1100,110.0,"	0.00",L4,L4,常规体系,常规体系,双语故事表演L4暑假B2班,四年级双语故事表演暑假L4班,否,,连季续,四年级,四年级,四年级,2000.00,龙治义(383134),,暑假,暑假,取消班,2026-08-18,,已审核,走读,常规面授,常规面授,,0,2026-03-26,每天13:50-15:40(上5休1),"有教材,开课前领取",,0,素养素质(智学),西子花苑旗舰店301教室,西子花苑旗舰店301教室,班级刷卡,15人,素养,西子花苑旗舰店教学区,2026-08-28,10,12,分级阅读4
"素养智学部",双语故事表演,双语故事表演,双语故事表演,PM627A0085,取消双语绘本C6（暑）,取消双语故事表演L6暑假B2班,通用,10,0,1100,1100,110.0,"	0.00",L6,L6,常规体系,常规体系,双语故事表演L6暑假B2班,六年级双语故事表演暑假L6班,否,,连季续,六年级(小学),六年级,六年级,2000.00,龙治义(383134),,暑假,暑假,取消班,2026-08-18,,已审核,走读,常规面授,常规面授,,0,2026-03-26,每天08:30-10:20(上5休1),"有教材,开课前领取",,0,素养素质(智学),西子花苑旗舰店301教室,西子花苑旗舰店301教室,班级刷卡,15人,素养,西子花苑旗舰店教学区,2026-08-28,10,12,故事会6
"国外考试部",全科,"阅读,写作,听力,口语",,GYDT1013B,Global Primary外语1B,Global Primary外语1A 下（FY26）,Global Primary 英语,16,16,1920,1920,120.0,120.00,国际教育,国际教育,常规体系,常规体系,Global Primary外语1A 下,Global Primary外语1A 下,否,,可续,,,,6600.00,唐茜(660071),,春季,,正常,2026-05-24,2026-05-24,已审核,"走读,在线","常规面授,在线直播",在线直播,云教室小班（25人以下）,10,2025-11-05,春秋季周日10:10-12:10，寒暑假集中上课,"有教材,开课前领取",2026-08-22,5,国际教育青少部,东塘中设广场,东塘A1教室,班级刷卡,6人,国外考试部,东塘中设广场教学区,2026-08-22,3,4,
"国外考试部",英语,英语,,GYTM01006A,Global Primary 英语 Prep 1A,Global Primary 英语 Prep 1A（Prep 1A）,Global Primary 英语,48,48,2880,2880,60.0,120.00,国际教育,国际教育,常规体系,常规体系,Global Primary 英语 Prep 1A,Global Primary 英语 Prep 1A,否,,可续,,,,9900.00,陈佳蕊(441735),,春季,,正常,2026-03-08,2026-03-08,已审核,"走读,在线","常规面授,在线直播",在线直播,云教室小班（25人以下）,10,2025-09-29,春秋季周日10:10-12:10，寒暑假集中上课,"有教材,开课前领取",2026-08-12,7,国际教育青少部,天马教学区,天马06教室,班级刷卡,6人,国外考试部,天马教学区,2026-08-12,3,4,
"国外考试部",英语,英语,,GYBF01015A,Global Primary 英语 Prep 1A（Prep 1A）,Global Primary 英语 Prep 1A（Prep 1A）,Global Primary 英语,48,48,2880,2880,60.0,120.00,国际教育,国际教育,常规体系,常规体系,Global Primary 英语 Prep 1A,Global Primary 英语 Prep 1A,否,,可续,,,,9900.00,马阿琳(075299),,寒假,,正常,2026-02-04,2026-02-04,已审核,"走读,在线","常规面授,在线直播",在线直播,云教室小班（25人以下）,10,2025-11-05,"春秋季周日16:00-18:00，寒暑假集中上课 ","有教材,开课前领取",2026-08-18,7,国际教育青少部,八方24品,八方305教室,班级刷卡,6人,国外考试部,八方24品教学区,2026-08-18,3,4,
"素养智学部",双语故事表演,双语故事表演,双语故事表演,PM227A0219,双语绘本2C（暑）,双语故事表演L2暑假B2班,通用,10,10,1100,1100,110.0,"	0.00",L2,L2,常规体系,常规体系,双语故事表演L2暑假B2班,二年级双语故事表演暑假L2班,否,,连季续,二年级,二年级,二年级,2100.00,张亮(438808),,暑假,暑假,正常,2026-07-23,2026-07-23,已审核,走读,常规面授,常规面授,,15,2026-02-26,每天10:40-12:30(上5休1),"有教材,开课前领取",2026-08-02,14,素养素质(智学),洋湖新城301教室,洋湖新城301教室,班级刷卡,15人,素养,洋湖新城教学区,2026-08-02,10,12,分级阅读2
"素养智学部",双语故事表演,双语故事表演,双语故事表演,PM127A0171,双语绘本1C+领航班（暑）,双语故事表演L1暑假C1班（C+）,通用,10,10,1100,1100,110.0,"	0.00",L1,L1,常规体系,常规体系,双语故事表演L1暑假C1班,一年级双语故事表演暑假L1班,否,,连季续,一年级,一年级,一年级,2100.00,唐禹睿(640813),,暑假,暑假,正常,2026-08-18,2026-08-18,已审核,走读,常规面授,常规面授,,15,2026-04-16,每天16:00-17:50(上5休1),"有教材,开课前领取",2026-08-28,15,素养素质(智学),时光汇210教室,时光汇210教室,班级刷卡,15人,素养,时光汇教学区,2026-08-28,10,12,分级阅读1
"素养智学部",书法,书法,书法,XZ127A0015,素质成长营（写字1）（暑）,S3书法暑假ZT1班,通用,10,10,900,900,90.0,"	0.00",ZT1,ZT1,专项体系,专项体系,S3书法暑假ZT1班,S3书法暑假ZT1班,否,,不可续,S3,S3,S3,975.00,郭文淋(696226),,暑假,暑假,正常,2026-08-18,2026-08-18,已审核,走读,常规面授,常规面授,,15,2026-03-19,每天09:00-10:30(上5休1),"有教材,开课前领取",2026-08-28,7,素养素质(智学),时光汇203教室,时光汇203教室,班级刷卡,12人,素质,时光汇教学区,2026-08-28,7,8,书法1
"素养智学部",双语故事表演,双语故事表演,双语故事表演,PM127A0097,双语绘本1B（暑）,双语故事表演L1暑假B2班,通用,10,10,1100,1100,110.0,"	0.00",L1,L1,常规体系,常规体系,双语故事表演L1暑假B2班,一年级双语故事表演暑假L1班,否,,连季续,一年级,一年级,一年级,2100.00,彭冰(423921),,暑假,暑假,正常,2026-08-18,2026-08-18,已审核,走读,常规面授,常规面授,,15,2026-02-26,每天13:50-15:40(上5休1),"有教材,开课前领取",2026-08-28,13,素养素质(智学),时光汇208教室,时光汇208教室,班级刷卡,15人,素养,时光汇教学区,2026-08-28,10,12,分级阅读1
"素养智学部",双语故事表演,双语故事表演,双语故事表演,PM127A0010,双语绘本1C（暑）,双语故事表演L1暑假B2班,通用,10,10,1100,1100,110.0,"	0.00",L1,L1,常规体系,常规体系,双语故事表演L1暑假B2班,一年级双语故事表演暑假L1班,否,,连季续,一年级,一年级,一年级,2100.00,唐禹睿(640813),,暑假,暑假,正常,2026-08-18,2026-08-18,已审核,走读,常规面授,常规面授,,15,2026-02-26,每天10:40-12:30(上5休1),"有教材,开课前领取",2026-08-28,15,素养素质(智学),时光汇210教室,时光汇210教室,班级刷卡,15人,素养,时光汇教学区,2026-08-28,10,12,分级阅读1
"素养智学部",双语故事表演,双语故事表演,双语故事表演,PM127A0004,双语绘本1C（暑）,双语故事表演L1暑假B2班,通用,10,10,1100,1100,110.0,"	0.00",L1,L1,常规体系,常规体系,双语故事表演L1暑假B2班,一年级双语故事表演暑假L1班,否,,连季续,一年级,一年级,一年级,2100.00,唐禹睿(640813),,暑假,暑假,正常,2026-07-23,2026-07-23,已审核,走读,常规面授,常规面授,,15,2026-02-26,每天08:30-10:20(上5休1),"有教材,开课前领取",2026-08-02,7,素养素质(智学),时光汇210教室,时光汇210教室,班级刷卡,15人,素养,时光汇教学区,2026-08-02,10,12,分级阅读1
"素养智学部",双语故事表演,双语故事表演,双语故事表演,PM227A0015,双语绘本2C（暑）,双语故事表演L2暑假B2班,通用,10,10,1100,1100,110.0,"	0.00",L2,L2,常规体系,常规体系,双语故事表演L2暑假B2班,二年级双语故事表演暑假L2班,否,,连季续,二年级,二年级,二年级,2100.00,周梓玉(634367),,暑假,暑假,正常,2026-08-18,2026-08-18,已审核,走读,常规面授,常规面授,,15,2026-02-26,每天13:50-15:40(上5休1),"有教材,开课前领取",2026-08-28,12,素养素质(智学),时光汇204教室,时光汇204教室,班级刷卡,15人,素养,时光汇教学区,2026-08-28,10,12,分级阅读2
"素养智学部",博文妙笔,博文妙笔,博文妙笔,BW127A0024,博文口才 1（暑）,博文妙笔L1暑假B1班,通用,10,10,1100,1100,110.0,"	0.00",L1,L1,常规体系,常规体系,博文妙笔L1暑假B1班,一年级博文妙笔暑假L1班,否,,连季续,一年级,一年级,一年级,2100.00,游湘(706973),,暑假,暑假,正常,2026-08-18,2026-08-18,已审核,走读,常规面授,常规面授,,15,2026-02-26,每天10:40-12:30(上5休1),"有教材,开课前领取",2026-08-28,10,素养素质(智学),洋湖卓伯根205教室,洋湖卓伯根205教室,班级刷卡,15人,素养,洋湖卓伯根教学区,2026-08-28,10,12,语商表达1
"素养智学部",脑力与思维,脑力与思维,脑力与思维,SW227A0019,脑力思维2B（暑）,脑力与思维L2暑假B1班,通用,10,10,1100,1100,110.0,"	0.00",L2,L2,常规体系,常规体系,脑力与思维L2暑假B1班,二年级脑力与思维暑假L2班,否,,连季续,二年级,二年级,二年级,2100.00,钟萍(706982),,暑假,暑假,正常,2026-08-18,2026-08-18,已审核,走读,常规面授,常规面授,,15,2026-02-26,每天10:40-12:30(上5休1),"有教材,开课前领取",2026-08-28,8,素养素质(智学),北辰104教室,北辰104教室,班级刷卡,15人,素养,北辰教学区,2026-08-28,10,12,思维2
"素养智学部",脑力与思维,脑力与思维,脑力与思维,SW327A0066,脑力思维3B（暑）,脑力与思维L3暑假B1班,通用,10,10,1100,1100,110.0,"	0.00",L3,L3,常规体系,常规体系,脑力与思维L3暑假B1班,三年级脑力与思维暑假L3班,否,,连季续,三年级,三年级,三年级,2000.00,杨智博(706987),,暑假,暑假,正常,2026-08-18,2026-08-18,已审核,走读,常规面授,常规面授,,18,2026-04-20,每天10:40-12:30(上5休1),"有教材,开课前领取",2026-08-28,8,素养素质(智学),洋湖卓伯根203教室,洋湖卓伯根203教室,班级刷卡,15人,素养,洋湖卓伯根教学区,2026-08-28,10,12,思维3
"素养智学部",英语,英语,英语,YYZH5A0399,双语智慧5A（暑）,五年级英语暑假B1服务（默认A）,通用,10,10,1200,1200,120.0,"	0.00",TG,TG,常规体系,常规体系,五年级英语暑假B1服务,五年级英语A暑假智慧学习空间,否,,连季续,五年级,五年级,五年级,2000.00,易超(374616),,暑假,暑假,正常,2026-08-18,2026-08-18,已审核,"走读,在线","常规面授,在线录播",在线录播,智慧学习机,22,2026-06-11,每天16:00-18:00（上5休一）,"有教材,开课前领取",2026-08-28,15,学习机托管(智学),星沙筑梦自习室4,星沙筑梦自习室4,班级刷卡,20人,学习机托管,星沙筑梦教学区,2026-08-28,8,12,五年级英语
"素养智学部",科创,科创,机器人编程,SZ27ABC093,Python L3-1段班（暑）,机器人编程L3-1段暑假班,通用,10,10,1200,1200,120.0,"	0.00",L3,L3,常规体系,常规体系,科创L3-1段暑假班,三年级机器人编程暑假L3班,否,,连季续,三年级,三年级,三年级,2400.00,赵宇熙(374630),,暑假,暑假,正常,2026-08-18,2026-08-18,已审核,"走读,在线","常规面授,在线直播",在线直播,云教室小班（25人以下）,12,2026-06-11,每天18:30-20:30（上5休1）,"有教材,开课前领取",2026-08-28,8,素养素质(智学),湘江世纪城312教室,湘江世纪城312教室,班级刷卡,12人,素质,湘江世纪城教学区,2026-08-28,8,10,机器人编程L3
"素养智学部",双语故事表演,双语故事表演,双语故事表演,PM227A0113,双语绘本2C（暑）,双语故事表演L2暑假B2班,通用,10,10,1100,1100,110.0,"	0.00",L2,L2,常规体系,常规体系,双语故事表演L2暑假B2班,二年级双语故事表演暑假L2班,否,,连季续,二年级,二年级,二年级,2100.00,蒋毅(467949),,暑假,暑假,正常,2026-08-18,2026-08-18,已审核,走读,常规面授,常规面授,,16,2026-02-26,每天08:30-10:20(上5休1),"有教材,开课前领取",2026-08-28,16,素养素质(智学),洋湖新城303教室,洋湖新城303教室,班级刷卡,15人,素养,洋湖新城教学区,2026-08-28,10,12,分级阅读2
"素养智学部",双语故事表演,双语故事表演,双语故事表演,PMS327A0044,双语绘本K（暑）,双语故事表演S3暑假B1班,通用,10,10,900,900,90.0,"	0.00",S3,S3,常规体系,常规体系,双语故事表演S3暑假B1班,S3双语故事表演暑假S3班,否,,连季续,S3,S3,S3,1575.00,胡钰(694156),,暑假,暑假,正常,2026-08-18,2026-08-18,已审核,走读,常规面授,常规面授,,15,2026-02-26,每天16:00-17:30(上5休1),"有教材,开课前领取",2026-08-28,8,素养素质(智学),洋湖卓伯根201教室,洋湖卓伯根201教室,班级刷卡,15人,素养,洋湖卓伯根教学区,2026-08-28,10,12,分级阅读K
"素养智学部",博文妙笔,博文妙笔,博文妙笔,BW127A0045,博文口才 1（暑）,博文妙笔L1暑假B1班,通用,10,10,1100,1100,110.0,"	0.00",L1,L1,常规体系,常规体系,博文妙笔L1暑假B1班,一年级博文妙笔暑假L1班,否,,连季续,一年级,一年级,一年级,2100.00,梁艳云(612643),,暑假,暑假,正常,2026-07-23,2026-07-23,已审核,走读,常规面授,常规面授,,15,2026-06-10,每天13:50-15:40(上5休1),"有教材,开课前领取",2026-08-02,6,素养素质(智学),洋湖新城302教室,洋湖新城302教室,班级刷卡,15人,素养,洋湖新城教学区,2026-08-02,10,12,语商表达1
"素养智学部",围棋,围棋,围棋,SZWQ27A142,围棋N1-1段班,围棋L1-1段暑假班（暑10次课100）,通用,10,10,900,900,90.0,"	0.00",L1,L1,常规体系,常规体系,围棋L1-1段暑假班,围棋L1-1段暑假班,否,,连季续,一年级,一年级,一年级,1500.00,刘宇喆(700254),,暑假,暑假,正常,2026-08-18,2026-08-18,已审核,走读,常规面授,常规面授,,12,2026-02-28,每天14:00-15:30（上5休1）,"有教材,开课前领取",2026-08-28,11,素养素质(智学),梅岭国际212A教室,梅岭国际212A教室,班级刷卡,12人,素质,梅岭国际教学区,2026-08-28,8,10,围棋-L1
"素养智学部",英语,英语,英语,YYZH5A0312,双语智慧5B（暑）,五年级英语暑假B1服务（默认B）,通用,10,10,1200,1200,120.0,"	0.00",TG,TG,常规体系,常规体系,五年级英语暑假B1服务,五年级英语A暑假智慧学习空间,否,,连季续,五年级,五年级,五年级,2000.00,杨成慧(551243),,暑假,暑假,正常,2026-08-18,2026-08-18,已审核,"走读,在线","常规面授,在线录播",在线录播,智慧学习机,24,2026-02-27,每天16:00-18:00(上5休1）,"有教材,开课前领取",2026-08-28,18,学习机托管(智学),月亮岛自习室2,月亮岛自习室2,班级刷卡,20人,学习机托管,月亮岛教学区,2026-08-28,12,12,五年级英语
"素养智学部",英语,英语,英语,YYZH6A0684,双语智慧6A（暑）,六年级英语暑假A2服务（默认A）,通用,10,10,1200,1200,120.0,"	0.00",TG,TG,常规体系,常规体系,六年级英语暑假A2服务,六年级英语A暑假智慧学习空间,否,,连季续,六年级(小学),六年级,六年级,2000.00,胡轶凡(551244),,暑假,暑假,正常,2026-08-18,2026-08-18,已审核,"走读,在线","常规面授,在线录播",在线录播,智慧学习机,24,2026-02-27,每天08:30-10:30(上5休1）,"有教材,开课前领取",2026-08-28,19,学习机托管(智学),月亮岛自习室1,月亮岛自习室1,班级刷卡,20人,学习机托管,月亮岛教学区,2026-08-28,12,12,六年级英语
"素养智学部",数学,数学,数学,SXZH5A0177,思维智慧5B（暑）,五年级数学暑假B1服务（默认B）,通用,10,10,1200,1200,120.0,"	0.00",TG,TG,常规体系,常规体系,五年级数学暑假B1服务,五年级数学B暑假智慧学习空间,否,,连季续,五年级,五年级,五年级,2000.00,樊珂华(612648),,暑假,暑假,正常,2026-08-18,2026-08-18,已审核,"走读,在线","常规面授,在线录播",在线录播,智慧学习机,24,2026-04-02,每天16:00-18:00(上5休1）,"有教材,开课前领取",2026-08-28,12,学习机托管(智学),井湾子05自习室,井湾子05自习室,班级刷卡,20人,学习机托管,井湾子智慧空间,2026-08-28,12,12,五年级数学
"素养智学部",数学,数学,数学,SXZH6A0181,思维智慧6B（暑）,六年级数学暑假B1服务（默认B）,通用,10,10,1200,1200,120.0,"	0.00",TG,TG,常规体系,常规体系,六年级数学暑假B1服务,六年级数学B暑假智慧学习空间,否,,连季续,六年级(小学),六年级,六年级,2000.00,岑崟(149552),,暑假,暑假,正常,2026-08-18,2026-08-18,已审核,"走读,在线","常规面授,在线录播",在线录播,智慧学习机,24,2026-02-27,每天08:30-10:30(上5休1）,"有教材,开课前领取",2026-08-28,22,学习机托管(智学),井湾子05自习室,井湾子05自习室,班级刷卡,20人,学习机托管,井湾子智慧空间,2026-08-28,12,12,六年级数学
"素养智学部",数学,数学,数学,SXZH4A0640,思维智慧4B+（暑）,四年级数学暑假B1服务（默认B）,通用,10,10,1200,1200,120.0,"	0.00",TG,TG,常规体系,常规体系,四年级数学暑假B1服务,四年级数学B暑假智慧学习空间,否,,连季续,四年级,四年级,四年级,2000.00,欧阳忆希(417573),,暑假,暑假,正常,2026-08-18,2026-08-18,已审核,"走读,在线","常规面授,在线录播",在线录播,智慧学习机,23,2026-02-27,每天16:00-18:00(上5休1）,"有教材,开课前领取",2026-08-28,19,学习机托管(智学),井湾子03自习室,井湾子03自习室,班级刷卡,20人,学习机托管,井湾子智慧空间,2026-08-28,12,12,四年级数学
"素养智学部",双语故事表演,双语故事表演,双语故事表演,PMS327A0038,双语绘本K（暑）,双语故事表演S3暑假B1班,通用,10,10,900,900,90.0,"	0.00",S3,S3,常规体系,常规体系,双语故事表演S3暑假B1班,S3双语故事表演暑假S3班,否,,连季续,S3,S3,S3,1575.00,何欣怡(672480),,暑假,暑假,正常,2026-07-23,2026-07-23,已审核,走读,常规面授,常规面授,,15,2026-02-26,每天16:00-17:30(上5休1),"有教材,开课前领取",2026-08-02,13,素养素质(智学),月亮岛304教室,月亮岛304教室,班级刷卡,15人,素养,月亮岛教学区,2026-08-02,10,12,分级阅读K
"素养智学部",双语故事表演,双语故事表演,双语故事表演,PM127A0122,双语绘本1B（暑）,双语故事表演L1暑假B2班,通用,10,10,1100,1100,110.0,"	0.00",L1,L1,常规体系,常规体系,双语故事表演L1暑假B2班,一年级双语故事表演暑假L1班,否,,连季续,一年级,一年级,一年级,2100.00,张仔豪(457818),,暑假,暑假,正常,2026-08-18,2026-08-18,已审核,走读,常规面授,常规面授,,15,2026-02-26,每天13:50-15:40(上5休1),"有教材,开课前领取",2026-08-28,6,素养素质(智学),井湾子教学区214教室,井湾子教学区214教室,班级刷卡,15人,素养,井湾子教学区,2026-08-28,10,12,分级阅读1
"素养智学部",博文妙笔,博文妙笔,博文妙笔,BW127A0004,博文口才 1（暑）,博文妙笔L1暑假B1班,通用,10,10,1100,1100,110.0,"	0.00",L1,L1,常规体系,常规体系,博文妙笔L1暑假B1班,一年级博文妙笔暑假L1班,否,,连季续,一年级,一年级,一年级,2100.00,杨紫薇(365245),,暑假,暑假,正常,2026-08-18,2026-08-18,已审核,走读,常规面授,常规面授,,15,2026-02-26,每天16:00-17:50(上5休1),"有教材,开课前领取",2026-08-28,6,素养素质(智学),月亮岛303教室,月亮岛303教室,班级刷卡,15人,素养,月亮岛教学区,2026-08-28,10,12,语商表达1
"素养智学部",双语故事表演,双语故事表演,双语故事表演,PM127A0054,双语绘本1C（暑）,双语故事表演L1暑假B2班,通用,10,10,1100,1100,110.0,"	0.00",L1,L1,常规体系,常规体系,双语故事表演L1暑假B2班,一年级双语故事表演暑假L1班,否,,连季续,一年级,一年级,一年级,2100.00,林家美(411215),,暑假,暑假,正常,2026-08-18,2026-08-18,已审核,走读,常规面授,常规面授,,15,2026-02-26,每天13:50-15:40(上5休1),"有教材,开课前领取",2026-08-28,12,素养素质(智学),月亮岛302教室,月亮岛302教室,班级刷卡,15人,素养,月亮岛教学区,2026-08-28,10,12,分级阅读1
"素养智学部",博文妙笔,博文妙笔,博文妙笔,BW127A0012,博文口才 1（暑）,博文妙笔L1暑假B1班,通用,10,10,1100,1100,110.0,"	0.00",L1,L1,常规体系,常规体系,博文妙笔L1暑假B1班,一年级博文妙笔暑假L1班,否,,连季续,一年级,一年级,一年级,2100.00,李晓倩(387250),,暑假,暑假,正常,2026-07-23,2026-07-23,已审核,走读,常规面授,常规面授,,15,2026-02-26,每天13:50-15:40(上5休1),"有教材,开课前领取",2026-08-02,10,素养素质(智学),星沙筑梦205教室,星沙筑梦205教室,班级刷卡,15人,素养,星沙筑梦教学区,2026-08-02,10,12,语商表达1
"素养智学部",博文妙笔,博文妙笔,博文妙笔,BW127A0011,博文口才 1（暑）,博文妙笔L1暑假B1班,通用,10,10,1100,1100,110.0,"	0.00",L1,L1,常规体系,常规体系,博文妙笔L1暑假B1班,一年级博文妙笔暑假L1班,否,,连季续,一年级,一年级,一年级,2100.00,李晓倩(387250),,暑假,暑假,正常,2026-07-23,2026-07-23,已审核,走读,常规面授,常规面授,,14,2026-02-26,每天10:40-12:30(上5休1),"有教材,开课前领取",2026-08-02,9,素养素质(智学),星沙筑梦205教室,星沙筑梦205教室,班级刷卡,15人,素养,星沙筑梦教学区,2026-08-02,10,12,语商表达1
"素养智学部",双语故事表演,双语故事表演,双语故事表演,PM227A0061,双语绘本2C（暑）,双语故事表演L2暑假B2班,通用,10,10,1100,1100,110.0,"	0.00",L2,L2,常规体系,常规体系,双语故事表演L2暑假B2班,二年级双语故事表演暑假L2班,否,,连季续,二年级,二年级,二年级,2100.00,黎诗丹(661615),,暑假,暑假,正常,2026-07-23,2026-07-23,已审核,走读,常规面授,常规面授,,18,2026-02-26,每天10:40-12:30(上5休1),"有教材,开课前领取",2026-08-02,9,素养素质(智学),星沙筑梦201教室,星沙筑梦201教室,班级刷卡,15人,素养,星沙筑梦教学区,2026-08-02,10,12,分级阅读2
"素养智学部",脑力与思维,脑力与思维,脑力与思维,SW27A0003,SX暑假毕业指导专项6,六年级脑力与思维暑假YL1班,通用,12,12,1440,1440,120.0,"	0.00",YL1,YL1,专项体系,专项体系,六年级脑力与思维暑假YL1班,六年级脑力与思维暑假体验班,否,,不可续,六年级(小学),六年级,六年级,1440.00,丁金群(444560),,暑假,暑假,正常,2026-07-23,2026-07-23,已审核,走读,常规面授,常规面授,,15,2026-04-17,每天10:40-12:40(上6休1),"有教材,开课前领取",2026-08-04,14,素养素质(智学),井湾子教学区219教室（新）,井湾子教学区219教室（新）,班级刷卡,15人,素养,井湾子教学区,2026-08-04,10,12,思维6
"素养智学部",双语故事表演,双语故事表演,双语故事表演,PM327A0182,双语绘本3B（暑）,双语故事表演L3暑假B2班,通用,10,10,1100,1100,110.0,"	0.00",L3,L3,常规体系,常规体系,双语故事表演L3暑假B2班,三年级双语故事表演暑假L3班,否,,连季续,三年级,三年级,三年级,2000.00,杨倩(425911),,暑假,暑假,正常,2026-08-18,2026-08-18,已审核,走读,常规面授,常规面授,,18,2026-03-10,每天13:50-15:40(上5休1）,"有教材,开课前领取",2026-08-28,10,素养素质(智学),星沙筑梦207教室,星沙筑梦207教室,班级刷卡,15人,素养,星沙筑梦教学区,2026-08-28,10,12,分级阅读3
"素养智学部",双语故事表演,双语故事表演,双语故事表演,PM627A0090,取消双语绘本C6（暑）,取消双语故事表演L6暑假B2班,通用,10,0,1100,1100,110.0,"	0.00",L6,L6,常规体系,常规体系,双语故事表演L6暑假B2班,六年级双语故事表演暑假L6班,否,,连季续,六年级(小学),六年级,六年级,2000.00,伍紫沅(332879),,暑假,暑假,取消班,2026-07-23,,已审核,走读,常规面授,常规面授,,0,2026-04-13,每天10:40-12:30(上5休1),"有教材,开课前领取",,0,素养素质(智学),井湾子教学区216教室,井湾子教学区216教室,班级刷卡,15人,素养,井湾子教学区,2026-08-02,10,12,故事会6
"素养智学部",英语,英语,英语,YYZH6A0675,双语智慧6B（暑）,六年级英语暑假B1服务（默认B）,通用,10,10,1200,1200,120.0,"	0.00",TG,TG,常规体系,常规体系,六年级英语暑假B1服务,六年级英语B暑假智慧学习空间,否,,连季续,六年级(小学),六年级,六年级,2000.00,徐洋(072892),,暑假,暑假,正常,2026-08-18,2026-08-18,已审核,"走读,在线","常规面授,在线录播",在线录播,智慧学习机,24,2026-02-27,每天08:30-10:30(上5休1）,"有教材,开课前领取",2026-08-28,24,学习机托管(智学),东塘11自习室,东塘11自习室,班级刷卡,20人,学习机托管,东塘智慧空间,2026-08-28,12,12,六年级英语
"素养智学部",英语,英语,英语,YYZH4A0473,取消双语智慧4B（暑）,取消四年级英语暑假B1服务（默认B）,通用,10,0,1200,1200,120.0,"	0.00",TG,TG,常规体系,常规体系,四年级英语暑假B1服务,四年级英语A暑假智慧学习空间,否,,连季续,四年级,四年级,四年级,2000.00,赵丽华(230165),,暑假,暑假,取消班,2026-08-18,,已审核,"走读,在线","常规面授,在线录播",在线录播,智慧学习机,0,2026-02-27,每天16:00-18:00(上5休1）,"有教材,开课前领取",,0,学习机托管(智学),梅岭国际5自习室,梅岭国际5自习室,班级刷卡,20人,学习机托管,梅岭国际教学区,2026-08-28,12,12,四年级英语
"素养智学部",数学,数学,数学,SXZH3A0292,取消思维智慧3B+（暑）,取消三年级数学暑假B1服务（默认B）,通用,10,0,1200,1200,120.0,"	0.00",TG,TG,常规体系,常规体系,三年级数学暑假B1服务,三年级数学B暑假智慧学习空间,否,,连季续,三年级,三年级,三年级,2000.00,樊珂华(612648),,暑假,暑假,取消班,2026-08-18,,已审核,"走读,在线","常规面授,在线录播",在线录播,智慧学习机,0,2026-02-27,每天13:50-15:50(上5休1）,"有教材,开课前领取",,0,学习机托管(智学),井湾子05自习室,井湾子05自习室,班级刷卡,20人,学习机托管,井湾子智慧空间,2026-08-28,12,12,三年级数学
"智慧学习部",英语,英语,英语,YYZH8A270003,取消YY暑假智慧学习空间8B,取消学习机托管八年级英语暑假B1服务,通用,10,0,1200,1200,120.0,"	0.00",B1,B1,B体系,B体系,学习机托管八年级英语暑假B1服务,YY暑假智慧学习空间8B,否,,连季续,初二,八年级,八年级,2000.00,刘雨杭(702299),,暑假,暑假,取消班,2026-07-28,,已审核,"走读,在线","常规面授,在线录播",在线录播,智慧学习机,0,2025-12-19,每天13:50-15:50(上五休一),"有教材,开课前领取",,0,学习机托管(智慧),美林银谷402自习室,美林银谷402自习室,班级刷卡,20人,学习机托管,美林银谷智慧空间,2026-08-07,8,12,初二英语
"素养智学部",双语故事表演,双语故事表演,双语故事表演,PMS327A0042,双语绘本K（暑）,双语故事表演S3暑假B1班,通用,10,10,900,900,90.0,"	0.00",S3,S3,常规体系,常规体系,双语故事表演S3暑假B1班,S3双语故事表演暑假S3班,否,,连季续,S3,S3,S3,1575.00,郭欣怡(384354),,暑假,暑假,正常,2026-08-18,2026-08-18,已审核,走读,常规面授,常规面授,,15,2026-02-26,每天09:00-10:30(上5休1),"有教材,开课前领取",2026-08-28,7,素养素质(智学),晚报旗舰店101教室,晚报旗舰店101教室,班级刷卡,15人,素养,晚报旗舰店教学区,2026-08-28,10,12,分级阅读K
"国外考试部",英语,英语,,PQCSY001B,PET全程班（全程班下）,PET全程班（全程班下）,PET进阶班,24,24,2880,2880,120.0,"	0.00",PET,PET,常规体系,常规体系,PET全程班,PET全程班,否,,可续,,,,9900.00,戴莎(616592),,"春季,暑假,秋季,寒假",,正常,2026-03-08,2026-03-08,已审核,"走读,在线","常规面授,在线直播",在线直播,云教室小班（25人以下）,10,2025-08-02,"春秋周日 13:30~15:30,寒暑假集中上课","有教材,开课前领取",2026-08-22,6,国际教育青少部,芙蓉广场,芙蓉广场5-10教室,班级刷卡,6人,国外考试部,芙蓉广场教学区,2026-08-22,3,4,
"国外考试部",英语,英语,,GYBF01012A,Global Primary 英语 Prep 1A,Global Primary 英语 Prep 1A（Prep 1A）,Global Primary 英语,48,48,2880,2880,60.0,120.00,国际教育,国际教育,常规体系,常规体系,Global Primary 英语 Prep 1A,Global Primary 英语 Prep 1A,否,,可续,,,,9900.00,陈佳蕊(441735),,春季,,正常,2026-03-08,2026-03-08,已审核,"走读,在线","常规面授,在线直播",在线直播,云教室小班（25人以下）,10,2025-09-15,春秋季每周日16:00-18:00，寒暑假集中上课,"有教材,开课前领取",2026-08-26,10,国际教育青少部,八方24品,八方305教室,班级刷卡,6人,国外考试部,八方24品教学区,2026-08-26,3,4,
"素养智学部",博文妙笔,博文妙笔,博文妙笔,BWZX127A0007,1级博文,一年级博文妙笔暑假YL（入口）班,通用,12,12,1080,1080,90.0,"	0.00",YL（入口）,YL（入口）,专项体系,专项体系,一年级博文妙笔暑假YL（入口）班,一年级博文妙笔暑假引流班,否,,不可续,一年级,一年级,一年级,1188.00,刘航(214343),,暑假,暑假,正常,2026-07-23,2026-07-23,已审核,走读,常规面授,常规面授,,15,2026-05-18,每天09:30-11:00(上5休1),"有教材,开课前领取",2026-08-04,10,素养素质(智学),美林银谷309教室,美林银谷309教室,班级刷卡,15人,素养,美林银谷教学区,2026-08-04,10,12,语商表达1
"素养智学部",双语故事表演,双语故事表演,双语故事表演,PMS227A0013,取消双语绘本PK（暑）,取消双语故事表演预备级S2暑假B2班,通用,10,0,900,900,90.0,"	0.00",S2,S2,常规体系,常规体系,双语故事表演预备级S2暑假B2班,S2双语故事表演暑假S2班,否,,连季续,S2,S2,S2,2250.00,童斌(694181),,暑假,暑假,取消班,2026-08-05,,已审核,走读,常规面授,常规面授,,0,2026-02-26,每天18:40-20:10(上5休1),"有教材,开课前领取",,0,素养素质(智学),中信302教室,中信302教室,班级刷卡,10人,素养,中信教学区,2026-08-15,7,7,分级阅读K
"素养智学部",博文妙笔,博文妙笔,博文妙笔,BW427A0048,取消博文口才 4（暑）,取消博文妙笔L4暑假B1班,通用,10,0,1100,1100,110.0,"	0.00",L4,L4,常规体系,常规体系,博文妙笔L4暑假B1班,四年级博文妙笔暑假L4班,否,,连季续,四年级,四年级,四年级,2000.00,龙雯(241037),,暑假,暑假,取消班,2026-08-18,,已审核,走读,常规面授,常规面授,,0,2026-03-22,每天16:00-17:50(上5休1),"有教材,开课前领取",,0,素养素质(智学),湘江世纪城310教室,湘江世纪城310教室,班级刷卡,15人,素养,湘江世纪城教学区,2026-08-28,10,12,语商表达4
"素养智学部",双语故事表演,双语故事表演,双语故事表演,PM227A0205,取消双语绘本2C（暑）,取消双语故事表演L2暑假B2班,通用,10,0,1100,1100,110.0,"	0.00",L2,L2,常规体系,常规体系,双语故事表演L2暑假B2班,二年级双语故事表演暑假L2班,否,,连季续,二年级,二年级,二年级,2100.00,唐禹睿(640813),,暑假,暑假,取消班,2026-08-18,,已审核,走读,常规面授,常规面授,,0,2026-02-26,每天16:00-17:50(上5休1),"有教材,开课前领取",,0,素养素质(智学),时光汇210教室,时光汇210教室,班级刷卡,15人,素养,时光汇教学区,2026-08-28,10,12,分级阅读2
"国外考试部",全科,"阅读,写作,听力,口语",,GYBF2001D,Global Primary外语2D（春）,Global Primary外语2B 下（FY26）,Global Primary 英语,16,16,1920,1920,120.0,120.00,国际教育,国际教育,常规体系,常规体系,Global Primary外语2B 下,Global Primary外语2B 下,否,,可续,,,,6600.00,谭银平(339722),,春季,,正常,2026-03-15,2026-03-15,已审核,"走读,在线","常规面授,在线直播",在线直播,云教室小班（25人以下）,10,2025-06-15,春秋每周日13:30~15:30，寒暑假集中上课,"有教材,开课前领取",2026-08-13,8,国际教育青少部,八方24品,八方304教室,班级刷卡,6人,国外考试部,八方24品教学区,2026-08-13,3,4,
"国外考试部",英语,英语,,GYDT02005A,Global Primary 英语 Prep 2A（Prep 2A）,Global Primary 英语 Prep 2A（Prep 2A）,Global Primary 英语,48,48,2880,2880,60.0,120.00,国际教育,国际教育,常规体系,常规体系,Global Primary 英语 Prep 2A,Global Primary 英语 Prep 2A,否,,可续,,,,9900.00,罗竹瑜(182705),,寒假,,正常,2026-01-02,2026-01-02,已审核,"走读,在线","常规面授,在线直播",在线直播,云教室小班（25人以下）,9,2025-03-19,春秋季每周日10:10-12:10，寒暑假集中上课,"有教材,开课前领取",2026-08-13,7,国际教育青少部,东塘,东塘A3教室,班级刷卡,6人,国外考试部,东塘中设广场教学区,2026-08-13,3,4,
"素养智学部",英语,英语,英语,YYZH5A0384,双语智慧5A（暑）,五年级英语暑假B1服务（默认A）,通用,10,10,1200,1200,120.0,"	0.00",TG,TG,常规体系,常规体系,五年级英语暑假B1服务,五年级英语A暑假智慧学习空间,否,,连季续,五年级,五年级,五年级,2000.00,胡轶凡(551244),,暑假,暑假,正常,2026-08-18,2026-08-18,已审核,"走读,在线","常规面授,在线录播",在线录播,智慧学习机,24,2026-02-27,每天16:00-18:00(上5休1）,"有教材,开课前领取",2026-08-28,22,学习机托管(智学),月亮岛自习室1,月亮岛自习室1,班级刷卡,20人,学习机托管,月亮岛教学区,2026-08-28,12,12,五年级英语
"素养智学部",脑力与思维,脑力与思维,脑力与思维,SW127A0007,取消脑力思维1B（暑）,取消脑力与思维L1暑假B1班,通用,10,0,1100,1100,110.0,"	0.00",L1,L1,常规体系,常规体系,脑力与思维L1暑假B1班,一年级脑力与思维暑假L1班,否,,连季续,一年级,一年级,一年级,2100.00,赵秀(417977),,暑假,暑假,取消班,2026-07-23,,已审核,走读,常规面授,常规面授,,0,2026-02-26,每天13:50-15:40(上5休1),"有教材,开课前领取",,0,素养素质(智学),梅岭国际213教室,梅岭国际213教室,班级刷卡,15人,素养,梅岭国际教学区,2026-08-02,10,12,思维1
"素养智学部",双语故事表演,双语故事表演,双语故事表演,PM227A0239,取消双语绘本2C（暑）,取消双语故事表演L2暑假B2班,通用,10,0,1100,1100,110.0,"	0.00",L2,L2,常规体系,常规体系,双语故事表演L2暑假B2班,二年级双语故事表演暑假L2班,否,,连季续,二年级,二年级,二年级,2100.00,杨倩(425911),,暑假,暑假,取消班,2026-08-18,,已审核,走读,常规面授,常规面授,,0,2026-04-02,每天13:50-15:40(上5休1),"有教材,开课前领取",,0,素养素质(智学),星沙筑梦206教室,星沙筑梦206教室,班级刷卡,15人,素养,星沙筑梦教学区,2026-08-28,10,12,分级阅读2
"素养智学部",博文妙笔,博文妙笔,博文妙笔,BW227A0012,取消(取消)博文口才 2（暑）,取消博文妙笔L2暑假B1班,通用,10,0,1100,1100,110.0,"	0.00",L2,L2,常规体系,常规体系,博文妙笔L2暑假B1班,二年级博文妙笔暑假L2班,否,,连季续,二年级,二年级,二年级,2100.00,杨颖帆(612649),,暑假,暑假,取消班,2026-08-18,,已审核,走读,常规面授,常规面授,,0,2026-02-26,每天08:30-10:20(上5休1),"有教材,开课前领取",,0,素养素质(智学),方圆荟307自习室,方圆荟307自习室,班级刷卡,15人,素养,方圆荟智慧空间,2026-08-28,10,12,语商表达2
"国外考试部",全科,"阅读,写作,听力,口语",,GY2565D,Global Primary外语2D,Global Primary外语2B 下（FY26）,Global Primary 英语,16,16,1920,1920,120.0,120.00,国际教育,国际教育,常规体系,常规体系,Global Primary外语2B 下,Global Primary外语2B 下,否,,可续,,,,6600.00,余青青(418643),,春季,,正常,2026-05-17,2026-05-17,已审核,"走读,在线","常规面授,在线直播",在线直播,云教室小班（25人以下）,10,2024-10-21,春秋季每周日16:00-18:00，寒暑假集中上课,"有教材,开课前领取",2026-08-22,7,国际教育青少部,芙蓉广场,芙蓉广场5-05教室,班级刷卡,6人,国外考试部,芙蓉广场教学区,2026-08-22,3,4,
"国外考试部",全科,"阅读,写作,听力,口语",,GY2573D,Global Primary外语2D (春）,Global Primary外语2B 下（FY26）,Global Primary 英语,16,16,1920,1920,120.0,120.00,国际教育,国际教育,常规体系,常规体系,Global Primary外语2B 下,Global Primary外语2B 下,否,,可续,,,,6600.00,王聪(373277),,春季,,正常,2026-03-08,2026-03-08,已审核,"走读,在线","常规面授,在线直播",在线直播,云教室小班（25人以下）,10,2024-10-21,"""	春秋季每周日16:00-18:00，寒暑假集中上课 ","有教材,开课前领取",2026-08-13,9,国际教育青少部,芙蓉广场,芙蓉广场5-05教室,班级刷卡,6人,国外考试部,芙蓉广场教学区,2026-08-13,3,4,
"国外考试部",全科,"阅读,写作,听力,口语",,GY2582D,Global Primary外语2D,Global Primary外语2B 下（FY26）,Global Primary 英语,16,16,1920,1920,120.0,120.00,国际教育,国际教育,常规体系,常规体系,Global Primary外语2B 下,Global Primary外语2B 下,否,,可续,,,,6600.00,杨婧(371358),,春季,,正常,2026-05-17,2026-05-17,已审核,"走读,在线","常规面授,在线直播",在线直播,云教室小班（25人以下）,10,2024-10-23,"春秋季周日16:00-18:00，寒暑假集中上课 ","有教材,开课前领取",2026-08-22,4,国际教育青少部,天马,天马V213教室,班级刷卡,6人,国外考试部,天马教学区,2026-08-22,3,4,
"国外考试部",英语,英语,,GYBF02009B,Global Primary 英语 Prep 2B,Global Primary 英语 Prep 2B（Prep 2B）,Global Primary 英语,48,48,2880,2880,60.0,120.00,国际教育,国际教育,常规体系,常规体系,Global Primary 英语 Prep 2B,Global Primary 英语 Prep 2B,否,,可续,,,,9900.00,曹婷(652742),,寒假,,正常,2026-01-18,2026-01-18,已审核,"走读,在线","常规面授,在线直播",在线直播,云教室小班（25人以下）,10,2025-09-11,"	
春秋季每周日10:30-12:30，寒暑假集中上课 ","有教材,开课前领取",2026-08-13,6,国际教育青少部,"八方24品 ",八方306教室,班级刷卡,6人,国外考试部,八方24品教学区,2026-08-13,3,4,
"国外考试部",全科,"阅读,写作,听力,口语",,GYBF1002D,Global Primary外语1D,Global Primary 外语1B 下（FY26）,Global Primary 英语,16,16,1920,1920,120.0,120.00,国际教育,国际教育,常规体系,常规体系,Global Primary外语1B 下,Global Primary 外语1B 下,否,,可续,,,,6600.00,曹婷(652742),,春季,,正常,2026-03-08,2026-03-08,已审核,"走读,在线","常规面授,在线直播",在线直播,云教室小班（25人以下）,10,2025-06-06,春秋周日08:00-10:00，寒暑集中上课,"有教材,开课前领取",2026-08-13,6,国际教育青少部,八方,八方305教室,班级刷卡,6人,国外考试部,八方24品教学区,2026-08-13,3,4,
"国外考试部",全科,"阅读,写作,听力,口语",,GYBF1003D,Global Primary外语1D,Global Primary 外语1B 下（FY26）,Global Primary 英语,16,16,1920,1920,120.0,120.00,国际教育,国际教育,常规体系,常规体系,Global Primary外语1B 下,Global Primary 外语1B 下,否,,可续,,,,6600.00,陈媛(002791),,春季,,正常,2026-03-08,2026-03-08,已审核,"走读,在线","常规面授,在线直播",在线直播,云教室小班（25人以下）,10,2025-06-25,春秋季每周日16:00-18:00，寒暑假集中上课,"有教材,开课前领取",2026-08-13,10,国际教育青少部,八方24品,八方305教室,班级刷卡,6人,国外考试部,八方24品教学区,2026-08-13,3,4,
"国外考试部",全科,"阅读,写作,听力,口语",,GYBF1014B,Global Primary外语1B,Global Primary外语1A 下（FY26）,Global Primary 英语,16,16,1920,1920,120.0,120.00,国际教育,国际教育,常规体系,常规体系,Global Primary外语1A 下,Global Primary外语1A 下,否,,可续,,,,6600.00,戴甜(661131),,春季,,正常,2026-03-08,2026-03-08,已审核,"走读,在线","常规面授,在线直播",在线直播,云教室小班（25人以下）,10,2025-11-29,"春秋季周日10:30-12:30，寒暑假集中上课 ","有教材,开课前领取",2026-08-13,4,国际教育青少部,"八方24品 ",八方309教室,班级刷卡,6人,国外考试部,八方24品教学区,2026-08-13,3,4,
"国外考试部",英语,英语,,GYDT02012A,Global Primary 英语 Prep 2A（Prep 2A）,Global Primary 英语 Prep 2A（Prep 2A）,Global Primary 英语,48,48,2880,2880,60.0,120.00,国际教育,国际教育,常规体系,常规体系,Global Primary 英语 Prep 2A,Global Primary 英语 Prep 2A,否,,可续,,,,9900.00,王露(189334),,春季,,正常,2026-03-08,2026-03-08,已审核,"走读,在线","常规面授,在线直播",在线直播,云教室小班（25人以下）,8,2025-10-11,春秋季周日16:00-18:00，寒暑假集中上课,"有教材,开课前领取",2026-08-22,8,国际教育青少部,东塘中设广场教学区,东塘A4教室,班级刷卡,6人,国外考试部,东塘中设广场教学区,2026-08-22,3,4,
"国外考试部",英语,英语,,GYDT01020A,Global Primary 英语 Prep 1A（Prep 1A）,Global Primary 英语 Prep 1A（Prep 1A）,Global Primary 英语,48,48,2880,2880,60.0,120.00,国际教育,国际教育,常规体系,常规体系,Global Primary 英语 Prep 1A,Global Primary 英语 Prep 1A,否,,可续,,,,9900.00,张婉晴(660070),,春季,,正常,2026-03-08,2026-03-08,已审核,"走读,在线","常规面授,在线直播",在线直播,云教室小班（25人以下）,8,2025-11-05,"春秋季周日10:10-12:10，寒暑假集中上课
","有教材,开课前领取",2026-08-22,8,国际教育青少部,东塘,东塘A5教室,班级刷卡,6人,国外考试部,东塘中设广场教学区,2026-08-22,3,4,
"国外考试部",全科,"阅读,写作,听力,口语",,GYDT1005B,Global Primary外语1B,Global Primary外语1A 下（FY26）,Global Primary 英语,16,16,1920,1920,120.0,120.00,国际教育,国际教育,常规体系,常规体系,Global Primary外语1A 下,Global Primary外语1A 下,否,,可续,,,,6600.00,丁顺(132248),,春季,,正常,2026-03-08,2026-03-08,已审核,"走读,在线","常规面授,在线直播",在线直播,云教室小班（25人以下）,8,2025-03-19,"春秋周日 13:30~15:30,寒暑假集中上课","有教材,开课前领取",2026-08-13,6,国际教育青少部,东塘,东塘A3教室,班级刷卡,6人,国外考试部,东塘中设广场教学区,2026-08-13,3,4,
"国外考试部",英语,英语,,GYSY02001D,Global Primary 英语 Prep 2B,Global Primary 英语 Prep 2B（PREP 2B（春/秋））,Global Primary 英语,16,16,1920,1920,120.0,120.00,国际教育,国际教育,常规体系,常规体系,Global Primary 英语 Prep 2B,Global Primary 英语 Prep 2B,否,,可续,,,,6600.00,余青青(418643),,春季,,正常,2026-05-17,2026-05-17,已审核,"走读,在线","常规面授,在线直播",在线直播,云教室小班（25人以下）,10,2025-04-27,"春秋季每周日10:30~12:30，寒暑假集中上课 ","有教材,开课前领取",2026-08-22,8,国际教育青少部,芙蓉广场,芙蓉广场5-06教室,班级刷卡,6人,国外考试部,芙蓉广场教学区,2026-08-22,3,4,
"国外考试部",全科,"阅读,写作,听力,口语",,GYSY1008C,Global Primary外语1C,Global Primary外语1B 上（FY26）,Global Primary 英语,8,8,960,960,120.0,120.00,国际教育,国际教育,常规体系,常规体系,Global Primary外语1B 上,Global Primary外语1B 上,否,,可续,,,,3300.00,唐茜(660071),,春季,,正常,2026-05-17,2026-05-17,已审核,"走读,在线","常规面授,在线直播",在线直播,云教室小班（25人以下）,10,2025-03-19,"春秋季周日13:30-15:30，寒暑假集中上课 ","有教材,开课前领取",2026-08-13,9,国际教育青少部,芙蓉广场,芙蓉广场5-05教室,班级刷卡,6人,国外考试部,芙蓉广场教学区,2026-08-13,3,4,
"国外考试部",全科,"阅读,写作,听力,口语",,GYSY1011D,Global Primary外语1D,Global Primary 外语1B 下（FY26）,Global Primary 英语,16,16,1920,1920,120.0,120.00,国际教育,国际教育,常规体系,常规体系,Global Primary外语1B 下,Global Primary 外语1B 下,否,,可续,,,,6600.00,王聪(373277),,春季,,正常,2026-03-08,2026-03-08,已审核,"走读,在线","常规面授,在线直播",在线直播,云教室小班（25人以下）,10,2025-04-11,春秋周日13:30-15:30，寒暑集中上课,"有教材,开课前领取",2026-08-13,7,国际教育青少部,芙蓉广场,芙蓉广场5-09教室,班级刷卡,6人,国外考试部,芙蓉广场教学区,2026-08-13,3,4,
"国外考试部",全科,"阅读,写作,听力,口语",,GYSY2010B,Global Primary外语2B,Global Primary外语2A 下（FY26）,Global Primary 英语,16,16,1920,1920,120.0,120.00,国际教育,国际教育,常规体系,常规体系,Global Primary外语2A 下,Global Primary外语2A 下,否,,可续,,,,6600.00,陈俊颖(418642),,春季,,正常,2026-05-17,2026-05-17,已审核,"走读,在线","常规面授,在线直播",在线直播,云教室小班（25人以下）,8,2025-05-10,春秋季每周日13:30-15:30，寒暑假集中上课,"有教材,开课前领取",2026-08-22,5,国际教育青少部,芙蓉广场,芙蓉广场5-05教室,班级刷卡,6人,国外考试部,芙蓉广场教学区,2026-08-22,3,4,
"国外考试部",全科,"阅读,写作,听力,口语",,GYSY1020B,Global Primary外语1B,Global Primary外语1A 下（FY26）,Global Primary 英语,16,16,1920,1920,120.0,120.00,国际教育,国际教育,常规体系,常规体系,Global Primary外语1A 下,Global Primary外语1A 下,否,,可续,,,,6600.00,王聪(373277),,春季,,正常,2026-05-17,2026-05-17,已审核,"走读,在线","常规面授,在线直播",在线直播,云教室小班（25人以下）,10,2026-01-30,"春秋季周日10:30-12;30上课，寒暑假集中上课 ","有教材,开课前领取",2026-08-22,9,国际教育青少部,芙蓉广场,芙蓉广场16-C4教室,班级刷卡,6人,国外考试部,芙蓉广场教学区,2026-08-22,3,4,
"国外考试部",全科,"阅读,写作,听力,口语",,GYSY3005B,Global Primary外语3B,Global Primary外语3A 下（FY26）,Global Primary 英语,16,16,1920,1920,120.0,120.00,国际教育,国际教育,常规体系,常规体系,Global Primary外语3A 下,Global Primary外语3A 下,否,,可续,,,,6600.00,文萱妮(638361),,春季,,正常,2026-03-08,2026-03-08,已审核,"走读,在线","常规面授,在线直播",在线直播,云教室小班（25人以下）,7,2025-03-19,"春秋季每周日13:30-15:30, 寒暑假集中上课","有教材,开课前领取",2026-08-13,7,国际教育青少部,芙蓉广场,芙蓉广场5-05教室,班级刷卡,6人,国外考试部,芙蓉广场教学区,2026-08-13,3,4,
"国外考试部",全科,"阅读,写作,听力,口语",,GYSY3007B,Global Primary外语3B,Global Primary外语3A 下（FY26）,Global Primary 英语,16,16,1920,1920,120.0,120.00,国际教育,国际教育,常规体系,常规体系,Global Primary外语3A 下,Global Primary外语3A 下,否,,可续,,,,6600.00,陈俊颖(418642),,春季,,正常,2026-05-17,2026-05-17,已审核,"走读,在线","常规面授,在线直播",在线直播,云教室小班（25人以下）,10,2025-09-29,"春秋季每周日10:30-12:30，寒暑假集中上课 ","有教材,开课前领取",2026-08-22,8,国际教育青少部,芙蓉广场教学区,芙蓉广场5-05教室,班级刷卡,6人,国外考试部,芙蓉广场教学区,2026-08-22,3,4,
"国外考试部",英语,英语,,GYTM02003D,Global Primary 英语 Prep 2B,Global Primary 英语 Prep 2B（PREP 2B（春/秋））,Global Primary 英语,16,16,1920,1920,120.0,120.00,国际教育,国际教育,常规体系,常规体系,Global Primary 英语 Prep 2B,Global Primary 英语 Prep 2B,否,,可续,,,,6600.00,王露(189334),,春季,,正常,2026-05-17,2026-05-17,已审核,"走读,在线","常规面授,在线直播",在线直播,云教室小班（25人以下）,9,2025-04-27,春秋季每周日10:10-12:10，寒暑假集中上课,"有教材,开课前领取",2026-08-22,5,国际教育青少部,天马,天马03教室,班级刷卡,6人,国外考试部,天马教学区,2026-08-22,3,4,
"国外考试部",英语,英语,,GYSY01017A,Global Primary 英语 Prep 1A,Global Primary 英语 Prep 1A（Prep 1A）,Global Primary 英语,48,48,2880,2880,60.0,120.00,国际教育,国际教育,常规体系,常规体系,Global Primary 英语 Prep 1A,Global Primary 英语 Prep 1A,否,,可续,,,,9900.00,童瑛(589073),,春季,,正常,2026-03-15,2026-03-15,已审核,"走读,在线","常规面授,在线直播",在线直播,云教室小班（25人以下）,10,2025-09-29,秋季每周日08:00-10:00，暑假集中上课,"有教材,开课前领取",2026-08-22,7,国际教育青少部,芙蓉广场教学区,芙蓉广场5-04教室,班级刷卡,6人,国外考试部,芙蓉广场教学区,2026-08-22,3,4,
"素养智学部",双语故事表演,双语故事表演,双语故事表演,PM227A0079,双语绘本2C（暑）,双语故事表演L2暑假B2班,通用,10,10,1100,1100,110.0,"	0.00",L2,L2,常规体系,常规体系,双语故事表演L2暑假B2班,二年级双语故事表演暑假L2班,否,,连季续,二年级,二年级,二年级,2100.00,刘莉芝(416599),,暑假,暑假,正常,2026-08-18,2026-08-18,已审核,走读,常规面授,常规面授,,15,2026-02-26,每天13:50-15:40(上5休1),"有教材,开课前领取",2026-08-28,13,素养素质(智学),西子花苑旗舰店209教室,西子花苑旗舰店209教室,班级刷卡,15人,素养,西子花苑旗舰店教学区,2026-08-28,10,12,分级阅读2
"素养智学部",双语故事表演,双语故事表演,双语故事表演,PM227A0157,双语绘本2C（暑）,双语故事表演L2暑假B2班,通用,10,10,1100,1100,110.0,"	0.00",L2,L2,常规体系,常规体系,双语故事表演L2暑假B2班,二年级双语故事表演暑假L2班,否,,连季续,二年级,二年级,二年级,2100.00,夏蓉(443731),,暑假,暑假,正常,2026-08-18,2026-08-18,已审核,走读,常规面授,常规面授,,15,2026-02-26,每天16:00-17:50(上5休1),"有教材,开课前领取",2026-08-28,11,素养素质(智学),西子花苑旗舰店208教室,西子花苑旗舰店208教室,班级刷卡,15人,素养,西子花苑旗舰店教学区,2026-08-28,10,12,分级阅读2
"素养智学部",双语故事表演,双语故事表演,双语故事表演,PM627A0002,双语绘本6C+领航班（暑）,双语故事表演L6暑假C1班（C+）,通用,10,10,1100,1100,110.0,"	0.00",L6,L6,常规体系,常规体系,双语故事表演L6暑假C1班,六年级双语故事表演暑假L6班,否,,连季续,六年级(小学),六年级,六年级,2600.00,王静静(252025),,暑假,暑假,正常,2026-08-18,2026-08-18,已审核,走读,常规面授,常规面授,,18,2026-02-26,每天08:30-10:20(上5休1),"有教材,开课前领取",2026-08-28,17,素养素质(智学),井湾子教学区215教室,井湾子教学区215教室,班级刷卡,15人,素养,井湾子教学区,2026-08-28,10,12,故事会6
"素养智学部",双语故事表演,双语故事表演,双语故事表演,PMS327A0008,双语绘本K（暑）,双语故事表演S3暑假B1班,通用,10,10,900,900,90.0,"	0.00",S3,S3,常规体系,常规体系,双语故事表演S3暑假B1班,S3双语故事表演暑假S3班,否,,连季续,S3,S3,S3,1575.00,李林(580732),,暑假,暑假,正常,2026-08-05,2026-08-05,已审核,走读,常规面授,常规面授,,15,2026-02-26,每天10:00-11:30(上5休1),"有教材,开课前领取",2026-08-15,9,素养素质(智学),井湾子教学区217教室,井湾子教学区217教室,班级刷卡,15人,素养,井湾子教学区,2026-08-15,10,12,分级阅读K
"素养智学部",双语故事表演,双语故事表演,双语故事表演,PMS327A0050,双语绘本K（暑）,双语故事表演S3暑假B1班,通用,10,10,900,900,90.0,"	0.00",S3,S3,常规体系,常规体系,双语故事表演S3暑假B1班,S3双语故事表演暑假S3班,否,,连季续,S3,S3,S3,1575.00,王思(361976),,暑假,暑假,正常,2026-08-18,2026-08-18,已审核,走读,常规面授,常规面授,,15,2026-05-28,每天16:00-17:30(上5休1),"有教材,开课前领取",2026-08-28,7,素养素质(智学),雨花家园202教室,雨花家园202教室,班级刷卡,15人,素养,雨花家园教学区,2026-08-28,10,12,分级阅读K
"素养智学部",双语故事表演,双语故事表演,双语故事表演,PM427A0036,取消双语绘本4C（暑）,取消双语故事表演L4暑假B2班,通用,10,0,1100,1100,110.0,"	0.00",L4,L4,常规体系,常规体系,双语故事表演L4暑假B2班,四年级双语故事表演暑假L4班,否,,连季续,四年级,四年级,四年级,2000.00,王思(361976),,暑假,暑假,取消班,2026-08-18,,已审核,走读,常规面授,常规面授,,0,2026-02-26,每天16:00-17:50(上5休1),"有教材,开课前领取",,0,素养素质(智学),雨花家园202教室,雨花家园202教室,班级刷卡,15人,素养,雨花家园教学区,2026-08-28,10,12,分级阅读4
"素养智学部",双语故事表演,双语故事表演,双语故事表演,PM327A0102,取消(取消)双语绘本3C（暑）,取消双语故事表演L3暑假B2班,通用,10,0,1100,1100,110.0,"	0.00",L3,L3,常规体系,常规体系,双语故事表演L3暑假B2班,三年级双语故事表演暑假L3班,否,,连季续,三年级,三年级,三年级,2000.00,刘兰(391104),,暑假,暑假,取消班,2026-08-18,,已审核,走读,常规面授,常规面授,,0,2026-02-26,每天10:40-12:30(上5休1),"有教材,开课前领取",,0,素养素质(智学),梅岭国际204教室,梅岭国际204教室,班级刷卡,15人,素养,梅岭国际教学区,2026-08-28,10,12,分级阅读3
"素养智学部",双语故事表演,双语故事表演,双语故事表演,PMS327A0023,取消(取消)双语绘本K（暑）,取消双语故事表演S3暑假B1班,通用,10,0,900,900,90.0,"	0.00",S3,S3,常规体系,常规体系,双语故事表演S3暑假B1班,S3双语故事表演暑假S3班,否,,连季续,S3,S3,S3,1575.00,刘丹(666965),,暑假,暑假,取消班,2026-07-23,,已审核,走读,常规面授,常规面授,,0,2026-02-26,每天08:30-10:00(上5休1),"有教材,开课前领取",,0,素养素质(智学),八方小区206教室,八方小区206教室,班级刷卡,15人,素养,八方小区教学区,2026-08-02,10,12,分级阅读K
"素养智学部",双语故事表演,双语故事表演,双语故事表演,PM127A0127,取消(取消)双语绘本1C（暑）,取消双语故事表演L1暑假B2班,通用,10,0,1100,1100,110.0,"	0.00",L1,L1,常规体系,常规体系,双语故事表演L1暑假B2班,一年级双语故事表演暑假L1班,否,,连季续,一年级,一年级,一年级,2100.00,张涵(652450),,暑假,暑假,取消班,2026-07-23,,已审核,走读,常规面授,常规面授,,0,2026-02-26,每天13:50-15:40(上5休1),"有教材,开课前领取",,0,素养素质(智学),梅溪湖南206教室,梅溪湖南206教室,班级刷卡,15人,素养,梅溪湖南教学区,2026-08-02,10,12,分级阅读1
"素养智学部",科创,科创,机器人编程,SZ27AJQ173,机器人L2（暑）,机器人编程L1-4段暑假班,通用,10,10,900,900,90.0,"	0.00",L1,L1,常规体系,常规体系,机器人编程L1-4段暑假班,一年级机器人编程暑假L1班,否,,连季续,一年级,一年级,一年级,1800.00,张智博(411871),,暑假,暑假,正常,2026-08-18,2026-08-18,已审核,"走读,在线","常规面授,在线直播",在线直播,云教室小班（25人以下）,12,2026-04-16,每天14:00-15:30（上5休1）,"有教材,开课前领取",2026-08-28,4,素养素质(智学),梅岭国际211教室,梅岭国际211教室,班级刷卡,12人,素质,梅岭国际教学区,2026-08-28,8,10,机器人编程L1
"素养智学部",科创,科创,机器人编程,SZ27AJQ026,机器人L2（暑）,机器人编程L1-4段暑假班,通用,10,10,900,900,90.0,"	0.00",L1,L1,常规体系,常规体系,机器人编程L1-4段暑假班,一年级机器人编程暑假L1班,否,,连季续,一年级,一年级,一年级,1800.00,饶泽宾(414346),,暑假,暑假,正常,2026-08-18,2026-08-18,已审核,"走读,在线","常规面授,在线直播",在线直播,云教室小班（25人以下）,12,2025-07-31,每天16:00-17:30（上5休1）,"有教材,开课前领取",2026-08-28,9,素养素质(智学),方圆荟302自习室,方圆荟302自习室,班级刷卡,12人,素质,方圆荟智慧空间,2026-08-27,8,10,机器人编程L1
"素养智学部",科创,科创,机器人编程,SZ27AJQ073,机器人L2（暑）,机器人编程L1-4段暑假班,通用,10,10,900,900,90.0,"	0.00",L1,L1,常规体系,常规体系,机器人编程L1-4段暑假班,一年级机器人编程暑假L1班,否,,连季续,一年级,一年级,一年级,1800.00,饶泽宾(414346),,暑假,暑假,正常,2026-08-18,2026-08-18,已审核,"走读,在线","常规面授,在线直播",在线直播,云教室小班（25人以下）,12,2025-07-31,每天10:40-12:10（上5休1）,"有教材,开课前领取",2026-08-28,9,素养素质(智学),方圆荟302自习室,方圆荟302自习室,班级刷卡,12人,素质,方圆荟智慧空间,2026-08-27,8,10,机器人编程L1
"素养智学部",科创,科创,机器人编程,SZ27AJQ081,机器人L1（暑）,机器人编程S3-4段暑假班,通用,10,10,900,900,90.0,"	0.00",S3,S3,常规体系,常规体系,机器人编程S3-4段暑假班,S3机器人编程暑假S3班,否,,连季续,S3,S3,S3,1800.00,张智博(411871),,暑假,暑假,正常,2026-08-18,2026-08-18,已审核,"走读,在线","常规面授,在线直播",在线直播,云教室小班（25人以下）,12,2025-07-31,每天09:00-10:30（上5休1）,"有教材,开课前领取",2026-08-28,7,素养素质(智学),梅岭国际211教室,梅岭国际211教室,班级刷卡,12人,素质,梅岭国际教学区,2026-08-27,8,10,机器人编程S3
"素养智学部",双语故事表演,双语故事表演,双语故事表演,PMS227A0003,取消双语绘本PK（暑）,取消双语故事表演预备级S2暑假B2班,通用,10,0,900,900,90.0,"	0.00",S2,S2,常规体系,常规体系,双语故事表演预备级S2暑假B2班,S2双语故事表演暑假S2班,否,,连季续,S2,S2,S2,2250.00,,,暑假,暑假,取消班,2026-07-23,,已审核,走读,常规面授,常规面授,,0,2026-02-26,每天16:00-17:30(上5休1),"有教材,开课前领取",,0,素养素质(智学),美林银谷315教室,美林银谷315教室,班级刷卡,10人,素养,美林银谷教学区,2026-08-02,7,7,分级阅读K
"素养智学部",博文妙笔,博文妙笔,博文妙笔,BW127A0020,博文口才 1（暑）,博文妙笔L1暑假B1班,通用,10,10,1100,1100,110.0,"	0.00",L1,L1,常规体系,常规体系,博文妙笔L1暑假B1班,一年级博文妙笔暑假L1班,否,,连季续,一年级,一年级,一年级,2100.00,张幸(184160),,暑假,暑假,正常,2026-07-23,2026-07-23,已审核,走读,常规面授,常规面授,,16,2026-02-26,每天08:30-10:20(上5休1),"有教材,开课前领取",2026-08-02,12,素养素质(智学),东塘201教室,东塘201教室,班级刷卡,15人,素养,东塘教学区,2026-08-02,10,12,语商表达1
"素养智学部",双语故事表演,双语故事表演,双语故事表演,PM227A0217,双语绘本2C（暑）,双语故事表演L2暑假B2班,通用,10,10,1100,1100,110.0,"	0.00",L2,L2,常规体系,常规体系,双语故事表演L2暑假B2班,二年级双语故事表演暑假L2班,否,,连季续,二年级,二年级,二年级,2100.00,贾逸晴(675564),,暑假,暑假,正常,2026-08-18,2026-08-18,已审核,走读,常规面授,常规面授,,16,2026-02-26,每天08:30-10:20(上5休1),"有教材,开课前领取",2026-08-28,16,素养素质(智学),月亮岛306教室,月亮岛306教室,班级刷卡,15人,素养,月亮岛教学区,2026-08-28,10,12,分级阅读2
"素养智学部",双语故事表演,双语故事表演,双语故事表演,PMS327A0024,取消双语绘本K（暑）,取消双语故事表演S3暑假B1班,通用,10,0,900,900,90.0,"	0.00",S3,S3,常规体系,常规体系,双语故事表演S3暑假B1班,S3双语故事表演暑假S3班,否,,连季续,S3,S3,S3,1575.00,刘丹(666965),,暑假,暑假,取消班,2026-07-23,,已审核,走读,常规面授,常规面授,,0,2026-02-26,每天10:40-12:10(上5休1),"有教材,开课前领取",,0,素养素质(智学),八方小区206教室,八方小区206教室,班级刷卡,15人,素养,八方小区教学区,2026-08-02,10,12,分级阅读K
"素养智学部",数学,数学,数学,SXZH6A0154,思维智慧6A（暑）,六年级数学暑假A1服务（默认A）,通用,10,10,1200,1200,120.0,"	0.00",TG,TG,常规体系,常规体系,六年级数学暑假A1服务,六年级数学A暑假智慧学习空间,否,,连季续,六年级(小学),六年级,六年级,2000.00,蔡平(612639),,暑假,暑假,正常,2026-08-18,2026-08-18,已审核,"走读,在线","常规面授,在线录播",在线录播,智慧学习机,24,2026-02-27,每天08:30-10:30(上5休1）,"有教材,开课前领取",2026-08-28,20,学习机托管(智学),湘江世纪城310教室,湘江世纪城310教室,班级刷卡,20人,学习机托管,湘江世纪城教学区,2026-08-28,12,12,六年级数学
"素养智学部",数学,数学,数学,SXZH5A0179,思维智慧5A（暑）,五年级数学暑假A1服务（默认A）,通用,10,10,1200,1200,120.0,"	0.00",TG,TG,常规体系,常规体系,五年级数学暑假A1服务,五年级数学A暑假智慧学习空间,否,,连季续,五年级,五年级,五年级,2000.00,徐嘉怡(438345),,暑假,暑假,正常,2026-08-18,2026-08-18,已审核,"走读,在线","常规面授,在线录播",在线录播,智慧学习机,24,2026-04-16,每天13:50-15:50(上5休1）,"有教材,开课前领取",2026-08-28,24,学习机托管(智学),二十四品04自习室,二十四品04自习室,班级刷卡,20人,学习机托管,二十四品教学区,2026-08-28,12,12,五年级数学
"素养智学部",数学,数学,数学,SXZH4A0677,思维智慧4A（暑）,四年级数学暑假A2服务（默认A）,通用,10,10,1200,1200,120.0,"	0.00",TG,TG,常规体系,常规体系,四年级数学暑假A2服务,四年级数学A暑假智慧学习空间,否,,连季续,四年级,四年级,四年级,2000.00,李圳(438236),,暑假,暑假,正常,2026-08-18,2026-08-18,已审核,"走读,在线","常规面授,在线录播",在线录播,智慧学习机,22,2026-04-30,每天08:30-10:30(上5休1）,"有教材,开课前领取",2026-08-28,18,学习机托管(智学),梅岭国际2自习室,梅岭国际2自习室,班级刷卡,20人,学习机托管,梅岭国际教学区,2026-08-28,12,12,四年级数学
"素养智学部",双语故事表演,双语故事表演,双语故事表演,PM127A0059,双语绘本1C（暑）,双语故事表演L1暑假B2班,通用,10,10,1100,1100,110.0,"	0.00",L1,L1,常规体系,常规体系,双语故事表演L1暑假B2班,一年级双语故事表演暑假L1班,否,,连季续,一年级,一年级,一年级,2100.00,徐思婷(131792),,暑假,暑假,正常,2026-08-18,2026-08-18,已审核,走读,常规面授,常规面授,,17,2026-02-26,每天16:00-17:50(上5休1),"有教材,开课前领取",2026-08-28,17,素养素质(智学),方圆荟305教室,方圆荟305教室,班级刷卡,15人,素养,方圆荟智慧空间,2026-08-28,10,12,分级阅读1
"素养智学部",脑力与思维,脑力与思维,脑力与思维,SW27A0008,SX暑假毕业指导专项6,六年级脑力与思维暑假YL1班,通用,12,12,1440,1440,120.0,"	0.00",YL1,YL1,专项体系,专项体系,六年级脑力与思维暑假YL1班,六年级脑力与思维暑假体验班,否,,不可续,六年级(小学),六年级,六年级,1440.00,张媛媛(164583),,暑假,暑假,正常,2026-07-23,2026-07-23,已审核,走读,常规面授,常规面授,,18,2026-05-20,每天14:00-16:00(上6休1),"有教材,开课前领取",2026-08-04,9,素养素质(智学),雨花家园209教室,雨花家园209教室,班级刷卡,15人,素养,雨花家园教学区,2026-08-04,10,12,思维6
"素养智学部",脑力与思维,脑力与思维,脑力与思维,SW27A0007,SX暑假毕业指导专项6,六年级脑力与思维暑假YL1班,通用,12,12,1440,1440,120.0,"	0.00",YL1,YL1,专项体系,专项体系,六年级脑力与思维暑假YL1班,六年级脑力与思维暑假体验班,否,,不可续,六年级(小学),六年级,六年级,1440.00,张媛媛(164583),,暑假,暑假,正常,2026-07-23,2026-07-23,已审核,走读,常规面授,常规面授,,17,2026-05-15,每天10:40-12:40(上6休1）,"有教材,开课前领取",2026-08-04,11,素养素质(智学),雨花家园209教室,雨花家园209教室,班级刷卡,15人,素养,雨花家园教学区,2026-08-04,10,12,思维6
"素养智学部",脑力与思维,脑力与思维,脑力与思维,SW327A0017,脑力思维3B+（暑）,脑力与思维L3暑假B1班,通用,10,10,1100,1100,110.0,"	0.00",L3,L3,常规体系,常规体系,脑力与思维L3暑假B1班,三年级脑力与思维暑假L3班,否,,连季续,三年级,三年级,三年级,2000.00,孙天宜(438765),,暑假,暑假,正常,2026-08-18,2026-08-18,已审核,走读,常规面授,常规面授,,18,2026-02-26,每天08:30-10:20(上5休1),"有教材,开课前领取",2026-08-28,13,素养素质(智学),井湾子教学区206教室,井湾子教学区206教室,班级刷卡,15人,素养,井湾子教学区,2026-08-28,10,12,思维3
"素养智学部",双语故事表演,双语故事表演,双语故事表演,PM327A0204,取消双语绘本3C（暑）,取消双语故事表演L3暑假B2班,通用,10,0,1100,1100,110.0,"	0.00",L3,L3,常规体系,常规体系,双语故事表演L3暑假B2班,三年级双语故事表演暑假L3班,否,,连季续,三年级,三年级,三年级,2000.00,蒋毅(467949),,暑假,暑假,取消班,2026-08-18,,已审核,走读,常规面授,常规面授,,0,2026-04-13,每天08:30-10:20(上5休1),"有教材,开课前领取",,0,素养素质(智学),洋湖新城303教室,洋湖新城303教室,班级刷卡,15人,素养,洋湖新城教学区,2026-08-28,10,12,分级阅读3
"素养智学部",双语故事表演,双语故事表演,双语故事表演,PM227A0037,双语绘本2C+领航班（暑）,双语故事表演L2暑假C1班（C+）,通用,10,10,1100,1100,110.0,"	0.00",L2,L2,常规体系,常规体系,双语故事表演L2暑假C1班,二年级双语故事表演暑假L2班,否,,连季续,二年级,二年级,二年级,2100.00,林家美(411215),,暑假,暑假,正常,2026-07-23,2026-07-23,已审核,走读,常规面授,常规面授,,15,2026-02-26,每天10:40-12:30(上5休1),"有教材,开课前领取",2026-08-02,12,素养素质(智学),月亮岛302教室,月亮岛302教室,班级刷卡,15人,素养,月亮岛教学区,2026-08-02,10,12,分级阅读2
"素养智学部",双语故事表演,双语故事表演,双语故事表演,PM527A0009,双语绘本5C+领航班（暑）,双语故事表演L5暑假C1班（C+）,通用,10,10,1100,1100,110.0,"	0.00",L5,L5,常规体系,常规体系,双语故事表演L5暑假C1班,五年级双语故事表演暑假L5班,否,,连季续,五年级,五年级,五年级,2600.00,陈佳妮(203358),,暑假,暑假,正常,2026-08-18,2026-08-18,已审核,走读,常规面授,常规面授,,24,2026-02-26,每天13:50-15:40(上5休1),"有教材,开课前领取",2026-08-28,21,素养素质(智学),湘江世纪城309教室,湘江世纪城309教室,班级刷卡,15人,素养,湘江世纪城教学区,2026-08-28,10,12,故事会5
"素养智学部",双语故事表演,双语故事表演,双语故事表演,PM527A0085,双语绘本5C+领航班（暑）,双语故事表演L5暑假C1班（C+）,通用,10,10,1100,1100,110.0,"	0.00",L5,L5,常规体系,常规体系,双语故事表演L5暑假C1班,五年级双语故事表演暑假L5班,否,,连季续,五年级,五年级,五年级,2600.00,王裴(663449),,暑假,暑假,正常,2026-07-23,2026-07-23,已审核,走读,常规面授,常规面授,,18,2026-04-16,每天16:00-17:50(上5休1),"有教材,开课前领取",2026-08-02,11,素养素质(智学),雨花家园202教室,雨花家园202教室,班级刷卡,15人,素养,雨花家园教学区,2026-08-02,10,12,故事会5
"素养智学部",双语故事表演,双语故事表演,双语故事表演,PM627A0007,双语绘本6C+领航班（暑）,双语故事表演L6暑假C1班（C+）,通用,10,10,1100,1100,110.0,"	0.00",L6,L6,常规体系,常规体系,双语故事表演L6暑假C1班,六年级双语故事表演暑假L6班,否,,连季续,六年级(小学),六年级,六年级,2600.00,田乐萱(136825),,暑假,暑假,正常,2026-08-18,2026-08-18,已审核,走读,常规面授,常规面授,,18,2026-02-26,每天16:00-17:50(上5休1),"有教材,开课前领取",2026-08-28,15,素养素质(智学),湘江世纪城308教室,湘江世纪城308教室,班级刷卡,15人,素养,湘江世纪城教学区,2026-08-28,10,12,故事会6
"素养智学部",双语故事表演,双语故事表演,双语故事表演,PM627A0001,双语绘本6C+领航班（暑）,双语故事表演L6暑假C1班（C+）,通用,10,10,1100,1100,110.0,"	0.00",L6,L6,常规体系,常规体系,双语故事表演L6暑假C1班,六年级双语故事表演暑假L6班,否,,连季续,六年级(小学),六年级,六年级,2600.00,田乐萱(136825),,暑假,暑假,正常,2026-08-18,2026-08-18,已审核,走读,常规面授,常规面授,,18,2026-02-26,每天13:50-15:40(上5休1),"有教材,开课前领取",2026-08-28,15,素养素质(智学),湘江世纪城308教室,湘江世纪城308教室,班级刷卡,15人,素养,湘江世纪城教学区,2026-08-28,10,12,故事会6
"素养智学部",脑力与思维,脑力与思维,脑力与思维,SW327A0039,取消(取消)脑力思维3B（暑）,取消脑力与思维L3暑假B1班,通用,10,0,1100,1100,110.0,"	0.00",L3,L3,常规体系,常规体系,脑力与思维L3暑假B1班,三年级脑力与思维暑假L3班,否,,连季续,三年级,三年级,三年级,2000.00,丁金群(444560),,暑假,暑假,取消班,2026-08-18,,已审核,走读,常规面授,常规面授,,0,2026-02-26,每天16:00-17:50(上5休1),"有教材,开课前领取",,0,素养素质(智学),雨花家园301D教室,雨花家园301D教室,班级刷卡,15人,素养,雨花家园教学区,2026-08-28,10,12,思维3
"素养智学部",脑力与思维,脑力与思维,脑力与思维,SW227A0016,取消(取消)脑力思维2B（暑）,取消脑力与思维L2暑假B1班,通用,10,0,1100,1100,110.0,"	0.00",L2,L2,常规体系,常规体系,脑力与思维L2暑假B1班,二年级脑力与思维暑假L2班,否,,连季续,二年级,二年级,二年级,2100.00,陶杜昀(364487),,暑假,暑假,取消班,2026-08-18,,已审核,走读,常规面授,常规面授,,0,2026-02-26,每天08:30-10:20(上5休1),"有教材,开课前领取",,0,素养素质(智学),西子花苑旗舰店206教室,西子花苑旗舰店206教室,班级刷卡,15人,素养,西子花苑旗舰店教学区,2026-08-28,10,12,思维2
"素养智学部",双语故事表演,双语故事表演,双语故事表演,PM227A0212,取消(取消)双语绘本2C（暑）,取消双语故事表演L2暑假B2班,通用,10,0,1100,1100,110.0,"	0.00",L2,L2,常规体系,常规体系,双语故事表演L2暑假B2班,二年级双语故事表演暑假L2班,否,,连季续,二年级,二年级,二年级,2100.00,陈鑫玉(631976),,暑假,暑假,取消班,2026-08-05,,已审核,走读,常规面授,常规面授,,0,2026-02-26,每天13:50-15:40(上5休1),"有教材,开课前领取",,0,素养素质(智学),井湾子教学区202教室,井湾子教学区202教室,班级刷卡,15人,素养,井湾子教学区,2026-08-15,10,12,分级阅读2
"素养智学部",双语故事表演,双语故事表演,双语故事表演,PM227A0210,取消(取消)双语绘本2C（暑）,取消双语故事表演L2暑假B2班,通用,10,0,1100,1100,110.0,"	0.00",L2,L2,常规体系,常规体系,双语故事表演L2暑假B2班,二年级双语故事表演暑假L2班,否,,连季续,二年级,二年级,二年级,2100.00,彭娟(409141),,暑假,暑假,取消班,2026-08-18,,已审核,走读,常规面授,常规面授,,0,2026-02-26,每天13:50-15:40(上5休1),"有教材,开课前领取",,0,素养素质(智学),美林银谷314教室,美林银谷314教室,班级刷卡,15人,素养,美林银谷教学区,2026-08-28,10,12,分级阅读2
"素养智学部",脑力与思维,脑力与思维,脑力与思维,SW327A0056,取消（取消）脑力思维3C领航班（暑）,取消脑力与思维L3暑假C1班（C）,通用,10,0,1100,1100,110.0,"	0.00",L3,L3,常规体系,常规体系,脑力与思维L3暑假C1班,三年级脑力与思维暑假L3班,否,,连季续,三年级,三年级,三年级,2600.00,欧阳忆希(417573),,暑假,暑假,取消班,2026-08-18,,已审核,走读,常规面授,常规面授,,0,2026-02-26,每天13:50-15:40(上5休1),"有教材,开课前领取",,0,素养素质(智学),井湾子教学区206教室,井湾子教学区206教室,班级刷卡,15人,素养,井湾子教学区,2026-08-28,10,12,思维3
"素养智学部",博文妙笔,博文妙笔,博文妙笔,BW127A0038,博文口才 1（暑）,博文妙笔L1暑假B1班,通用,10,10,1100,1100,110.0,"	0.00",L1,L1,常规体系,常规体系,博文妙笔L1暑假B1班,一年级博文妙笔暑假L1班,否,,连季续,一年级,一年级,一年级,2100.00,刘航(214343),,暑假,暑假,正常,2026-08-18,2026-08-18,已审核,走读,常规面授,常规面授,,15,2026-05-18,每天08:30-10:20(上5休1),"有教材,开课前领取",2026-08-28,10,素养素质(智学),美林银谷309教室,美林银谷309教室,班级刷卡,15人,素养,美林银谷教学区,2026-08-28,10,12,语商表达1
"素养智学部",围棋,围棋,围棋,SZWQ27A148,围棋N1-1段班,围棋L1-1段暑假班（暑10次课100）,通用,10,10,900,900,90.0,"	0.00",L1,L1,常规体系,常规体系,围棋L1-1段暑假班,围棋L1-1段暑假班,否,,连季续,一年级,一年级,一年级,1500.00,聂翰林(435932),,暑假,暑假,正常,2026-08-18,2026-08-18,已审核,走读,常规面授,常规面授,,12,2026-02-28,每天14:00-15:30（上5休1）,"有教材,开课前领取",2026-08-28,7,素养素质(智学),西子花苑旗舰店201教室,西子花苑旗舰店201教室,班级刷卡,12人,素质,西子花苑旗舰店教学区,2026-08-28,8,10,围棋-L1
"素养智学部",科创,科创,机器人编程,SZ27ABC031,C++ L6-3段班,机器人编程L6-3段暑假班,通用,10,10,1200,1200,120.0,"	0.00",L6,L6,常规体系,常规体系,机器人编程L6-3段暑假班,六年级机器人编程暑假L6班,否,,连季续,六年级(小学),六年级,六年级,2400.00,赵宇熙(374630),,暑假,暑假,正常,2026-08-18,2026-08-18,已审核,"走读,在线","常规面授,在线直播",在线直播,云教室小班（25人以下）,12,2025-07-31,每天08:30-10:30（上5休1）,"有教材,开课前领取",2026-08-28,6,素养素质(智学),湘江世纪城312教室,湘江世纪城312教室,班级刷卡,12人,素质,湘江世纪城教学区,2026-08-27,8,10,机器人编程L6
"素养智学部",科创,科创,机器人编程,SZ27AJQ024,Python L3-1段班（暑）,机器人编程L3-1段暑假班,通用,10,10,1200,1200,120.0,"	0.00",L3,L3,常规体系,常规体系,机器人编程L3-1段暑假班,三年级机器人编程暑假L3班,否,,连季续,三年级,三年级,三年级,2400.00,赵宇熙(374630),,暑假,暑假,正常,2026-08-18,2026-08-18,已审核,"走读,在线","常规面授,在线直播",在线直播,云教室小班（25人以下）,12,2025-07-31,每天10:40-12:40（上5休1）,"有教材,开课前领取",2026-08-28,6,素养素质(智学),湘江世纪城312教室,湘江世纪城312教室,班级刷卡,12人,素质,湘江世纪城教学区,2026-08-28,8,10,机器人编程L3
"素养智学部",围棋,围棋,围棋,SZWQ27A026,围棋N8-1段班,围棋L4-3段暑假班（暑10次课100）,通用,10,10,900,900,90.0,"	0.00",L4,L4,常规体系,常规体系,围棋L4-3段暑假班,围棋L4-3段暑假班,否,,连季续,四年级,四年级,四年级,1500.00,潘志(444580),,暑假,暑假,正常,2026-08-18,2026-08-18,已审核,走读,常规面授,常规面授,,12,2025-10-22,每天16:00-17:30（上5休1）,"有教材,开课前领取",2026-08-28,6,素养素质(智学),洋湖新城304教室,洋湖新城304教室,班级刷卡,12人,素质,洋湖新城教学区,2026-08-27,8,10,围棋L4
"素养智学部",围棋,围棋,围棋,SZWQ27A0140,围棋N2-1段班,围棋L1-3段暑假班（暑10次课100）,通用,10,10,900,900,90.0,"	0.00",L1,L1,常规体系,常规体系,围棋L1-3段暑假班,围棋L1-3段暑假班,否,,连季续,一年级,一年级,一年级,1500.00,聂翰林(435932),,暑假,暑假,正常,2026-08-18,2026-08-18,已审核,走读,常规面授,常规面授,,12,2025-11-14,每天16:00-17:30（上5休1）,"有教材,开课前领取",2026-08-28,8,素养素质(智学),西子花苑旗舰店201教室,西子花苑旗舰店201教室,班级刷卡,12人,素质,西子花苑旗舰店教学区,2026-08-28,8,10,围棋-L1
"素养智学部",围棋,围棋,围棋,SZWQ27A123,围棋N3-1段班,围棋L2-1段暑假班（暑10次课100）,通用,10,10,900,900,90.0,"	0.00",L2,L2,常规体系,常规体系,围棋L2-1段暑假班,围棋L2-1段暑假班,否,,连季续,二年级,二年级,二年级,1500.00,潘志(444580),,暑假,暑假,正常,2026-08-18,2026-08-18,已审核,走读,常规面授,常规面授,,12,2025-10-22,每天10:40-12:10（上5休1）,"有教材,开课前领取",2026-08-28,10,素养素质(智学),洋湖新城304教室,洋湖新城304教室,班级刷卡,12人,素质,洋湖新城教学区,2026-08-27,8,10,围棋L2
"素养智学部",围棋,围棋,围棋,SZWQ27A138,围棋N2-1段班,围棋L1-3段暑假班（暑10次课100）,通用,10,10,900,900,90.0,"	0.00",L1,L1,常规体系,常规体系,围棋L1-3段暑假班,围棋L1-3段暑假班,否,,连季续,一年级,一年级,一年级,1500.00,潘志(444580),,暑假,暑假,正常,2026-08-18,2026-08-18,已审核,走读,常规面授,常规面授,,12,2026-02-11,每天14:00-15:30（上5休1）,"有教材,开课前领取",2026-08-28,9,素养素质(智学),洋湖新城304教室,洋湖新城304教室,班级刷卡,12人,素质,洋湖新城教学区,2026-08-28,8,10,围棋-L1
"素养智学部",英语,英语,英语,YYZH4A0482,双语智慧4B（暑）,四年级英语暑假B1服务（默认B）,通用,10,10,1200,1200,120.0,"	0.00",TG,TG,常规体系,常规体系,四年级英语暑假B1服务,四年级英语A暑假智慧学习空间,否,,连季续,四年级,四年级,四年级,2000.00,彭念慈(612650),,暑假,暑假,正常,2026-08-18,2026-08-18,已审核,"走读,在线","常规面授,在线录播",在线录播,智慧学习机,22,2026-03-18,每天16:00-18:00(上5休1),"有教材,开课前领取",2026-08-28,16,学习机托管(智学),二十四品03自习室,二十四品03自习室,班级刷卡,20人,学习机托管,二十四品教学区,2026-08-28,12,12,四年级英语
"素养智学部",数学,数学,数学,SXZH3A0279,思维智慧3B+（暑）,三年级数学暑假B1服务（默认B）,通用,10,10,1200,1200,120.0,"	0.00",TG,TG,常规体系,常规体系,三年级数学暑假B1服务,三年级数学B暑假智慧学习空间,否,,连季续,三年级,三年级,三年级,2000.00,李珠辉(144188),,暑假,暑假,正常,2026-08-18,2026-08-18,已审核,"走读,在线","常规面授,在线录播",在线录播,智慧学习机,22,2026-02-27,每天10:40-12:40(上5休1）,"有教材,开课前领取",2026-08-28,10,学习机托管(智学),北辰108教室,北辰108教室,班级刷卡,20人,学习机托管,北辰教学区,2026-08-28,12,12,三年级数学
"素养智学部",数学,数学,数学,SXZH5A0161,思维智慧5B（暑）,五年级数学暑假B1服务（默认B）,通用,10,10,1200,1200,120.0,"	0.00",TG,TG,常规体系,常规体系,五年级数学暑假B1服务,五年级数学B暑假智慧学习空间,否,,连季续,五年级,五年级,五年级,2000.00,杨丽萍(618473),,暑假,暑假,正常,2026-08-18,2026-08-18,已审核,"走读,在线","常规面授,在线录播",在线录播,智慧学习机,24,2026-02-27,每天08:30-10:30(上5休1）,"有教材,开课前领取",2026-08-28,21,学习机托管(智学),雨花家园410自习室,雨花家园410自习室,班级刷卡,20人,学习机托管,雨花家园智慧空间,2026-08-28,12,12,五年级数学
"素养智学部",数学,数学,数学,SXZH5A0163,思维智慧5B（暑）,五年级数学暑假B1服务（默认B）,通用,10,10,1200,1200,120.0,"	0.00",TG,TG,常规体系,常规体系,五年级数学暑假B1服务,五年级数学B暑假智慧学习空间,否,,连季续,五年级,五年级,五年级,2000.00,张媛媛(164583),,暑假,暑假,正常,2026-08-18,2026-08-18,已审核,"走读,在线","常规面授,在线录播",在线录播,智慧学习机,24,2026-02-27,每天16:00-18:00(上5休1）,"有教材,开课前领取",2026-08-28,17,学习机托管(智学),东塘09自习室,东塘09自习室,班级刷卡,20人,学习机托管,东塘智慧空间,2026-08-28,12,12,五年级数学
"素养智学部",数学,数学,数学,SXZH6A0151,思维智慧6B（暑）,六年级数学暑假B1服务（默认B）,通用,10,10,1200,1200,120.0,"	0.00",TG,TG,常规体系,常规体系,六年级数学暑假B1服务,六年级数学B暑假智慧学习空间,否,,连季续,六年级(小学),六年级,六年级,2000.00,张媛媛(164583),,暑假,暑假,正常,2026-08-18,2026-08-18,已审核,"走读,在线","常规面授,在线录播",在线录播,智慧学习机,24,2026-02-27,每天10:40-12:40(上5休1）,"有教材,开课前领取",2026-08-28,15,学习机托管(智学),东塘09自习室,东塘09自习室,班级刷卡,20人,学习机托管,东塘智慧空间,2026-08-28,12,12,六年级数学
"素养智学部",数学,数学,数学,SXZH5A0143,思维智慧5B（暑）,五年级数学暑假B1服务（默认B）,通用,10,10,1200,1200,120.0,"	0.00",TG,TG,常规体系,常规体系,五年级数学暑假B1服务,五年级数学B暑假智慧学习空间,否,,连季续,五年级,五年级,五年级,2000.00,李美玲(175205),,暑假,暑假,正常,2026-08-18,2026-08-18,已审核,"走读,在线","常规面授,在线录播",在线录播,智慧学习机,24,2026-02-27,每天08:30-10:30(上5休1）,"有教材,开课前领取",2026-08-28,14,学习机托管(智学),美林银谷307教室,美林银谷307教室,班级刷卡,20人,学习机托管,美林银谷教学区,2026-08-28,12,12,五年级数学
"素养智学部",英语,英语,英语,YYZH4A0419,双语智慧4B（暑）,四年级英语暑假B1服务（默认B）,通用,10,10,1200,1200,120.0,"	0.00",TG,TG,常规体系,常规体系,四年级英语暑假B1服务,四年级英语A暑假智慧学习空间,否,,连季续,四年级,四年级,四年级,2000.00,卢雨薇(302726),,暑假,暑假,正常,2026-08-18,2026-08-18,已审核,"走读,在线","常规面授,在线录播",在线录播,智慧学习机,22,2026-02-27,每天10:40-12:40(上5休1）,"有教材,开课前领取",2026-08-28,20,学习机托管(智学),井湾子02自习室,井湾子02自习室,班级刷卡,20人,学习机托管,井湾子智慧空间,2026-08-28,12,12,四年级英语
"素养智学部",数学,数学,数学,SXZH6A0147,思维智慧6B（暑）,六年级数学暑假B1服务（默认B）,通用,10,10,1200,1200,120.0,"	0.00",TG,TG,常规体系,常规体系,六年级数学暑假B1服务,六年级数学B暑假智慧学习空间,否,,连季续,六年级(小学),六年级,六年级,2000.00,李圳(438236),,暑假,暑假,正常,2026-08-18,2026-08-18,已审核,"走读,在线","常规面授,在线录播",在线录播,智慧学习机,24,2026-02-27,每天16:00-18:00(上5休1）,"有教材,开课前领取",2026-08-28,15,学习机托管(智学),梅岭国际2自习室,梅岭国际2自习室,班级刷卡,20人,学习机托管,梅岭国际教学区,2026-08-28,12,12,六年级数学
"素养智学部",数学,数学,数学,SXZH5A0137,思维智慧5B（暑）,五年级数学暑假B1服务（默认B）,通用,10,10,1200,1200,120.0,"	0.00",TG,TG,常规体系,常规体系,五年级数学暑假B1服务,五年级数学B暑假智慧学习空间,否,,连季续,五年级,五年级,五年级,2000.00,李琼霞(406791),,暑假,暑假,正常,2026-08-18,2026-08-18,已审核,"走读,在线","常规面授,在线录播",在线录播,智慧学习机,24,2026-02-27,每天16:00-18:00(上5休1）,"有教材,开课前领取",2026-08-28,13,学习机托管(智学),湘江世纪城216教室,湘江世纪城216教室,班级刷卡,20人,学习机托管,湘江世纪城教学区,2026-08-28,12,12,五年级数学
"素养智学部",数学,数学,数学,SXZH5A0158,思维智慧5B（暑）,五年级数学暑假B1服务（默认B）,通用,10,10,1200,1200,120.0,"	0.00",TG,TG,常规体系,常规体系,五年级数学暑假B1服务,五年级数学B暑假智慧学习空间,否,,连季续,五年级,五年级,五年级,2000.00,徐嘉怡(438345),,暑假,暑假,正常,2026-08-18,2026-08-18,已审核,"走读,在线","常规面授,在线录播",在线录播,智慧学习机,24,2026-02-27,每天08:30-10:30(上5休1）,"有教材,开课前领取",2026-08-28,15,学习机托管(智学),二十四品04自习室,二十四品04自习室,班级刷卡,20人,学习机托管,二十四品教学区,2026-08-28,12,12,五年级数学
"素养智学部",数学,数学,数学,SXZH5A0138,思维智慧5B（暑）,五年级数学暑假B1服务（默认B）,通用,10,10,1200,1200,120.0,"	0.00",TG,TG,常规体系,常规体系,五年级数学暑假B1服务,五年级数学B暑假智慧学习空间,否,,连季续,五年级,五年级,五年级,2000.00,岑崟(149552),,暑假,暑假,正常,2026-08-18,2026-08-18,已审核,"走读,在线","常规面授,在线录播",在线录播,智慧学习机,24,2026-02-27,每天10:40-12:40(上5休1）,"有教材,开课前领取",2026-08-28,23,学习机托管(智学),井湾子05自习室,井湾子05自习室,班级刷卡,20人,学习机托管,井湾子智慧空间,2026-08-28,12,12,五年级数学
"素养智学部",数学,数学,数学,SXZH5A0130,思维智慧5B+（暑）,五年级数学暑假B1服务（默认B）,通用,10,10,1200,1200,120.0,"	0.00",TG,TG,常规体系,常规体系,五年级数学暑假B1服务,五年级数学B暑假智慧学习空间,否,,连季续,五年级,五年级,五年级,2000.00,李琼霞(406791),,暑假,暑假,正常,2026-08-18,2026-08-18,已审核,"走读,在线","常规面授,在线录播",在线录播,智慧学习机,24,2026-02-27,每天10:40-12:40(上5休1）,"有教材,开课前领取",2026-08-28,20,学习机托管(智学),湘江世纪城216教室,湘江世纪城216教室,班级刷卡,20人,学习机托管,湘江世纪城教学区,2026-08-28,12,12,五年级数学
"素养智学部",数学,数学,数学,SXZH4A0652,思维智慧4B+（暑）,四年级数学暑假B1服务（默认B）,通用,10,10,1200,1200,120.0,"	0.00",TG,TG,常规体系,常规体系,四年级数学暑假B1服务,四年级数学B暑假智慧学习空间,否,,连季续,四年级,四年级,四年级,2000.00,谢晓圳(612660),,暑假,暑假,正常,2026-08-18,2026-08-18,已审核,"走读,在线","常规面授,在线录播",在线录播,智慧学习机,22,2026-02-27,每天10:40-12:40(上5休1）,"有教材,开课前领取",2026-08-28,16,学习机托管(智学),梅岭国际5自习室,梅岭国际5自习室,班级刷卡,20人,学习机托管,梅岭国际教学区,2026-08-28,12,12,四年级数学
"素养智学部",数学,数学,数学,SXZH4A0656,思维智慧4B+（暑）,四年级数学暑假B1服务（默认B）,通用,10,10,1200,1200,120.0,"	0.00",TG,TG,常规体系,常规体系,四年级数学暑假B1服务,四年级数学B暑假智慧学习空间,否,,连季续,四年级,四年级,四年级,2000.00,曹嘉珊(254200),,暑假,暑假,正常,2026-08-18,2026-08-18,已审核,"走读,在线","常规面授,在线录播",在线录播,智慧学习机,22,2026-02-27,每天10:40-12:40(上5休1）,"有教材,开课前领取",2026-08-28,19,学习机托管(智学),雨花家园311教室,雨花家园311教室,班级刷卡,20人,学习机托管,雨花家园教学区,2026-08-28,12,12,四年级数学
"素养智学部",数学,数学,数学,SXZH4A0648,思维智慧4B+（暑）,四年级数学暑假B1服务（默认B）,通用,10,10,1200,1200,120.0,"	0.00",TG,TG,常规体系,常规体系,四年级数学暑假B1服务,四年级数学B暑假智慧学习空间,否,,连季续,四年级,四年级,四年级,2000.00,徐铭悦(274583),,暑假,暑假,正常,2026-08-18,2026-08-18,已审核,"走读,在线","常规面授,在线录播",在线录播,智慧学习机,22,2026-02-27,每天16:00-18:00(上5休1）,"有教材,开课前领取",2026-08-28,18,学习机托管(智学),星沙筑梦自习室2,星沙筑梦自习室2,班级刷卡,20人,学习机托管,星沙筑梦教学区,2026-08-28,12,12,四年级数学
"素养智学部",数学,数学,数学,SXZH6A0149,思维智慧6B（暑）,六年级数学暑假B1服务（默认B）,通用,10,10,1200,1200,120.0,"	0.00",TG,TG,常规体系,常规体系,六年级数学暑假B1服务,六年级数学B暑假智慧学习空间,否,,连季续,六年级(小学),六年级,六年级,2000.00,李美玲(175205),,暑假,暑假,正常,2026-08-18,2026-08-18,已审核,"走读,在线","常规面授,在线录播",在线录播,智慧学习机,24,2026-02-27,每天16:00-18:00(上5休1）,"有教材,开课前领取",2026-08-28,23,学习机托管(智学),洋湖新城304自习室,洋湖新城304自习室,班级刷卡,20人,学习机托管,洋湖新城智慧空间,2026-08-28,12,12,六年级数学
"素养智学部",数学,数学,数学,SXZH6A0150,思维智慧6B（暑）,六年级数学暑假B1服务（默认B）,通用,10,10,1200,1200,120.0,"	0.00",TG,TG,常规体系,常规体系,六年级数学暑假B1服务,六年级数学B暑假智慧学习空间,否,,连季续,六年级(小学),六年级,六年级,2000.00,曹嘉珊(254200),,暑假,暑假,正常,2026-08-18,2026-08-18,已审核,"走读,在线","常规面授,在线录播",在线录播,智慧学习机,24,2026-02-27,每天13:50-15:50(上5休1）,"有教材,开课前领取",2026-08-28,19,学习机托管(智学),雨花家园311教室,雨花家园311教室,班级刷卡,20人,学习机托管,雨花家园教学区,2026-08-28,12,12,六年级数学
"素养智学部",数学,数学,数学,SXZH6A0153,思维智慧6B（暑）,六年级数学暑假B1服务（默认B）,通用,10,10,1200,1200,120.0,"	0.00",TG,TG,常规体系,常规体系,六年级数学暑假B1服务,六年级数学B暑假智慧学习空间,否,,连季续,六年级(小学),六年级,六年级,2000.00,李琼霞(406791),,暑假,暑假,正常,2026-08-18,2026-08-18,已审核,"走读,在线","常规面授,在线录播",在线录播,智慧学习机,24,2026-02-27,每天08:30-10:30(上5休1）,"有教材,开课前领取",2026-08-28,12,学习机托管(智学),湘江世纪城216教室,湘江世纪城216教室,班级刷卡,20人,学习机托管,湘江世纪城教学区,2026-08-28,12,12,六年级数学
"素养智学部",数学,数学,数学,SXZH6A0167,思维智慧6B（暑）,六年级数学暑假B1服务（默认B）,通用,10,10,1200,1200,120.0,"	0.00",TG,TG,常规体系,常规体系,六年级数学暑假B1服务,六年级数学B暑假智慧学习空间,否,,连季续,六年级(小学),六年级,六年级,2000.00,李琼霞(406791),,暑假,暑假,正常,2026-08-18,2026-08-18,已审核,"走读,在线","常规面授,在线录播",在线录播,智慧学习机,24,2026-02-27,每天18:30-20:30(上5休1）,"有教材,开课前领取",2026-08-28,13,学习机托管(智学),北辰110教室,北辰110教室,班级刷卡,20人,学习机托管,北辰教学区,2026-08-28,12,12,六年级数学
"素养智学部",英语,英语,英语,YYZH5A0382,双语智慧5B（暑）,五年级英语暑假B1服务（默认B）,通用,10,10,1200,1200,120.0,"	0.00",TG,TG,常规体系,常规体系,五年级英语暑假B1服务,五年级英语A暑假智慧学习空间,否,,连季续,五年级,五年级,五年级,2000.00,韩和平(416616),,暑假,暑假,正常,2026-08-18,2026-08-18,已审核,"走读,在线","常规面授,在线录播",在线录播,智慧学习机,24,2026-02-27,每天16:00-18:00(上5休1）,"有教材,开课前领取",2026-08-28,19,学习机托管(智学),雨花家园402自习室,雨花家园402自习室,班级刷卡,20人,学习机托管,雨花家园智慧空间,2026-08-28,12,12,五年级英语
"素养智学部",英语,英语,英语,YYZH5A0380,双语智慧5B（暑）,五年级英语暑假B1服务（默认B）,通用,10,10,1200,1200,120.0,"	0.00",TG,TG,常规体系,常规体系,五年级英语暑假B1服务,五年级英语A暑假智慧学习空间,否,,连季续,五年级,五年级,五年级,2000.00,李淑慧(383130),,暑假,暑假,正常,2026-08-18,2026-08-18,已审核,"走读,在线","常规面授,在线录播",在线录播,智慧学习机,24,2026-02-27,每天16:00-18:00(上5休1）,"有教材,开课前领取",2026-08-28,18,学习机托管(智学),雨花家园404自习室,雨花家园404自习室,班级刷卡,20人,学习机托管,雨花家园智慧空间,2026-08-28,12,12,五年级英语
"素养智学部",英语,英语,英语,YYZH6A0704,双语智慧6A（暑）,六年级英语暑假A2服务（默认A）,通用,10,10,1200,1200,120.0,"	0.00",TG,TG,常规体系,常规体系,六年级英语暑假A2服务,六年级英语A暑假智慧学习空间,否,,连季续,六年级(小学),六年级,六年级,2000.00,龚晓雪(438835),,暑假,暑假,正常,2026-08-18,2026-08-18,已审核,"走读,在线","常规面授,在线录播",在线录播,智慧学习机,24,2026-02-27,每天16:00-18:00(上5休1）,"有教材,开课前领取",2026-08-28,22,学习机托管(智学),星沙筑梦自习室3,星沙筑梦自习室3,班级刷卡,20人,学习机托管,星沙筑梦教学区,2026-08-28,12,12,六年级英语
"素养智学部",英语,英语,英语,YYZH5A0372,双语智慧5B（暑）,五年级英语暑假B1服务（默认B）,通用,10,10,1200,1200,120.0,"	0.00",TG,TG,常规体系,常规体系,五年级英语暑假B1服务,五年级英语A暑假智慧学习空间,否,,连季续,五年级,五年级,五年级,2000.00,符寒惠(443718),,暑假,暑假,正常,2026-08-18,2026-08-18,已审核,"走读,在线","常规面授,在线录播",在线录播,智慧学习机,24,2026-02-27,每天08:30-10:30(上5休1）,"有教材,开课前领取",2026-08-28,22,学习机托管(智学),湘江世纪城206教室,湘江世纪城206教室,班级刷卡,20人,学习机托管,湘江世纪城教学区,2026-08-28,12,12,五年级英语
"素养智学部",英语,英语,英语,YYZH5A0370,双语智慧5B（暑）,五年级英语暑假B1服务（默认B）,通用,10,10,1200,1200,120.0,"	0.00",TG,TG,常规体系,常规体系,五年级英语暑假B1服务,五年级英语A暑假智慧学习空间,否,,连季续,五年级,五年级,五年级,2000.00,肖汝平(401698),,暑假,暑假,正常,2026-08-18,2026-08-18,已审核,"走读,在线","常规面授,在线录播",在线录播,智慧学习机,24,2026-02-27,每天13:50-15:50(上5休1）,"有教材,开课前领取",2026-08-28,15,学习机托管(智学),东塘10自习室,东塘10自习室,班级刷卡,20人,学习机托管,东塘智慧空间,2026-08-28,12,12,五年级英语
"素养智学部",英语,英语,英语,YYZH6A0694,双语智慧6A（暑）,六年级英语暑假A2服务（默认A）,通用,10,10,1200,1200,120.0,"	0.00",TG,TG,常规体系,常规体系,六年级英语暑假A2服务,六年级英语A暑假智慧学习空间,否,,连季续,六年级(小学),六年级,六年级,2000.00,符寒惠(443718),,暑假,暑假,正常,2026-08-18,2026-08-18,已审核,"走读,在线","常规面授,在线录播",在线录播,智慧学习机,24,2026-02-27,每天10:40-12:40(上5休1）,"有教材,开课前领取",2026-08-28,24,学习机托管(智学),湘江世纪城206教室,湘江世纪城206教室,班级刷卡,20人,学习机托管,湘江世纪城教学区,2026-08-28,12,12,六年级英语
"素养智学部",英语,英语,英语,YYZH6A0693,双语智慧6A（暑）,六年级英语暑假A2服务（默认A）,通用,10,10,1200,1200,120.0,"	0.00",TG,TG,常规体系,常规体系,六年级英语暑假A2服务,六年级英语A暑假智慧学习空间,否,,连季续,六年级(小学),六年级,六年级,2000.00,彭翠霞(399939),,暑假,暑假,正常,2026-08-18,2026-08-18,已审核,"走读,在线","常规面授,在线录播",在线录播,智慧学习机,24,2026-02-27,每天08:30-10:30(上5休1）,"有教材,开课前领取",2026-08-28,23,学习机托管(智学),西子花苑06自习室,西子花苑06自习室,班级刷卡,20人,学习机托管,西子花苑智慧空间,2026-08-28,12,12,六年级英语
"素养智学部",英语,英语,英语,YYZH5A0363,双语智慧5A（暑）,五年级英语暑假B1服务（默认A）,通用,10,10,1200,1200,120.0,"	0.00",TG,TG,常规体系,常规体系,五年级英语暑假B1服务,五年级英语A暑假智慧学习空间,否,,连季续,五年级,五年级,五年级,2000.00,龚晓雪(438835),,暑假,暑假,正常,2026-08-18,2026-08-18,已审核,"走读,在线","常规面授,在线录播",在线录播,智慧学习机,24,2026-02-27,每天10:40-12:40(上5休1）,"有教材,开课前领取",2026-08-28,23,学习机托管(智学),星沙筑梦自习室3,星沙筑梦自习室3,班级刷卡,20人,学习机托管,星沙筑梦教学区,2026-08-28,12,12,五年级英语
"素养智学部",英语,英语,英语,YYZH5A0360,双语智慧5B（暑）,五年级英语暑假B1服务（默认B）,通用,10,10,1200,1200,120.0,"	0.00",TG,TG,常规体系,常规体系,五年级英语暑假B1服务,五年级英语A暑假智慧学习空间,否,,连季续,五年级,五年级,五年级,2000.00,肖汝平(401698),,暑假,暑假,正常,2026-08-18,2026-08-18,已审核,"走读,在线","常规面授,在线录播",在线录播,智慧学习机,24,2026-02-27,每天10:40-12:40(上5休1）,"有教材,开课前领取",2026-08-28,21,学习机托管(智学),东塘10自习室,东塘10自习室,班级刷卡,20人,学习机托管,东塘智慧空间,2026-08-28,12,12,五年级英语
"素养智学部",英语,英语,英语,YYZH5A0355,双语智慧5B（暑）,五年级英语暑假B1服务（默认B）,通用,10,10,1200,1200,120.0,"	0.00",TG,TG,常规体系,常规体系,五年级英语暑假B1服务,五年级英语A暑假智慧学习空间,否,,连季续,五年级,五年级,五年级,2000.00,李淑慧(383130),,暑假,暑假,正常,2026-08-18,2026-08-18,已审核,"走读,在线","常规面授,在线录播",在线录播,智慧学习机,24,2026-02-27,每天10:40-12:40(上5休1）,"有教材,开课前领取",2026-08-28,21,学习机托管(智学),雨花家园404自习室,雨花家园404自习室,班级刷卡,20人,学习机托管,雨花家园智慧空间,2026-08-28,12,12,五年级英语
"素养智学部",英语,英语,英语,YYZH6A0680,双语智慧6A（暑）,六年级英语暑假A2服务（默认A）,通用,10,10,1200,1200,120.0,"	0.00",TG,TG,常规体系,常规体系,六年级英语暑假A2服务,六年级英语A暑假智慧学习空间,否,,连季续,六年级(小学),六年级,六年级,2000.00,蒋雪梅(616605),,暑假,暑假,正常,2026-08-18,2026-08-18,已审核,"走读,在线","常规面授,在线录播",在线录播,智慧学习机,24,2026-02-27,每天13:50-15:50(上5休1）,"有教材,开课前领取",2026-08-28,22,学习机托管(智学),中信02自习室,中信02自习室,班级刷卡,20人,学习机托管,中信教学区,2026-08-28,12,12,六年级英语
"素养智学部",英语,英语,英语,YYZH6A0679,双语智慧6A（暑）,六年级英语暑假A2服务（默认A）,通用,10,10,1200,1200,120.0,"	0.00",TG,TG,常规体系,常规体系,六年级英语暑假A2服务,六年级英语A暑假智慧学习空间,否,,连季续,六年级(小学),六年级,六年级,2000.00,顾水雯(583156),,暑假,暑假,正常,2026-08-18,2026-08-18,已审核,"走读,在线","常规面授,在线录播",在线录播,智慧学习机,24,2026-02-27,每天08:30-10:30(上5休1）,"有教材,开课前领取",2026-08-28,20,学习机托管(智学),洋湖新城305自习室,洋湖新城305自习室,班级刷卡,20人,学习机托管,洋湖新城智慧空间,2026-08-28,12,12,六年级英语
"素养智学部",英语,英语,英语,YYZH5A0352,双语智慧5B（暑）,五年级英语暑假B1服务（默认B）,通用,10,10,1200,1200,120.0,"	0.00",TG,TG,常规体系,常规体系,五年级英语暑假B1服务,五年级英语A暑假智慧学习空间,否,,连季续,五年级,五年级,五年级,2000.00,彭翠霞(399939),,暑假,暑假,正常,2026-08-18,2026-08-18,已审核,"走读,在线","常规面授,在线录播",在线录播,智慧学习机,24,2026-02-27,每天10:40-12:40(上5休1）,"有教材,开课前领取",2026-08-28,20,学习机托管(智学),西子花苑06自习室,西子花苑06自习室,班级刷卡,20人,学习机托管,西子花苑智慧空间,2026-08-28,12,12,五年级英语
"素养智学部",英语,英语,英语,YYZH6A0669,双语智慧6A（暑）,六年级英语暑假A2服务（默认A）,通用,10,10,1200,1200,120.0,"	0.00",TG,TG,常规体系,常规体系,六年级英语暑假A2服务,六年级英语A暑假智慧学习空间,否,,连季续,六年级(小学),六年级,六年级,2000.00,赵岑岑(189338),,暑假,暑假,正常,2026-08-18,2026-08-18,已审核,"走读,在线","常规面授,在线录播",在线录播,智慧学习机,24,2026-02-27,每天13:50-15:50(上5休1）,"有教材,开课前领取",2026-08-28,20,学习机托管(智学),梅岭国际6自习室,梅岭国际6自习室,班级刷卡,20人,学习机托管,梅岭国际教学区,2026-08-28,12,12,六年级英语
"素养智学部",英语,英语,英语,YYZH4A0432,双语智慧4A（暑）,四年级英语暑假B1服务（默认A）,通用,10,10,1200,1200,120.0,"	0.00",TG,TG,常规体系,常规体系,四年级英语暑假B1服务,四年级英语A暑假智慧学习空间,否,,连季续,四年级,四年级,四年级,2000.00,王德波(349391),,暑假,暑假,正常,2026-08-18,2026-08-18,已审核,"走读,在线","常规面授,在线录播",在线录播,智慧学习机,22,2026-02-27,每天10:40-12:40(上5休1）,"有教材,开课前领取",2026-08-28,20,学习机托管(智学),西子花苑12自习室,西子花苑12自习室,班级刷卡,20人,学习机托管,西子花苑智慧空间,2026-08-28,12,12,四年级英语
"素养智学部",英语,英语,英语,YYZH6A0658,双语智慧6A（暑）,六年级英语暑假A2服务（默认A）,通用,10,10,1200,1200,120.0,"	0.00",TG,TG,常规体系,常规体系,六年级英语暑假A2服务,六年级英语A暑假智慧学习空间,否,,连季续,六年级(小学),六年级,六年级,2000.00,顾水雯(583156),,暑假,暑假,正常,2026-08-18,2026-08-18,已审核,"走读,在线","常规面授,在线录播",在线录播,智慧学习机,24,2026-02-27,每天13:50-15:50(上5休1）,"有教材,开课前领取",2026-08-28,22,学习机托管(智学),洋湖新城305自习室,洋湖新城305自习室,班级刷卡,20人,学习机托管,洋湖新城智慧空间,2026-08-28,12,12,六年级英语
"素养智学部",英语,英语,英语,YYZH6A0649,双语智慧6B（暑）,六年级英语暑假B1服务（默认B）,通用,10,10,1200,1200,120.0,"	0.00",TG,TG,常规体系,常规体系,六年级英语暑假B1服务,六年级英语B暑假智慧学习空间,否,,连季续,六年级(小学),六年级,六年级,2000.00,王德波(349391),,暑假,暑假,正常,2026-08-18,2026-08-18,已审核,"走读,在线","常规面授,在线录播",在线录播,智慧学习机,24,2026-02-27,每天13:50-15:50(上5休1）,"有教材,开课前领取",2026-08-28,12,学习机托管(智学),西子花苑12自习室,西子花苑12自习室,班级刷卡,20人,学习机托管,西子花苑智慧空间,2026-08-28,12,12,六年级英语
"素养智学部",英语,英语,英语,YYZH6A0646,双语智慧6A（暑）,六年级英语暑假A2服务（默认A）,通用,10,10,1200,1200,120.0,"	0.00",TG,TG,常规体系,常规体系,六年级英语暑假A2服务,六年级英语A暑假智慧学习空间,否,,连季续,六年级(小学),六年级,六年级,2000.00,肖汝平(401698),,暑假,暑假,正常,2026-08-18,2026-08-18,已审核,"走读,在线","常规面授,在线录播",在线录播,智慧学习机,24,2026-02-27,每天16:00-18:00(上5休1）,"有教材,开课前领取",2026-08-28,13,学习机托管(智学),东塘10自习室,东塘10自习室,班级刷卡,20人,学习机托管,东塘智慧空间,2026-08-28,12,12,六年级英语
"素养智学部",英语,英语,英语,YYZH5A0304,双语智慧5B（暑）,五年级英语暑假B1服务（默认B）,通用,10,10,1200,1200,120.0,"	0.00",TG,TG,常规体系,常规体系,五年级英语暑假B1服务,五年级英语A暑假智慧学习空间,否,,连季续,五年级,五年级,五年级,2000.00,雷路(409485),,暑假,暑假,正常,2026-08-18,2026-08-18,已审核,"走读,在线","常规面授,在线录播",在线录播,智慧学习机,24,2026-02-27,每天13:50-15:50(上5休1）,"有教材,开课前领取",2026-08-28,18,学习机托管(智学),湘江世纪城214教室,湘江世纪城214教室,班级刷卡,20人,学习机托管,湘江世纪城教学区,2026-08-28,12,12,五年级英语
"素养智学部",英语,英语,英语,YYZH4A0412,双语智慧4A（暑）,四年级英语暑假B1服务（默认A）,通用,10,10,1200,1200,120.0,"	0.00",TG,TG,常规体系,常规体系,四年级英语暑假B1服务,四年级英语A暑假智慧学习空间,否,,连季续,四年级,四年级,四年级,2000.00,龚晓雪(438835),,暑假,暑假,正常,2026-08-18,2026-08-18,已审核,"走读,在线","常规面授,在线录播",在线录播,智慧学习机,22,2026-02-27,每天13:50-15:50(上5休1）,"有教材,开课前领取",2026-08-28,21,学习机托管(智学),星沙筑梦自习室3,星沙筑梦自习室3,班级刷卡,20人,学习机托管,星沙筑梦教学区,2026-08-28,12,12,四年级英语
"素养智学部",英语,英语,英语,YYZH5A0302,双语智慧5A（暑）,五年级英语暑假B1服务（默认A）,通用,10,10,1200,1200,120.0,"	0.00",TG,TG,常规体系,常规体系,五年级英语暑假B1服务,五年级英语A暑假智慧学习空间,否,,连季续,五年级,五年级,五年级,2000.00,蒋雪梅(616605),,暑假,暑假,正常,2026-08-18,2026-08-18,已审核,"走读,在线","常规面授,在线录播",在线录播,智慧学习机,24,2026-02-27,每天10:40-12:40(上5休1）,"有教材,开课前领取",2026-08-28,24,学习机托管(智学),中信02自习室,中信02自习室,班级刷卡,20人,学习机托管,中信教学区,2026-08-28,12,12,五年级英语
"素养智学部",英语,英语,英语,YYZH5A0288,双语智慧5B（暑）,五年级英语暑假B1服务（默认B）,通用,10,10,1200,1200,120.0,"	0.00",TG,TG,常规体系,常规体系,五年级英语暑假B1服务,五年级英语A暑假智慧学习空间,否,,连季续,五年级,五年级,五年级,2000.00,卢雨薇(302726),,暑假,暑假,正常,2026-08-18,2026-08-18,已审核,"走读,在线","常规面授,在线录播",在线录播,智慧学习机,24,2026-02-27,每天13:50-15:50(上5休1）,"有教材,开课前领取",2026-08-28,19,学习机托管(智学),井湾子02自习室,井湾子02自习室,班级刷卡,20人,学习机托管,井湾子智慧空间,2026-08-28,12,12,五年级英语
"素养智学部",英语,英语,英语,YYZH5A0287,双语智慧5A（暑）,五年级英语暑假B1服务（默认A）,通用,10,10,1200,1200,120.0,"	0.00",TG,TG,常规体系,常规体系,五年级英语暑假B1服务,五年级英语A暑假智慧学习空间,否,,连季续,五年级,五年级,五年级,2000.00,何雨晨(551242),,暑假,暑假,正常,2026-08-18,2026-08-18,已审核,"走读,在线","常规面授,在线录播",在线录播,智慧学习机,24,2026-02-27,每天13:50-15:50(上5休1）,"有教材,开课前领取",2026-08-28,23,学习机托管(智学),雨花家园411自习室,雨花家园411自习室,班级刷卡,20人,学习机托管,雨花家园智慧空间,2026-08-28,12,12,五年级英语
"素养智学部",英语,英语,英语,YYZH4A0401,双语智慧4A（暑）,四年级英语暑假B1服务（默认A）,通用,10,10,1200,1200,120.0,"	0.00",TG,TG,常规体系,常规体系,四年级英语暑假B1服务,四年级英语A暑假智慧学习空间,否,,连季续,四年级,四年级,四年级,2000.00,赵丽华(230165),,暑假,暑假,正常,2026-08-18,2026-08-18,已审核,"走读,在线","常规面授,在线录播",在线录播,智慧学习机,22,2026-02-27,每天13:50-15:50(上5休1）,"有教材,开课前领取",2026-08-28,14,学习机托管(智学),梅岭国际7自习室,梅岭国际7自习室,班级刷卡,20人,学习机托管,梅岭国际教学区,2026-08-28,12,12,四年级英语
"素养智学部",英语,英语,英语,YYZH5A0281,双语智慧5A（暑）,五年级英语暑假B1服务（默认A）,通用,10,10,1200,1200,120.0,"	0.00",TG,TG,常规体系,常规体系,五年级英语暑假B1服务,五年级英语A暑假智慧学习空间,否,,连季续,五年级,五年级,五年级,2000.00,韩和平(416616),,暑假,暑假,正常,2026-08-18,2026-08-18,已审核,"走读,在线","常规面授,在线录播",在线录播,智慧学习机,24,2026-02-27,每天10:40-12:40(上5休1）,"有教材,开课前领取",2026-08-28,23,学习机托管(智学),雨花家园402自习室,雨花家园402自习室,班级刷卡,20人,学习机托管,雨花家园智慧空间,2026-08-28,12,12,五年级英语
"素养智学部",英语,英语,英语,YYZH5A0282,双语智慧5B（暑）,五年级英语暑假B1服务（默认B）,通用,10,10,1200,1200,120.0,"	0.00",TG,TG,常规体系,常规体系,五年级英语暑假B1服务,五年级英语A暑假智慧学习空间,否,,连季续,五年级,五年级,五年级,2000.00,邹文宇(404993),,暑假,暑假,正常,2026-08-18,2026-08-18,已审核,"走读,在线","常规面授,在线录播",在线录播,智慧学习机,24,2026-02-27,每天13:50-15:50(上5休1）,"有教材,开课前领取",2026-08-28,22,学习机托管(智学),晚报旗舰店106教室,晚报旗舰店106教室,班级刷卡,20人,学习机托管,晚报旗舰店教学区,2026-08-28,12,12,五年级英语
"素养智学部",数学,数学,数学,SXZH5A0162,思维智慧5B（暑）,五年级数学暑假B1服务（默认B）,通用,10,10,1200,1200,120.0,"	0.00",TG,TG,常规体系,常规体系,五年级数学暑假B1服务,五年级数学B暑假智慧学习空间,否,,连季续,五年级,五年级,五年级,2000.00,李圳(438236),,暑假,暑假,正常,2026-08-18,2026-08-18,已审核,"走读,在线","常规面授,在线录播",在线录播,智慧学习机,24,2026-02-27,每天10:40-12:40(上5休1）,"有教材,开课前领取",2026-08-28,17,学习机托管(智学),梅岭国际2自习室,梅岭国际2自习室,班级刷卡,20人,学习机托管,梅岭国际教学区,2026-08-28,12,12,五年级数学
"素养智学部",英语,英语,英语,YYZH4A0436,双语智慧4A（暑）,四年级英语暑假B1服务（默认A）,通用,10,10,1200,1200,120.0,"	0.00",TG,TG,常规体系,常规体系,四年级英语暑假B1服务,四年级英语A暑假智慧学习空间,否,,连季续,四年级,四年级,四年级,2000.00,蒋雪梅(616605),,暑假,暑假,正常,2026-08-18,2026-08-18,已审核,"走读,在线","常规面授,在线录播",在线录播,智慧学习机,22,2026-02-27,每天16:00-18:00(上5休1）,"有教材,开课前领取",2026-08-28,16,学习机托管(智学),中信02自习室,中信02自习室,班级刷卡,20人,学习机托管,中信教学区,2026-08-28,12,12,四年级英语
"素养智学部",英语,英语,英语,YYZH5A0341,双语智慧5B（暑）,五年级英语暑假B1服务（默认B）,通用,10,10,1200,1200,120.0,"	0.00",TG,TG,常规体系,常规体系,五年级英语暑假B1服务,五年级英语A暑假智慧学习空间,否,,连季续,五年级,五年级,五年级,2000.00,彭翠霞(399939),,暑假,暑假,正常,2026-08-18,2026-08-18,已审核,"走读,在线","常规面授,在线录播",在线录播,智慧学习机,24,2026-02-27,每天13:50-15:50(上5休1）,"有教材,开课前领取",2026-08-28,16,学习机托管(智学),西子花苑06自习室,西子花苑06自习室,班级刷卡,20人,学习机托管,西子花苑智慧空间,2026-08-28,12,12,五年级英语
"素养智学部",脑力与思维,脑力与思维,脑力与思维,SW327A0026,脑力思维3B（暑）,脑力与思维L3暑假B1班,通用,10,10,1100,1100,110.0,"	0.00",L3,L3,常规体系,常规体系,脑力与思维L3暑假B1班,三年级脑力与思维暑假L3班,否,,连季续,三年级,三年级,三年级,2000.00,杨春艳(613558),,暑假,暑假,正常,2026-08-18,2026-08-18,已审核,走读,常规面授,常规面授,,19,2026-02-26,每天08:30-10:20(上5休1),"有教材,开课前领取",2026-08-28,19,素养素质(智学),中信306教室,中信306教室,班级刷卡,15人,素养,中信教学区,2026-08-28,10,12,思维3
"素养智学部",双语故事表演,双语故事表演,双语故事表演,PMS327A0049,双语绘本K（暑）,双语故事表演S3暑假B1班,通用,10,10,900,900,90.0,"	0.00",S3,S3,常规体系,常规体系,双语故事表演S3暑假B1班,S3双语故事表演暑假S3班,否,,连季续,S3,S3,S3,1575.00,彭思琪(514257),,暑假,暑假,正常,2026-08-18,2026-08-18,已审核,走读,常规面授,常规面授,,15,2026-04-14,每天09:00-10:30(上5休1),"有教材,开课前领取",2026-08-28,9,素养素质(智学),井湾子教学区217教室,井湾子教学区217教室,班级刷卡,15人,素养,井湾子教学区,2026-08-28,10,12,分级阅读K
"素养智学部",博文妙笔,博文妙笔,博文妙笔,BW127A0026,博文口才 1（暑）,博文妙笔L1暑假B1班,通用,10,10,1100,1100,110.0,"	0.00",L1,L1,常规体系,常规体系,博文妙笔L1暑假B1班,一年级博文妙笔暑假L1班,否,,连季续,一年级,一年级,一年级,2100.00,陈镜如(433197),,暑假,暑假,正常,2026-08-05,2026-08-05,已审核,走读,常规面授,常规面授,,15,2026-02-26,每天10:40-12:30(上5休1),"有教材,开课前领取",2026-08-15,7,素养素质(智学),中信304教室,中信304教室,班级刷卡,15人,素养,中信教学区,2026-08-15,10,12,语商表达1
"素养智学部",博文妙笔,博文妙笔,博文妙笔,BW127A0028,博文口才 1（暑）,博文妙笔L1暑假B1班,通用,10,10,1100,1100,110.0,"	0.00",L1,L1,常规体系,常规体系,博文妙笔L1暑假B1班,一年级博文妙笔暑假L1班,否,,连季续,一年级,一年级,一年级,2100.00,张君梁(265419),,暑假,暑假,正常,2026-08-18,2026-08-18,已审核,走读,常规面授,常规面授,,15,2026-02-26,每天13:50-15:40(上5休1),"有教材,开课前领取",2026-08-28,11,素养素质(智学),雨花家园208教室,雨花家园208教室,班级刷卡,15人,素养,雨花家园教学区,2026-08-28,10,12,语商表达1
"素养智学部",博文妙笔,博文妙笔,博文妙笔,BW327A0022,博文口才 3（暑）,博文妙笔L3暑假B1班,通用,10,10,1100,1100,110.0,"	0.00",L3,L3,常规体系,常规体系,博文妙笔L3暑假B1班,三年级博文妙笔暑假L3班,否,,连季续,三年级,三年级,三年级,2000.00,付丹(119114),,暑假,暑假,正常,2026-07-23,2026-07-23,已审核,走读,常规面授,常规面授,,18,2026-02-26,每天10:40-12:30(上5休1),"有教材,开课前领取",2026-08-02,8,素养素质(智学),西子花苑旗舰店210教室,西子花苑旗舰店210教室,班级刷卡,15人,素养,西子花苑旗舰店教学区,2026-08-02,10,12,语商表达3
"素养智学部",博文妙笔,博文妙笔,博文妙笔,BW327A0028,博文口才 3（暑）,博文妙笔L3暑假B1班,通用,10,10,1100,1100,110.0,"	0.00",L3,L3,常规体系,常规体系,博文妙笔L3暑假B1班,三年级博文妙笔暑假L3班,否,,连季续,三年级,三年级,三年级,2000.00,李晓倩(387250),,暑假,暑假,正常,2026-08-18,2026-08-18,已审核,走读,常规面授,常规面授,,18,2026-02-26,每天08:30-10:20(上5休1),"有教材,开课前领取",2026-08-28,4,素养素质(智学),星沙湘龙309教室,星沙湘龙309教室,班级刷卡,15人,素养,星沙湘龙教学区,2026-08-28,10,12,语商表达3
"素养智学部",双语故事表演,双语故事表演,双语故事表演,PM127A0094,双语绘本1B（暑）,双语故事表演L1暑假B2班,通用,10,10,1100,1100,110.0,"	0.00",L1,L1,常规体系,常规体系,双语故事表演L1暑假B2班,一年级双语故事表演暑假L1班,否,,连季续,一年级,一年级,一年级,2100.00,陈洁茹(302725),,暑假,暑假,正常,2026-08-18,2026-08-18,已审核,走读,常规面授,常规面授,,15,2026-02-26,每天10:40-12:30(上5休1),"有教材,开课前领取",2026-08-28,13,素养素质(智学),美林银谷301教室,美林银谷301教室,班级刷卡,15人,素养,美林银谷教学区,2026-08-28,10,12,分级阅读1
"素养智学部",双语故事表演,双语故事表演,双语故事表演,PMS327A0027,双语绘本K（暑）,双语故事表演S3暑假B1班,通用,10,10,900,900,90.0,"	0.00",S3,S3,常规体系,常规体系,双语故事表演S3暑假B1班,S3双语故事表演暑假S3班,否,,连季续,S3,S3,S3,1575.00,史好(621266),,暑假,暑假,正常,2026-07-23,2026-07-23,已审核,走读,常规面授,常规面授,,15,2026-02-26,每天16:00-17:30(上5休1),"有教材,开课前领取",2026-08-02,12,素养素质(智学),浏城桥502教室（新）,浏城桥502教室（新）,班级刷卡,15人,素养,浏城桥教学区,2026-08-02,10,12,分级阅读K
"素养智学部",脑力与思维,脑力与思维,脑力与思维,SW127A0003,脑力思维1B（暑）,脑力与思维L1暑假B1班,通用,10,10,1100,1100,110.0,"	0.00",L1,L1,常规体系,常规体系,脑力与思维L1暑假B1班,一年级脑力与思维暑假L1班,否,,连季续,一年级,一年级,一年级,2100.00,王晓玉(438791),,暑假,暑假,正常,2026-07-23,2026-07-23,已审核,走读,常规面授,常规面授,,15,2026-02-26,每天08:30-10:20(上5休1),"有教材,开课前领取",2026-08-02,7,素养素质(智学),月亮岛303教室,月亮岛303教室,班级刷卡,15人,素养,月亮岛教学区,2026-08-02,10,12,思维1
"素养智学部",脑力与思维,脑力与思维,脑力与思维,SW127A0025,脑力思维1B（暑）,脑力与思维L1暑假B1班,通用,10,10,1100,1100,110.0,"	0.00",L1,L1,常规体系,常规体系,脑力与思维L1暑假B1班,一年级脑力与思维暑假L1班,否,,连季续,一年级,一年级,一年级,2100.00,邹沁婷(364799),,暑假,暑假,正常,2026-07-23,2026-07-23,已审核,走读,常规面授,常规面授,,15,2026-02-26,每天10:40-12:30(上5休1),"有教材,开课前领取",2026-08-02,5,素养素质(智学),洋湖卓伯根209教室,洋湖卓伯根209教室,班级刷卡,15人,素养,洋湖卓伯根教学区,2026-08-02,10,12,思维1
"素养智学部",博文妙笔,博文妙笔,博文妙笔,BW327A0048,博文口才 3（暑）,博文妙笔L3暑假B1班,通用,10,10,1100,1100,110.0,"	0.00",L3,L3,常规体系,常规体系,博文妙笔L3暑假B1班,三年级博文妙笔暑假L3班,否,,连季续,三年级,三年级,三年级,2000.00,吕琛(332789),,暑假,暑假,正常,2026-08-18,2026-08-18,已审核,走读,常规面授,常规面授,,18,2026-03-22,每天16:00-17:50(上5休1),"有教材,开课前领取",2026-08-28,9,素养素质(智学),井湾子教学区211教室,井湾子教学区211教室,班级刷卡,15人,素养,井湾子教学区,2026-08-28,10,12,语商表达3
"素养智学部",双语故事表演,双语故事表演,双语故事表演,PM227A0174,双语绘本2C（暑）,双语故事表演L2暑假B2班,通用,10,10,1100,1100,110.0,"	0.00",L2,L2,常规体系,常规体系,双语故事表演L2暑假B2班,二年级双语故事表演暑假L2班,否,,连季续,二年级,二年级,二年级,2100.00,陈静(365957),,暑假,暑假,正常,2026-08-18,2026-08-18,已审核,走读,常规面授,常规面授,,15,2026-02-26,每天10:40-12:30(上5休1),"有教材,开课前领取",2026-08-28,14,素养素质(智学),东塘201教室,东塘201教室,班级刷卡,15人,素养,东塘教学区,2026-08-28,10,12,分级阅读2
"素养智学部",双语故事表演,双语故事表演,双语故事表演,PM227A0127,双语绘本2C（暑）,双语故事表演L2暑假B2班,通用,10,10,1100,1100,110.0,"	0.00",L2,L2,常规体系,常规体系,双语故事表演L2暑假B2班,二年级双语故事表演暑假L2班,否,,连季续,二年级,二年级,二年级,2100.00,庹芯瑷(438752),,暑假,暑假,正常,2026-08-18,2026-08-18,已审核,走读,常规面授,常规面授,,15,2026-02-26,每天16:00-17:50(上5休1),"有教材,开课前领取",2026-08-28,11,素养素质(智学),雨花家园303教室,雨花家园303教室,班级刷卡,15人,素养,雨花家园教学区,2026-08-28,10,12,分级阅读2
"素养智学部",双语故事表演,双语故事表演,双语故事表演,PM227A0070,双语绘本2C（暑）,双语故事表演L2暑假B2班,通用,10,10,1100,1100,110.0,"	0.00",L2,L2,常规体系,常规体系,双语故事表演L2暑假B2班,二年级双语故事表演暑假L2班,否,,连季续,二年级,二年级,二年级,2100.00,林家美(411215),,暑假,暑假,正常,2026-08-18,2026-08-18,已审核,走读,常规面授,常规面授,,15,2026-02-26,每天10:40-12:30(上5休1),"有教材,开课前领取",2026-08-28,11,素养素质(智学),月亮岛302教室,月亮岛302教室,班级刷卡,15人,素养,月亮岛教学区,2026-08-28,10,12,分级阅读2
"素养智学部",双语故事表演,双语故事表演,双语故事表演,PM227A0176,双语绘本2C（暑）,双语故事表演L2暑假B2班,通用,10,10,1100,1100,110.0,"	0.00",L2,L2,常规体系,常规体系,双语故事表演L2暑假B2班,二年级双语故事表演暑假L2班,否,,连季续,二年级,二年级,二年级,2100.00,曾佳琳(443719),,暑假,暑假,正常,2026-07-23,2026-07-23,已审核,走读,常规面授,常规面授,,16,2026-02-26,每天10:40-12:30(上5休1),"有教材,开课前领取",2026-08-02,12,素养素质(智学),晚报旗舰店102教室,晚报旗舰店102教室,班级刷卡,15人,素养,晚报旗舰店教学区,2026-08-02,10,12,分级阅读2
"素养智学部",双语故事表演,双语故事表演,双语故事表演,PM227A0059,双语绘本2C（暑）,双语故事表演L2暑假B2班,通用,10,10,1100,1100,110.0,"	0.00",L2,L2,常规体系,常规体系,双语故事表演L2暑假B2班,二年级双语故事表演暑假L2班,否,,连季续,二年级,二年级,二年级,2100.00,段佳慧(432282),,暑假,暑假,正常,2026-08-18,2026-08-18,已审核,走读,常规面授,常规面授,,15,2026-02-26,每天10:40-12:30(上5休1),"有教材,开课前领取",2026-08-28,14,素养素质(智学),井湾子教学区210教室,井湾子教学区210教室,班级刷卡,15人,素养,井湾子教学区,2026-08-28,10,12,分级阅读2
"素养智学部",双语故事表演,双语故事表演,双语故事表演,PM327A0199,双语绘本3C（暑）,双语故事表演L3暑假B2班,通用,10,10,1100,1100,110.0,"	0.00",L3,L3,常规体系,常规体系,双语故事表演L3暑假B2班,三年级双语故事表演暑假L3班,否,,连季续,三年级,三年级,三年级,2000.00,邓玥(399635),,暑假,暑假,正常,2026-08-18,2026-08-18,已审核,走读,常规面授,常规面授,,18,2026-04-02,每天13:50-15:40(上5休1),"有教材,开课前领取",2026-08-28,9,素养素质(智学),西子花苑旗舰店206教室,西子花苑旗舰店206教室,班级刷卡,15人,素养,西子花苑旗舰店教学区,2026-08-28,10,12,分级阅读3
"素养智学部",双语故事表演,双语故事表演,双语故事表演,PM327A0099,双语绘本3C（暑）,双语故事表演L3暑假B2班,通用,10,10,1100,1100,110.0,"	0.00",L3,L3,常规体系,常规体系,双语故事表演L3暑假B2班,三年级双语故事表演暑假L3班,否,,连季续,三年级,三年级,三年级,2000.00,赵一玢(366866),,暑假,暑假,正常,2026-08-18,2026-08-18,已审核,走读,常规面授,常规面授,,18,2026-02-26,每天10:40-12:30(上5休1),"有教材,开课前领取",2026-08-28,13,素养素质(智学),梅岭国际209教室,梅岭国际209教室,班级刷卡,15人,素养,梅岭国际教学区,2026-08-28,10,12,分级阅读3
"素养智学部",双语故事表演,双语故事表演,双语故事表演,PM327A0053,双语绘本3C（暑）,双语故事表演L3暑假B2班,通用,10,10,1100,1100,110.0,"	0.00",L3,L3,常规体系,常规体系,双语故事表演L3暑假B2班,三年级双语故事表演暑假L3班,否,,连季续,三年级,三年级,三年级,2000.00,王琴(371355),,暑假,暑假,正常,2026-08-18,2026-08-18,已审核,走读,常规面授,常规面授,,18,2026-02-26,每天08:30-10:20(上5休1),"有教材,开课前领取",2026-08-28,16,素养素质(智学),西子花苑旗舰店303教室,西子花苑旗舰店303教室,班级刷卡,15人,素养,西子花苑旗舰店教学区,2026-08-28,10,12,分级阅读3
"素养智学部",双语故事表演,双语故事表演,双语故事表演,PM327A0107,双语绘本3C（暑）,双语故事表演L3暑假B2班,通用,10,10,1100,1100,110.0,"	0.00",L3,L3,常规体系,常规体系,双语故事表演L3暑假B2班,三年级双语故事表演暑假L3班,否,,连季续,三年级,三年级,三年级,2000.00,王琴(371355),,暑假,暑假,正常,2026-08-18,2026-08-18,已审核,走读,常规面授,常规面授,,18,2026-02-26,每天13:50-15:40(上5休1),"有教材,开课前领取",2026-08-28,15,素养素质(智学),西子花苑旗舰店303教室,西子花苑旗舰店303教室,班级刷卡,15人,素养,西子花苑旗舰店教学区,2026-08-28,10,12,分级阅读3
"素养智学部",双语故事表演,双语故事表演,双语故事表演,PM327A0151,双语绘本3C（暑）,双语故事表演L3暑假B2班,通用,10,10,1100,1100,110.0,"	0.00",L3,L3,常规体系,常规体系,双语故事表演L3暑假B2班,三年级双语故事表演暑假L3班,否,,连季续,三年级,三年级,三年级,2000.00,陈静(365957),,暑假,暑假,正常,2026-08-18,2026-08-18,已审核,走读,常规面授,常规面授,,18,2026-02-26,每天16:00-17:50(上5休1),"有教材,开课前领取",2026-08-28,15,素养素质(智学),东塘201教室,东塘201教室,班级刷卡,15人,素养,东塘教学区,2026-08-28,10,12,分级阅读3
"素养智学部",双语故事表演,双语故事表演,双语故事表演,PM327A0078,双语绘本3C（暑）,双语故事表演L3暑假B2班,通用,10,10,1100,1100,110.0,"	0.00",L3,L3,常规体系,常规体系,双语故事表演L3暑假B2班,三年级双语故事表演暑假L3班,否,,连季续,三年级,三年级,三年级,2000.00,陈洁茹(302725),,暑假,暑假,正常,2026-08-18,2026-08-18,已审核,走读,常规面授,常规面授,,18,2026-02-26,每天08:30-10:20(上5休1),"有教材,开课前领取",2026-08-28,17,素养素质(智学),美林银谷301教室,美林银谷301教室,班级刷卡,15人,素养,美林银谷教学区,2026-08-28,10,12,分级阅读3
"素养智学部",双语故事表演,双语故事表演,双语故事表演,PM327A0090,双语绘本3C（暑）,双语故事表演L3暑假B2班,通用,10,10,1100,1100,110.0,"	0.00",L3,L3,常规体系,常规体系,双语故事表演L3暑假B2班,三年级双语故事表演暑假L3班,否,,连季续,三年级,三年级,三年级,2000.00,陈思颖(584395),,暑假,暑假,正常,2026-08-18,2026-08-18,已审核,走读,常规面授,常规面授,,18,2026-02-26,每天16:00-17:50(上5休1),"有教材,开课前领取",2026-08-28,12,素养素质(智学),雨花家园301B教室,雨花家园301B教室,班级刷卡,15人,素养,雨花家园教学区,2026-08-28,10,12,分级阅读3
"素养智学部",双语故事表演,双语故事表演,双语故事表演,PM327A0126,双语绘本3C（暑）,双语故事表演L3暑假B2班,通用,10,10,1100,1100,110.0,"	0.00",L3,L3,常规体系,常规体系,双语故事表演L3暑假B2班,三年级双语故事表演暑假L3班,否,,连季续,三年级,三年级,三年级,2000.00,唐子璇(442827),,暑假,暑假,正常,2026-08-18,2026-08-18,已审核,走读,常规面授,常规面授,,18,2026-02-26,每天13:50-15:40(上5休1),"有教材,开课前领取",2026-08-28,18,素养素质(智学),雨花家园203教室,雨花家园203教室,班级刷卡,15人,素养,雨花家园教学区,2026-08-28,10,12,分级阅读3
"素养智学部",双语故事表演,双语故事表演,双语故事表演,PM327A0175,双语绘本3C（暑）,双语故事表演L3暑假B2班,通用,10,10,1100,1100,110.0,"	0.00",L3,L3,常规体系,常规体系,双语故事表演L3暑假B2班,三年级双语故事表演暑假L3班,否,,连季续,三年级,三年级,三年级,2000.00,赵一玢(366866),,暑假,暑假,正常,2026-08-18,2026-08-18,已审核,走读,常规面授,常规面授,,18,2026-02-26,每天08:30-10:20(上5休1),"有教材,开课前领取",2026-08-28,17,素养素质(智学),梅岭国际209教室,梅岭国际209教室,班级刷卡,15人,素养,梅岭国际教学区,2026-08-28,10,12,分级阅读3
"素养智学部",双语故事表演,双语故事表演,双语故事表演,PM327A0130,双语绘本3C（暑）,双语故事表演L3暑假B2班,通用,10,10,1100,1100,110.0,"	0.00",L3,L3,常规体系,常规体系,双语故事表演L3暑假B2班,三年级双语故事表演暑假L3班,否,,连季续,三年级,三年级,三年级,2000.00,肖倩(365844),,暑假,暑假,正常,2026-08-18,2026-08-18,已审核,走读,常规面授,常规面授,,18,2026-02-26,每天13:50-15:40(上5休1),"有教材,开课前领取",2026-08-28,17,素养素质(智学),梅岭国际203教室,梅岭国际203教室,班级刷卡,15人,素养,梅岭国际教学区,2026-08-28,10,12,分级阅读3
"素养智学部",双语故事表演,双语故事表演,双语故事表演,PM327A0103,双语绘本3C（暑）,双语故事表演L3暑假B2班,通用,10,10,1100,1100,110.0,"	0.00",L3,L3,常规体系,常规体系,双语故事表演L3暑假B2班,三年级双语故事表演暑假L3班,否,,连季续,三年级,三年级,三年级,2000.00,肖倩(365844),,暑假,暑假,正常,2026-08-18,2026-08-18,已审核,走读,常规面授,常规面授,,18,2026-02-26,每天08:30-10:20(上5休1),"有教材,开课前领取",2026-08-28,17,素养素质(智学),梅岭国际203教室,梅岭国际203教室,班级刷卡,15人,素养,梅岭国际教学区,2026-08-28,10,12,分级阅读3
"素养智学部",双语故事表演,双语故事表演,双语故事表演,PM327A0031,双语绘本3C（暑）,双语故事表演L3暑假B2班,通用,10,10,1100,1100,110.0,"	0.00",L3,L3,常规体系,常规体系,双语故事表演L3暑假B2班,三年级双语故事表演暑假L3班,否,,连季续,三年级,三年级,三年级,2000.00,陈静(365957),,暑假,暑假,正常,2026-08-18,2026-08-18,已审核,走读,常规面授,常规面授,,18,2026-02-26,每天13:50-15:40(上5休1),"有教材,开课前领取",2026-08-28,13,素养素质(智学),东塘201教室,东塘201教室,班级刷卡,15人,素养,东塘教学区,2026-08-28,10,12,分级阅读3
"素养智学部",双语故事表演,双语故事表演,双语故事表演,PM327A0124,双语绘本3C（暑）,双语故事表演L3暑假B2班,通用,10,10,1100,1100,110.0,"	0.00",L3,L3,常规体系,常规体系,双语故事表演L3暑假B2班,三年级双语故事表演暑假L3班,否,,连季续,三年级,三年级,三年级,2000.00,陈佳妮(203358),,暑假,暑假,正常,2026-08-18,2026-08-18,已审核,走读,常规面授,常规面授,,18,2026-02-26,每天10:40-12:30(上5休1),"有教材,开课前领取",2026-08-28,10,素养素质(智学),方圆荟301自习室,方圆荟301自习室,班级刷卡,15人,素养,方圆荟智慧空间,2026-08-28,10,12,分级阅读3
"素养智学部",双语故事表演,双语故事表演,双语故事表演,PM327A0069,双语绘本3C（暑）,双语故事表演L3暑假B2班,通用,10,10,1100,1100,110.0,"	0.00",L3,L3,常规体系,常规体系,双语故事表演L3暑假B2班,三年级双语故事表演暑假L3班,否,,连季续,三年级,三年级,三年级,2000.00,贾逸晴(675564),,暑假,暑假,正常,2026-07-23,2026-07-23,已审核,走读,常规面授,常规面授,,18,2026-02-26,每天10:40-12:30(上5休1),"有教材,开课前领取",2026-08-02,13,素养素质(智学),月亮岛306教室,月亮岛306教室,班级刷卡,15人,素养,月亮岛教学区,2026-08-02,10,12,分级阅读3
"素养智学部",双语故事表演,双语故事表演,双语故事表演,PM327A0145,双语绘本3C（暑）,双语故事表演L3暑假B2班,通用,10,10,1100,1100,110.0,"	0.00",L3,L3,常规体系,常规体系,双语故事表演L3暑假B2班,三年级双语故事表演暑假L3班,否,,连季续,三年级,三年级,三年级,2000.00,邓玥(399635),,暑假,暑假,正常,2026-08-18,2026-08-18,已审核,走读,常规面授,常规面授,,18,2026-02-26,每天16:00-17:50(上5休1),"有教材,开课前领取",2026-08-28,14,素养素质(智学),西子花苑旗舰店206教室,西子花苑旗舰店206教室,班级刷卡,15人,素养,西子花苑旗舰店教学区,2026-08-28,10,12,分级阅读3
"素养智学部",双语故事表演,双语故事表演,双语故事表演,PM327A0082,双语绘本3C（暑）,双语故事表演L3暑假B2班,通用,10,10,1100,1100,110.0,"	0.00",L3,L3,常规体系,常规体系,双语故事表演L3暑假B2班,三年级双语故事表演暑假L3班,否,,连季续,三年级,三年级,三年级,2000.00,唐子璇(442827),,暑假,暑假,正常,2026-08-18,2026-08-18,已审核,走读,常规面授,常规面授,,18,2026-02-26,每天16:00-17:50(上5休1),"有教材,开课前领取",2026-08-28,12,素养素质(智学),雨花家园203教室,雨花家园203教室,班级刷卡,15人,素养,雨花家园教学区,2026-08-28,10,12,分级阅读3
"素养智学部",双语故事表演,双语故事表演,双语故事表演,PM327A0115,双语绘本3C（暑）,双语故事表演L3暑假B2班,通用,10,10,1100,1100,110.0,"	0.00",L3,L3,常规体系,常规体系,双语故事表演L3暑假B2班,三年级双语故事表演暑假L3班,否,,连季续,三年级,三年级,三年级,2000.00,刘利亭(438750),,暑假,暑假,正常,2026-08-18,2026-08-18,已审核,走读,常规面授,常规面授,,18,2026-02-26,每天13:50-15:40(上5休1),"有教材,开课前领取",2026-08-28,18,素养素质(智学),八方小区202教室,八方小区202教室,班级刷卡,15人,素养,八方小区教学区,2026-08-28,10,12,分级阅读3
"素养智学部",双语故事表演,双语故事表演,双语故事表演,PM327A0189,双语绘本3C（暑）,双语故事表演L3暑假B2班,通用,10,10,1100,1100,110.0,"	0.00",L3,L3,常规体系,常规体系,双语故事表演L3暑假B2班,三年级双语故事表演暑假L3班,否,,连季续,三年级,三年级,三年级,2000.00,张仔豪(457818),,暑假,暑假,正常,2026-08-18,2026-08-18,已审核,走读,常规面授,常规面授,,18,2026-03-26,每天08:30-10:20(上5休1),"有教材,开课前领取",2026-08-28,15,素养素质(智学),井湾子教学区202教室,井湾子教学区202教室,班级刷卡,15人,素养,井湾子教学区,2026-08-28,10,12,分级阅读3
"素养智学部",双语故事表演,双语故事表演,双语故事表演,PM327A0050,双语绘本3C（暑）,双语故事表演L3暑假B2班,通用,10,10,1100,1100,110.0,"	0.00",L3,L3,常规体系,常规体系,双语故事表演L3暑假B2班,三年级双语故事表演暑假L3班,否,,连季续,三年级,三年级,三年级,2000.00,赵一玢(366866),,暑假,暑假,正常,2026-08-18,2026-08-18,已审核,走读,常规面授,常规面授,,18,2026-02-26,每天16:00-17:50(上5休1),"有教材,开课前领取",2026-08-28,9,素养素质(智学),梅岭国际209教室,梅岭国际209教室,班级刷卡,15人,素养,梅岭国际教学区,2026-08-28,10,12,分级阅读3
"素养智学部",双语故事表演,双语故事表演,双语故事表演,PM327A0200,双语绘本3C（暑）,双语故事表演L3暑假B2班,通用,10,10,1100,1100,110.0,"	0.00",L3,L3,常规体系,常规体系,双语故事表演L3暑假B2班,三年级双语故事表演暑假L3班,否,,连季续,三年级,三年级,三年级,2000.00,吴灿红(662111),,暑假,暑假,正常,2026-08-05,2026-08-05,已审核,走读,常规面授,常规面授,,18,2026-04-02,每天10:40-12:30(上5休1),"有教材,开课前领取",2026-08-15,10,素养素质(智学),井湾子教学区213教室,井湾子教学区213教室,班级刷卡,15人,素养,井湾子教学区,2026-08-15,10,12,分级阅读3
"素养智学部",双语故事表演,双语故事表演,双语故事表演,PM327A0080,双语绘本3C（暑）,双语故事表演L3暑假B2班,通用,10,10,1100,1100,110.0,"	0.00",L3,L3,常规体系,常规体系,双语故事表演L3暑假B2班,三年级双语故事表演暑假L3班,否,,连季续,三年级,三年级,三年级,2000.00,陈思颖(584395),,暑假,暑假,正常,2026-08-18,2026-08-18,已审核,走读,常规面授,常规面授,,18,2026-02-26,每天08:30-10:20(上5休1),"有教材,开课前领取",2026-08-28,12,素养素质(智学),雨花家园301B教室,雨花家园301B教室,班级刷卡,15人,素养,雨花家园教学区,2026-08-28,10,12,分级阅读3
"素养智学部",双语故事表演,双语故事表演,双语故事表演,PM327A0117,双语绘本3C（暑）,双语故事表演L3暑假B2班,通用,10,10,1100,1100,110.0,"	0.00",L3,L3,常规体系,常规体系,双语故事表演L3暑假B2班,三年级双语故事表演暑假L3班,否,,连季续,三年级,三年级,三年级,2000.00,陈洁茹(302725),,暑假,暑假,正常,2026-08-18,2026-08-18,已审核,走读,常规面授,常规面授,,18,2026-02-26,每天13:50-15:40(上5休1),"有教材,开课前领取",2026-08-28,6,素养素质(智学),美林银谷301教室,美林银谷301教室,班级刷卡,15人,素养,美林银谷教学区,2026-08-28,10,12,分级阅读3
"素养智学部",双语故事表演,双语故事表演,双语故事表演,PM327A0047,双语绘本3C（暑）,双语故事表演L3暑假B2班,通用,10,10,1100,1100,110.0,"	0.00",L3,L3,常规体系,常规体系,双语故事表演L3暑假B2班,三年级双语故事表演暑假L3班,否,,连季续,三年级,三年级,三年级,2000.00,聂鑫鑫(513757),,暑假,暑假,正常,2026-08-18,2026-08-18,已审核,走读,常规面授,常规面授,,18,2026-02-26,每天08:30-10:20(上5休1),"有教材,开课前领取",2026-08-28,14,素养素质(智学),东塘208教室,东塘208教室,班级刷卡,15人,素养,东塘教学区,2026-08-28,10,12,分级阅读3
"素养智学部",双语故事表演,双语故事表演,双语故事表演,PM327A0196,双语绘本3C（暑）,双语故事表演L3暑假B2班,通用,10,10,1100,1100,110.0,"	0.00",L3,L3,常规体系,常规体系,双语故事表演L3暑假B2班,三年级双语故事表演暑假L3班,否,,连季续,三年级,三年级,三年级,2000.00,林家美(411215),,暑假,暑假,正常,2026-08-18,2026-08-18,已审核,走读,常规面授,常规面授,,18,2026-03-26,每天16:00-17:50(上5休1),"有教材,开课前领取",2026-08-28,13,素养素质(智学),月亮岛302教室,月亮岛302教室,班级刷卡,15人,素养,月亮岛教学区,2026-08-28,10,12,分级阅读3
"素养智学部",双语故事表演,双语故事表演,双语故事表演,PM327A0202,双语绘本3C（暑）,双语故事表演L3暑假B2班,通用,10,10,1100,1100,110.0,"	0.00",L3,L3,常规体系,常规体系,双语故事表演L3暑假B2班,三年级双语故事表演暑假L3班,否,,连季续,三年级,三年级,三年级,2000.00,李妮(034955),,暑假,暑假,正常,2026-08-18,2026-08-18,已审核,走读,常规面授,常规面授,,18,2026-04-02,每天08:30-10:20(上5休1),"有教材,开课前领取",2026-08-28,16,素养素质(智学),雨花家园301D教室,雨花家园301D教室,班级刷卡,15人,素养,雨花家园教学区,2026-08-28,10,12,分级阅读3
"素养智学部",双语故事表演,双语故事表演,双语故事表演,PM427A0122,双语绘本4C（暑）,双语故事表演L4暑假B2班,通用,10,10,1100,1100,110.0,"	0.00",L4,L4,常规体系,常规体系,双语故事表演L4暑假B2班,四年级双语故事表演暑假L4班,否,,连季续,四年级,四年级,四年级,2000.00,易彬(272756),,暑假,暑假,正常,2026-08-18,2026-08-18,已审核,走读,常规面授,常规面授,,18,2026-02-26,每天16:00-17:50(上5休1),"有教材,开课前领取",2026-08-28,12,素养素质(智学),方圆荟301自习室,方圆荟301自习室,班级刷卡,15人,素养,方圆荟智慧空间,2026-08-28,10,12,分级阅读4
"素养智学部",双语故事表演,双语故事表演,双语故事表演,PM427A0072,双语绘本4C（暑）,双语故事表演L4暑假B2班,通用,10,10,1100,1100,110.0,"	0.00",L4,L4,常规体系,常规体系,双语故事表演L4暑假B2班,四年级双语故事表演暑假L4班,否,,连季续,四年级,四年级,四年级,2000.00,柳烨(364316),,暑假,暑假,正常,2026-08-18,2026-08-18,已审核,走读,常规面授,常规面授,,18,2026-02-26,每天10:40-12:30(上5休1),"有教材,开课前领取",2026-08-28,17,素养素质(智学),方圆荟304自习室,方圆荟304自习室,班级刷卡,15人,素养,方圆荟智慧空间,2026-08-28,10,12,分级阅读4
"素养智学部",双语故事表演,双语故事表演,双语故事表演,PM427A0171,双语绘本4C（暑）,双语故事表演L4暑假B2班,通用,10,10,1100,1100,110.0,"	0.00",L4,L4,常规体系,常规体系,双语故事表演L4暑假B2班,四年级双语故事表演暑假L4班,否,,连季续,四年级,四年级,四年级,2000.00,蔡好(398982),,暑假,暑假,正常,2026-08-18,2026-08-18,已审核,走读,常规面授,常规面授,,18,2026-03-26,每天13:50-15:40(上5休1),"有教材,开课前领取",2026-08-28,14,素养素质(智学),井湾子教学区209教室,井湾子教学区209教室,班级刷卡,15人,素养,井湾子教学区,2026-08-28,10,12,分级阅读4
"素养智学部",双语故事表演,双语故事表演,双语故事表演,PM427A0062,双语绘本4C（暑）,双语故事表演L4暑假B2班,通用,10,10,1100,1100,110.0,"	0.00",L4,L4,常规体系,常规体系,双语故事表演L4暑假B2班,四年级双语故事表演暑假L4班,否,,连季续,四年级,四年级,四年级,2000.00,朱卓(384353),,暑假,暑假,正常,2026-08-18,2026-08-18,已审核,走读,常规面授,常规面授,,22,2026-02-26,每天10:40-12:30(上5休1),"有教材,开课前领取",2026-08-28,20,素养素质(智学),雨花家园307A教室,雨花家园307A教室,班级刷卡,15人,素养,雨花家园教学区,2026-08-28,10,12,分级阅读4
"素养智学部",双语故事表演,双语故事表演,双语故事表演,PM427A0113,双语绘本4C（暑）,双语故事表演L4暑假B2班,通用,10,10,1100,1100,110.0,"	0.00",L4,L4,常规体系,常规体系,双语故事表演L4暑假B2班,四年级双语故事表演暑假L4班,否,,连季续,四年级,四年级,四年级,2000.00,邓芊芊(513753),,暑假,暑假,正常,2026-08-18,2026-08-18,已审核,走读,常规面授,常规面授,,18,2026-02-26,每天08:30-10:20(上5休1),"有教材,开课前领取",2026-08-28,9,素养素质(智学),洋湖新城310教室,洋湖新城310教室,班级刷卡,15人,素养,洋湖新城教学区,2026-08-28,10,12,分级阅读4
"素养智学部",双语故事表演,双语故事表演,双语故事表演,PM427A0031,双语绘本4C（暑）,双语故事表演L4暑假B2班,通用,10,10,1100,1100,110.0,"	0.00",L4,L4,常规体系,常规体系,双语故事表演L4暑假B2班,四年级双语故事表演暑假L4班,否,,连季续,四年级,四年级,四年级,2000.00,铁林林(180938),,暑假,暑假,正常,2026-08-18,2026-08-18,已审核,走读,常规面授,常规面授,,18,2026-02-26,每天13:50-15:40(上5休1),"有教材,开课前领取",2026-08-28,10,素养素质(智学),洋湖新城305教室,洋湖新城305教室,班级刷卡,15人,素养,洋湖新城教学区,2026-08-28,10,12,分级阅读4
"素养智学部",双语故事表演,双语故事表演,双语故事表演,PM427A0155,双语绘本4C（暑）,双语故事表演L4暑假B2班,通用,10,10,1100,1100,110.0,"	0.00",L4,L4,常规体系,常规体系,双语故事表演L4暑假B2班,四年级双语故事表演暑假L4班,否,,连季续,四年级,四年级,四年级,2000.00,柳烨(364316),,暑假,暑假,正常,2026-08-18,2026-08-18,已审核,走读,常规面授,常规面授,,18,2026-02-26,每天13:50-15:40(上5休1),"有教材,开课前领取",2026-08-28,13,素养素质(智学),方圆荟304自习室,方圆荟304自习室,班级刷卡,15人,素养,方圆荟智慧空间,2026-08-28,10,12,分级阅读4
"素养智学部",双语故事表演,双语故事表演,双语故事表演,PM427A0089,双语绘本4C（暑）,双语故事表演L4暑假B2班,通用,10,10,1100,1100,110.0,"	0.00",L4,L4,常规体系,常规体系,双语故事表演L4暑假B2班,四年级双语故事表演暑假L4班,否,,连季续,四年级,四年级,四年级,2000.00,易彬(272756),,暑假,暑假,正常,2026-08-18,2026-08-18,已审核,走读,常规面授,常规面授,,18,2026-02-26,每天18:40-20:30(上5休1),"有教材,开课前领取",2026-08-28,10,素养素质(智学),方圆荟301自习室,方圆荟301自习室,班级刷卡,15人,素养,方圆荟智慧空间,2026-08-28,10,12,分级阅读4
"素养智学部",双语故事表演,双语故事表演,双语故事表演,PM427A0055,双语绘本4C（暑）,双语故事表演L4暑假B2班,通用,10,10,1100,1100,110.0,"	0.00",L4,L4,常规体系,常规体系,双语故事表演L4暑假B2班,四年级双语故事表演暑假L4班,否,,连季续,四年级,四年级,四年级,2000.00,邓佳敏(174958),,暑假,暑假,正常,2026-07-23,2026-07-23,已审核,走读,常规面授,常规面授,,18,2026-02-26,每天10:40-12:30(上5休1),"有教材,开课前领取",2026-08-02,17,素养素质(智学),东塘203教室,东塘203教室,班级刷卡,15人,素养,东塘教学区,2026-08-02,10,12,分级阅读4
"素养智学部",双语故事表演,双语故事表演,双语故事表演,PM427A0054,双语绘本4C（暑）,双语故事表演L4暑假B2班,通用,10,10,1100,1100,110.0,"	0.00",L4,L4,常规体系,常规体系,双语故事表演L4暑假B2班,四年级双语故事表演暑假L4班,否,,连季续,四年级,四年级,四年级,2000.00,杨倩(425911),,暑假,暑假,正常,2026-08-18,2026-08-18,已审核,走读,常规面授,常规面授,,18,2026-02-26,每天10:40-12:30(上5休1),"有教材,开课前领取",2026-08-28,15,素养素质(智学),星沙筑梦207教室,星沙筑梦207教室,班级刷卡,15人,素养,星沙筑梦教学区,2026-08-28,10,12,分级阅读4
"素养智学部",双语故事表演,双语故事表演,双语故事表演,PM427A0118,双语绘本4C（暑）,双语故事表演L4暑假B2班,通用,10,10,1100,1100,110.0,"	0.00",L4,L4,常规体系,常规体系,双语故事表演L4暑假B2班,四年级双语故事表演暑假L4班,否,,连季续,四年级,四年级,四年级,2000.00,邓玥(399635),,暑假,暑假,正常,2026-08-18,2026-08-18,已审核,走读,常规面授,常规面授,,18,2026-02-26,每天10:40-12:30(上5休1),"有教材,开课前领取",2026-08-28,18,素养素质(智学),西子花苑旗舰店206教室,西子花苑旗舰店206教室,班级刷卡,15人,素养,西子花苑旗舰店教学区,2026-08-28,10,12,分级阅读4
"素养智学部",双语故事表演,双语故事表演,双语故事表演,PM427A0094,双语绘本4C（暑）,双语故事表演L4暑假B2班,通用,10,10,1100,1100,110.0,"	0.00",L4,L4,常规体系,常规体系,双语故事表演L4暑假B2班,四年级双语故事表演暑假L4班,否,,连季续,四年级,四年级,四年级,2000.00,张嘉怡(661635),,暑假,暑假,正常,2026-08-18,2026-08-18,已审核,走读,常规面授,常规面授,,18,2026-02-26,每天16:00-17:50(上5休1),"有教材,开课前领取",2026-08-28,13,素养素质(智学),方圆荟306自习室,方圆荟306自习室,班级刷卡,15人,素养,方圆荟智慧空间,2026-08-28,10,12,分级阅读4
"素养智学部",双语故事表演,双语故事表演,双语故事表演,PM427A0101,双语绘本4C（暑）,双语故事表演L4暑假B2班,通用,10,10,1100,1100,110.0,"	0.00",L4,L4,常规体系,常规体系,双语故事表演L4暑假B2班,四年级双语故事表演暑假L4班,否,,连季续,四年级,四年级,四年级,2000.00,王维(418456),,暑假,暑假,正常,2026-08-18,2026-08-18,已审核,走读,常规面授,常规面授,,18,2026-02-26,每天16:00-17:50(上5休1),"有教材,开课前领取",2026-08-28,13,素养素质(智学),方圆荟305自习室,方圆荟305自习室,班级刷卡,15人,素养,方圆荟智慧空间,2026-08-28,10,12,分级阅读4
"素养智学部",双语故事表演,双语故事表演,双语故事表演,PM427A0029,双语绘本4C（暑）,双语故事表演L4暑假B2班,通用,10,10,1100,1100,110.0,"	0.00",L4,L4,常规体系,常规体系,双语故事表演L4暑假B2班,四年级双语故事表演暑假L4班,否,,连季续,四年级,四年级,四年级,2000.00,姜贵敏(366928),,暑假,暑假,正常,2026-08-18,2026-08-18,已审核,走读,常规面授,常规面授,,20,2026-02-26,每天18:40-20:30(上5休1),"有教材,开课前领取",2026-08-28,11,素养素质(智学),梅岭国际8自习室,梅岭国际8自习室,班级刷卡,15人,素养,梅岭国际教学区,2026-08-28,10,12,分级阅读4
"素养智学部",双语故事表演,双语故事表演,双语故事表演,PM427A0129,双语绘本4C（暑）,双语故事表演L4暑假B2班,通用,10,10,1100,1100,110.0,"	0.00",L4,L4,常规体系,常规体系,双语故事表演L4暑假B2班,四年级双语故事表演暑假L4班,否,,连季续,四年级,四年级,四年级,2000.00,赵一玢(366866),,暑假,暑假,正常,2026-08-18,2026-08-18,已审核,走读,常规面授,常规面授,,18,2026-02-26,每天13:50-15:40(上5休1),"有教材,开课前领取",2026-08-28,11,素养素质(智学),梅岭国际209教室,梅岭国际209教室,班级刷卡,15人,素养,梅岭国际教学区,2026-08-28,10,12,分级阅读4
"素养智学部",双语故事表演,双语故事表演,双语故事表演,PM527A0077,双语绘本C5（暑）,双语故事表演L5暑假B2班,通用,10,10,1100,1100,110.0,"	0.00",L5,L5,常规体系,常规体系,双语故事表演L5暑假B2班,五年级双语故事表演暑假L5班,否,,连季续,五年级,五年级,五年级,2000.00,邓芊芊(513753),,暑假,暑假,正常,2026-08-18,2026-08-18,已审核,走读,常规面授,常规面授,,18,2026-03-26,每天10:40-12:30(上5休1),"有教材,开课前领取",2026-08-28,14,素养素质(智学),洋湖新城310教室,洋湖新城310教室,班级刷卡,15人,素养,洋湖新城教学区,2026-08-28,10,12,故事会5
"素养智学部",双语故事表演,双语故事表演,双语故事表演,PM527A0020,双语绘本C5（暑）,双语故事表演L5暑假B2班,通用,10,10,1100,1100,110.0,"	0.00",L5,L5,常规体系,常规体系,双语故事表演L5暑假B2班,五年级双语故事表演暑假L5班,否,,连季续,五年级,五年级,五年级,2000.00,吴灿红(662111),,暑假,暑假,正常,2026-08-18,2026-08-18,已审核,走读,常规面授,常规面授,,18,2026-02-26,每天10:40-12:30(上5休1),"有教材,开课前领取",2026-08-28,16,素养素质(智学),井湾子教学区213教室,井湾子教学区213教室,班级刷卡,15人,素养,井湾子教学区,2026-08-28,10,12,故事会5
"素养智学部",双语故事表演,双语故事表演,双语故事表演,PM527A0073,双语绘本C5（暑）,双语故事表演L5暑假B2班,通用,10,10,1100,1100,110.0,"	0.00",L5,L5,常规体系,常规体系,双语故事表演L5暑假B2班,五年级双语故事表演暑假L5班,否,,连季续,五年级,五年级,五年级,2000.00,郭欣怡(384354),,暑假,暑假,正常,2026-08-18,2026-08-18,已审核,走读,常规面授,常规面授,,18,2026-02-26,每天10:40-12:30(上5休1),"有教材,开课前领取",2026-08-28,14,素养素质(智学),晚报旗舰店101教室,晚报旗舰店101教室,班级刷卡,15人,素养,晚报旗舰店教学区,2026-08-28,10,12,故事会5
"素养智学部",双语故事表演,双语故事表演,双语故事表演,PM627A0064,双语绘本C6（暑）,双语故事表演L6暑假B2班,通用,10,10,1100,1100,110.0,"	0.00",L6,L6,常规体系,常规体系,双语故事表演L6暑假B2班,六年级双语故事表演暑假L6班,否,,连季续,六年级(小学),六年级,六年级,2000.00,蒋毅(467949),,暑假,暑假,正常,2026-08-18,2026-08-18,已审核,走读,常规面授,常规面授,,18,2026-02-26,每天10:40-12:30(上5休1),"有教材,开课前领取",2026-08-28,13,素养素质(智学),洋湖新城303教室,洋湖新城303教室,班级刷卡,15人,素养,洋湖新城教学区,2026-08-28,10,12,故事会6
"素养智学部",双语故事表演,双语故事表演,双语故事表演,PM627A0025,双语绘本C6（暑）,双语故事表演L6暑假B2班,通用,10,10,1100,1100,110.0,"	0.00",L6,L6,常规体系,常规体系,双语故事表演L6暑假B2班,六年级双语故事表演暑假L6班,否,,连季续,六年级(小学),六年级,六年级,2000.00,陈蕾萌(398993),,暑假,暑假,正常,2026-08-18,2026-08-18,已审核,走读,常规面授,常规面授,,18,2026-02-26,每天16:00-17:50(上5休1),"有教材,开课前领取",2026-08-28,16,素养素质(智学),时光汇209教室,时光汇209教室,班级刷卡,15人,素养,时光汇教学区,2026-08-28,10,12,故事会6
"素养智学部",双语故事表演,双语故事表演,双语故事表演,PM627A0057,双语绘本C6（暑）,双语故事表演L6暑假B2班,通用,10,10,1100,1100,110.0,"	0.00",L6,L6,常规体系,常规体系,双语故事表演L6暑假B2班,六年级双语故事表演暑假L6班,否,,连季续,六年级(小学),六年级,六年级,2000.00,朱卓(384353),,暑假,暑假,正常,2026-08-18,2026-08-18,已审核,走读,常规面授,常规面授,,18,2026-02-26,每天08:30-10:20(上5休1),"有教材,开课前领取",2026-08-28,16,素养素质(智学),雨花家园307A教室,雨花家园307A教室,班级刷卡,15人,素养,雨花家园教学区,2026-08-28,10,12,故事会6
"素养智学部",双语故事表演,双语故事表演,双语故事表演,PM627A0038,双语绘本C6（暑）,双语故事表演L6暑假B2班,通用,10,10,1100,1100,110.0,"	0.00",L6,L6,常规体系,常规体系,双语故事表演L6暑假B2班,六年级双语故事表演暑假L6班,否,,连季续,六年级(小学),六年级,六年级,2000.00,刘威扬(230159),,暑假,暑假,正常,2026-08-18,2026-08-18,已审核,走读,常规面授,常规面授,,18,2026-02-26,每天10:40-12:30(上5休1),"有教材,开课前领取",2026-08-28,15,素养素质(智学),井湾子教学区205教室,井湾子教学区205教室,班级刷卡,15人,素养,井湾子教学区,2026-08-28,10,12,故事会6
"素养智学部",双语故事表演,双语故事表演,双语故事表演,PM627A0043,双语绘本C6（暑）,双语故事表演L6暑假B2班,通用,10,10,1100,1100,110.0,"	0.00",L6,L6,常规体系,常规体系,双语故事表演L6暑假B2班,六年级双语故事表演暑假L6班,否,,连季续,六年级(小学),六年级,六年级,2000.00,姜贵敏(366928),,暑假,暑假,正常,2026-08-18,2026-08-18,已审核,走读,常规面授,常规面授,,18,2026-02-26,每天08:30-10:20(上5休1),"有教材,开课前领取",2026-08-28,16,素养素质(智学),梅岭国际8自习室,梅岭国际8自习室,班级刷卡,15人,素养,梅岭国际教学区,2026-08-28,10,12,故事会6
"素养智学部",脑力与思维,脑力与思维,脑力与思维,SW627A0025,脑力思维6B（暑）,脑力与思维L6暑假B1班,通用,10,10,1100,1100,110.0,"	0.00",L6,L6,常规体系,常规体系,脑力与思维L6暑假B1班,六年级脑力与思维暑假L6班,否,,连季续,六年级(小学),六年级,六年级,2000.00,张需琴(202585),,暑假,暑假,正常,2026-08-18,2026-08-18,已审核,走读,常规面授,常规面授,,18,2026-02-26,每天16:00-17:50(上5休1),"有教材,开课前领取",2026-08-28,17,素养素质(智学),梅岭国际207教室,梅岭国际207教室,班级刷卡,15人,素养,梅岭国际教学区,2026-08-28,10,12,思维6
"素养智学部",博文妙笔,博文妙笔,博文妙笔,BW427A0017,博文口才 4（暑）,博文妙笔L4暑假B1班,通用,10,10,1100,1100,110.0,"	0.00",L4,L4,常规体系,常规体系,博文妙笔L4暑假B1班,四年级博文妙笔暑假L4班,否,,连季续,四年级,四年级,四年级,2000.00,杨旭东(364488),,暑假,暑假,正常,2026-08-18,2026-08-18,已审核,走读,常规面授,常规面授,,18,2026-02-26,每天10:40-12:30(上5休1),"有教材,开课前领取",2026-08-28,15,素养素质(智学),晚报旗舰店104教室,晚报旗舰店104教室,班级刷卡,15人,素养,晚报旗舰店教学区,2026-08-28,10,12,语商表达4
"素养智学部",博文妙笔,博文妙笔,博文妙笔,BW427A0003,博文口才 4（暑）,博文妙笔L4暑假B1班,通用,10,10,1100,1100,110.0,"	0.00",L4,L4,常规体系,常规体系,博文妙笔L4暑假B1班,四年级博文妙笔暑假L4班,否,,连季续,四年级,四年级,四年级,2000.00,杨颖帆(612649),,暑假,暑假,正常,2026-08-18,2026-08-18,已审核,走读,常规面授,常规面授,,18,2026-02-26,每天10:40-12:30(上5休1),"有教材,开课前领取",2026-08-28,16,素养素质(智学),方圆荟305教室,方圆荟305教室,班级刷卡,15人,素养,方圆荟智慧空间,2026-08-28,10,12,语商表达4
"素养智学部",博文妙笔,博文妙笔,博文妙笔,BW427A0020,博文口才 4（暑）,博文妙笔L4暑假B1班,通用,10,10,1100,1100,110.0,"	0.00",L4,L4,常规体系,常规体系,博文妙笔L4暑假B1班,四年级博文妙笔暑假L4班,否,,连季续,四年级,四年级,四年级,2000.00,杨紫薇(365245),,暑假,暑假,正常,2026-08-18,2026-08-18,已审核,走读,常规面授,常规面授,,18,2026-02-26,每天13:50-15:40(上5休1),"有教材,开课前领取",2026-08-28,15,素养素质(智学),月亮岛203教室,月亮岛203教室,班级刷卡,15人,素养,月亮岛教学区,2026-08-28,10,12,语商表达4
"素养智学部",博文妙笔,博文妙笔,博文妙笔,BW527A0009,博文口才 5（暑）,博文妙笔L5暑假B1班,通用,10,10,1100,1100,110.0,"	0.00",L5,L5,常规体系,常规体系,博文妙笔L5暑假B1班,五年级博文妙笔暑假L5班,否,,连季续,五年级,五年级,五年级,2000.00,陆赛(365246),,暑假,暑假,正常,2026-08-18,2026-08-18,已审核,走读,常规面授,常规面授,,18,2026-02-26,每天10:40-12:30(上5休1),"有教材,开课前领取",2026-08-28,17,素养素质(智学),西子花苑旗舰店305教室,西子花苑旗舰店305教室,班级刷卡,15人,素养,西子花苑旗舰店教学区,2026-08-28,10,12,语商表达5
"素养智学部",博文妙笔,博文妙笔,博文妙笔,BW527A0043,博文口才 5（暑）,博文妙笔L5暑假B1班,通用,10,10,1100,1100,110.0,"	0.00",L5,L5,常规体系,常规体系,博文妙笔L5暑假B1班,五年级博文妙笔暑假L5班,否,,连季续,五年级,五年级,五年级,2000.00,邓烜文(361713),,暑假,暑假,正常,2026-08-18,2026-08-18,已审核,走读,常规面授,常规面授,,18,2026-02-26,每天13:50-15:40(上5休1),"有教材,开课前领取",2026-08-28,17,素养素质(智学),洋湖新城307教室,洋湖新城307教室,班级刷卡,15人,素养,洋湖新城教学区,2026-08-28,10,12,语商表达5
"素养智学部",博文妙笔,博文妙笔,博文妙笔,BW527A0037,博文口才 5（暑）,博文妙笔L5暑假B1班,通用,10,10,1100,1100,110.0,"	0.00",L5,L5,常规体系,常规体系,博文妙笔L5暑假B1班,五年级博文妙笔暑假L5班,否,,连季续,五年级,五年级,五年级,2000.00,龙雯(241037),,暑假,暑假,正常,2026-08-18,2026-08-18,已审核,走读,常规面授,常规面授,,18,2026-02-26,每天13:50-15:40(上5休1),"有教材,开课前领取",2026-08-28,17,素养素质(智学),湘江世纪城310教室,湘江世纪城310教室,班级刷卡,15人,素养,湘江世纪城教学区,2026-08-28,10,12,语商表达5
"素养智学部",博文妙笔,博文妙笔,博文妙笔,BW527A0028,博文口才 5（暑）,博文妙笔L5暑假B1班,通用,10,10,1100,1100,110.0,"	0.00",L5,L5,常规体系,常规体系,博文妙笔L5暑假B1班,五年级博文妙笔暑假L5班,否,,连季续,五年级,五年级,五年级,2000.00,邓烜文(361713),,暑假,暑假,正常,2026-08-18,2026-08-18,已审核,走读,常规面授,常规面授,,18,2026-02-26,每天16:00-17:50(上5休1),"有教材,开课前领取",2026-08-28,12,素养素质(智学),洋湖新城307教室,洋湖新城307教室,班级刷卡,15人,素养,洋湖新城教学区,2026-08-28,10,12,语商表达5
"素养智学部",博文妙笔,博文妙笔,博文妙笔,BW527A0026,博文口才 5（暑）,博文妙笔L5暑假B1班,通用,10,10,1100,1100,110.0,"	0.00",L5,L5,常规体系,常规体系,博文妙笔L5暑假B1班,五年级博文妙笔暑假L5班,否,,连季续,五年级,五年级,五年级,2000.00,张君梁(265419),,暑假,暑假,正常,2026-08-18,2026-08-18,已审核,走读,常规面授,常规面授,,18,2026-02-26,每天08:30-10:20(上5休1),"有教材,开课前领取",2026-08-28,12,素养素质(智学),雨花家园208教室,雨花家园208教室,班级刷卡,15人,素养,雨花家园教学区,2026-08-28,10,12,语商表达5
"素养智学部",博文妙笔,博文妙笔,博文妙笔,BW627A0026,博文口才 6（暑）,博文妙笔L6暑假B1班,通用,10,10,1100,1100,110.0,"	0.00",L6,L6,常规体系,常规体系,博文妙笔L6暑假B1班,六年级博文妙笔暑假L6班,否,,连季续,六年级(小学),六年级,六年级,2000.00,梁艳云(612643),,暑假,暑假,正常,2026-08-18,2026-08-18,已审核,走读,常规面授,常规面授,,18,2026-02-26,每天10:40-12:30(上5休1),"有教材,开课前领取",2026-08-28,14,素养素质(智学),洋湖新城311教室,洋湖新城311教室,班级刷卡,15人,素养,洋湖新城教学区,2026-08-28,10,12,语商表达6
"素养智学部",博文妙笔,博文妙笔,博文妙笔,BW627A0019,博文口才 6（暑）,博文妙笔L6暑假B1班,通用,10,10,1100,1100,110.0,"	0.00",L6,L6,常规体系,常规体系,博文妙笔L6暑假B1班,六年级博文妙笔暑假L6班,否,,连季续,六年级(小学),六年级,六年级,2000.00,宋宇晖(361477),,暑假,暑假,正常,2026-08-18,2026-08-18,已审核,走读,常规面授,常规面授,,18,2026-02-26,每天08:30-10:20(上5休1),"有教材,开课前领取",2026-08-28,7,素养素质(智学),时光汇204教室,时光汇204教室,班级刷卡,15人,素养,时光汇教学区,2026-08-28,10,12,语商表达6
"素养智学部",博文妙笔,博文妙笔,博文妙笔,BW627A0004,博文口才 6（暑）,博文妙笔L6暑假B1班,通用,10,10,1100,1100,110.0,"	0.00",L6,L6,常规体系,常规体系,博文妙笔L6暑假B1班,六年级博文妙笔暑假L6班,否,,连季续,六年级(小学),六年级,六年级,2000.00,许萃(289940),,暑假,暑假,正常,2026-08-18,2026-08-18,已审核,走读,常规面授,常规面授,,18,2026-02-26,每天13:50-15:40(上5休1),"有教材,开课前领取",2026-08-28,18,素养素质(智学),二十四品306教室,二十四品306教室,班级刷卡,15人,素养,二十四品教学区,2026-08-28,10,12,语商表达6
"素养智学部",博文妙笔,博文妙笔,博文妙笔,BW627A0017,博文口才 6（暑）,博文妙笔L6暑假B1班,通用,10,10,1100,1100,110.0,"	0.00",L6,L6,常规体系,常规体系,博文妙笔L6暑假B1班,六年级博文妙笔暑假L6班,否,,连季续,六年级(小学),六年级,六年级,2000.00,邓烜文(361713),,暑假,暑假,正常,2026-08-18,2026-08-18,已审核,走读,常规面授,常规面授,,19,2026-02-26,每天10:40-12:30(上5休1),"有教材,开课前领取",2026-08-28,14,素养素质(智学),洋湖新城307教室,洋湖新城307教室,班级刷卡,15人,素养,洋湖新城教学区,2026-08-28,10,12,语商表达6
"素养智学部",双语故事表演,双语故事表演,双语故事表演,PM327A0161,双语绘本3C（暑）,双语故事表演L3暑假B2班,通用,10,10,1100,1100,110.0,"	0.00",L3,L3,常规体系,常规体系,双语故事表演L3暑假B2班,三年级双语故事表演暑假L3班,否,,连季续,三年级,三年级,三年级,2000.00,马承隆(589042),,暑假,暑假,正常,2026-08-18,2026-08-18,已审核,走读,常规面授,常规面授,,18,2026-02-26,每天10:40-12:30(上5休1),"有教材,开课前领取",2026-08-28,14,素养素质(智学),方圆荟303自习室,方圆荟303自习室,班级刷卡,15人,素养,方圆荟智慧空间,2026-08-28,10,12,分级阅读3
"素养智学部",双语故事表演,双语故事表演,双语故事表演,PMS327A0009,双语绘本K（暑）,双语故事表演S3暑假B1班,通用,10,10,900,900,90.0,"	0.00",S3,S3,常规体系,常规体系,双语故事表演S3暑假B1班,S3双语故事表演暑假S3班,否,,连季续,S3,S3,S3,1575.00,刘诗颖(612645),,暑假,暑假,正常,2026-08-18,2026-08-18,已审核,走读,常规面授,常规面授,,15,2026-02-26,每天16:00-17:30(上5休1),"有教材,开课前领取",2026-08-28,12,素养素质(智学),方圆荟304教室,方圆荟304教室,班级刷卡,15人,素养,方圆荟智慧空间,2026-08-28,10,12,分级阅读K
"素养智学部",双语故事表演,双语故事表演,双语故事表演,PM127A0022,双语绘本1C（暑）,双语故事表演L1暑假B2班,通用,10,10,1100,1100,110.0,"	0.00",L1,L1,常规体系,常规体系,双语故事表演L1暑假B2班,一年级双语故事表演暑假L1班,否,,连季续,一年级,一年级,一年级,2100.00,徐涛(619507),,暑假,暑假,正常,2026-07-23,2026-07-23,已审核,走读,常规面授,常规面授,,15,2026-02-26,每天08:30-10:20(上5休1),"有教材,开课前领取",2026-08-02,12,素养素质(智学),星沙湘龙311教室,星沙湘龙311教室,班级刷卡,15人,素养,星沙湘龙教学区,2026-08-02,10,12,分级阅读1
"素养智学部",双语故事表演,双语故事表演,双语故事表演,PM227A0076,双语绘本2C（暑）,双语故事表演L2暑假B2班,通用,10,10,1100,1100,110.0,"	0.00",L2,L2,常规体系,常规体系,双语故事表演L2暑假B2班,二年级双语故事表演暑假L2班,否,,连季续,二年级,二年级,二年级,2100.00,王维(418456),,暑假,暑假,正常,2026-08-18,2026-08-18,已审核,走读,常规面授,常规面授,,15,2026-02-26,每天13:50-15:40(上5休1),"有教材,开课前领取",2026-08-28,13,素养素质(智学),方圆荟305自习室,方圆荟305自习室,班级刷卡,15人,素养,方圆荟智慧空间,2026-08-28,10,12,分级阅读2
"素养智学部",博文妙笔,博文妙笔,博文妙笔,BW427A0006,博文口才 4（暑）,博文妙笔L4暑假B1班,通用,10,10,1100,1100,110.0,"	0.00",L4,L4,常规体系,常规体系,博文妙笔L4暑假B1班,四年级博文妙笔暑假L4班,否,,连季续,四年级,四年级,四年级,2000.00,周欣宇(438802),,暑假,暑假,正常,2026-08-18,2026-08-18,已审核,走读,常规面授,常规面授,,18,2026-02-26,每天10:40-12:30(上5休1),"有教材,开课前领取",2026-08-28,11,素养素质(智学),美林银谷312教室,美林银谷312教室,班级刷卡,15人,素养,美林银谷教学区,2026-08-28,10,12,语商表达4
"素养智学部",博文妙笔,博文妙笔,博文妙笔,BW527A0023,博文口才 5（暑）,博文妙笔L5暑假B1班,通用,10,10,1100,1100,110.0,"	0.00",L5,L5,常规体系,常规体系,博文妙笔L5暑假B1班,五年级博文妙笔暑假L5班,否,,连季续,五年级,五年级,五年级,2000.00,张欣(444772),,暑假,暑假,正常,2026-08-18,2026-08-18,已审核,走读,常规面授,常规面授,,18,2026-02-26,每天10:40-12:30(上5休1),"有教材,开课前领取",2026-08-28,14,素养素质(智学),湘江世纪城309教室,湘江世纪城309教室,班级刷卡,15人,素养,湘江世纪城教学区,2026-08-28,10,12,语商表达5
"素养智学部",双语故事表演,双语故事表演,双语故事表演,PM427A0039,双语绘本4C（暑）,双语故事表演L4暑假B2班,通用,10,10,1100,1100,110.0,"	0.00",L4,L4,常规体系,常规体系,双语故事表演L4暑假B2班,四年级双语故事表演暑假L4班,否,,连季续,四年级,四年级,四年级,2000.00,王琴(371355),,暑假,暑假,正常,2026-08-18,2026-08-18,已审核,走读,常规面授,常规面授,,18,2026-02-26,每天10:40-12:30(上5休1),"有教材,开课前领取",2026-08-28,16,素养素质(智学),西子花苑旗舰店303教室,西子花苑旗舰店303教室,班级刷卡,15人,素养,西子花苑旗舰店教学区,2026-08-28,10,12,分级阅读4
"素养智学部",博文妙笔,博文妙笔,博文妙笔,BW627A0045,博文口才 6（暑）,博文妙笔L6暑假B1班,通用,10,10,1100,1100,110.0,"	0.00",L6,L6,常规体系,常规体系,博文妙笔L6暑假B1班,六年级博文妙笔暑假L6班,否,,连季续,六年级(小学),六年级,六年级,2000.00,吕琛(332789),,暑假,暑假,正常,2026-08-18,2026-08-18,已审核,走读,常规面授,常规面授,,18,2026-02-26,每天10:40-12:30(上5休1),"有教材,开课前领取",2026-08-28,11,素养素质(智学),井湾子教学区211教室,井湾子教学区211教室,班级刷卡,15人,素养,井湾子教学区,2026-08-28,10,12,语商表达6
"素养智学部",脑力与思维,脑力与思维,脑力与思维,SW527A0008,脑力思维5B（暑）,脑力与思维L5暑假B1班,通用,10,10,1100,1100,110.0,"	0.00",L5,L5,常规体系,常规体系,脑力与思维L5暑假B1班,五年级脑力与思维暑假L5班,否,,连季续,五年级,五年级,五年级,2000.00,牛子琪(176608),,暑假,暑假,正常,2026-08-18,2026-08-18,已审核,走读,常规面授,常规面授,,18,2026-02-26,每天13:50-15:40(上5休1),"有教材,开课前领取",2026-08-28,16,素养素质(智学),月亮岛202教室,月亮岛202教室,班级刷卡,15人,素养,月亮岛教学区,2026-08-28,10,12,思维5
"素养智学部",双语故事表演,双语故事表演,双语故事表演,PM427A0179,双语绘本4C（暑）,双语故事表演L4暑假B2班,通用,10,10,1100,1100,110.0,"	0.00",L4,L4,常规体系,常规体系,双语故事表演L4暑假B2班,四年级双语故事表演暑假L4班,否,,连季续,四年级,四年级,四年级,2000.00,邓芊芊(513753),,暑假,暑假,正常,2026-08-18,2026-08-18,已审核,走读,常规面授,常规面授,,19,2026-03-26,每天13:50-15:40(上5休1),"有教材,开课前领取",2026-08-28,13,素养素质(智学),洋湖新城310教室,洋湖新城310教室,班级刷卡,15人,素养,洋湖新城教学区,2026-08-28,10,12,分级阅读4
"素养智学部",脑力与思维,脑力与思维,脑力与思维,SW227A0009,脑力思维2B（暑）,脑力与思维L2暑假B1班,通用,10,10,1100,1100,110.0,"	0.00",L2,L2,常规体系,常规体系,脑力与思维L2暑假B1班,二年级脑力与思维暑假L2班,否,,连季续,二年级,二年级,二年级,2100.00,陶杜昀(364487),,暑假,暑假,正常,2026-08-18,2026-08-18,已审核,走读,常规面授,常规面授,,15,2026-02-26,每天16:00-17:50(上5休1),"有教材,开课前领取",2026-08-28,11,素养素质(智学),东塘204教室,东塘204教室,班级刷卡,15人,素养,东塘教学区,2026-08-28,10,12,思维2
"素养智学部",双语故事表演,双语故事表演,双语故事表演,PMS327A0002,双语绘本K（暑）,双语故事表演S3暑假B1班,通用,10,10,900,900,90.0,"	0.00",S3,S3,常规体系,常规体系,双语故事表演S3暑假B1班,S3双语故事表演暑假S3班,否,,连季续,S3,S3,S3,1575.00,唐芷怡(667001),,暑假,暑假,正常,2026-08-18,2026-08-18,已审核,走读,常规面授,常规面授,,15,2026-02-26,每天16:00-17:30(上5休1),"有教材,开课前领取",2026-08-28,10,素养素质(智学),八方小区206教室,八方小区206教室,班级刷卡,15人,素养,八方小区教学区,2026-08-28,10,12,分级阅读K
"素养智学部",双语故事表演,双语故事表演,双语故事表演,PM227A0155,双语绘本2C（暑）,双语故事表演L2暑假B2班,通用,10,10,1100,1100,110.0,"	0.00",L2,L2,常规体系,常规体系,双语故事表演L2暑假B2班,二年级双语故事表演暑假L2班,否,,连季续,二年级,二年级,二年级,2100.00,卫文可(661617),,暑假,暑假,正常,2026-08-18,2026-08-18,已审核,走读,常规面授,常规面授,,16,2026-02-26,每天10:40-12:30(上5休1),"有教材,开课前领取",2026-08-28,15,素养素质(智学),梅溪湖南207教室,梅溪湖南207教室,班级刷卡,15人,素养,梅溪湖南教学区,2026-08-28,10,12,分级阅读2
"素养智学部",双语故事表演,双语故事表演,双语故事表演,PM227A0140,双语绘本2C（暑）,双语故事表演L2暑假B2班,通用,10,10,1100,1100,110.0,"	0.00",L2,L2,常规体系,常规体系,双语故事表演L2暑假B2班,二年级双语故事表演暑假L2班,否,,连季续,二年级,二年级,二年级,2100.00,肖倩(365844),,暑假,暑假,正常,2026-08-18,2026-08-18,已审核,走读,常规面授,常规面授,,16,2026-02-26,每天10:40-12:30(上5休1),"有教材,开课前领取",2026-08-28,12,素养素质(智学),梅岭国际203教室,梅岭国际203教室,班级刷卡,15人,素养,梅岭国际教学区,2026-08-28,10,12,分级阅读2
"素养智学部",博文妙笔,博文妙笔,博文妙笔,BW527A0053,博文口才 5（暑）,博文妙笔L5暑假B1班,通用,10,10,1100,1100,110.0,"	0.00",L5,L5,常规体系,常规体系,博文妙笔L5暑假B1班,五年级博文妙笔暑假L5班,否,,连季续,五年级,五年级,五年级,2000.00,张明珠(267049),,暑假,暑假,正常,2026-08-18,2026-08-18,已审核,走读,常规面授,常规面授,,18,2026-04-13,每天13:50-15:40(上5休1),"有教材,开课前领取",2026-08-28,8,素养素质(智学),二十四品303教室,二十四品303教室,班级刷卡,15人,素养,二十四品教学区,2026-08-28,10,12,语商表达5
"素养智学部",双语故事表演,双语故事表演,双语故事表演,PMS327A0013,双语绘本K（暑）,双语故事表演S3暑假B1班,通用,10,10,900,900,90.0,"	0.00",S3,S3,常规体系,常规体系,双语故事表演S3暑假B1班,S3双语故事表演暑假S3班,否,,连季续,S3,S3,S3,1575.00,胡晓洁(443728),,暑假,暑假,正常,2026-08-18,2026-08-18,已审核,走读,常规面授,常规面授,,15,2026-02-26,每天16:00-17:30(上5休1),"有教材,开课前领取",2026-08-28,13,素养素质(智学),西子花苑旗舰店203教室,西子花苑旗舰店203教室,班级刷卡,15人,素养,西子花苑旗舰店教学区,2026-08-28,10,12,分级阅读K
"素养智学部",博文妙笔,博文妙笔,博文妙笔,BW627A0037,博文口才 6（暑）,博文妙笔L6暑假B1班,通用,10,10,1100,1100,110.0,"	0.00",L6,L6,常规体系,常规体系,博文妙笔L6暑假B1班,六年级博文妙笔暑假L6班,否,,连季续,六年级(小学),六年级,六年级,2000.00,张明珠(267049),,暑假,暑假,正常,2026-08-18,2026-08-18,已审核,走读,常规面授,常规面授,,18,2026-02-26,每天16:00-17:50(上5休1),"有教材,开课前领取",2026-08-28,14,素养素质(智学),二十四品303教室,二十四品303教室,班级刷卡,15人,素养,二十四品教学区,2026-08-28,10,12,语商表达6
"素养智学部",双语故事表演,双语故事表演,双语故事表演,PM327A0001,双语绘本3C（暑）,双语故事表演L3暑假B2班,通用,10,10,1100,1100,110.0,"	0.00",L3,L3,常规体系,常规体系,双语故事表演L3暑假B2班,三年级双语故事表演暑假L3班,否,,连季续,三年级,三年级,三年级,2000.00,史好(621266),,暑假,暑假,正常,2026-08-18,2026-08-18,已审核,走读,常规面授,常规面授,,18,2026-02-26,每天16:00-17:50(上5休1),"有教材,开课前领取",2026-08-28,13,素养素质(智学),东塘207教室,东塘207教室,班级刷卡,15人,素养,东塘教学区,2026-08-28,10,12,分级阅读3
"素养智学部",双语故事表演,双语故事表演,双语故事表演,PM427A0106,双语绘本4C（暑）,双语故事表演L4暑假B2班,通用,10,10,1100,1100,110.0,"	0.00",L4,L4,常规体系,常规体系,双语故事表演L4暑假B2班,四年级双语故事表演暑假L4班,否,,连季续,四年级,四年级,四年级,2000.00,史好(621266),,暑假,暑假,正常,2026-07-23,2026-07-23,已审核,走读,常规面授,常规面授,,19,2026-02-26,每天13:50-15:40(上5休1),"有教材,开课前领取",2026-08-02,13,素养素质(智学),浏城桥514教室（新）,浏城桥514教室（新）,班级刷卡,15人,素养,浏城桥教学区,2026-08-02,10,12,分级阅读4
"素养智学部",脑力与思维,脑力与思维,脑力与思维,SW227A0005,脑力思维2B（暑）,脑力与思维L2暑假B1班,通用,10,10,1100,1100,110.0,"	0.00",L2,L2,常规体系,常规体系,脑力与思维L2暑假B1班,二年级脑力与思维暑假L2班,否,,连季续,二年级,二年级,二年级,2100.00,肖静媛(659914),,暑假,暑假,正常,2026-08-18,2026-08-18,已审核,走读,常规面授,常规面授,,15,2026-02-26,每天13:50-15:40(上5休1),"有教材,开课前领取",2026-08-28,14,素养素质(智学),美林银谷302教室,美林银谷302教室,班级刷卡,15人,素养,美林银谷教学区,2026-08-28,10,12,思维2
"素养智学部",双语故事表演,双语故事表演,双语故事表演,PM227A0167,双语绘本2C（暑）,双语故事表演L2暑假B2班,通用,10,10,1100,1100,110.0,"	0.00",L2,L2,常规体系,常规体系,双语故事表演L2暑假B2班,二年级双语故事表演暑假L2班,否,,连季续,二年级,二年级,二年级,2100.00,佘语嫣(618513),,暑假,暑假,正常,2026-08-18,2026-08-18,已审核,走读,常规面授,常规面授,,15,2026-02-26,每天16:00-17:50(上5休1),"有教材,开课前领取",2026-08-28,6,素养素质(智学),雨花家园302教室,雨花家园302教室,班级刷卡,15人,素养,雨花家园教学区,2026-08-28,10,12,分级阅读2
"素养智学部",双语故事表演,双语故事表演,双语故事表演,PM227A0050,双语绘本2C（暑）,双语故事表演L2暑假B2班,通用,10,10,1100,1100,110.0,"	0.00",L2,L2,常规体系,常规体系,双语故事表演L2暑假B2班,二年级双语故事表演暑假L2班,否,,连季续,二年级,二年级,二年级,2100.00,贾逸晴(675564),,暑假,暑假,正常,2026-08-18,2026-08-18,已审核,走读,常规面授,常规面授,,15,2026-02-26,每天16:00-17:50(上5休1),"有教材,开课前领取",2026-08-28,15,素养素质(智学),月亮岛306教室,月亮岛306教室,班级刷卡,15人,素养,月亮岛教学区,2026-08-28,10,12,分级阅读2
"素养智学部",博文妙笔,博文妙笔,博文妙笔,BW227A0001,博文口才 2（暑）,博文妙笔L2暑假B1班,通用,10,10,1100,1100,110.0,"	0.00",L2,L2,常规体系,常规体系,博文妙笔L2暑假B1班,二年级博文妙笔暑假L2班,否,,连季续,二年级,二年级,二年级,2100.00,杨紫薇(365245),,暑假,暑假,正常,2026-08-18,2026-08-18,已审核,走读,常规面授,常规面授,,15,2026-02-26,每天08:30-10:20(上5休1),"有教材,开课前领取",2026-08-28,7,素养素质(智学),月亮岛303教室,月亮岛303教室,班级刷卡,15人,素养,月亮岛教学区,2026-08-28,10,12,语商表达2
"素养智学部",双语故事表演,双语故事表演,双语故事表演,PM227A0077,双语绘本2C（暑）,双语故事表演L2暑假B2班,通用,10,10,1100,1100,110.0,"	0.00",L2,L2,常规体系,常规体系,双语故事表演L2暑假B2班,二年级双语故事表演暑假L2班,否,,连季续,二年级,二年级,二年级,2100.00,朱卓(384353),,暑假,暑假,正常,2026-08-18,2026-08-18,已审核,走读,常规面授,常规面授,,17,2026-02-26,每天13:50-15:40(上5休1),"有教材,开课前领取",2026-08-28,14,素养素质(智学),雨花家园307A教室,雨花家园307A教室,班级刷卡,15人,素养,雨花家园教学区,2026-08-28,10,12,分级阅读2
"素养智学部",双语故事表演,双语故事表演,双语故事表演,PM327A0136,双语绘本3C（暑）,双语故事表演L3暑假B2班,通用,10,10,1100,1100,110.0,"	0.00",L3,L3,常规体系,常规体系,双语故事表演L3暑假B2班,三年级双语故事表演暑假L3班,否,,连季续,三年级,三年级,三年级,2000.00,王维(418456),,暑假,暑假,正常,2026-08-18,2026-08-18,已审核,走读,常规面授,常规面授,,18,2026-02-26,每天10:40-12:30(上5休1),"有教材,开课前领取",2026-08-28,9,素养素质(智学),方圆荟305自习室,方圆荟305自习室,班级刷卡,15人,素养,方圆荟智慧空间,2026-08-28,10,12,分级阅读3
"素养智学部",双语故事表演,双语故事表演,双语故事表演,PM327A0089,双语绘本3C（暑）,双语故事表演L3暑假B2班,通用,10,10,1100,1100,110.0,"	0.00",L3,L3,常规体系,常规体系,双语故事表演L3暑假B2班,三年级双语故事表演暑假L3班,否,,连季续,三年级,三年级,三年级,2000.00,贾逸晴(675564),,暑假,暑假,正常,2026-08-18,2026-08-18,已审核,走读,常规面授,常规面授,,18,2026-02-26,每天10:40-12:30(上5休1),"有教材,开课前领取",2026-08-28,16,素养素质(智学),月亮岛306教室,月亮岛306教室,班级刷卡,15人,素养,月亮岛教学区,2026-08-28,10,12,分级阅读3
"素养智学部",双语故事表演,双语故事表演,双语故事表演,PM327A0139,双语绘本3C（暑）,双语故事表演L3暑假B2班,通用,10,10,1100,1100,110.0,"	0.00",L3,L3,常规体系,常规体系,双语故事表演L3暑假B2班,三年级双语故事表演暑假L3班,否,,连季续,三年级,三年级,三年级,2000.00,蔡好(398982),,暑假,暑假,正常,2026-08-18,2026-08-18,已审核,走读,常规面授,常规面授,,18,2026-02-26,每天10:40-12:30(上5休1),"有教材,开课前领取",2026-08-28,12,素养素质(智学),井湾子教学区209教室,井湾子教学区209教室,班级刷卡,15人,素养,井湾子教学区,2026-08-28,10,12,分级阅读3
"素养智学部",双语故事表演,双语故事表演,双语故事表演,PM327A0098,双语绘本3C（暑）,双语故事表演L3暑假B2班,通用,10,10,1100,1100,110.0,"	0.00",L3,L3,常规体系,常规体系,双语故事表演L3暑假B2班,三年级双语故事表演暑假L3班,否,,连季续,三年级,三年级,三年级,2000.00,陈静(365957),,暑假,暑假,正常,2026-08-18,2026-08-18,已审核,走读,常规面授,常规面授,,18,2026-02-26,每天08:30-10:20(上5休1),"有教材,开课前领取",2026-08-28,13,素养素质(智学),东塘201教室,东塘201教室,班级刷卡,15人,素养,东塘教学区,2026-08-28,10,12,分级阅读3
"素养智学部",脑力与思维,脑力与思维,脑力与思维,SW327A0029,脑力思维3B（暑）,脑力与思维L3暑假B1班,通用,10,10,1100,1100,110.0,"	0.00",L3,L3,常规体系,常规体系,脑力与思维L3暑假B1班,三年级脑力与思维暑假L3班,否,,连季续,三年级,三年级,三年级,2000.00,邹沁婷(364799),,暑假,暑假,正常,2026-08-18,2026-08-18,已审核,走读,常规面授,常规面授,,18,2026-02-26,每天10:40-12:30(上5休1),"有教材,开课前领取",2026-08-28,17,素养素质(智学),洋湖新城319教室,洋湖新城319教室,班级刷卡,15人,素养,洋湖新城教学区,2026-08-28,10,12,思维3
"素养智学部",博文妙笔,博文妙笔,博文妙笔,BW327A0015,博文口才 3（暑）,博文妙笔L3暑假B1班,通用,10,10,1100,1100,110.0,"	0.00",L3,L3,常规体系,常规体系,博文妙笔L3暑假B1班,三年级博文妙笔暑假L3班,否,,连季续,三年级,三年级,三年级,2000.00,邓烜文(361713),,暑假,暑假,正常,2026-08-18,2026-08-18,已审核,走读,常规面授,常规面授,,18,2026-02-26,每天08:30-10:20(上5休1),"有教材,开课前领取",2026-08-28,14,素养素质(智学),洋湖新城307教室,洋湖新城307教室,班级刷卡,15人,素养,洋湖新城教学区,2026-08-28,10,12,语商表达3
"素养智学部",博文妙笔,博文妙笔,博文妙笔,BW327A0006,博文口才 3（暑）,博文妙笔L3暑假B1班,通用,10,10,1100,1100,110.0,"	0.00",L3,L3,常规体系,常规体系,博文妙笔L3暑假B1班,三年级博文妙笔暑假L3班,否,,连季续,三年级,三年级,三年级,2000.00,陈镜如(433197),,暑假,暑假,正常,2026-08-18,2026-08-18,已审核,走读,常规面授,常规面授,,18,2026-02-26,每天13:50-15:40(上5休1),"有教材,开课前领取",2026-08-28,18,素养素质(智学),雨花家园308教室,雨花家园308教室,班级刷卡,15人,素养,雨花家园教学区,2026-08-28,10,12,语商表达3
"素养智学部",双语故事表演,双语故事表演,双语故事表演,PM227A0124,双语绘本2C（暑）,双语故事表演L2暑假B2班,通用,10,10,1100,1100,110.0,"	0.00",L2,L2,常规体系,常规体系,双语故事表演L2暑假B2班,二年级双语故事表演暑假L2班,否,,连季续,二年级,二年级,二年级,2100.00,徐欢(612651),,暑假,暑假,正常,2026-08-18,2026-08-18,已审核,走读,常规面授,常规面授,,17,2026-02-26,每天10:40-12:30(上5休1),"有教材,开课前领取",2026-08-28,17,素养素质(智学),梅溪湖南206教室,梅溪湖南206教室,班级刷卡,15人,素养,梅溪湖南教学区,2026-08-28,10,12,分级阅读2
"素养智学部",双语故事表演,双语故事表演,双语故事表演,PM327A0105,双语绘本3C（暑）,双语故事表演L3暑假B2班,通用,10,10,1100,1100,110.0,"	0.00",L3,L3,常规体系,常规体系,双语故事表演L3暑假B2班,三年级双语故事表演暑假L3班,否,,连季续,三年级,三年级,三年级,2000.00,刘廷(368042),,暑假,暑假,正常,2026-08-18,2026-08-18,已审核,走读,常规面授,常规面授,,20,2026-02-26,每天13:50-15:40(上5休1),"有教材,开课前领取",2026-08-28,20,素养素质(智学),星沙筑梦202教室,星沙筑梦202教室,班级刷卡,15人,素养,星沙筑梦教学区,2026-08-28,10,12,分级阅读3
"素养智学部",双语故事表演,双语故事表演,双语故事表演,PM327A0044,双语绘本3C（暑）,双语故事表演L3暑假B2班,通用,10,10,1100,1100,110.0,"	0.00",L3,L3,常规体系,常规体系,双语故事表演L3暑假B2班,三年级双语故事表演暑假L3班,否,,连季续,三年级,三年级,三年级,2000.00,童斌(694181),,暑假,暑假,正常,2026-08-18,2026-08-18,已审核,走读,常规面授,常规面授,,18,2026-02-26,每天13:50-15:40(上5休1),"有教材,开课前领取",2026-08-28,16,素养素质(智学),中信302教室,中信302教室,班级刷卡,15人,素养,中信教学区,2026-08-28,10,12,分级阅读3
"素养智学部",双语故事表演,双语故事表演,双语故事表演,PM627A0036,双语绘本C6（暑）,双语故事表演L6暑假B2班,通用,10,10,1100,1100,110.0,"	0.00",L6,L6,常规体系,常规体系,双语故事表演L6暑假B2班,六年级双语故事表演暑假L6班,否,,连季续,六年级(小学),六年级,六年级,2000.00,朱文韬(383983),,暑假,暑假,正常,2026-08-18,2026-08-18,已审核,走读,常规面授,常规面授,,24,2026-02-26,每天16:00-17:50(上5休1),"有教材,开课前领取",2026-08-28,19,素养素质(智学),东塘206教室,东塘206教室,班级刷卡,15人,素养,东塘教学区,2026-08-28,10,12,故事会6
"素养智学部",双语故事表演,双语故事表演,双语故事表演,PM227A0040,双语绘本2C（暑）,双语故事表演L2暑假B2班,通用,10,10,1100,1100,110.0,"	0.00",L2,L2,常规体系,常规体系,双语故事表演L2暑假B2班,二年级双语故事表演暑假L2班,否,,连季续,二年级,二年级,二年级,2100.00,颜芬芬(430608),,暑假,暑假,正常,2026-08-18,2026-08-18,已审核,走读,常规面授,常规面授,,15,2026-02-26,每天16:00-17:50(上5休1),"有教材,开课前领取",2026-08-28,14,素养素质(智学),八方小区204教室,八方小区204教室,班级刷卡,15人,素养,八方小区教学区,2026-08-28,10,12,分级阅读2
"素养智学部",双语故事表演,双语故事表演,双语故事表演,PM227A0057,双语绘本2C（暑）,双语故事表演L2暑假B2班,通用,10,10,1100,1100,110.0,"	0.00",L2,L2,常规体系,常规体系,双语故事表演L2暑假B2班,二年级双语故事表演暑假L2班,否,,连季续,二年级,二年级,二年级,2100.00,颜芬芬(430608),,暑假,暑假,正常,2026-08-18,2026-08-18,已审核,走读,常规面授,常规面授,,15,2026-02-26,每天10:40-12:30(上5休1),"有教材,开课前领取",2026-08-28,10,素养素质(智学),八方小区204教室,八方小区204教室,班级刷卡,15人,素养,八方小区教学区,2026-08-28,10,12,分级阅读2
"素养智学部",双语故事表演,双语故事表演,双语故事表演,PM627A0080,双语绘本C6（暑）,双语故事表演L6暑假B2班,通用,10,10,1100,1100,110.0,"	0.00",L6,L6,常规体系,常规体系,双语故事表演L6暑假B2班,六年级双语故事表演暑假L6班,否,,连季续,六年级(小学),六年级,六年级,2000.00,王静静(252025),,暑假,暑假,正常,2026-08-18,2026-08-18,已审核,走读,常规面授,常规面授,,18,2026-02-26,每天13:50-15:40(上5休1),"有教材,开课前领取",2026-08-28,10,素养素质(智学),井湾子教学区215教室,井湾子教学区215教室,班级刷卡,15人,素养,井湾子教学区,2026-08-28,10,12,故事会6
"素养智学部",双语故事表演,双语故事表演,双语故事表演,PM227A0032,双语绘本2C（暑）,双语故事表演L2暑假B2班,通用,10,10,1100,1100,110.0,"	0.00",L2,L2,常规体系,常规体系,双语故事表演L2暑假B2班,二年级双语故事表演暑假L2班,否,,连季续,二年级,二年级,二年级,2100.00,彭娟(409141),,暑假,暑假,正常,2026-07-23,2026-07-23,已审核,走读,常规面授,常规面授,,15,2026-02-26,每天10:40-12:30(上5休1),"有教材,开课前领取",2026-08-02,14,素养素质(智学),美林银谷314教室,美林银谷314教室,班级刷卡,15人,素养,美林银谷教学区,2026-08-02,10,12,分级阅读2
"素养智学部",双语故事表演,双语故事表演,双语故事表演,PM227A0060,双语绘本2C（暑）,双语故事表演L2暑假B2班,通用,10,10,1100,1100,110.0,"	0.00",L2,L2,常规体系,常规体系,双语故事表演L2暑假B2班,二年级双语故事表演暑假L2班,否,,连季续,二年级,二年级,二年级,2100.00,吴灿红(662111),,暑假,暑假,正常,2026-08-18,2026-08-18,已审核,走读,常规面授,常规面授,,15,2026-02-26,每天16:00-17:50(上5休1),"有教材,开课前领取",2026-08-28,11,素养素质(智学),井湾子教学区213教室,井湾子教学区213教室,班级刷卡,15人,素养,井湾子教学区,2026-08-28,10,12,分级阅读2
"素养智学部",双语故事表演,双语故事表演,双语故事表演,PM227A0035,双语绘本2C（暑）,双语故事表演L2暑假B2班,通用,10,10,1100,1100,110.0,"	0.00",L2,L2,常规体系,常规体系,双语故事表演L2暑假B2班,二年级双语故事表演暑假L2班,否,,连季续,二年级,二年级,二年级,2100.00,陶思蓉(395723),,暑假,暑假,正常,2026-08-18,2026-08-18,已审核,走读,常规面授,常规面授,,16,2026-02-26,每天08:30-10:20(上5休1),"有教材,开课前领取",2026-08-28,14,素养素质(智学),美林银谷311教室,美林银谷311教室,班级刷卡,15人,素养,美林银谷教学区,2026-08-28,10,12,分级阅读2
"素养智学部",双语故事表演,双语故事表演,双语故事表演,PM427A0024,双语绘本4C（暑）,双语故事表演L4暑假B2班,通用,10,10,1100,1100,110.0,"	0.00",L4,L4,常规体系,常规体系,双语故事表演L4暑假B2班,四年级双语故事表演暑假L4班,否,,连季续,四年级,四年级,四年级,2000.00,钟雨鑫(632994),,暑假,暑假,正常,2026-08-18,2026-08-18,已审核,走读,常规面授,常规面授,,18,2026-02-26,每天13:50-15:40(上5休1),"有教材,开课前领取",2026-08-28,9,素养素质(智学),洋湖卓伯根204教室,洋湖卓伯根204教室,班级刷卡,15人,素养,洋湖卓伯根教学区,2026-08-28,10,12,分级阅读4
"素养智学部",双语故事表演,双语故事表演,双语故事表演,PM227A0164,双语绘本2C（暑）,双语故事表演L2暑假B2班,通用,10,10,1100,1100,110.0,"	0.00",L2,L2,常规体系,常规体系,双语故事表演L2暑假B2班,二年级双语故事表演暑假L2班,否,,连季续,二年级,二年级,二年级,2100.00,钟雨鑫(632994),,暑假,暑假,正常,2026-07-23,2026-07-23,已审核,走读,常规面授,常规面授,,15,2026-02-26,每天10:40-12:30(上5休1),"有教材,开课前领取",2026-08-02,14,素养素质(智学),洋湖卓伯根205教室,洋湖卓伯根205教室,班级刷卡,15人,素养,洋湖卓伯根教学区,2026-08-02,10,12,分级阅读2
"素养智学部",双语故事表演,双语故事表演,双语故事表演,PM227A0006,双语绘本2B（暑）,双语故事表演L2暑假B2班,通用,10,10,1100,1100,110.0,"	0.00",L2,L2,常规体系,常规体系,双语故事表演L2暑假B2班,二年级双语故事表演暑假L2班,否,,连季续,二年级,二年级,二年级,2100.00,吴灿红(662111),,暑假,暑假,正常,2026-08-18,2026-08-18,已审核,走读,常规面授,常规面授,,15,2026-02-26,每天08:30-10:20(上5休1),"有教材,开课前领取",2026-08-28,10,素养素质(智学),井湾子教学区213教室,井湾子教学区213教室,班级刷卡,15人,素养,井湾子教学区,2026-08-28,10,12,分级阅读2
"素养智学部",双语故事表演,双语故事表演,双语故事表演,PM227A0251,双语绘本2C（暑）,双语故事表演L2暑假B2班,通用,10,10,1100,1100,110.0,"	0.00",L2,L2,常规体系,常规体系,双语故事表演L2暑假B2班,二年级双语故事表演暑假L2班,否,,连季续,二年级,二年级,二年级,2100.00,何丽萍(640266),,暑假,暑假,正常,2026-08-18,2026-08-18,已审核,走读,常规面授,常规面授,,15,2026-04-13,每天13:50-15:40(上5休1),"有教材,开课前领取",2026-08-28,10,素养素质(智学),二十四品302教室,二十四品302教室,班级刷卡,15人,素养,二十四品教学区,2026-08-28,10,12,分级阅读2
"素养智学部",双语故事表演,双语故事表演,双语故事表演,PM127A0023,双语绘本1C（暑）,双语故事表演L1暑假B2班,通用,10,10,1100,1100,110.0,"	0.00",L1,L1,常规体系,常规体系,双语故事表演L1暑假B2班,一年级双语故事表演暑假L1班,否,,连季续,一年级,一年级,一年级,2100.00,佘语嫣(618513),,暑假,暑假,正常,2026-07-23,2026-07-23,已审核,走读,常规面授,常规面授,,15,2026-02-26,每天16:00-17:50(上5休1),"有教材,开课前领取",2026-08-02,5,素养素质(智学),雨花家园302教室,雨花家园302教室,班级刷卡,15人,素养,雨花家园教学区,2026-08-02,10,12,分级阅读1
"素养智学部",博文妙笔,博文妙笔,博文妙笔,BW127A0010,博文口才 1（暑）,博文妙笔L1暑假B1班,通用,10,10,1100,1100,110.0,"	0.00",L1,L1,常规体系,常规体系,博文妙笔L1暑假B1班,一年级博文妙笔暑假L1班,否,,连季续,一年级,一年级,一年级,2100.00,奉婷(264312),,暑假,暑假,正常,2026-07-23,2026-07-23,已审核,走读,常规面授,常规面授,,15,2026-02-26,每天13:50-15:40(上5休1),"有教材,开课前领取",2026-08-02,9,素养素质(智学),西子花苑旗舰店209教室,西子花苑旗舰店209教室,班级刷卡,15人,素养,西子花苑旗舰店教学区,2026-08-02,10,12,语商表达1
"素养智学部",机器人,机器人,机器人,SZ27AJQ061,取消（取消）机器人L1-1段班,取消机器人L1暑假班（暑10次课）,通用,10,0,900,900,90.0,"	0.00",L1,L1,常规体系,常规体系,机器人L1暑假班,机器人L1暑假班,否,,连季续,一年级,一年级,一年级,1800.00,彭开云(450665),,暑假,暑假,取消班,2026-08-18,,已审核,走读,常规面授,常规面授,,0,2025-07-31,每天08:50-10:20（上5休1）,无教材,,0,素养素质(智学),雨花家园教学区,,班级刷卡,12人,素质,雨花家园教学区,2026-08-28,8,10,机器人-L1
"素养智学部",机器人,机器人,机器人,SZ27AJQ046,取消（取消）机器人L2-3段班,取消机器人L2暑假班（暑10次课）,通用,10,0,900,900,90.0,"	0.00",L2,L2,常规体系,常规体系,机器人L2暑假班,机器人L2暑假班,否,,连季续,二年级,二年级,二年级,1800.00,易志强(653504),,暑假,暑假,取消班,2026-08-18,,已审核,走读,常规面授,常规面授,,0,2025-07-31,每天10:40-12:10（上5休1）,无教材,,0,素养素质(智学),西子花苑03自习室,西子花苑03自习室,班级刷卡,12人,素质,西子花苑智慧空间,2026-08-27,8,10,机器人L2
"素养智学部",编程,编程,编程,SZ27AJQ003,取消（取消）编程L4-4段班,取消编程L4-4段暑假班（暑10次课）,通用,10,0,1200,1200,120.0,"	0.00",L4,L4,常规体系,常规体系,编程L4-4段暑假班,编程L4-4段暑假班,否,,连季续,四年级,四年级,四年级,2400.00,赵宇熙(374630),,暑假,暑假,取消班,2026-08-18,,已审核,"走读,在线","常规面授,在线直播",在线直播,云教室小班（25人以下）,0,2025-07-31,每天10:40-12:40（上5休1）,无教材,,0,素养素质(智学),湘江世纪城312教室,湘江世纪城312教室,班级刷卡,12人,素质,湘江世纪城教学区,2026-08-27,8,10,编程L4
"素养智学部",机器人,机器人,机器人,SZ27AJQ093,取消（取消）机器人S3-3段班,取消机器人S3暑假班（暑10次课）,通用,10,0,900,900,90.0,"	0.00",S3,S3,常规体系,常规体系,机器人S3暑假班,机器人S3暑假班,否,,连季续,S3,S3,S3,1800.00,皮妮芳(433194),,暑假,暑假,取消班,2026-08-18,,已审核,走读,常规面授,常规面授,,0,2025-11-14,每天10:40-12:10（上5休1）,无教材,,0,素养素质(智学),梅岭国际212A教室,梅岭国际212A教室,班级刷卡,12人,素质,梅岭国际教学区,2026-08-27,8,10,机器人-S3
"素养智学部",编程,编程,编程,SZ27AJQ117,取消（取消）编程L3-1段班,取消编程L3-1段暑假班（暑10次课）,通用,10,0,1200,1200,120.0,"	0.00",L3,L3,常规体系,常规体系,编程L3-1段暑假班,编程L3-1段暑假班,否,,连季续,三年级,三年级,三年级,2400.00,赵宇熙(374630),,暑假,暑假,取消班,2026-08-18,,已审核,"走读,在线","常规面授,在线直播",在线直播,云教室小班（25人以下）,0,2025-11-03,每天10:40-12:40（上5休1）,"有教材,开课前领取",,0,素养素质(智学),方圆荟302自习室,方圆荟302自习室,班级刷卡,12人,素质,方圆荟智慧空间,2026-08-28,8,10,编程-L3
"素养智学部",编程,编程,编程,SZ27AJQ043,取消（取消）编程L3-4段班,取消编程L3-4段暑假班（暑10次课）,通用,10,0,1200,1200,120.0,"	0.00",L3,L3,常规体系,常规体系,编程L3-4段暑假班,编程L3-4段暑假班,否,,连季续,三年级,三年级,三年级,2400.00,张智博(411871),,暑假,暑假,取消班,2026-08-18,,已审核,"走读,在线","常规面授,在线直播",在线直播,云教室小班（25人以下）,0,2025-07-31,每天16:00-18:00（上5休1）,无教材,,0,素养素质(智学),梅岭国际211教室,梅岭国际211教室,班级刷卡,12人,素质,梅岭国际教学区,2026-08-27,8,10,编程-L3
"素养智学部",编程,编程,编程,SZ27AJQ112,取消（取消）编程L3-1段班,取消编程L3-1段暑假班（暑10次课）,通用,10,0,1200,1200,120.0,"	0.00",L3,L3,常规体系,常规体系,编程L3-1段暑假班,编程L3-1段暑假班,否,,连季续,三年级,三年级,三年级,2400.00,曹子健(434107),,暑假,暑假,取消班,2026-08-18,,已审核,"走读,在线","常规面授,在线直播",在线直播,云教室小班（25人以下）,0,2025-11-03,每天10:40-12:40（上5休1）,无教材,,0,素养素质(智学),洋湖新城309教室,洋湖新城309教室,班级刷卡,12人,素质,洋湖新城教学区,2026-08-28,8,10,编程-L3
"素养智学部",编程,编程,编程,SZ27AJQ032,取消（取消）编程L3-4段班,取消编程L3-4段暑假班（暑10次课）,通用,10,0,1200,1200,120.0,"	0.00",L3,L3,常规体系,常规体系,编程L3-4段暑假班,编程L3-4段暑假班,否,,连季续,三年级,三年级,三年级,2400.00,张智博(411871),,暑假,暑假,取消班,2026-08-18,,已审核,"走读,在线","常规面授,在线直播",在线直播,云教室小班（25人以下）,0,2025-07-31,每天09:00-11:00（上5休1）,无教材,,0,素养素质(智学),梅岭国际教学区,,班级刷卡,12人,素质,梅岭国际教学区,2026-08-27,8,10,编程-L3
"素养智学部",双语故事表演,双语故事表演,双语故事表演,PM327A0153,取消双语绘本3C（暑）,取消双语故事表演L3暑假B1班,通用,10,0,1100,1100,110.0,"	0.00",L3,L3,常规体系,常规体系,双语故事表演L3暑假B1班,三年级双语故事表演暑假L3班,否,,连季续,三年级,三年级,三年级,2000.00,田晶灵(414721),,暑假,暑假,取消班,2026-08-18,,已审核,走读,常规面授,常规面授,,0,2026-02-26,每天18:40-20:30(上5休1),"有教材,开课前领取",,0,素养素质(智学),洋湖新城302教室,洋湖新城302教室,班级刷卡,15人,素养,洋湖新城教学区,2026-08-28,10,12,分级阅读3
"素养智学部",双语故事表演,双语故事表演,双语故事表演,PM227A0192,取消双语绘本2C（暑）,取消双语故事表演L2暑假B1班,通用,10,0,1100,1100,110.0,"	0.00",L2,L2,常规体系,常规体系,双语故事表演L2暑假B1班,二年级双语故事表演暑假L2班,否,,连季续,二年级,二年级,二年级,2100.00,潘叶姣(364005),,暑假,暑假,取消班,2026-08-18,,已审核,走读,常规面授,常规面授,,0,2026-02-26,每天13:50-15:40(上5休1),"有教材,开课前领取",,0,素养素质(智学),洋湖新城313教室,洋湖新城313教室,班级刷卡,15人,素养,洋湖新城教学区,2026-08-28,10,12,分级阅读2
"素养智学部",双语故事表演,双语故事表演,双语故事表演,PM227A0117,取消双语绘本2C（暑）,取消双语故事表演L2暑假B1班,通用,10,0,1100,1100,110.0,"	0.00",L2,L2,常规体系,常规体系,双语故事表演L2暑假B1班,二年级双语故事表演暑假L2班,否,,连季续,二年级,二年级,二年级,2100.00,蒋毅(467949),,暑假,暑假,取消班,2026-08-18,,已审核,走读,常规面授,常规面授,,0,2026-02-26,每天13:50-15:40(上5休1),"有教材,开课前领取",,0,素养素质(智学),洋湖新城303教室,洋湖新城303教室,班级刷卡,15人,素养,洋湖新城教学区,2026-08-28,10,12,分级阅读2
"素养智学部",双语故事表演,双语故事表演,双语故事表演,PM227A0089,取消双语绘本2C（暑）,取消双语故事表演L2暑假B1班,通用,10,0,1100,1100,110.0,"	0.00",L2,L2,常规体系,常规体系,双语故事表演L2暑假B1班,二年级双语故事表演暑假L2班,否,,连季续,二年级,二年级,二年级,2100.00,蒋毅(467949),,暑假,暑假,取消班,2026-08-18,,已审核,走读,常规面授,常规面授,,0,2026-02-26,每天16:00-17:50(上5休1),"有教材,开课前领取",,0,素养素质(智学),洋湖新城303教室,洋湖新城303教室,班级刷卡,15人,素养,洋湖新城教学区,2026-08-28,10,12,分级阅读2
"素养智学部",数学,数学,数学,SXZX6A0008,取消SX暑假毕业指导专项6,取消学习机托管六年级数学暑假YL1服务,通用,12,0,1440,1440,120.0,"	0.00",YL1,YL1,专项体系,专项体系,学习机托管六年级数学暑假YL1服务,六年级数学暑假体验班,否,,不可续,六年级(小学),六年级,六年级,1440.00,张媛媛(164583),,暑假,暑假,取消班,2026-07-23,,已审核,"走读,在线","常规面授,在线录播",在线录播,智慧学习机,0,2026-04-17,每天10:40-12:40(上6休1）,"有教材,开课前领取",,0,学习机托管(智学),雨花家园410自习室,雨花家园410自习室,班级刷卡,24人,学习机托管,雨花家园智慧空间,2026-08-04,12,14,
"素养智学部",双语故事表演,双语故事表演,双语故事表演,PM127A0143,取消（取消）双语绘本1（暑）,取消双语故事表演L1暑假班（默认2）,通用,10,0,1100,1100,110.0,"	0.00",L1,L1,常规体系,常规体系,双语故事表演L1暑假班,一年级双语故事表演暑假L1班,否,,连季续,一年级,一年级,一年级,2100.00,,,暑假,暑假,取消班,2026-08-18,,已审核,走读,常规面授,常规面授,,0,2026-02-26,每天13:50-15:40(上5休1),"有教材,开课前领取",,0,素养素质(智学),洋湖新城302教室,洋湖新城302教室,班级刷卡,15人,素养,洋湖新城教学区,2026-08-28,10,12,分级阅读1
"素养智学部",双语故事表演,双语故事表演,双语故事表演,YB527A0003,KET考培集训班,S2双语故事表演暑假ZT1班,通用,10,10,1200,1200,120.0,"	0.00",ZT1,ZT1,专项体系,专项体系,S2双语故事表演暑假ZT1班,S2双语故事表演暑假专题班,否,,不可续,S2,S2,S2,3000.00,高何易(675558),,暑假,暑假,正常,2026-07-23,2026-07-23,已审核,走读,常规面授,常规面授,,10,2026-05-09,每天13:50-15:50(上5休1),"有教材,开课前领取",2026-08-02,4,素养素质(智学),二十四品309教室,二十四品309教室,班级刷卡,10人,素养,二十四品教学区,2026-08-02,7,8,留学预备营
"高中班级部",数学,数学,数学,GKSXA409,取消高考数学暑假精进班,取消十二年级数学暑假A2班（面授）,通用,14,0,1680,1680,120.0,"	0.00",A2,A2,A体系,A体系,十二年级数学暑假A2班,高考数学暑假精进班,否,,连季续,高考,十二年级,高考,2800.00,杨盼(128090),,暑假,暑假,取消班,2026-07-21,,已审核,走读,常规面授,常规面授,,0,2025-12-15,10:20-12:20,"有教材,开课前领取",,0,高中部,浏城桥517教室（新）,浏城桥517教室（新）,班级刷卡,25人,非全日制,浏城桥教学区,2026-08-04,10,15,高考数学
"高中班级部",英语,英语,英语,GRA1028,取消高二英语暑假志高班,取消十一年级英语暑假B1班（面授）,通用,14,0,1680,1680,120.0,"	0.00",B1,B1,B体系,B体系,十一年级英语暑假B1班,高二英语暑假志高班,否,,连季续,高二,十一年级,高二,2660.00,谭茜(120882),,暑假,暑假,取消班,2026-08-06,,已审核,走读,常规面授,常规面授,,0,2025-12-15,10:20-12:20,"有教材,开课前领取",,0,高中部,浏城桥520教室（新）,浏城桥520教室（新）,班级刷卡,25人,非全日制,浏城桥教学区,2026-08-20,10,15,高二英语
"高中班级部",数学,数学,数学,GRSXA749,取消高二数学暑假志高班,取消十一年级数学暑假B1班（面授）,通用,14,0,1680,1680,120.0,"	0.00",B1,B1,B体系,B体系,十一年级数学暑假B1班,高二数学暑假志高班,否,,连季续,高二,十一年级,高二,2660.00,杨盼(128090),,暑假,暑假,取消班,2026-08-06,,已审核,走读,常规面授,常规面授,,0,2025-12-15,"	08:00-10:00","有教材,开课前领取",,0,高中部,浏城桥517教室（新）,浏城桥517教室（新）,班级刷卡,25人,非全日制,浏城桥教学区,2026-08-20,10,15,高二数学
"高中班级部",英语,英语,英语,GYA3756,取消高一英语暑假精进班,取消十年级英语暑假A2班（面授（14次））,通用,14,0,1680,1680,120.0,"	0.00",A2,A2,A体系,A体系,十年级英语暑假A2班,高一英语暑假精进班,否,,连季续,高一,十年级,高一,2660.00,,,暑假,暑假,取消班,2026-07-21,,已审核,走读,常规面授,常规面授,,0,2025-12-15,"	08:00-10:00","有教材,开课前领取",,0,高中部,东塘中设401教室,东塘中设401教室,班级刷卡,25人,非全日制,东塘中设教学区,2026-08-04,10,15,高一英语
"高中班级部",数学,数学,数学,GYSXA3805,取消高一数学暑假精进班,取消十年级数学暑假A2班（面授（14次））,通用,14,0,1680,1680,120.0,"	0.00",A2,A2,A体系,A体系,十年级数学暑假A2班,高一数学暑假精进班,否,,连季续,高一,十年级,高一,2660.00,,,暑假,暑假,取消班,2026-08-06,,已审核,走读,常规面授,常规面授,,0,2025-12-15,13:40-15:40,"有教材,开课前领取",,0,高中部,东塘中设402教室,东塘中设402教室,班级刷卡,25人,非全日制,东塘中设教学区,2026-08-20,10,15,高一数学
"高中班级部",化学,化学,化学,GYHXA3718,取消高一化学暑假精进班,取消十年级化学暑假A2班（面授（14次））,通用,14,0,1680,1680,120.0,"	0.00",A2,A2,A体系,A体系,十年级化学暑假A2班,高一化学暑假精进班,否,,连季续,高一,十年级,高一,2660.00,,,暑假,暑假,取消班,2026-08-06,,已审核,走读,常规面授,常规面授,,0,2025-12-15,"	08:00-10:00","有教材,开课前领取",,0,高中部,东塘217教室,东塘217教室,班级刷卡,25人,非全日制,东塘教学区,2026-08-20,10,15,高一化学
"高中班级部",英语,英语,英语,GYA3758,取消高一英语暑假精进班,取消十年级英语暑假A2班（面授（14次））,通用,14,0,1680,1680,120.0,"	0.00",A2,A2,A体系,A体系,十年级英语暑假A2班,高一英语暑假精进班,否,,连季续,高一,十年级,高一,2660.00,,,暑假,暑假,取消班,2026-08-06,,已审核,走读,常规面授,常规面授,,0,2025-12-15,16:00-18:00,"有教材,开课前领取",,0,高中部,东塘中设401教室,东塘中设401教室,班级刷卡,25人,非全日制,东塘中设教学区,2026-08-20,10,15,高一英语
"高中班级部",物理,物理,物理,GYWLA3491,取消高一物理暑假精进班,取消十年级物理暑假A2班（面授（14次））,通用,14,0,1680,1680,120.0,"	0.00",A2,A2,A体系,A体系,十年级物理暑假A2班,高一物理暑假精进班,否,,连季续,高一,十年级,高一,2660.00,,,暑假,暑假,取消班,2026-08-06,,已审核,走读,常规面授,常规面授,,0,2025-12-15,10:20-12:20,"有教材,开课前领取",,0,高中部,东塘213教室,东塘213教室,班级刷卡,25人,非全日制,东塘教学区,2026-08-20,10,15,高一物理
"素养智学部",双语故事表演,双语故事表演,双语故事表演,PM127A0141,取消双语绘本1C+领航班（暑）,取消双语故事表演L1暑假C1班（C+）,通用,10,0,1100,1100,110.0,"	0.00",L1,L1,常规体系,常规体系,双语故事表演L1暑假C1班,一年级双语故事表演暑假L1班,否,,连季续,一年级,一年级,一年级,2100.00,夏才典(661616),,暑假,暑假,取消班,2026-07-23,,已审核,走读,常规面授,常规面授,,0,2026-02-26,每天13:50-15:40(上5休1),"有教材,开课前领取",,0,素养素质(智学),梅岭国际205教室,梅岭国际205教室,班级刷卡,15人,素养,梅岭国际教学区,2026-08-02,10,12,分级阅读1
"素养智学部",博文妙笔,博文妙笔,博文妙笔,BW227A0020,取消博文口才 2（暑）,取消博文妙笔L2暑假班（默认2）,通用,10,0,1100,1100,110.0,"	0.00",L2,L2,常规体系,常规体系,博文妙笔L2暑假班,二年级博文妙笔暑假L2班,否,,连季续,二年级,二年级,二年级,2100.00,曾婳(265400),,暑假,暑假,取消班,2026-07-23,,已审核,走读,常规面授,常规面授,,0,2026-02-26,每天08:30-10:20(上5休1),"有教材,开课前领取",,0,素养素质(智学),梅岭国际215教室,梅岭国际215教室,班级刷卡,15人,素养,梅岭国际教学区,2026-08-02,10,12,语商表达2
"素养智学部",脑力与思维,脑力与思维,脑力与思维,SW327A0037,取消脑力思维3B（暑）,取消脑力与思维L3暑假B1班,通用,10,0,1100,1100,110.0,"	0.00",L3,L3,常规体系,常规体系,脑力与思维L3暑假B1班,三年级脑力与思维暑假L3班,否,,连季续,三年级,三年级,三年级,2000.00,张丽晖(226352),,暑假,暑假,取消班,2026-07-23,,已审核,走读,常规面授,常规面授,,0,2026-02-26,每天08:30-10:20(上5休1),"有教材,开课前领取",,0,素养素质(智学),梅岭国际202教室,梅岭国际202教室,班级刷卡,15人,素养,梅岭国际教学区,2026-08-02,10,12,思维3
"素养智学部",双语故事表演,双语故事表演,双语故事表演,PM427A0049,取消（取消）双语绘本4C（暑）,取消双语故事表演L4暑假B1班,通用,10,0,1100,1100,110.0,"	0.00",L4,L4,常规体系,常规体系,双语故事表演L4暑假B1班,四年级双语故事表演暑假L4班,否,,连季续,四年级,四年级,四年级,2000.00,周梓玉(634367),,暑假,暑假,取消班,2026-08-18,,已审核,走读,常规面授,常规面授,,0,2026-02-26,每天16:00-17:50(上5休1),"有教材,开课前领取",,0,素养素质(智学),时光汇210教室,时光汇210教室,班级刷卡,15人,素养,时光汇教学区,2026-08-28,10,12,分级阅读4
"素养智学部",双语故事表演,双语故事表演,双语故事表演,PMS227A0006,取消双语绘本PK（暑）,取消双语故事表演预备级S2暑假班,通用,10,0,900,900,90.0,"	0.00",S2,S2,常规体系,常规体系,双语故事表演预备级S2暑假班,S2双语故事表演暑假S2班,否,,连季续,S2,S2,S2,2250.00,,,暑假,暑假,取消班,2026-08-18,,已审核,走读,常规面授,常规面授,,0,2026-02-26,每天10:40-12:10(上5休1),"有教材,开课前领取",,0,素养素质(智学),北辰104教室,北辰104教室,班级刷卡,10人,素养,北辰教学区,2026-08-28,7,7,分级阅读K
"素养智学部",双语故事表演,双语故事表演,双语故事表演,PM327A0016,取消（取消）双语绘本3B（暑）,取消双语故事表演L3暑假B1班,通用,10,0,1100,1100,110.0,"	0.00",L3,L3,常规体系,常规体系,双语故事表演L3暑假B1班,三年级双语故事表演暑假L3班,否,,连季续,三年级,三年级,三年级,2000.00,何丽萍(640266),,暑假,暑假,取消班,2026-08-18,,已审核,走读,常规面授,常规面授,,0,2026-02-26,每天16:00-17:50(上5休1),"有教材,开课前领取",,0,素养素质(智学),八方小区207教室,八方小区207教室,班级刷卡,15人,素养,八方小区教学区,2026-08-28,10,12,分级阅读3
"素养智学部",双语故事表演,双语故事表演,双语故事表演,PMS227A0004,取消（取消）双语绘本PK（暑）,取消双语故事表演预备级S2暑假班,通用,10,0,900,900,90.0,"	0.00",S2,S2,常规体系,常规体系,双语故事表演预备级S2暑假班,S2双语故事表演暑假S2班,否,,连季续,S2,S2,S2,2250.00,刘利亭(438750),,暑假,暑假,取消班,2026-08-18,,已审核,走读,常规面授,常规面授,,0,2026-02-26,每天10:40-12:10(上5休1),"有教材,开课前领取",,0,素养素质(智学),八方小区202教室,八方小区202教室,班级刷卡,10人,素养,八方小区教学区,2026-08-28,7,7,分级阅读K
"素养智学部",数学,数学,数学,SXZH4A0282,取消SX暑假智慧学习空间4B,取消四年级数学暑假服务,通用,10,0,1200,1200,120.0,"	0.00",TG,TG,常规体系,常规体系,四年级数学暑假服务,四年级数学暑假智慧学习空间班,否,,连季续,四年级,四年级,四年级,2000.00,颜茜(253353),,暑假,暑假,取消班,2026-07-23,,已审核,"走读,在线","常规面授,在线录播",在线录播,智慧学习机,0,2025-11-19,每天10:40-12:40（上5休1）,"有教材,开课前领取",,0,学习机托管(智学),株洲苏宁教学区,,班级刷卡,24人,学习机托管,株洲苏宁教学区,2026-08-02,12,14,数学4
"素养智学部",数学,数学,数学,SXZH4A0281,取消SX暑假智慧学习空间4B,取消四年级数学暑假服务,通用,10,0,1200,1200,120.0,"	0.00",TG,TG,常规体系,常规体系,四年级数学暑假服务,四年级数学暑假智慧学习空间班,否,,连季续,四年级,四年级,四年级,2000.00,,,暑假,暑假,取消班,2026-07-23,,已审核,"走读,在线","常规面授,在线录播",在线录播,智慧学习机,0,2025-11-19,每天13:50-15:50（上5休1）,"有教材,开课前领取",,0,学习机托管(智学),金湘潭教学区,,班级刷卡,24人,学习机托管,金湘潭教学区,2026-08-02,12,14,数学4
"素养智学部",数学,数学,数学,SXZH4A0280,取消SX暑假智慧学习空间4B,取消四年级数学暑假服务,通用,10,0,1200,1200,120.0,"	0.00",TG,TG,常规体系,常规体系,四年级数学暑假服务,四年级数学暑假智慧学习空间班,否,,连季续,四年级,四年级,四年级,2000.00,陈露茜(253234),,暑假,暑假,取消班,2026-08-18,,已审核,"走读,在线","常规面授,在线录播",在线录播,智慧学习机,0,2025-11-19,每天13:50-15:50（上5休1）,"有教材,开课前领取",,0,学习机托管(智学),湘潭东方名苑教学区,,班级刷卡,24人,学习机托管,湘潭东方名苑教学区,2026-08-28,12,14,数学4
"素养智学部",英语,英语,英语,YYZH4A0400,取消YY暑假智慧学习空间4A,取消四年级英语暑假服务（默认1）,通用,10,0,1200,1200,120.0,"	0.00",TG,TG,常规体系,常规体系,四年级英语暑假服务,四年级英语暑假智慧学习空间班,否,,连季续,四年级,四年级,四年级,2000.00,,,暑假,暑假,取消班,2026-07-23,,已审核,"走读,在线","常规面授,在线录播",在线录播,智慧学习机,0,2025-11-19,每天08:30-10:30（上5休1）,"有教材,开课前领取",,0,学习机托管(智学),株洲苏宁教学区,,班级刷卡,24人,学习机托管,株洲苏宁教学区,2026-08-02,12,14,英语4
"素养智学部",英语,英语,英语,YYZH3A0311,取消YY暑假智慧学习空间3A,取消三年级英语暑假服务,通用,10,0,1200,1200,120.0,"	0.00",TG,TG,常规体系,常规体系,三年级英语暑假服务,三年级英语暑假智慧学习空间班,否,,连季续,三年级,三年级,三年级,2000.00,,,暑假,暑假,取消班,2026-07-23,,已审核,"走读,在线","常规面授,在线录播",在线录播,智慧学习机,0,2025-11-19,每天08:30-10:30（上5休1）,"有教材,开课前领取",,0,学习机托管(智学),金湘潭教学区,,班级刷卡,24人,学习机托管,金湘潭教学区,2026-08-02,12,14,英语3
"素养智学部",英语,英语,英语,YYZH3A0310,取消YY暑假智慧学习空间3A,取消三年级英语暑假服务,通用,10,0,1200,1200,120.0,"	0.00",TG,TG,常规体系,常规体系,三年级英语暑假服务,三年级英语暑假智慧学习空间班,否,,连季续,三年级,三年级,三年级,2000.00,,,暑假,暑假,取消班,2026-08-18,,已审核,"走读,在线","常规面授,在线录播",在线录播,智慧学习机,0,2025-11-19,每天08:30-10:30（上5休1）,"有教材,开课前领取",,0,学习机托管(智学),湘潭东方名苑教学区,,班级刷卡,24人,学习机托管,湘潭东方名苑教学区,2026-08-28,12,14,英语3
"素养智学部",数学,数学,数学,SXZH3A0277,取消SX暑假智慧学习空间3B,取消三年级数学暑假服务,通用,10,0,1200,1200,120.0,"	0.00",TG,TG,常规体系,常规体系,三年级数学暑假服务,三年级数学暑假智慧学习空间班,否,,连季续,三年级,三年级,三年级,2000.00,颜茜(253353),,暑假,暑假,取消班,2026-07-23,,已审核,"走读,在线","常规面授,在线录播",在线录播,智慧学习机,0,2025-11-19,每天08:30-10:30（上5休1）,"有教材,开课前领取",,0,学习机托管(智学),株洲苏宁教学区,,班级刷卡,24人,学习机托管,株洲苏宁教学区,2026-08-02,12,14,数学3
"素养智学部",数学,数学,数学,SXZH3A0276,取消SX暑假智慧学习空间3B,取消三年级数学暑假服务,通用,10,0,1200,1200,120.0,"	0.00",TG,TG,常规体系,常规体系,三年级数学暑假服务,三年级数学暑假智慧学习空间班,否,,连季续,三年级,三年级,三年级,2000.00,,,暑假,暑假,取消班,2026-07-23,,已审核,"走读,在线","常规面授,在线录播",在线录播,智慧学习机,0,2025-11-19,每天10:40-12:40（上5休1）,"有教材,开课前领取",,0,学习机托管(智学),金湘潭教学区,,班级刷卡,24人,学习机托管,金湘潭教学区,2026-08-02,12,14,数学3
"素养智学部",数学,数学,数学,SXZH3A0275,取消SX暑假智慧学习空间3B,取消三年级数学暑假服务,通用,10,0,1200,1200,120.0,"	0.00",TG,TG,常规体系,常规体系,三年级数学暑假服务,三年级数学暑假智慧学习空间班,否,,连季续,三年级,三年级,三年级,2000.00,,,暑假,暑假,取消班,2026-08-18,,已审核,"走读,在线","常规面授,在线录播",在线录播,智慧学习机,0,2025-11-19,每天10:40-12:40（上5休1）,"有教材,开课前领取",,0,学习机托管(智学),湘潭东方名苑教学区,,班级刷卡,24人,学习机托管,湘潭东方名苑教学区,2026-08-28,12,14,数学3
"素养智学部",英语,英语,英语,YYZH3A0312,取消YY暑假智慧学习空间3A,取消三年级英语暑假服务,通用,10,0,1200,1200,120.0,"	0.00",TG,TG,常规体系,常规体系,三年级英语暑假服务,三年级英语暑假智慧学习空间班,否,,连季续,三年级,三年级,三年级,2000.00,,,暑假,暑假,取消班,2026-07-23,,已审核,"走读,在线","常规面授,在线录播",在线录播,智慧学习机,0,2025-11-19,每天10:40-12:40（上5休1）,"有教材,开课前领取",,0,学习机托管(智学),株洲苏宁教学区,,班级刷卡,24人,学习机托管,株洲苏宁教学区,2026-08-02,12,14,英语3
"素养智学部",英语,英语,英语,YYZH4A0399,取消YY暑假智慧学习空间4A,取消四年级英语暑假服务（默认1）,通用,10,0,1200,1200,120.0,"	0.00",TG,TG,常规体系,常规体系,四年级英语暑假服务,四年级英语暑假智慧学习空间班,否,,连季续,四年级,四年级,四年级,2000.00,,,暑假,暑假,取消班,2026-07-23,,已审核,"走读,在线","常规面授,在线录播",在线录播,智慧学习机,0,2025-11-19,每天16:00-18:00（上5休1）,"有教材,开课前领取",,0,学习机托管(智学),金湘潭教学区,,班级刷卡,24人,学习机托管,金湘潭教学区,2026-08-02,12,14,英语4
"素养智学部",英语,英语,英语,YYZH4A0398,取消YY暑假智慧学习空间4A,取消四年级英语暑假服务（默认1）,通用,10,0,1200,1200,120.0,"	0.00",TG,TG,常规体系,常规体系,四年级英语暑假服务,四年级英语暑假智慧学习空间班,否,,连季续,四年级,四年级,四年级,2000.00,,,暑假,暑假,取消班,2026-08-18,,已审核,"走读,在线","常规面授,在线录播",在线录播,智慧学习机,0,2025-11-19,每天16:00-18:00（上5休1）,"有教材,开课前领取",,0,学习机托管(智学),湘潭东方名苑教学区,,班级刷卡,24人,学习机托管,湘潭东方名苑教学区,2026-08-28,12,14,英语4
"素养智学部",双语故事表演,双语故事表演,双语故事表演,PM327A0260,取消故事会3B（暑）,取消双语故事表演L3暑假班,通用,10,0,1100,1100,110.0,"	0.00",L3,L3,常规体系,常规体系,双语故事表演L3暑假班,三年级双语故事表演暑假L3班,否,,连季续,三年级,三年级,三年级,2000.00,谢嘉炜(121372),,暑假,暑假,取消班,2026-08-18,,已审核,走读,常规面授,常规面授,,0,2025-12-16,每天16:00-17:50(上5休1),"有教材,开课前领取",,0,素养素质(智学),湘潭东方名苑206自习室,,班级刷卡,15人,素养,湘潭东方名苑教学区,2026-08-28,10,12,分级阅读3
"素养智学部",双语故事表演,双语故事表演,双语故事表演,PM227A0302,取消故事会2B（暑）,取消双语故事表演L2暑假班（默认1）,通用,10,0,1100,1100,110.0,"	0.00",L2,L2,常规体系,常规体系,双语故事表演L2暑假班,二年级双语故事表演暑假L2班,否,,连季续,二年级,二年级,二年级,2100.00,,,暑假,暑假,取消班,2026-07-23,,已审核,走读,常规面授,常规面授,,0,2025-11-19,每天16:00-17:50(上5休1),"有教材,开课前领取",,0,素养素质(智学),金湘潭教学区,,班级刷卡,15人,素养,金湘潭教学区,2026-08-02,10,12,分级阅读2
"素养智学部",双语故事表演,双语故事表演,双语故事表演,PM127A0303,取消故事会1（暑）,取消双语故事表演L1暑假班（默认2）,通用,10,0,1100,1100,110.0,"	0.00",L1,L1,常规体系,常规体系,双语故事表演L1暑假班,一年级双语故事表演暑假L1班,否,,连季续,一年级,一年级,一年级,2100.00,王思远(063684),,暑假,暑假,取消班,2026-08-18,,已审核,走读,常规面授,常规面授,,0,2025-11-19,每天13:50-15:40(上5休1),"有教材,开课前领取",,0,素养素质(智学),株洲苏宁教学区,,班级刷卡,15人,素养,株洲苏宁教学区,2026-08-28,10,12,分级阅读1
"素养智学部",双语故事表演,双语故事表演,双语故事表演,PM127A0302,取消故事会1（暑）,取消双语故事表演L1暑假班（默认2）,通用,10,0,1100,1100,110.0,"	0.00",L1,L1,常规体系,常规体系,双语故事表演L1暑假班,一年级双语故事表演暑假L1班,否,,连季续,一年级,一年级,一年级,2100.00,,,暑假,暑假,取消班,2026-08-18,,已审核,走读,常规面授,常规面授,,0,2025-11-19,每天13:50-15:40(上5休1),"有教材,开课前领取",,0,素养素质(智学),金湘潭教学区,,班级刷卡,15人,素养,金湘潭教学区,2026-08-28,10,12,分级阅读1
"智慧学习部",英语,英语,英语,YYZH7A1206,取消YY暑假智慧学习空间7B,取消学习机托管（24班容）七年级英语常规暑假服务（默认1）,通用,12,0,1440,1440,120.0,"	0.00",TG,TG,常规体系,常规体系,七年级英语暑假TG服务,初一英语暑假智慧学习空间班,否,,连季续,初一,七年级,初一,2400.00,谢攀(099186),,暑假,暑假,取消班,2026-08-17,,已审核,"走读,在线","常规面授,在线录播",在线录播,智慧学习机,0,2025-12-16,每天16:00-18:00（上5休1）,"有教材,开课前领取",,0,学习机托管(智慧),湘潭东方名苑教学区,,班级刷卡,20人,学习机托管,湘潭东方名苑教学区,2026-08-29,8,10,初一英语
"智慧学习部",英语,英语,英语,YYZH7A1205,取消YY暑假智慧学习空间7B,取消学习机托管（24班容）七年级英语常规暑假服务（默认1）,通用,12,0,1440,1440,120.0,"	0.00",TG,TG,常规体系,常规体系,七年级英语暑假TG服务,初一英语暑假智慧学习空间班,否,,连季续,初一,七年级,初一,2400.00,谢攀(099186),,暑假,暑假,取消班,2026-08-17,,已审核,"走读,在线","常规面授,在线录播",在线录播,智慧学习机,0,2025-12-16,每天10:40-12:40（上5休1）,"有教材,开课前领取",,0,学习机托管(智慧),金湘潭教学区,,班级刷卡,20人,学习机托管,金湘潭教学区,2026-08-29,8,10,初一英语
"智慧学习部",数学,数学,数学,SXZH7A1116,取消SX暑假智慧学习空间7A,取消学习机托管（24班容）七年级数学常规暑假服务（默认1）,通用,12,0,1440,1440,120.0,"	0.00",TG,TG,常规体系,常规体系,七年级数学暑假TG服务,初一数学暑假智慧学习空间班,否,,连季续,初一,七年级,初一,2400.00,杨丽芳(378884),,暑假,暑假,取消班,2026-08-17,,已审核,"走读,在线","常规面授,在线录播",在线录播,智慧学习机,0,2025-12-16,每天10:40-12:40（上5休1）,"有教材,开课前领取",,0,学习机托管(智慧),金湘潭教学区,,班级刷卡,20人,学习机托管,金湘潭教学区,2026-08-29,8,10,初一数学
"智慧学习部",英语,英语,英语,OYYZH7A1000,取消YY暑假智慧学习小组7B,取消七年级英语暑假学习机线上服务,通用,12,0,1440,1440,120.0,"	0.00",XXJ,XXJ,常规体系,常规体系,七年级英语暑假学习机线上服务,初一英语暑假好学服务,否,,连季续,初一,七年级,初一,1980.00,银欣(331241),,暑假,暑假,取消班,2026-08-17,,已审核,在线,在线录播,在线录播,智慧学习机,0,2025-12-16,每天8:30-10:30,"有教材,快递配送",,0,学习机线上(智慧),省域线上课,,班级刷卡,24人,学习机线上,省域网络教学区,2026-08-29,3,3,初一英语
"智慧学习部",数学,数学,数学,OSXZH7A1001,取消SX暑假智慧学习小组7B,取消七年级数学暑假学习机线上服务,通用,12,0,1440,1440,120.0,"	0.00",XXJ,XXJ,常规体系,常规体系,七年级数学暑假学习机线上服务,初一数学暑假好学服务,否,,连季续,初一,七年级,初一,1980.00,赵早阳(411228),,暑假,暑假,取消班,2026-08-17,,已审核,在线,在线录播,在线录播,智慧学习机,0,2025-12-16,每天10:40-12:40,"有教材,快递配送",,0,学习机线上(智慧),省域线上课,,班级刷卡,24人,学习机线上,省域网络教学区,2026-08-29,3,3,初一数学
"智慧学习部",数学,数学,数学,OSXZH7A1000,取消SX暑假智慧学习小组7A,取消七年级数学暑假学习机线上服务,通用,12,0,1440,1440,120.0,"	0.00",XXJ,XXJ,常规体系,常规体系,七年级数学暑假学习机线上服务,初一数学暑假好学服务,否,,连季续,初一,七年级,初一,1980.00,赵早阳(411228),,暑假,暑假,取消班,2026-08-17,,已审核,在线,在线录播,在线录播,智慧学习机,0,2025-12-16,每天16:00-18:00,"有教材,快递配送",,0,学习机线上(智慧),省域线上课,,班级刷卡,24人,学习机线上,省域网络教学区,2026-08-29,3,3,初一数学
"智慧学习部",英语,英语,英语,OYYZH7A1001,取消YY暑假智慧学习小组7A,取消七年级英语暑假学习机线上服务,通用,12,0,1440,1440,120.0,"	0.00",XXJ,XXJ,常规体系,常规体系,七年级英语暑假学习机线上服务,初一英语暑假好学服务,否,,连季续,初一,七年级,初一,1980.00,,,暑假,暑假,取消班,2026-08-17,,已审核,在线,在线录播,在线录播,智慧学习机,0,2025-12-16,每天10:40-12:40,"有教材,快递配送",,0,学习机线上(智慧),省域线上课,,班级刷卡,24人,学习机线上,省域网络教学区,2026-08-29,3,3,初一英语
"智慧学习部",语文,语文,语文,OYWZH7A1000,取消YW暑假智慧学习小组7A,取消七年级语文暑假学习机线上服务,通用,12,0,1440,1440,120.0,"	0.00",XXJ,XXJ,常规体系,常规体系,七年级语文暑假学习机线上服务,初一语文暑假好学服务,否,,连季续,初一,七年级,初一,1980.00,郑雅雯(354670),,暑假,暑假,取消班,2026-08-17,,已审核,在线,在线录播,在线录播,智慧学习机,0,2025-12-16,每天13:50-15:50,"有教材,快递配送",,0,学习机线上(智慧),省域线上课,,班级刷卡,24人,学习机线上,省域网络教学区,2026-08-29,3,3,初一语文
"智慧学习部",英语,英语,英语,OYYZH8A2704,取消YY暑假智慧学习小组8B,取消八年级英语暑假学习机线上服务,通用,10,0,1200,1200,120.0,"	0.00",XXJ,XXJ,常规体系,常规体系,八年级英语暑假学习机线上服务,初二英语暑假好学服务,否,,连季续,初二,八年级,初二,1650.00,银欣(331241),,暑假,暑假,取消班,2026-08-18,,已审核,在线,在线录播,在线录播,智慧学习机,0,2025-12-16,每天10:40-12:40,"有教材,快递配送",,0,学习机线上(智慧),省域线上课,,班级刷卡,24人,学习机线上,省域网络教学区,2026-08-28,3,3,初二英语
"素养智学部",脑力与思维,脑力与思维,脑力与思维,SW27A0004,SX暑假毕业指导专项6,六年级脑力与思维暑假YL1班,通用,12,12,1440,1440,120.0,"	0.00",YL1,YL1,专项体系,专项体系,六年级脑力与思维暑假YL1班,六年级脑力与思维暑假体验班,否,,不可续,六年级(小学),六年级,六年级,1440.00,张丽晖(226352),,暑假,暑假,正常,2026-07-23,2026-07-23,已审核,走读,常规面授,常规面授,,15,2026-04-17,每天10:40-12:40(上6休1),"有教材,开课前领取",2026-08-04,12,素养素质(智学),梅岭国际214教室,梅岭国际214教室,班级刷卡,15人,素养,梅岭国际教学区,2026-08-04,10,12,思维6
"素养智学部",脑力与思维,脑力与思维,脑力与思维,SW27A0006,SX暑假毕业指导专项6,六年级脑力与思维暑假YL1班,通用,12,12,1440,1440,120.0,"	0.00",YL1,YL1,专项体系,专项体系,六年级脑力与思维暑假YL1班,六年级脑力与思维暑假体验班,否,,不可续,六年级(小学),六年级,六年级,1440.00,胡欢欢(390767),,暑假,暑假,正常,2026-07-23,2026-07-23,已审核,走读,常规面授,常规面授,,15,2026-04-17,每天10:40-12:40(上6休1),"有教材,开课前领取",2026-08-04,14,素养素质(智学),湘江世纪城310教室,湘江世纪城310教室,班级刷卡,15人,素养,湘江世纪城教学区,2026-08-04,10,12,思维6
"智慧学习部",物理,物理,物理,WLZH8A27004,取消WL暑假智慧学习空间8S+,取消八年级物理暑假TG服务（C+）,通用,10,0,1200,1200,120.0,"	0.00",TG,TG,常规体系,常规体系,八年级物理暑假TG服务,八年级物理暑假智慧学习空间班,否,,连季续,初二,八年级,八年级,2000.00,李宗源(298105),,暑假,暑假,取消班,2026-07-28,,已审核,"走读,在线","常规面授,在线录播",在线录播,智慧学习机,0,2026-02-25,每天16:00-18:00(上五休一）,"有教材,开课前领取",,0,学习机托管(智慧),梅溪湖旗舰店209教室,梅溪湖旗舰店209教室,班级刷卡,20人,学习机托管,梅溪湖旗舰店教学区,2026-08-08,8,12,初二物理
"素养智学部",书法,书法,书法,XZ227A0018,素质成长营（写字2）（暑）,一年级书法暑假ZT1班,通用,10,10,900,900,90.0,"	0.00",ZT1,ZT1,专项体系,专项体系,一年级书法暑假ZT1班,一年级书法暑假ZT1班,否,,不可续,一年级,一年级,一年级,975.00,彭博(658241),,暑假,暑假,正常,2026-08-18,2026-08-18,已审核,走读,常规面授,常规面授,,15,2026-04-02,每天08:50-10:20(上5休1),"有教材,开课前领取",2026-08-28,4,素养素质(智学),中信308教室,中信308教室,班级刷卡,12人,素质,中信教学区,2026-08-28,7,8,书法2
"素养智学部",书法,书法,书法,XZ227A0004,素质成长营（写字2）（暑）,一年级书法暑假ZT1班,通用,10,10,900,900,90.0,"	0.00",ZT1,ZT1,专项体系,专项体系,一年级书法暑假ZT1班,一年级书法暑假ZT1班,否,,不可续,一年级,一年级,一年级,975.00,金莉英(342028),,暑假,暑假,正常,2026-08-18,2026-08-18,已审核,走读,常规面授,常规面授,,15,2026-02-26,每天13:50-15:20(上5休1),"有教材,开课前领取",2026-08-28,11,素养素质(智学),美林银谷310教室,美林银谷310教室,班级刷卡,12人,素质,美林银谷教学区,2026-08-28,7,8,书法2
"素养智学部",书法,书法,书法,XZ127A0019,素质成长营（写字1）（暑）,S3书法暑假ZT1班,通用,10,10,900,900,90.0,"	0.00",ZT1,ZT1,专项体系,专项体系,S3书法暑假ZT1班,S3书法暑假ZT1班,否,,不可续,S3,S3,S3,975.00,金莉英(342028),,暑假,暑假,正常,2026-08-18,2026-08-18,已审核,走读,常规面授,常规面授,,15,2026-04-10,每天16:00-17:30(上5休1),"有教材,开课前领取",2026-08-28,6,素养素质(智学),美林银谷310教室,美林银谷310教室,班级刷卡,12人,素质,美林银谷教学区,2026-08-28,7,8,书法1
"素养智学部",双语故事表演,双语故事表演,双语故事表演,PM227A0228,取消双语绘本2C+领航班（暑）,取消双语故事表演L2暑假C1班（C+）,通用,10,0,1100,1100,110.0,"	0.00",L2,L2,常规体系,常规体系,双语故事表演L2暑假C1班,二年级双语故事表演暑假L2班,否,,连季续,二年级,二年级,二年级,2600.00,伍紫沅(332879),,暑假,暑假,取消班,2026-08-18,,已审核,走读,常规面授,常规面授,,0,2026-02-26,每天16:00-17:50(上5休1),"有教材,开课前领取",,0,素养素质(智学),东塘215教室,东塘215教室,班级刷卡,15人,素养,东塘教学区,2026-08-28,10,12,分级阅读2
"素养智学部",双语故事表演,双语故事表演,双语故事表演,PM227A0226,取消双语绘本2C+领航班（暑）,取消双语故事表演L2暑假C1班（C+）,通用,10,0,1100,1100,110.0,"	0.00",L2,L2,常规体系,常规体系,双语故事表演L2暑假C1班,二年级双语故事表演暑假L2班,否,,连季续,二年级,二年级,二年级,2600.00,谢棵(068128),,暑假,暑假,取消班,2026-08-18,,已审核,走读,常规面授,常规面授,,0,2026-02-26,每天10:40-12:30(上5休1),"有教材,开课前领取",,0,素养素质(智学),二十四品305教室,二十四品305教室,班级刷卡,15人,素养,二十四品教学区,2026-08-28,10,12,分级阅读2
"素养智学部",双语故事表演,双语故事表演,双语故事表演,PM227A0225,取消双语绘本2C+领航班（暑）,取消双语故事表演L2暑假C1班（C+）,通用,10,0,1100,1100,110.0,"	0.00",L2,L2,常规体系,常规体系,双语故事表演L2暑假C1班,二年级双语故事表演暑假L2班,否,,连季续,二年级,二年级,二年级,2600.00,,,暑假,暑假,取消班,2026-08-18,,已审核,走读,常规面授,常规面授,,0,2026-02-26,每天08:30-10:20(上5休1),"有教材,开课前领取",,0,素养素质(智学),洋湖新城311教室,洋湖新城311教室,班级刷卡,15人,素养,洋湖新城教学区,2026-08-28,10,12,分级阅读2
"国外考试部",全科,"物理,化学,生物,高等数学,经济,计算机科学,商务,会计,基础数学",,VIP24408,取消A-LEVEL1对1班,取消A-LEVEL1对1班（FY24）,A-LEVEL1对1班,6,0,720,720,120.0,"	0.00",A-LEVEL,A-LEVEL,常规体系,常规体系,A-LEVEL1对1班,A-LEVEL1对1班,否,,可续,,,,6600.00,,,"春季,暑假,秋季,寒假",,取消班,2026-08-13,,已审核,"走读,在线","常规面授,在线直播",在线直播,云教室小班（25人以下）,0,2025-07-10,待定,无教材,,0,国际教育一对一部,芙蓉广场,芙蓉广场16-A11教室,VIP刷卡,1人,国外考试部,芙蓉广场教学区,2026-08-18,1,1,
"素养智学部",双语故事表演,双语故事表演,双语故事表演,PM327A0097,取消双语绘本3C（暑）,取消双语故事表演L3暑假B1班,通用,10,0,1100,1100,110.0,"	0.00",L3,L3,常规体系,常规体系,双语故事表演L3暑假B1班,三年级双语故事表演暑假L3班,否,,连季续,三年级,三年级,三年级,2000.00,林家美(411215),,暑假,暑假,取消班,2026-08-18,,已审核,走读,常规面授,常规面授,,0,2026-02-26,每天08:30-10:20(上5休1),"有教材,开课前领取",,0,素养素质(智学),月亮岛302教室,月亮岛302教室,班级刷卡,15人,素养,月亮岛教学区,2026-08-28,10,12,分级阅读3
"高中班级部",化学,化学,化学,GYHXZT072,取消高一化学暑假诊断班,取消十年级化学暑假ZT1班（面授）,通用,7,0,840,840,120.0,"	0.00",ZT1,ZT1,专项体系,专项体系,十年级化学暑假ZT1班,高一化学暑假诊断班,否,,不可续,高一,十年级,高一,1330.00,,,暑假,暑假,取消班,2026-08-06,,已审核,走读,常规面授,常规面授,,0,2025-12-15,"	08:00-10:00","有教材,开课前领取",,0,高中部,湘江世纪城311教室,湘江世纪城311教室,班级刷卡,25人,非全日制,湘江世纪城教学区,2026-08-12,13,15,高一化学
"高中班级部",化学,化学,化学,GYHXZT076,取消高一化学暑假诊断班,取消十年级化学暑假ZT1班（面授）,通用,7,0,840,840,120.0,"	0.00",ZT1,ZT1,专项体系,专项体系,十年级化学暑假ZT1班,高一化学暑假诊断班,否,,不可续,高一,十年级,高一,1330.00,,,暑假,暑假,取消班,2026-08-06,,已审核,走读,常规面授,常规面授,,0,2025-12-15,10:20-12:20,"有教材,开课前领取",,0,高中部,浏城桥523教室,浏城桥523教室,班级刷卡,25人,非全日制,浏城桥教学区,2026-08-12,13,15,高一化学
"高中班级部",化学,化学,化学,GYHXZT075,取消高一化学暑假诊断班,取消十年级化学暑假ZT1班（面授）,通用,7,0,840,840,120.0,"	0.00",ZT1,ZT1,专项体系,专项体系,十年级化学暑假ZT1班,高一化学暑假诊断班,否,,不可续,高一,十年级,高一,1330.00,,,暑假,暑假,取消班,2026-08-06,,已审核,走读,常规面授,常规面授,,0,2025-12-15,"	08:00-10:00","有教材,开课前领取",,0,高中部,井湾子220教室,井湾子220教室,班级刷卡,25人,非全日制,井湾子教学区,2026-08-12,13,15,高一化学
"智慧学习部",英语,英语,英语,YYZH7A27000115,取消YY暑假智慧学习空间7A,取消学习机托管（24班容）七年级英语常规暑假服务（默认1）,通用,12,0,1440,1440,120.0,"	0.00",TG,TG,常规体系,常规体系,七年级英语暑假TG服务,初一英语暑假智慧学习空间班,否,,连季续,初一,七年级,初一,2400.00,韩若萱(612599),,暑假,暑假,取消班,2026-07-27,,已审核,"走读,在线","常规面授,在线录播",在线录播,智慧学习机,0,2025-12-19,每天08:30-10:30(上六休一),"有教材,开课前领取",,0,学习机托管(智慧),中信04自习室,中信04自习室,班级刷卡,20人,学习机托管,中信教学区,2026-08-08,8,10,初一英语
"国外考试部",全科,"阅读,写作,听力,口语",,VIP26101,取消大学雅思其他费用（成人英语提能课程次卡）,取消大学雅思其他费用,IELTS VIP班,20,0,20,20,1.0,"	0.00",JF6,JF6,计费体系,计费体系,大学雅思其他费用,大学雅思其他费用,否,,,,,,6800.00,,,春季,,取消班,2026-04-05,,已审核,"走读,在线","常规面授,在线直播",在线直播,云教室小班（25人以下）,0,2025-10-05,待定,无教材,,0,国际教育一对一部,芙蓉广场校区,芙蓉广场16-A3教室,不使用一卡通,1人,国外考试部,芙蓉广场教学区,2026-08-16,1,1,
"国外考试部",全科,"阅读,写作,听力,口语",,VIP25983,取消大学雅思其他费用（成人英语提能课程次卡）,取消大学雅思其他费用,IELTS VIP班,1,0,1,1,1.0,"	0.00",JF6,JF6,计费体系,计费体系,大学雅思其他费用,大学雅思其他费用,否,,,,,,6800.00,,,"秋季,暑假,春季,寒假",,取消班,2026-08-31,,已审核,"走读,在线","常规面授,在线直播",在线直播,云教室VIP班(1-12人),0,2025-09-09,待定,无教材,,0,国外考试部,天马,天马03教室,不使用一卡通,1人,国外考试部,天马教学区,2026-08-31,1,1,
"国外考试部",全科,"阅读,写作,听力,口语",,VIP25946,取消大学雅思其他费用（成人英语提能课程次卡）,取消大学雅思其他费用,IELTS VIP班,1,0,1,1,1.0,"	0.00",JF6,JF6,计费体系,计费体系,大学雅思其他费用,大学雅思其他费用,否,,,,,,3600.00,,,"秋季,暑假,春季,寒假",,取消班,2026-08-31,,已审核,"走读,在线","常规面授,在线直播",在线直播,云教室小班（25人以下）,0,2025-09-06,待定,无教材,,0,国外考试部,芙蓉广场,芙蓉广场16-A3教室,不使用一卡通,1人,国外考试部,芙蓉广场教学区,2026-08-31,1,1,
"国外考试部",全科,"阅读,写作,听力,口语",,VIP26026,取消大学雅思其他费用（成人英语提能课程次卡）,取消大学雅思其他费用,IELTS VIP班,1,0,1,1,1.0,"	0.00",JF6,JF6,计费体系,计费体系,大学雅思其他费用,大学雅思其他费用,否,,,,,,9000.00,,,"秋季,暑假,春季,寒假",,取消班,2026-08-31,,已审核,"走读,在线","常规面授,在线直播",在线直播,云教室VIP班(1-12人),0,2025-09-15,待定,无教材,,0,国外考试部,芙蓉广场,芙蓉广场16-A3教室,不使用一卡通,1人,国外考试部,芙蓉广场教学区,2026-08-31,1,1,
"国外考试部",全科,"阅读,写作,听力,口语",,VIP24869,取消大学雅思其他费用（成人英语提能课程次卡）,取消大学雅思其他费用,IELTS VIP班,1,0,1,1,1.0,"	0.00",JF6,JF6,计费体系,计费体系,大学雅思其他费用,大学雅思其他费用,否,,,,,,9000.00,,,"秋季,暑假,春季,寒假",,取消班,2026-08-31,,已审核,走读,常规面授,常规面授,,0,2025-08-23,待定,无教材,,0,国外考试部,芙蓉,芙蓉广场16-A11教室,不使用一卡通,1人,国外考试部,芙蓉广场教学区,2026-08-31,1,1,
"素养智学部",围棋,围棋,围棋,SZWQ27A059,取消围棋N3-1阶班,取消围棋L2-1段暑假班（暑10次课100）,通用,10,0,900,900,90.0,"	0.00",L2,L2,常规体系,常规体系,围棋L2-1段暑假班,围棋L2-1段暑假班,否,,连季续,二年级,二年级,二年级,1500.00,刘源清(368312),,暑假,暑假,取消班,2026-08-18,,已审核,走读,常规面授,常规面授,,0,2025-10-22,每天14:40-16:10（上5休1）,无教材,,0,素养素质(智学),东塘教学区,,班级刷卡,12人,素质,东塘教学区,2026-08-27,8,10,围棋L2
"素养智学部",编程,编程,编程,SZ27ABC049,取消编程L4-1段班,取消编程L4-1段暑假班（暑10次课）,通用,10,0,1200,1200,120.0,"	0.00",L4,L4,常规体系,常规体系,编程L4-1段暑假班,编程L4-1段暑假班,否,,连季续,四年级,四年级,四年级,2400.00,刘博夫(590420),,暑假,暑假,取消班,2026-08-18,,已审核,"走读,在线","常规面授,在线直播",在线直播,云教室小班（25人以下）,0,2025-07-31,每天08:30-10:30（上5休1）,无教材,,0,素养素质(智学),雨花家园305教室,雨花家园305教室,班级刷卡,12人,素质,雨花家园教学区,2026-08-27,8,10,编程L4
"素养智学部",围棋,围棋,围棋,SZWQ27A137,取消（取消）围棋N1-2段班,取消围棋L1-2段暑假班（暑10次课100）,通用,10,0,900,900,90.0,"	0.00",L1,L1,常规体系,常规体系,围棋L1-2段暑假班,围棋L1-2段暑假班,否,,连季续,一年级,一年级,一年级,1500.00,李福涛(348557),,暑假,暑假,取消班,2026-08-18,,已审核,走读,常规面授,常规面授,,0,2026-01-12,每天10:40-12:10,无教材,,0,素养素质(智学),方圆荟303教室,方圆荟303教室,班级刷卡,12人,素质,方圆荟智慧空间,2026-08-27,8,10,围棋-L1
"素养智学部",编程,编程,编程,SZ27ABC075,取消（取消）编程L3-2段班,取消编程L3-2段暑假班（暑10次课）,通用,10,0,1200,1200,120.0,"	0.00",L3,L3,常规体系,常规体系,编程L3-2段暑假班,编程L3-2段暑假班,否,,连季续,三年级,三年级,三年级,2400.00,赵宇熙(374630),,暑假,暑假,取消班,2026-08-18,,已审核,"走读,在线","常规面授,在线直播",在线直播,云教室小班（25人以下）,0,2026-01-12,每天10:40-12:40,无教材,,0,素养素质(智学),湘江世纪城312教室,湘江世纪城312教室,班级刷卡,12人,素质,湘江世纪城教学区,2026-08-27,8,10,编程-L3
"国外考试部",全科,"阅读,写作,词汇,听力,口语,语法",,VIP24810,取消IELTS1对1班（辅导）,取消IELTS1对1班（助教辅导）,IELTS VIP班,5,0,600,600,120.0,"	0.00",IELTS,IELTS,常规体系,常规体系,IELTS1对1班,IELTS1对1班,否,,可续,,,,1500.00,,,"春季,暑假,秋季,寒假",,取消班,2026-08-01,,已审核,"走读,在线","常规面授,在线直播",在线直播,云教室小班（25人以下）,0,2025-07-16,待定,无教材,,0,国际教育一对一部,天马,天马202教室,VIP刷卡,1人,国外考试部,天马教学区,2026-08-05,1,1,
"国外考试部",全科,"阅读,写作,词汇,听力,口语,语法",,VIP24838,取消IELTS1对1班,取消IELTS1对1班（FY24）,IELTS VIP班,10,0,1200,1200,120.0,"	0.00",IELTS,IELTS,常规体系,常规体系,IELTS1对1班,IELTS1对1班,否,,可续,,,,11000.00,,,"春季,暑假,秋季,寒假",,取消班,2026-08-20,,已审核,"走读,在线","常规面授,在线直播",在线直播,云教室小班（25人以下）,0,2025-08-19,待定,无教材,,0,国际教育一对一部,芙蓉广场教学区,芙蓉广场16-A11教室,VIP刷卡,1人,国外考试部,芙蓉广场教学区,2026-08-30,1,1,
"国外考试部",全科,"阅读,写作,词汇,听力,口语,语法",,VIP24766,取消IELTS1对1班（辅导1V2）,取消IELTS1对1班（辅导1V2）,IELTS VIP班,3,0,360,360,120.0,"	0.00",IELTS,IELTS,常规体系,常规体系,IELTS1对1班,IELTS1对1班,否,,可续,,,,900.00,,,"寒假,春季,秋季,暑假",,取消班,2026-08-19,,已审核,"走读,在线","常规面授,在线直播",在线直播,云教室小班（25人以下）,0,2025-08-17,待定,无教材,,0,国际教育一对一部,天马,天马201教室,班级刷卡,2人,国外考试部,天马教学区,2026-08-21,2,2,
"国外考试部",全科,"阅读,写作,词汇,听力,口语,语法",,VIP24641,取消IELTS1对1班,取消IELTS1对1班（FY24）,IELTS VIP班,6,0,720,720,120.0,"	0.00",IELTS,IELTS,常规体系,常规体系,IELTS1对1班,IELTS1对1班,否,,可续,,,,6600.00,,,"春季,暑假,秋季,寒假",,取消班,2026-08-06,,已审核,"走读,在线","常规面授,在线直播",在线直播,云教室小班（25人以下）,0,2025-08-05,待定,无教材,,0,国际教育一对一部,天马,天马02教室,VIP刷卡,1人,国外考试部,天马教学区,2026-08-10,1,1,
"国外考试部",全科,"阅读,写作,词汇,听力,口语,语法",,VIP24623,取消IELTS1对1班（预备）,取消IELTS1对1班（版本4）,IELTS VIP班,20,0,2400,2400,120.0,"	0.00",IELTS,IELTS,常规体系,常规体系,IELTS1对1班,IELTS1对1班,否,,可续,,,,16000.00,,,"春季,暑假,秋季,寒假",,取消班,2026-08-06,,已审核,"走读,在线","常规面授,在线直播",在线直播,云教室小班（25人以下）,0,2025-08-03,待定,"有教材,开课前领取",,0,国际教育一对一部,芙蓉广场,芙蓉广场16-A3教室,VIP刷卡,1人,国外考试部,芙蓉广场教学区,2026-08-25,1,1,
"国外考试部",全科,"物理,化学,生物,高等数学,经济,计算机科学,商务,会计,基础数学",,VIP24519,取消A-LEVEL1对1班,取消A-LEVEL1对1班（FY24）,A-LEVEL1对1班,7,0,840,840,120.0,"	0.00",A-LEVEL,A-LEVEL,常规体系,常规体系,A-LEVEL1对1班,A-LEVEL1对1班,否,,可续,,,,7700.00,,,"春季,暑假,秋季,寒假",,取消班,2026-08-01,,已审核,"走读,在线","常规面授,在线直播",在线直播,云教室小班（25人以下）,0,2025-07-26,待定,无教材,,0,国际教育一对一部,芙蓉广场,芙蓉广场16-A3教室,VIP刷卡,1人,国外考试部,芙蓉广场教学区,2026-08-07,1,1,
"国外考试部",全科,"阅读,写作,词汇,听力,口语,语法",,VIP24809,取消IELTS1对1班（辅导）,取消IELTS1对1班（助教辅导）,IELTS VIP班,20,0,2400,2400,120.0,"	0.00",IELTS,IELTS,常规体系,常规体系,IELTS1对1班,IELTS1对1班,否,,可续,,,,6000.00,,,"春季,暑假,秋季,寒假",,取消班,2026-08-01,,已审核,"走读,在线","常规面授,在线直播",在线直播,云教室小班（25人以下）,0,2025-07-16,待定,无教材,,0,国际教育一对一部,天马,天马202教室,VIP刷卡,1人,国外考试部,天马教学区,2026-08-20,1,1,
"国外考试部",全科,"阅读,写作,词汇,听力,口语,语法",,VIP24379,取消IELTS1对1班,取消IELTS1对1班（FY24）,IELTS VIP班,14,0,1680,1680,120.0,"	0.00",IELTS,IELTS,常规体系,常规体系,IELTS1对1班,IELTS1对1班,否,,可续,,,,15400.00,,,"春季,暑假,秋季,寒假",,取消班,2026-08-16,,已审核,"走读,在线","常规面授,在线直播",在线直播,云教室小班（25人以下）,0,2025-07-08,待定,无教材,,0,国际教育一对一部,天马教学区,天马01教室,VIP刷卡,1人,国外考试部,天马教学区,2026-08-29,1,1,
"国外考试部",全科,"英语,阅读,写作,词汇,听力,口语,语法,模考,辅导课,综合听说,综合读写",,VIP24478,取消IELTS1对1班（预备大学生课时包）,取消IELTS1对1班（增值1）,IELTS VIP班,3,0,360,360,120.0,"	0.00",IELTS,IELTS,常规体系,常规体系,IELTS1对1班,IELTS1对1班,否,,可续,,,,2400.00,,,"暑假,秋季,春季,寒假",,取消班,2026-08-15,,已审核,"走读,在线","常规面授,在线直播",在线直播,云教室小班（25人以下）,0,2025-07-22,待定,无教材,,0,国际教育一对一部,天马,天马02教室,VIP刷卡,1人,国外考试部,天马教学区,2026-08-17,1,1,
"国外考试部",全科,"阅读,写作,词汇,听力,口语",,VIP24418,取消TOEFL1对1班（辅导）,取消TOEFL1对1班（助教辅导）,TOEFL VIP班,6,0,720,720,120.0,"	0.00",TOEFL,TOEFL,常规体系,常规体系,TOEFL1对1班,TOEFL1对1班,否,,可续,,,,1800.00,,,"春季,暑假,秋季,寒假",,取消班,2026-08-01,,已审核,"走读,在线","常规面授,在线直播",在线直播,云教室小班（25人以下）,0,2025-07-12,待定,无教材,,0,国际教育一对一部,芙蓉广场,芙蓉广场16-A3教室,VIP刷卡,1人,国外考试部,芙蓉广场教学区,2026-08-19,1,1,
"国外考试部",全科,"阅读,写作,词汇,听力,口语,语法",,VIP24412,取消IELTS1对1班,取消IELTS1对1班（FY24）,IELTS VIP班,5,0,600,600,120.0,"	0.00",IELTS,IELTS,常规体系,常规体系,IELTS1对1班,IELTS1对1班,否,,可续,,,,5500.00,,,"春季,暑假,秋季,寒假",,取消班,2026-08-01,,已审核,"走读,在线","常规面授,在线直播",在线直播,云教室小班（25人以下）,0,2025-07-11,待定,无教材,,0,国际教育一对一部,天马,天马03教室,VIP刷卡,1人,国外考试部,天马教学区,2026-08-05,1,1,
"国外考试部",全科,"阅读,写作,词汇,听力,口语,语法",,VIP24065,取消IELTS1对1班,取消IELTS1对1班（FY24）,IELTS VIP班,12,0,1440,1440,120.0,"	0.00",IELTS,IELTS,常规体系,常规体系,IELTS1对1班,IELTS1对1班,否,,可续,,,,13200.00,,,"春季,暑假,秋季,寒假",,取消班,2026-08-17,,已审核,"走读,在线","常规面授,在线直播",在线直播,云教室小班（25人以下）,0,2025-06-10,待定,无教材,,0,国际教育一对一部,天马,天马03教室,VIP刷卡,1人,国外考试部,天马教学区,2026-08-28,1,1,
"国外考试部",全科,"阅读,写作,词汇,听力,口语",,VIP24615,取消TOEFL1对1班,取消TOEFL1对1班（FY24）,TOEFL VIP班,6,0,720,720,120.0,"	0.00",TOEFL,TOEFL,常规体系,常规体系,TOEFL1对1班,TOEFL1对1班,否,,可续,,,,6600.00,,,"春季,暑假,秋季,寒假",,取消班,2026-08-12,,已审核,"走读,在线","常规面授,在线直播",在线直播,云教室VIP班(1-12人),0,2025-08-03,待定,无教材,,0,国际教育一对一部,芙蓉广场,芙蓉广场16-A2教室,VIP刷卡,1人,国外考试部,芙蓉广场教学区,2026-08-17,1,1,
"国外考试部",全科,"阅读,写作,词汇,听力,口语,语法",,VIP24626,取消IELTS1对1班,取消IELTS1对1班（FY24）,IELTS VIP班,1,0,120,120,120.0,"	0.00",IELTS,IELTS,常规体系,常规体系,IELTS1对1班,IELTS1对1班,否,,可续,,,,1100.00,,,"春季,暑假,秋季,寒假",,取消班,2026-08-06,,已审核,"走读,在线","常规面授,在线直播",在线直播,云教室小班（25人以下）,0,2025-08-03,待定,无教材,,0,国际教育一对一部,芙蓉,芙蓉广场16-A11教室,VIP刷卡,1人,国外考试部,芙蓉广场教学区,2026-08-06,1,1,
"国外考试部",全科,"阅读,写作,词汇,听力,口语,语法",,VIP26000,取消IELTS1对1班（预备）,取消IELTS1对1班（版本4）,IELTS VIP班,6,0,720,720,120.0,"	0.00",IELTS,IELTS,常规体系,常规体系,IELTS1对1班,IELTS1对1班,否,,可续,,,,4800.00,,,"春季,暑假,秋季,寒假",,取消班,2026-08-06,,已审核,"走读,在线","常规面授,在线直播",在线直播,云教室小班（25人以下）,0,2025-07-31,待定,"有教材,开课前领取",,0,国际教育一对一部,芙蓉广场,芙蓉广场16-A2教室,VIP刷卡,1人,国外考试部,芙蓉广场教学区,2026-08-11,1,1,
"国外考试部",全科,"阅读,写作,词汇,听力,口语,语法",,VIP24555,取消IELTS1对1班,取消IELTS1对1班（FY24）,IELTS VIP班,2,0,240,240,120.0,"	0.00",IELTS,IELTS,常规体系,常规体系,IELTS1对1班,IELTS1对1班,否,,可续,,,,2200.00,,,"春季,暑假,秋季,寒假",,取消班,2026-08-02,,已审核,"走读,在线","常规面授,在线直播",在线直播,云教室小班（25人以下）,0,2025-07-29,待定,无教材,,0,国际教育一对一部,芙蓉广场,芙蓉广场16-A2教室,VIP刷卡,1人,国外考试部,芙蓉广场教学区,2026-08-16,1,1,
"国外考试部",全科,"阅读,写作,词汇,听力,口语,语法",,VIP24554,取消IELTS1对1班,取消IELTS1对1班（FY24）,IELTS VIP班,6,0,720,720,120.0,"	0.00",IELTS,IELTS,常规体系,常规体系,IELTS1对1班,IELTS1对1班,否,,可续,,,,6600.00,,,"春季,暑假,秋季,寒假",,取消班,2026-08-02,,已审核,"走读,在线","常规面授,在线直播",在线直播,云教室小班（25人以下）,0,2025-07-29,待定,无教材,,0,国际教育一对一部,芙蓉广场教学区,芙蓉广场16-A2教室,VIP刷卡,1人,国外考试部,芙蓉广场教学区,2026-08-07,1,1,
"国外考试部",全科,"阅读,写作,词汇,听力,口语",,VIP24434,取消TOEFL1对1班（辅导）,取消TOEFL1对1班（助教辅导）,TOEFL VIP班,8,0,960,960,120.0,"	0.00",TOEFL,TOEFL,常规体系,常规体系,TOEFL1对1班,TOEFL1对1班,否,,可续,,,,2400.00,,,"春季,暑假,秋季,寒假",,取消班,2026-07-24,,已审核,"走读,在线","常规面授,在线直播",在线直播,云教室小班（25人以下）,0,2025-07-13,待定,无教材,,0,国际教育一对一部,天马,天马03教室,VIP刷卡,1人,国外考试部,天马教学区,2026-08-08,1,1,
"国外考试部",全科,"阅读,写作,词汇,听力,口语,语法",,VIP24349,取消IELTS1对1班,取消IELTS1对1班（FY24）,IELTS VIP班,21,0,2520,2520,120.0,"	0.00",IELTS,IELTS,常规体系,常规体系,IELTS1对1班,IELTS1对1班,否,,可续,,,,23100.00,,,"春季,暑假,秋季,寒假",,取消班,2026-07-30,,已审核,"走读,在线","常规面授,在线直播",在线直播,云教室小班（25人以下）,0,2025-07-05,待定,无教材,,0,国际教育一对一部,中石油,9楼B20教室,VIP刷卡,1人,国外考试部,中石油教学区,2026-08-08,1,1,
"国外考试部",全科,"阅读,写作,词汇,听力,口语,语法",,VIP24280,取消IELTS1对1班,取消IELTS1对1班（FY24）,IELTS VIP班,5,0,600,600,120.0,"	0.00",IELTS,IELTS,常规体系,常规体系,IELTS1对1班,IELTS1对1班,否,,可续,,,,5500.00,,,暑假,,取消班,2026-08-18,,已审核,"走读,在线","常规面授,在线直播",在线直播,云教室小班（25人以下）,0,2025-06-28,待定,无教材,,0,国际教育一对一部,中石油,9楼A8教室,VIP刷卡,1人,国外考试部,中石油教学区,2026-08-22,1,1,
"国外考试部",全科,"数学,阅读,文法,写作",,VIP24204,取消SAT*I1对1班,取消SAT*I1对1班（FY25）,SAT VIP班,37,0,4440,4440,120.0,"	0.00",SAT,SAT,常规体系,常规体系,SAT*I1对1班,SAT*I1对1班,否,,可续,,,,44400.00,,,"春季,寒假,暑假,秋季",,取消班,2026-06-30,,已审核,"走读,在线","常规面授,在线直播",在线直播,云教室小班（25人以下）,0,2025-06-22,待定,无教材,,0,国际教育一对一部,芙蓉广场,芙蓉广场16-A11教室,VIP刷卡,1人,国外考试部,芙蓉广场教学区,2026-08-05,1,1,
"国外考试部",全科,"英语,阅读,写作,词汇,听力,口语,语法,模考,辅导课,综合听说,综合读写",,VIP24050,取消IELTS1对1班（预备大学生课时包）,取消IELTS1对1班（增值2）,IELTS VIP班,6,0,720,720,120.0,"	0.00",IELTS,IELTS,常规体系,常规体系,IELTS1对1班,IELTS1对1班,否,,可续,,,,4800.00,,,"秋季,暑假,寒假,春季",,取消班,2026-08-01,,已审核,"走读,在线","常规面授,在线直播",在线直播,云教室小班（25人以下）,0,2025-06-08,待定,"有教材,开课前领取",,0,国际教育一对一部,天马,天马202教室,VIP刷卡,1人,国外考试部,天马教学区,2026-08-06,1,1,
"国外考试部",全科,"阅读,写作,词汇,听力,口语,语法",,VIP23823,取消IELTS1对1班（预备留学起点）,取消IELTS1对1班（版本4）,IELTS VIP班,30,0,3600,3600,120.0,"	0.00",IELTS,IELTS,常规体系,常规体系,IELTS1对1班,IELTS1对1班,否,,可续,,,,24000.00,,,"春季,暑假,秋季,寒假",,取消班,2026-05-11,,已审核,"走读,在线","常规面授,在线直播",在线直播,云教室小班（25人以下）,0,2025-05-05,待定,"有教材,开课前领取",,0,国际教育一对一部,中石油,10楼机房,VIP刷卡,1人,国外考试部,中石油教学区,2026-08-19,1,1,
"国外考试部",全科,"阅读,写作,词汇,听力,口语,语法",,VIP20251006,取消IELTS1对1班（MSZ PRO课时包）,取消IELTS1对1班（FY24）,IELTS VIP班,6,0,720,720,120.0,"	0.00",IELTS,IELTS,常规体系,常规体系,IELTS1对1班,IELTS1对1班,否,,可续,,,,6600.00,,,"春季,暑假,秋季,寒假",,取消班,2026-07-29,,已审核,"走读,在线","常规面授,在线直播",在线直播,云教室小班（25人以下）,0,2025-07-25,待定,无教材,,0,国际教育一对一部,芙蓉广场,芙蓉广场16-A2教室,VIP刷卡,1人,国外考试部,芙蓉广场教学区,2026-08-03,1,1,
"国外考试部",全科,"阅读,写作,词汇,听力,口语,语法",,VIP24750,取消IELTS1对1班（1V2）,取消IELTS1对1班（版本2）,IELTS VIP班,10,0,1200,1200,120.0,"	0.00",IELTS,IELTS,常规体系,常规体系,IELTS1对1班,IELTS1对1班,否,,可续,,,,7000.00,,,"春季,暑假,秋季,寒假",,取消班,2026-08-19,,已审核,"走读,在线","常规面授,在线直播",在线直播,云教室小班（25人以下）,0,2025-08-14,待定,"有教材,开课前领取",,0,国际教育一对一部,天马,天马06教室,班级刷卡,2人,国外考试部,天马教学区,2026-08-27,2,2,
"国外考试部",全科,"阅读,写作,词汇,听力,口语",,VIP23446,TOEFL1对1班（预备）,TOEFL1对1班（版本4）,TOEFL VIP班,48,2,5760,240,120.0,"	0.00",TOEFL,TOEFL,常规体系,常规体系,TOEFL1对1班,TOEFL1对1班,否,,可续,,,,38400.00,杨婕(046217),,"春季,暑假,秋季,寒假",,正常,2025-05-09,2025-05-22,已审核,"走读,在线","常规面授,在线直播",在线直播,云教室小班（25人以下）,0,2025-04-10,待定,"有教材,开课前领取",2025-05-29,0,国际教育一对一部,中石油,9楼A7教室,VIP刷卡,1人,国外考试部,中石油教学区,2026-08-20,1,1,
"国外考试部",全科,"阅读,写作,词汇,听力,口语,语法",,VIP18265,IELTS1对1班（辅导）,IELTS1对1班（助教辅导）,IELTS VIP班,30,24,3600,2761,120.0,"	0.00",IELTS,IELTS,常规体系,常规体系,IELTS1对1班,IELTS1对1班,否,,可续,,,,9000.00,秦姜姝煜(356632),,"春季,暑假,秋季,寒假",,正常,2022-08-08,2022-08-16,已审核,"走读,在线","常规面授,在线直播",在线直播,云教室小班（25人以下）,0,2022-08-05,待定,无教材,2024-03-31,0,国际教育一对一部,中石油,中石油VIP E10教室,VIP刷卡,1人,国外考试部,中石油教学区,2026-08-10,1,1,
